product_code,age_group_code,note
PRD_001,AGE_003,20대 (트렌디한 프리미엄 디저트)
PRD_001,AGE_004,30대 (선물용 및 가족 간식)
PRD_001,AGE_005,40대 (고급스러운 치즈 풍미 선호)
PRD_002,AGE_002,10대 (부담 없는 쿠키 선물)
PRD_002,AGE_003,20대 (SNS 인기 및 직장 동료 선물)
PRD_002,AGE_004,30대 (휴대성이 좋은 간식용)
PRD_003,AGE_005,40대 (정성스럽게 구운 전통적인 맛)
PRD_003,AGE_006,50대 (품격 있는 선물용 바움쿠헨)
PRD_003,AGE_007,60대 (부드러운 식감 선호)
PRD_004,AGE_003,20대 (맥주 안주로 활용)
PRD_004,AGE_004,30대 (짭짤한 로컬 간식 선호)
PRD_004,AGE_006,50대 (전통적인 쌀과자 식감 선호)
PRD_005,AGE_006,50대 (오타루의 향수를 간직한 노포 과자)
PRD_005,AGE_007,60대 (오랜 시간 사랑받은 스테디셀러)
PRD_005,AGE_008,70대 이상 (전통적인 선물의 정석)
PRD_006,AGE_003,20대 (크래프트 맥주 탐방층)
PRD_006,AGE_004,30대 (다양한 맥주 풍미를 즐기는 층)
PRD_006,AGE_005,40대 (운하 창고의 역사와 함께 즐기는 층)
PRD_007,AGE_005,40대 (실용적인 고품질 식재료 선호)
PRD_007,AGE_006,50대 (가족 식사 대용 및 선물용)
PRD_007,AGE_007,60대 (전통 있는 브랜드의 어묵 선호)
PRD_008,AGE_004,30대 (세련된 디자인과 로컬 역사 중시)
PRD_008,AGE_005,40대 (의미 있는 기념품 선물)
PRD_009,AGE_001,10세 미만 (아이들을 위한 음악 선물)
PRD_009,AGE_002,10대 (아기자기한 소품 선호)
PRD_009,AGE_003,20대 (로맨틱한 감성 소품)
PRD_010,AGE_005,40대 (고급 인테리어 및 주방 잡화 선호)
PRD_010,AGE_006,50대 (장인 정신이 깃든 공예품 감상층)
PRD_010,AGE_007,60대 (소장 가치가 높은 예술품 선물)
PRD_031,AGE_004,30대 (전통 디저트를 즐기며 선물용으로 활용)
PRD_031,AGE_005,40대 (팥 기반의 익숙하고 안정적인 맛 선호)
PRD_031,AGE_006,50대 (전통 화과자에 대한 선호도가 높은 연령층)
PRD_031,AGE_007,60대 (부드럽고 부담 없는 식감의 디저트 선호)
PRD_032,AGE_002,10대 (달콤하고 간편하게 즐길 수 있는 간식)
PRD_032,AGE_003,20대 (가볍게 즐기는 트렌디한 디저트)
PRD_032,AGE_004,30대 (커피와 함께 즐기기 좋은 간식)
PRD_033,AGE_004,30대 (취미로 술을 즐기기 시작하는 연령대)
PRD_033,AGE_005,40대 (지역 특산주에 대한 관심과 소비 경험)
PRD_033,AGE_006,50대 (전통주를 선호하는 주요 소비층)
PRD_033,AGE_007,60대 (부담 없이 즐길 수 있는 익숙한 주류)
PRD_034,AGE_002,10대 (부드럽고 달콤한 쿠키류 선호)
PRD_034,AGE_003,20대 (카페 디저트 스타일 간식 선호)
PRD_034,AGE_004,30대 (직장 내 간식 및 선물용 활용)
PRD_034,AGE_005,40대 (가족과 함께 나누기 좋은 디저트)
PRD_035,AGE_001,10세 미만 (귀여운 캐릭터로 흥미 유도)
PRD_035,AGE_002,10대 (캐릭터 상품에 대한 선호)
PRD_035,AGE_003,20대 (실용성과 디자인을 동시에 고려)
PRD_035,AGE_004,30대 (친환경 제품과 실용성 중시)
PRD_036,AGE_002,10대 (탄산음료와 색다른 맛에 대한 호기심)
PRD_036,AGE_003,20대 (이색 음료를 경험하려는 소비 성향)
PRD_036,AGE_004,30대 (특이한 지역 음료를 체험하려는 수요)
PRD_037,AGE_001,10세 미만 (귀여운 캐릭터 간식 선호)
PRD_037,AGE_002,10대 (친구들과 나눠 먹기 좋은 간식)
PRD_037,AGE_003,20대 (가벼운 선물용 디저트로 적합)
PRD_038,AGE_004,30대 (프리미엄 디저트를 선물용으로 소비)
PRD_038,AGE_005,40대 (고급 디저트에 대한 선호도 높음)
PRD_038,AGE_006,50대 (정성 있는 고급 간식 선호)
PRD_039,AGE_004,30대 (전통 간식을 선물용으로 활용)
PRD_039,AGE_005,40대 (검증된 지역 명과에 대한 선호)
PRD_039,AGE_006,50대 (전통 화과자 소비층)
PRD_039,AGE_007,60대 (익숙한 맛과 부드러운 식감 선호)
PRD_040,AGE_002,10대 (귀여운 캐릭터 굿즈 선호)
PRD_040,AGE_003,20대 (실용성과 디자인을 중시하는 소비층)
PRD_040,AGE_004,30대 (일상에서 활용 가능한 친환경 아이템)
PRD_021,AGE_002,10대 (액세서리 및 해양 보전 관심)
PRD_021,AGE_003,20대 (업사이클링 트렌드)
PRD_021,AGE_004,30대 (의미 있는 수작업 제품 선호)
PRD_022,AGE_003,20대 (식물성 성분 및 뷰티 관심)
PRD_022,AGE_004,"30대 (미세플라스틱 프리, 한정판 패키지)"
PRD_022,AGE_005,40대 (저자극 세안제 선호)
PRD_023,AGE_003,"20대 (푸드로스 지향, 가성비 디저트)"
PRD_023,AGE_004,30대 (유명 브랜드의 실속형 소비)
PRD_023,AGE_005,40대 (커피/차와 곁들이기 좋은 간식)
PRD_024,AGE_002,10대 (다채로운 색감과 바삭한 식감)
PRD_024,AGE_003,20대 (가볍게 즐기는 디저트)
PRD_024,AGE_004,30대 (순환 활용 에코 식품)
PRD_025,AGE_003,"20대 (고급 디저트, 에시컬 소비)"
PRD_025,AGE_004,30대 (프리미엄 생초콜릿 선호)
PRD_026,AGE_005,40대 (해산물 베이스의 짭조름한 전병)
PRD_026,AGE_006,50대 (잔멸치를 활용한 로컬 전통 과자)
PRD_026,AGE_007,60대 (익숙한 식재료와 식감)
PRD_027,AGE_006,50대 (전통 목공예 기술과 내구성 중시)
PRD_027,AGE_007,"60대 (장인 상품, 대를 잇는 가치)"
PRD_027,AGE_008,70대 이상 (전통 로컬 헤리티지)
PRD_028,AGE_003,"20대 (다양한 맛, 친환경 패키지)"
PRD_028,AGE_004,30대 (부담 없는 선물용)
PRD_028,AGE_005,40대 (건강한 콩 베이스 간식)
PRD_028,AGE_006,50대 (어른들 입맛에 맞는 다과)
PRD_029,AGE_001,10세 미만 (귀여운 비둘기 모양과 달콤한 맛)
PRD_029,AGE_002,10대 (역사 깊은 대중적인 쿠키)
PRD_029,AGE_003,20대 (지역 대표 굿즈 및 캔 패키지 소장)
PRD_030,AGE_004,30대 (전통과 현대적 맛의 조화)
PRD_030,AGE_005,40대 (고급스러운 크림 센베이)
PRD_030,AGE_006,50대 (계절 한정 다과로 선호)
PRD_056,AGE_004,30대 (말차 풍미의 세련된 화과자)
PRD_056,AGE_005,40대 (쌉싸름한 차 풍미 선호)
PRD_056,AGE_006,50대 (전통 화과자 선호)
PRD_057,AGE_005,40대 (고급스러운 박스형 전통 과자)
PRD_057,AGE_006,50대 (팥앙금과 규히의 익숙한 맛)
PRD_057,AGE_007,60대 (부드럽고 정갈한 화과자)
PRD_058,AGE_004,30대 (구마모토성 스토리가 있는 선물)
PRD_058,AGE_005,40대 (검은깨와 팥의 고소한 맛)
PRD_058,AGE_006,50대 (전통적인 지역 과자 선호)
PRD_059,AGE_005,40대 (상큼한 산미가 있는 전통 과자)
PRD_059,AGE_006,50대 (단맛이 과하지 않은 화과자)
PRD_059,AGE_007,60대 (가볍게 즐기기 좋은 전통 디저트)
PRD_060,AGE_001,10세 미만 (구마몬 캐릭터 패키지)
PRD_060,AGE_002,10대 (귀여운 캐릭터 기념품)
PRD_060,AGE_003,20대 (사진 찍기 좋은 구마몬 패키지)
PRD_061,AGE_001,10세 미만 (달콤하고 먹기 쉬운 도라야키)
PRD_061,AGE_002,10대 (부담 없는 낱개 간식)
PRD_061,AGE_003,20대 (가성비 좋은 여행 간식)
PRD_062,AGE_001,10세 미만 (과일 맛 젤리형 과자)
PRD_062,AGE_002,10대 (시원하고 상큼한 디저트)
PRD_062,AGE_003,20대 (가볍게 즐기는 과일 젤리)
PRD_063,AGE_003,20대 (친구들과 나누기 좋은 구움과자)
PRD_063,AGE_004,30대 (직장·가족 선물용 개별 포장)
PRD_063,AGE_005,40대 (무난한 지역 대표 과자)
PRD_064,AGE_003,20대 (프리미엄 버터샌드 디저트)
PRD_064,AGE_004,30대 (소량 고급 간식 선물)
PRD_064,AGE_005,40대 (부담스럽지 않은 고급 과자)
PRD_065,AGE_002,10대 (가볍고 바삭한 사브레)
PRD_065,AGE_003,20대 (동아리·친구들과 나누기 좋음)
PRD_065,AGE_004,30대 (회사 간식 선물용)
PRD_066,AGE_001,10세 미만 (부드러운 커스터드 과자)
PRD_066,AGE_003,20대 (달콤한 디저트 선물)
PRD_066,AGE_004,30대 (가족과 함께 먹기 좋은 과자)
PRD_067,AGE_003,20대 (매콤하고 바삭한 안주형 과자)
PRD_067,AGE_004,30대 (맥주 안주로 어울리는 맛)
PRD_067,AGE_005,40대 (단 과자를 선호하지 않는 층)
PRD_068,AGE_001,10세 미만 (구마몬 캐릭터 만주)
PRD_068,AGE_002,10대 (만화·캐릭터 요소가 있는 과자)
PRD_068,AGE_003,20대 (코믹한 캐릭터 굿즈 감성)
PRD_069,AGE_004,30대 (직장 선물용 어른 간식)
PRD_069,AGE_005,40대 (달지 않고 고소한 맛 선호)
PRD_069,AGE_006,50대 (김과 견과류의 담백한 맛)
PRD_070,AGE_003,20대 (술안주 느낌의 짭짤한 간식)
PRD_070,AGE_004,30대 (직장·친구 선물용 견과 과자)
PRD_070,AGE_005,40대 (단맛보다 짠맛 선호)
PRD_071,AGE_003,20대 (가성비 좋은 견과 간식)
PRD_071,AGE_004,30대 (사무실 간식용)
PRD_071,AGE_005,40대 (고소한 호두 간식 선호)
PRD_072,AGE_002,10대 (단짠단짠한 캐러멜 맛)
PRD_072,AGE_003,20대 (트렌디한 솔트 캐러멜 간식)
PRD_072,AGE_004,30대 (가볍게 즐기는 견과 간식)
PRD_073,AGE_003,20대 (라멘 마니아용 지역 간편식)
PRD_073,AGE_004,30대 (집에서 먹기 좋은 라멘 세트)
PRD_073,AGE_005,40대 (유명 라멘 전문점 선물)
PRD_074,AGE_003,20대 (구마모토 돈코츠 라멘 경험)
PRD_074,AGE_004,30대 (가족 식사용 간편 라멘)
PRD_074,AGE_005,40대 (유명 맛집 라멘 선물)
PRD_075,AGE_002,10대 (부담 없는 가격의 라멘)
PRD_075,AGE_003,20대 (친구 선물용 간편식)
PRD_075,AGE_004,30대 (가정에서 간단히 먹기 좋음)
PRD_076,AGE_003,20대 (검은 마유의 이색적인 맛)
PRD_076,AGE_004,30대 (지역 라멘을 집에서 즐기기 좋음)
PRD_076,AGE_005,40대 (구마모토 라멘 선호층)
PRD_077,AGE_001,10세 미만 (귀여운 구마몬 인형)
PRD_077,AGE_002,10대 (캐릭터 굿즈 선호)
PRD_077,AGE_003,20대 (여행 기념 캐릭터 인형)
PRD_078,AGE_001,10세 미만 (귀여운 구마몬 얼굴 디자인)
PRD_078,AGE_002,10대 (학생용 소형 동전지갑)
PRD_078,AGE_003,20대 (캐릭터 소품 선호)
PRD_079,AGE_001,10세 미만 (아기자기한 마그넷)
PRD_079,AGE_002,10대 (부담 없는 캐릭터 기념품)
PRD_079,AGE_003,20대 (여행 자석 수집용)
PRD_080,AGE_003,20대 (귀여운 캐릭터 머그컵)
PRD_080,AGE_004,30대 (일상에서 쓰기 좋은 실용 컵)
PRD_080,AGE_005,40대 (가족용 실용 식기류)
PRD_081,AGE_003,20대 (구마몬 디자인 토트백)
PRD_081,AGE_004,30대 (일상 사용 가능한 실용 가방)
PRD_081,AGE_005,40대 (지역 모티프가 있는 에코백)
PRD_082,AGE_005,40대 (실용적인 구마몬 찻잔)
PRD_082,AGE_006,50대 (차를 마시는 사람에게 적합)
PRD_082,AGE_007,60대 (부모님 선물용 식기류)
PRD_083,AGE_002,10대 (달콤한 흑당 도넛 과자)
PRD_083,AGE_003,20대 (나눠 먹기 좋은 대표 간식)
PRD_083,AGE_004,30대 (직장·가족 선물용 개별 과자)
PRD_084,AGE_001,10세 미만 (부드러운 우유 풍미 간식)
PRD_084,AGE_002,10대 (달콤한 밀크 도넛봉)
PRD_084,AGE_004,30대 (가족 간식용으로 무난함)
PRD_085,AGE_003,20대 (부드러운 수플레 디저트)
PRD_085,AGE_004,30대 (연인·친구 선물용 지역 디저트)
PRD_085,AGE_006,50대 (아마쿠사 소금 스토리가 있는 부드러운 과자)
PRD_086,AGE_003,20대 (고베 대표 푸딩 기념품)
PRD_086,AGE_004,30대 (가족·직장 선물용 디저트)
PRD_086,AGE_005,40대 (부모님·상사 선물로 무난한 푸딩)
PRD_086,AGE_006,50대 (상온 보관 가능한 대표 푸딩)
PRD_087,AGE_001,10세 미만 (컵 푸딩 간식)
PRD_087,AGE_002,10대 (커스터드 푸딩 간식)
PRD_087,AGE_003,20대 (현지에서 바로 먹기 좋은 디저트)
PRD_088,AGE_003,20대 (항아리 용기의 독특한 디저트)
PRD_088,AGE_004,30대 (연인·가족용 생크림 푸딩)
PRD_088,AGE_005,40대 (부드러운 푸딩 선물)
PRD_089,AGE_001,10세 미만 (달콤한 딸기 초콜릿)
PRD_089,AGE_002,10대 (딸기 트뤼프 간식)
PRD_089,AGE_003,20대 (연인·친구용 초콜릿)
PRD_089,AGE_004,30대 (직장 동료용 초콜릿 선물)
PRD_090,AGE_003,20대 (부드러운 치즈케이크)
PRD_090,AGE_004,30대 (연인·가족용 디저트)
PRD_090,AGE_005,40대 (치즈 풍미의 케이크 선물)
PRD_091,AGE_003,20대 (생초콜릿 롤케이크)
PRD_091,AGE_004,30대 (가족과 나눠 먹는 디저트)
PRD_091,AGE_005,40대 (숙소 디저트용 롤케이크)
PRD_092,AGE_003,20대 (캐러멜 레어치즈 디저트)
PRD_092,AGE_004,30대 (쌉싸름한 캐러멜과 치즈 풍미)
PRD_092,AGE_005,40대 (부드러운 치즈케이크 선물)
PRD_093,AGE_003,20대 (반숙 프로마주 디저트)
PRD_093,AGE_004,30대 (사워크림과 꿀 젤리의 치즈케이크)
PRD_093,AGE_005,40대 (부드러운 치즈 풍미 선호)
PRD_094,AGE_003,20대 (쇼콜라 쿠키 샌드)
PRD_094,AGE_004,30대 (개별 포장 직장 선물)
PRD_094,AGE_005,40대 (고급 과자형 선물)
PRD_095,AGE_004,30대 (고베 풍월당 대표 과자)
PRD_095,AGE_005,40대 (전통 고프르 선호)
PRD_095,AGE_006,50대 (부모님·상사 선물)
PRD_095,AGE_007,60대 (가볍고 안정적인 전통 과자)
PRD_096,AGE_001,10세 미만 (작은 틴 케이스 과자)
PRD_096,AGE_002,10대 (미니 고프르 기념품)
PRD_096,AGE_003,20대 (예쁜 틴 케이스 기념품)
PRD_097,AGE_001,10세 미만 (한입 크기 고프르)
PRD_097,AGE_002,10대 (학교 선물용 개별 포장)
PRD_097,AGE_003,20대 (친구와 나누기 좋은 과자)
PRD_097,AGE_004,30대 (회사 선물용 개별 포장)
PRD_098,AGE_004,30대 (여러 맛을 담은 세트)
PRD_098,AGE_005,40대 (부모님·상사 선물)
PRD_098,AGE_006,50대 (정갈한 고프르 세트)
PRD_099,AGE_003,20대 (가벼운 롱셀러 과자)
PRD_099,AGE_004,30대 (직장 동료용 전통 과자)
PRD_099,AGE_005,40대 (부모님·상사 선물)
PRD_099,AGE_006,50대 (얇고 가벼운 과자 선호)
PRD_100,AGE_003,20대 (아몬드 구움과자)
PRD_100,AGE_004,30대 (친구·자신용 고소한 과자)
PRD_100,AGE_005,40대 (부모님·상사 선물)
PRD_100,AGE_006,50대 (견과류 풍미 선호)
PRD_101,AGE_003,20대 (초콜릿 에콜세)
PRD_101,AGE_004,30대 (직장 동료용 초콜릿 과자)
PRD_101,AGE_005,40대 (선물용 초콜릿 과자)
PRD_102,AGE_003,20대 (색과 맛이 다양한 초콜릿 과자)
PRD_102,AGE_004,30대 (연인·친구용 선물)
PRD_102,AGE_005,40대 (고급 패키지 선물)
PRD_102,AGE_006,50대 (상사 선물용 포장 과자)
PRD_103,AGE_001,10세 미만 (푸딩 맛 쿠키)
PRD_103,AGE_002,10대 (고베 한정 쿠키)
PRD_103,AGE_003,20대 (친구용 개별 포장 과자)
PRD_103,AGE_004,30대 (회사·학교 선물용 쿠키)
PRD_104,AGE_004,30대 (대중적인 초콜릿 너트 쿠키)
PRD_104,AGE_005,40대 (부모님·상사 선물)
PRD_104,AGE_006,50대 (견과류 쿠키 선호)
PRD_105,AGE_004,30대 (견과류 쿠키 선물)
PRD_105,AGE_005,40대 (어른 선물용 롱셀러 쿠키)
PRD_105,AGE_006,50대 (견과류 풍미 선호)
PRD_106,AGE_003,20대 (무난한 쿠키 세트)
PRD_106,AGE_004,30대 (가성비 좋은 직장 선물)
PRD_106,AGE_005,40대 (가족용 클래식 과자 세트)
PRD_107,AGE_001,10세 미만 (고베 명소 패키지 쿠키)
PRD_107,AGE_002,10대 (관광지 느낌의 버터 쿠키)
PRD_107,AGE_003,20대 (친구용 지역 한정 쿠키)
PRD_107,AGE_004,30대 (직장 동료용 쿠키)
PRD_108,AGE_003,20대 (캔을 남길 수 있는 초콜릿)
PRD_108,AGE_004,30대 (연인·친구용 고베 디자인 선물)
PRD_108,AGE_005,40대 (기념품성 있는 초콜릿 캔)
PRD_109,AGE_003,20대 (고베 명소 패키지 롤쿠키)
PRD_109,AGE_004,30대 (직장 동료·가족 선물)
PRD_109,AGE_005,40대 (무난한 초콜릿 롤쿠키)
PRD_110,AGE_001,10세 미만 (크런치 초콜릿 간식)
PRD_110,AGE_002,10대 (친구용 초콜릿 기념품)
PRD_110,AGE_003,20대 (부담 없는 고베 한정 초콜릿)
PRD_110,AGE_004,30대 (직장 동료용 초콜릿)
PRD_111,AGE_004,30대 (초콜릿 롤 쿠키 선물)
PRD_111,AGE_005,40대 (부모님·상사 선물)
PRD_111,AGE_006,50대 (격식 있는 과자 선물)
PRD_112,AGE_004,30대 (가족용 어소트 과자)
PRD_112,AGE_005,40대 (부모님·상사 선물)
PRD_112,AGE_006,50대 (고전적인 선물 세트)
PRD_113,AGE_001,10세 미만 (잎사귀 모양 초콜릿)
PRD_113,AGE_002,10대 (작고 귀여운 초콜릿)
PRD_113,AGE_003,20대 (여러 명에게 나누기 좋은 초콜릿)
PRD_113,AGE_004,30대 (직장 동료용 개별 포장)
PRD_114,AGE_003,20대 (선물 상자 초콜릿)
PRD_114,AGE_004,30대 (연인·친구용 기프트 박스)
PRD_114,AGE_005,40대 (가족 선물용 초콜릿 박스)
PRD_115,AGE_004,30대 (본점 한정 바움쿠헨)
PRD_115,AGE_005,40대 (부모님·상사 선물)
PRD_115,AGE_006,50대 (수제 바움쿠헨 선호)
PRD_116,AGE_003,20대 (현지 카페 방문 기념 쿠키)
PRD_116,AGE_004,30대 (가족·자신용 수제 쿠키)
PRD_116,AGE_005,40대 (버터 풍미 쿠키 선호)
PRD_117,AGE_003,20대 (데워 먹는 치즈케이크)
PRD_117,AGE_004,30대 (연인·가족용 고베 명물)
PRD_117,AGE_005,40대 (치즈 풍미의 명물 케이크)
PRD_118,AGE_003,20대 (현지 카페 생케이크)
PRD_118,AGE_004,30대 (연인·가족용 크림 케이크)
PRD_118,AGE_005,40대 (가볍게 먹는 현지 디저트)
PRD_119,AGE_003,20대 (초콜릿 샌드 쿠키)
PRD_119,AGE_004,30대 (직장 동료용 과자)
PRD_119,AGE_005,40대 (상사 선물용 고베 스위츠)
PRD_120,AGE_003,20대 (상온 보관 가능한 레토르트 카레)
PRD_120,AGE_004,30대 (친구·자신용 간편식)
PRD_120,AGE_005,40대 (부모님용 실용 식품)
PRD_120,AGE_006,50대 (고베규 카레 선물)
PRD_121,AGE_005,40대 (밥반찬용 전통 조림)
PRD_121,AGE_006,50대 (부모님·가족용 전통 반찬)
PRD_121,AGE_007,60대 (달콤짭짤한 전통 반찬)
PRD_122,AGE_001,10세 미만 (얇고 바삭한 센베이)
PRD_122,AGE_004,30대 (직장 동료용 전통 과자)
PRD_122,AGE_005,40대 (부모님·가족용 센베이)
PRD_122,AGE_006,50대 (전통 센베이 선호)
PRD_123,AGE_001,10세 미만 (바닐라 크림 센베이)
PRD_123,AGE_002,10대 (친구용 달콤한 센베이)
PRD_123,AGE_003,20대 (가족과 나눌 수 있는 크림 과자)
PRD_123,AGE_004,30대 (달콤한 변형 전통 과자)
PRD_124,AGE_001,10세 미만 (사이다 음료)
PRD_124,AGE_002,10대 (레트로 병 사이다)
PRD_124,AGE_003,20대 (숙소에서 마시기 좋은 음료)
PRD_124,AGE_004,30대 (아리마 지역 음료 기념품)
PRD_125,AGE_005,40대 (밥반찬·술안주용 츠쿠다니)
PRD_125,AGE_006,50대 (어른층 선물용 산초 다시마)
PRD_125,AGE_007,60대 (전통 조림 반찬 선호)
PRD_126,AGE_003,20대 (요리용 유자고추 조미료)
PRD_126,AGE_004,30대 (실용적인 로컬 조미료)
PRD_126,AGE_005,40대 (부모님·요리 취향 선물)
PRD_126,AGE_006,50대 (고기·생선에 쓰는 조미료)
PRD_127,AGE_004,30대 (성인용 고베 나다 사케)
PRD_127,AGE_005,40대 (부모님·상사 선물용 주류)
PRD_127,AGE_006,50대 (격식 있는 준마이긴조)
PRD_127,AGE_007,60대 (사케 선호층)
PRD_128,AGE_003,20대 (성인 사케 입문 선물)
PRD_128,AGE_004,30대 (합리적인 다이긴조)
PRD_128,AGE_005,40대 (부모님·상사 주류 선물)
PRD_128,AGE_006,50대 (나다 지역 사케 선호)
PRD_129,AGE_004,30대 (프리미엄 사케 선물)
PRD_129,AGE_005,40대 (부모님·상사 고급 주류)
PRD_129,AGE_006,50대 (준마이다이긴조 선호)
PRD_129,AGE_007,60대 (격식 있는 사케 선물)
PRD_130,AGE_004,30대 (고급 사케 선물)
PRD_130,AGE_005,40대 (부모님·상사 주류 선물)
PRD_130,AGE_006,50대 (부드러운 목넘김 선호)
PRD_130,AGE_007,60대 (준마이다이긴조 선호)
PRD_131,AGE_003,20대 (성인 연인용 와인)
PRD_131,AGE_004,30대 (고베산 포도 와인)
PRD_131,AGE_005,40대 (부모님용 와인 선물)
PRD_131,AGE_006,50대 (로컬 와인 선호)
PRD_132,AGE_003,20대 (성인 친구용 크래프트 맥주)
PRD_132,AGE_004,30대 (롯코 지역 캔 맥주)
PRD_132,AGE_005,40대 (호텔에서 즐기기 좋은 맥주)
PRD_133,AGE_003,20대 (고베 체크 패턴 손수건)
PRD_133,AGE_004,30대 (실용적인 비식품 기념품)
PRD_133,AGE_005,40대 (부모님·연인용 손수건)
PRD_133,AGE_006,50대 (오래 남는 실용 선물)
PRD_134,AGE_004,30대 (고가의 진주 액세서리)
PRD_134,AGE_005,40대 (부모님·연인 선물)
PRD_134,AGE_006,50대 (격식 있는 진주 목걸이)
PRD_134,AGE_007,60대 (고급 액세서리 선호)
PRD_135,AGE_003,20대 (포트타워 모티프 향초)
PRD_135,AGE_004,30대 (연인·친구용 인테리어 기념품)
PRD_135,AGE_005,40대 (가족용 인테리어 선물)
PRD_136,AGE_003,20대 (친구끼리 나눠 주기 좋은 대용량 초콜릿 세트)
PRD_136,AGE_004,30대 (직장 동료에게 나눠 주기 좋은 세트)
PRD_136,AGE_005,40대 (가족·직장용 단체 선물로 활용 가능)
PRD_137,AGE_003,20대 (제철 도시 콘셉트의 이색 초콜릿)
PRD_137,AGE_004,30대 (캔 패키지가 남는 기념품)
PRD_137,AGE_005,40대 (상사·부모님 선물에도 무난)
PRD_137,AGE_006,50대 (지역성 있는 캔 패키지 초콜릿)
PRD_138,AGE_002,10대 (변기 모양의 장난스러운 초콜릿)
PRD_138,AGE_003,20대 (친구끼리 주기 좋은 코믹 기념품)
PRD_138,AGE_004,30대 (가볍게 즐기는 유머형 초콜릿)
PRD_139,AGE_001,10세 미만 (공구 모양이 재미있는 과자)
PRD_139,AGE_002,10대 (모양이 독특한 사브레)
PRD_139,AGE_003,20대 (친구에게 주기 좋은 이색 과자)
PRD_139,AGE_004,30대 (공업도시 콘셉트 기념품)
PRD_140,AGE_001,10세 미만 (신칸센 모양 과자)
PRD_140,AGE_002,10대 (교통·철도 테마 과자)
PRD_140,AGE_003,20대 (철도 좋아하는 사람에게 맞는 선물)
PRD_141,AGE_001,10세 미만 (자동차 모양 과자)
PRD_141,AGE_002,10대 (차량 모양의 재미있는 사브레)
PRD_141,AGE_004,30대 (가족과 나누기 좋은 과자)
PRD_141,AGE_005,40대 (가족용 기념품으로 활용 가능)
PRD_142,AGE_001,10세 미만 (배 모양 사브레)
PRD_142,AGE_002,10대 (항구 테마가 있는 과자)
PRD_142,AGE_004,30대 (가족 여행 기념품으로 적합)
PRD_142,AGE_005,40대 (모지코 관광 스토리와 연결 가능)
PRD_143,AGE_001,10세 미만 (여러 모양을 모은 사브레 세트)
PRD_143,AGE_002,10대 (공구·차량·배 테마가 재미있는 세트)
PRD_143,AGE_003,20대 (프로젝트 전시용 샘플로 활용 가능)
PRD_143,AGE_004,30대 (가족용 종합 세트)
PRD_144,AGE_003,20대 (매우 단단한 식감의 이색 간식)
PRD_144,AGE_004,30대 (직장 동료에게 설명하며 나누기 좋은 상품)
PRD_144,AGE_005,40대 (커피·우유와 곁들이기 좋은 빵 과자)
PRD_145,AGE_003,20대 (기타큐슈 지역 명물 딱딱빵 체험)
PRD_145,AGE_004,30대 (단단함을 설명하며 선물하기 좋은 상품)
PRD_145,AGE_005,40대 (추억의 맛을 강조한 지역 과자)
PRD_145,AGE_006,50대 (커피·우유와 함께 먹기 좋은 과자)
PRD_146,AGE_005,40대 (제철도시 이미지를 담은 양갱)
PRD_146,AGE_006,50대 (보관성이 좋은 전통 과자)
PRD_146,AGE_007,60대 (부모님 선물로 무난한 양갱)
PRD_146,AGE_008,70대 이상 (작고 먹기 쉬운 전통 양갱)
PRD_147,AGE_004,30대 (봄 시즌 감성의 사쿠라 양갱)
PRD_147,AGE_005,40대 (계절감 있는 전통 디저트)
PRD_147,AGE_006,50대 (부모님 선물로 좋은 양갱)
PRD_147,AGE_007,60대 (전통 양갱 선호층에 적합)
PRD_148,AGE_003,20대 (鐵 패키지의 이색 딱딱빵)
PRD_148,AGE_004,30대 (제철 도시 콘셉트 기념품)
PRD_148,AGE_005,40대 (직장 동료에게 설명하기 좋은 과자)
PRD_149,AGE_002,10대 (철과 비교하는 재미형 패키지)
PRD_149,AGE_003,20대 (SNS용 소재로 좋은 이색 상품)
PRD_149,AGE_004,30대 (기획전시용 소재로 활용 가능)
PRD_150,AGE_005,40대 (고쿠라 노포의 대표 밤만주)
PRD_150,AGE_006,50대 (차와 어울리는 전통 과자)
PRD_150,AGE_007,60대 (부모님 선물로 안정적인 만주)
PRD_150,AGE_008,70대 이상 (익숙한 밤만주 계열 전통 과자)
PRD_151,AGE_004,30대 (커피·차와 어울리는 버터 파이)
PRD_151,AGE_005,40대 (직장 선물로 적합한 고쿠라 과자)
PRD_151,AGE_006,50대 (축제 모티프가 있는 지역 과자)
PRD_151,AGE_007,60대 (차와 함께 먹기 좋은 과자)
PRD_152,AGE_005,40대 (밤 한 알을 살린 고급 화과자)
PRD_152,AGE_006,50대 (부모님·상사용 고급 선물)
PRD_152,AGE_007,60대 (고급 전통 화과자 선호층)
PRD_152,AGE_008,70대 이상 (정갈한 고급 과자 선물)
PRD_153,AGE_005,40대 (보리향과 밤을 사용한 고급 만주)
PRD_153,AGE_006,50대 (단맛이 과하지 않은 전통 과자)
PRD_153,AGE_007,60대 (전통 과자 선호층에 적합)
PRD_153,AGE_008,70대 이상 (차와 함께 즐기기 좋은 만주)
PRD_154,AGE_001,10세 미만 (부드러운 카스타드풍 과자)
PRD_154,AGE_002,10대 (달콤하고 부드러운 간식)
PRD_154,AGE_003,20대 (가볍게 나눠 먹기 좋은 인기 과자)
PRD_154,AGE_004,30대 (가족용 디저트로 적합)
PRD_155,AGE_003,20대 (문학·역사 스토리가 있는 바움쿠헨)
PRD_155,AGE_004,30대 (고쿠라 스토리를 곁들이기 좋은 선물)
PRD_155,AGE_005,40대 (차와 함께 즐기기 좋은 미니 케이크)
PRD_155,AGE_006,50대 (스토리 있는 지역 과자)
PRD_156,AGE_003,20대 (5개 도시 테마가 있는 과자 세트)
PRD_156,AGE_004,30대 (지역성 설명용 선물)
PRD_156,AGE_005,40대 (가족과 나눠 먹기 좋은 세트)
PRD_156,AGE_006,50대 (기타큐슈 시 탄생 스토리와 연결 가능)
PRD_157,AGE_001,10세 미만 (마네키네코 발 모양의 귀여운 마들렌)
PRD_157,AGE_002,10대 (귀여운 모양의 저가 과자)
PRD_157,AGE_003,20대 (가벼운 친구·연인 선물)
PRD_157,AGE_004,30대 (부담 없이 구매 가능한 디저트)
PRD_158,AGE_004,30대 (지역 축제 스토리가 있는 모나카)
PRD_158,AGE_005,40대 (전통 과자 선호층에 적합)
PRD_158,AGE_006,50대 (차와 어울리는 모나카)
PRD_158,AGE_007,60대 (도바타 축제 모티프의 전통 과자)
PRD_159,AGE_005,40대 (대표 과자 선물 세트)
PRD_159,AGE_006,50대 (가족·상사용으로 무난한 구성)
PRD_159,AGE_007,60대 (여러 맛을 한 번에 담은 세트)
PRD_159,AGE_008,70대 이상 (격식 있는 과자 모둠)
PRD_160,AGE_003,20대 (부담을 낮춘 과자 모둠)
PRD_160,AGE_004,30대 (직장 동료와 나누기 좋은 선물 세트)
PRD_160,AGE_005,40대 (가족용 과자 모둠으로 활용 가능)
PRD_161,AGE_005,40대 (표주박 모양의 지역 화과자)
PRD_161,AGE_006,50대 (전통 과자 선호자에게 적합)
PRD_161,AGE_007,60대 (부모님 선물로 좋은 모나카)
PRD_161,AGE_008,70대 이상 (전통 모나카 계열 선물)
PRD_162,AGE_006,50대 (장수 기원 의미가 있는 모나카)
PRD_162,AGE_007,60대 (부모님·어르신 선물로 적합)
PRD_162,AGE_008,70대 이상 (무병 의미를 담은 전통 과자)
PRD_163,AGE_004,30대 (모지코 명물 바나나 양갱)
PRD_163,AGE_005,40대 (냉장해 먹기 좋은 디저트)
PRD_163,AGE_006,50대 (양갱 계열 전통 과자)
PRD_163,AGE_007,60대 (부모님 선물로 활용 가능한 양갱)
PRD_164,AGE_002,10대 (아기자기한 금평당 캔디)
PRD_164,AGE_003,20대 (제철 테마의 가벼운 기념품)
PRD_164,AGE_004,30대 (직장 동료에게 나눠 주기 좋은 캔디)
PRD_164,AGE_005,40대 (야하타·히가시다 테마를 설명하기 좋은 상품)
PRD_165,AGE_003,20대 (집에서 먹는 모지코 야키카레)
PRD_165,AGE_004,30대 (간편하게 조리 가능한 레토르트 카레)
PRD_165,AGE_005,40대 (가족 식사용으로 활용 가능)
PRD_165,AGE_006,50대 (치즈와 계란을 더해 먹기 좋은 카레)
PRD_166,AGE_003,20대 (명란과 카레를 결합한 매운 간편식)
PRD_166,AGE_004,30대 (매운맛·해산물 향 선호자에게 적합)
PRD_166,AGE_005,40대 (가족과 나눠 먹기 좋은 야키카레)
PRD_167,AGE_003,20대 (귀국 후 간단히 데워 먹는 카레)
PRD_167,AGE_004,30대 (모지코 레트로 거리 대표 먹거리 체험)
PRD_167,AGE_005,40대 (가족용 레토르트 카레)
PRD_167,AGE_006,50대 (중간매운맛 카레 간편식)
PRD_168,AGE_003,20대 (커플 식사용 1.5인분 카레)
PRD_168,AGE_004,30대 (가족·커플용 간편식)
PRD_168,AGE_005,40대 (모지코 야키카레를 집에서 즐기는 상품)
PRD_169,AGE_003,20대 (맥주 풍미의 독특한 야키카레)
PRD_169,AGE_004,30대 (양조장 방문 스토리와 연결 가능)
PRD_169,AGE_005,40대 (지비루 공방 특색을 살린 간편식)
PRD_170,AGE_003,20대 (고쿠라 발상 야키우동 간편식)
PRD_170,AGE_004,30대 (숙소나 귀국 후 조리하기 좋은 면류)
PRD_170,AGE_005,40대 (가족 식사용으로 활용 가능한 세트)
PRD_170,AGE_006,50대 (지역 먹거리 체험형 면 상품)
PRD_171,AGE_004,30대 (기타큐슈식 우동을 집에서 먹는 상품)
PRD_171,AGE_005,40대 (가족용 면 상품)
PRD_171,AGE_006,50대 (닭고기 고명 우동 선호층)
PRD_171,AGE_007,60대 (따뜻한 면류 선물로 적합)
PRD_172,AGE_003,20대 (가볍고 저렴한 1인분 우동)
PRD_172,AGE_004,30대 (간단히 먹기 좋은 면류)
PRD_172,AGE_005,40대 (간몬 지역 복어 이미지를 담은 선물)
PRD_173,AGE_003,20대 (저가 선물로 적합한 1인분 우론)
PRD_173,AGE_004,30대 (면류 좋아하는 사람에게 적합)
PRD_173,AGE_005,40대 (간편하게 조리 가능한 면 상품)
PRD_174,AGE_003,20대 (친구와 즐기기 좋은 닭껍질 꼬치)
PRD_174,AGE_004,30대 (술안주용으로 활용 가능한 세트)
PRD_174,AGE_005,40대 (가족과 함께 먹기 좋은 야키토리 상품)
PRD_174,AGE_006,50대 (타레맛 닭껍질 꼬치 선호층)
PRD_175,AGE_004,30대 (실속형 매운 명란)
PRD_175,AGE_005,40대 (밥반찬으로 활용하기 좋은 명란)
PRD_175,AGE_006,50대 (부모님·가족용 냉장 반찬)
PRD_175,AGE_007,60대 (대표 명란 브랜드 선물)
PRD_176,AGE_004,30대 (오징어와 명란을 함께 즐기는 반찬)
PRD_176,AGE_005,40대 (밥반찬·술안주용 상품)
PRD_176,AGE_006,50대 (해산물 반찬 선호층)
PRD_176,AGE_007,60대 (부모님 선물로 활용 가능한 해산물 반찬)
PRD_177,AGE_005,40대 (감칠맛 강한 다시마 반찬)
PRD_177,AGE_006,50대 (어른 선물용 밥반찬)
PRD_177,AGE_007,60대 (집밥 반찬으로 활용하기 좋은 상품)
PRD_177,AGE_008,70대 이상 (다시마 조림 계열 전통 반찬)
PRD_178,AGE_003,20대 (매운맛 좋아하는 친구용 반찬)
PRD_178,AGE_004,30대 (라유가 들어간 매콤한 목이버섯)
PRD_178,AGE_005,40대 (밥반찬·안주로 활용 가능)
PRD_178,AGE_006,50대 (매콤한 반찬 선호층)
PRD_179,AGE_003,20대 (가볍고 오래 보관하기 좋은 다시마 간식)
PRD_179,AGE_004,30대 (직장 동료에게 나눠 주기 좋은 간식)
PRD_179,AGE_005,40대 (식초 다시마 간식 선호층)
PRD_179,AGE_006,50대 (부담 없는 해조류 간식)
PRD_180,AGE_004,30대 (기타큐슈 향토 음식 체험)
PRD_180,AGE_005,40대 (향이 독특한 반찬 상품)
PRD_180,AGE_006,50대 (향토음식 관심층에 적합)
PRD_180,AGE_007,60대 (전통 반찬형 기념품)
PRD_181,AGE_005,40대 (매실 가공품 계열 전통 식품)
PRD_181,AGE_006,50대 (입맛이 담백한 어른 선물)
PRD_181,AGE_007,60대 (전통 매실 식품 선호층)
PRD_181,AGE_008,70대 이상 (정갈한 매실 가공품)
PRD_182,AGE_006,50대 (격식 있는 고급 매실 가공품)
PRD_182,AGE_007,60대 (부모님·상사용 고급 선물)
PRD_182,AGE_008,70대 이상 (전통 매실 가공품 선호층)
PRD_183,AGE_002,10대 (귤잼을 빵·요거트와 먹기 좋음)
PRD_183,AGE_003,20대 (연인·친구에게 주기 좋은 상큼한 잼)
PRD_183,AGE_004,30대 (가족용 디저트 스프레드)
PRD_183,AGE_005,40대 (와카마쓰 귤을 활용한 실용 식품)
PRD_184,AGE_003,20대 (탄산수·요거트에 섞어 먹는 레몬 시럽)
PRD_184,AGE_004,30대 (연인·가족용 상큼한 시럽)
PRD_184,AGE_005,40대 (음료와 디저트에 활용 가능한 실용 상품)
PRD_184,AGE_006,50대 (레몬 시럽을 활용한 가정용 식품)
PRD_185,AGE_003,20대 (모지코 레트로 감성의 디자인 손수건)
PRD_185,AGE_004,30대 (가벼운 비식품 선물)
PRD_185,AGE_005,40대 (실용적인 손수건 선물)
PRD_185,AGE_006,50대 (식품 반입 걱정이 적은 기념품)
PRD_186,AGE_004,30대 (검증된 전통 카스텔라 선물)
PRD_186,AGE_005,40대 (부모님·상사용으로 무난한 맛)
PRD_186,AGE_006,50대 (전통 카스텔라 선호)
PRD_187,AGE_003,20대 (코코아와 호두가 들어간 색다른 맛)
PRD_187,AGE_004,30대 (친구·연인용 디저트)
PRD_187,AGE_005,40대 (기본 카스텔라보다 변화를 준 선물)
PRD_188,AGE_001,10세 미만 (작은 큐브형 카스텔라)
PRD_188,AGE_002,10대 (귀엽고 나눠 먹기 쉬운 포장)
PRD_188,AGE_003,20대 (가벼운 선물용 소포장)
PRD_189,AGE_005,40대 (전통 모나카 선호)
PRD_189,AGE_006,50대 (팥소 중심의 익숙한 맛)
PRD_189,AGE_007,60대 (차와 어울리는 전통 과자)
PRD_190,AGE_004,30대 (나가사키 대표 카스텔라 경험)
PRD_190,AGE_005,40대 (무난한 전통 디저트)
PRD_190,AGE_006,50대 (부드러운 카스텔라 선호)
PRD_191,AGE_005,40대 (팥소 도라야키 선호)
PRD_191,AGE_006,50대 (차와 어울리는 어른 입맛)
PRD_191,AGE_007,60대 (전통 과자 취향)
PRD_192,AGE_003,20대 (여러 사람에게 나누기 좋은 세트)
PRD_192,AGE_004,30대 (가족·직장 선물용 구성)
PRD_192,AGE_005,40대 (대표 소과자 조합 선호)
PRD_193,AGE_005,40대 (고급 카스텔라 선물)
PRD_193,AGE_006,50대 (진한 달걀 풍미 선호)
PRD_193,AGE_007,60대 (격식 있는 전통 과자)
PRD_194,AGE_004,30대 (전통 카스텔라 선물)
PRD_194,AGE_005,40대 (기본 카스텔라 선호)
PRD_194,AGE_006,50대 (부드러운 전통 과자)
PRD_195,AGE_002,10대 (초콜릿 풍미 카스텔라)
PRD_195,AGE_003,20대 (친구·연인용 달콤한 디저트)
PRD_195,AGE_004,30대 (색다른 카스텔라 맛)
PRD_196,AGE_001,10세 미만 (가모메 테마의 달콤한 카스텔라)
PRD_196,AGE_002,10대 (여행 기념 느낌의 상품)
PRD_196,AGE_003,20대 (가벼운 지역 테마 선물)
PRD_197,AGE_003,20대 (말차 계절 한정 디저트)
PRD_197,AGE_004,30대 (쌉싸름한 말차 풍미)
PRD_197,AGE_005,40대 (시즌 상품 선호)
PRD_198,AGE_001,10세 미만 (복숭아 모양의 귀여운 과자)
PRD_198,AGE_004,30대 (가족 행사성 선물)
PRD_198,AGE_006,50대 (전통 축하 과자 선호)
PRD_199,AGE_002,10대 (밀크셰이크 맛의 달콤함)
PRD_199,AGE_003,20대 (독특한 나가사키식 맛)
PRD_199,AGE_004,30대 (연인·친구용 디저트)
PRD_200,AGE_001,10세 미만 (소용량 달콤한 카스텔라)
PRD_200,AGE_002,10대 (부담 없는 벌꿀 카스텔라)
PRD_200,AGE_003,20대 (혼자 먹기 좋은 소액 선물)
PRD_201,AGE_001,10세 미만 (초코 풍미 카스텔라)
PRD_201,AGE_002,10대 (친구와 나누기 좋은 달콤한 맛)
PRD_201,AGE_003,20대 (가벼운 초코 디저트)
PRD_202,AGE_002,10대 (학교에서 나누기 좋은 포장)
PRD_202,AGE_003,20대 (직장·친구 선물용 개별 포장)
PRD_202,AGE_004,30대 (가족·동료용 세트)
PRD_203,AGE_005,40대 (밤과 팥의 전통적인 맛)
PRD_203,AGE_006,50대 (어른 입맛의 도라야키)
PRD_203,AGE_007,60대 (차와 어울리는 과자)
PRD_204,AGE_005,40대 (참깨의 고소한 풍미)
PRD_204,AGE_006,50대 (어른 입맛 선물)
PRD_204,AGE_007,60대 (전통 도라야키 선호)
PRD_205,AGE_003,20대 (스틱형으로 나누기 쉬움)
PRD_205,AGE_004,30대 (단체 선물용)
PRD_205,AGE_005,40대 (카스텔라말이 간식 선호)
PRD_206,AGE_004,30대 (선물용 복숭아 카스텔라)
PRD_206,AGE_005,40대 (행사성 과자 선호)
PRD_206,AGE_006,50대 (격식 있는 세트 선물)
PRD_207,AGE_001,10세 미만 (귀여운 복숭아 모양과 초콜릿풍 맛)
PRD_207,AGE_002,10대 (친구 선물용 귀여운 디저트)
PRD_207,AGE_003,20대 (연인·친구용 디자인 과자)
PRD_208,AGE_001,10세 미만 (바삭하고 달콤한 과자)
PRD_208,AGE_002,10대 (저렴하고 나누기 좋음)
PRD_208,AGE_003,20대 (대량 선물용)
PRD_209,AGE_003,20대 (커피 풍미 크루스)
PRD_209,AGE_004,30대 (기본 맛과 비교하기 좋은 상품)
PRD_209,AGE_005,40대 (커피의 쌉싸름함 선호)
PRD_210,AGE_003,20대 (레트로 캔 기념품)
PRD_210,AGE_004,30대 (여행 기념으로 보관하기 좋음)
PRD_210,AGE_005,40대 (복각판 패키지 선호)
PRD_211,AGE_001,10세 미만 (가벼운 달콤한 과자)
PRD_211,AGE_002,10대 (풍경 패키지 기념품)
PRD_211,AGE_003,20대 (사진 엽서 같은 패키지)
PRD_212,AGE_003,20대 (상큼한 감귤 풍미)
PRD_212,AGE_004,30대 (지역성 있는 맛 선호)
PRD_212,AGE_005,40대 (가족용 로컬 과자)
PRD_213,AGE_002,10대 (여러 맛을 나눠 먹기 좋음)
PRD_213,AGE_003,20대 (회사·학교 대량 선물)
PRD_213,AGE_004,30대 (가족·동료용 세트)
PRD_214,AGE_003,20대 (개별 포장 양과자)
PRD_214,AGE_004,30대 (가족·직장 선물용)
PRD_214,AGE_005,40대 (대표 양과자 선호)
PRD_215,AGE_003,20대 (수국 모티프의 예쁜 파이)
PRD_215,AGE_004,30대 (가벼운 선물용 과자)
PRD_215,AGE_005,40대 (부피 대비 선물성 있는 과자)
PRD_216,AGE_004,30대 (가족용 종합 세트)
PRD_216,AGE_005,40대 (상사 선물용 과자 세트)
PRD_216,AGE_006,50대 (격식 있는 대표 과자 조합)
PRD_217,AGE_003,20대 (연인용 고급 초콜릿)
PRD_217,AGE_004,30대 (친구·자신용 프리미엄 디저트)
PRD_217,AGE_005,40대 (일본풍 맛의 초콜릿 세트)
PRD_218,AGE_003,20대 (커스터드 디저트 선호)
PRD_218,AGE_004,30대 (연인·친구용 브륄레 풍미)
PRD_218,AGE_005,40대 (선물용 냉장 디저트)
PRD_219,AGE_002,10대 (귀여운 딸기 테마)
PRD_219,AGE_003,20대 (연인·친구용 디저트)
PRD_219,AGE_004,30대 (가족과 나누기 좋은 바움쿠헨)
PRD_220,AGE_002,10대 (예쁜 딸기 랑그드샤)
PRD_220,AGE_003,20대 (친구·연인용 포장 과자)
PRD_220,AGE_004,30대 (직장동료용 가벼운 선물)
PRD_221,AGE_004,30대 (전통 과자 경험용)
PRD_221,AGE_005,40대 (바삭한 전통 구운 과자)
PRD_221,AGE_006,50대 (나가사키 전통 과자 선호)
PRD_222,AGE_002,10대 (딱딱하고 고소한 튀김 과자)
PRD_222,AGE_003,20대 (중화가 간식 경험용)
PRD_222,AGE_004,30대 (친구와 나누는 독특한 간식)
PRD_223,AGE_004,30대 (가족 간편식 선물)
PRD_223,AGE_005,40대 (부드러운 각니만주)
PRD_223,AGE_006,50대 (나가사키식 간식 선호)
PRD_224,AGE_003,20대 (진한 맛의 각니만주)
PRD_224,AGE_004,30대 (친구·가족 간식용)
PRD_224,AGE_005,40대 (풍부한 지방감 선호)
PRD_225,AGE_002,10대 (치즈 풍미 간식)
PRD_225,AGE_003,20대 (젊은 층용 변형 각니만주)
PRD_225,AGE_004,30대 (이색 간편식 선호)
PRD_226,AGE_003,20대 (카레 풍미의 이색 간식)
PRD_226,AGE_004,30대 (친한 친구용 호불호 있는 맛)
PRD_226,AGE_005,40대 (카레향 간편식 선호)
PRD_227,AGE_004,30대 (프리미엄 맛보기용)
PRD_227,AGE_005,40대 (숙성 각니의 진한 맛)
PRD_227,AGE_006,50대 (고급 간식 선물)
PRD_228,AGE_004,30대 (집에서 간단히 먹는 반찬형 상품)
PRD_228,AGE_005,40대 (가족 식사용 실용 선물)
PRD_228,AGE_006,50대 (밥반찬형 조림 선호)
PRD_229,AGE_004,30대 (집에서 조리하는 짬뽕 세트)
PRD_229,AGE_005,40대 (가족 식사용 간편식)
PRD_229,AGE_006,50대 (나가사키 면요리 선호)
PRD_230,AGE_004,30대 (집에서 즐기는 사라우동)
PRD_230,AGE_005,40대 (가족용 간편 면요리)
PRD_230,AGE_006,50대 (바삭한 면요리 선호)
PRD_231,AGE_004,30대 (가족용 면요리 선물세트)
PRD_231,AGE_005,40대 (실용적인 식품 선물)
PRD_231,AGE_006,50대 (나가사키 대표 면요리 세트)
PRD_232,AGE_003,20대 (숙소 간식으로 좋은 부타만)
PRD_232,AGE_004,30대 (가족과 나누는 만두 간식)
PRD_232,AGE_005,40대 (냉장·냉동 간편식 선호)
PRD_233,AGE_003,20대 (친구와 먹기 좋은 교자)
PRD_233,AGE_004,30대 (가정 조리용 간편식)
PRD_233,AGE_005,40대 (가족 식사용 교자)
PRD_234,AGE_004,30대 (짭짤한 견과 간식)
PRD_234,AGE_005,40대 (단 과자 대신 선택하기 좋음)
PRD_234,AGE_006,50대 (멸치와 견과류의 고소한 안주)
PRD_235,AGE_003,20대 (현지에서 먹기 좋은 하토시 간식)
PRD_235,AGE_004,30대 (가족과 나누는 냉동 간편식)
PRD_235,AGE_005,40대 (새우 식빵 튀김의 이색 맛)
PRD_236,AGE_004,30대 (직장·단체 선물용 새우 센베이)
PRD_236,AGE_005,40대 (나고야 한정 패키지 선호)
PRD_236,AGE_006,50대 (가벼운 과자 선물)
PRD_237,AGE_003,20대 (친구에게 나눠주기 좋은 개별 포장)
PRD_237,AGE_004,30대 (직장 간식용)
PRD_237,AGE_005,40대 (상사 선물도 가능한 검증된 과자)
PRD_238,AGE_003,20대 (해산물 센베이를 직접 즐기기 좋음)
PRD_238,AGE_004,30대 (직장 동료와 나누기 좋은 과자)
PRD_238,AGE_005,40대 (가리비 감칠맛 선호)
PRD_239,AGE_003,20대 (연인·친구에게 가볍게 주기 좋음)
PRD_239,AGE_004,30대 (직장 동료에게 나눠주기 편함)
PRD_239,AGE_005,40대 (한입형 새우 센베이)
PRD_240,AGE_004,30대 (전통 디저트를 처음 접하기 좋음)
PRD_240,AGE_005,40대 (말차·벚꽃 등 전통 맛 선호)
PRD_240,AGE_006,50대 (부드러운 우이로 선호)
PRD_240,AGE_007,60대 (전통 떡과자 선호)
PRD_241,AGE_001,10세 미만 (개구리 얼굴 모양의 귀여운 만주)
PRD_241,AGE_002,10대 (캐릭터 느낌의 과자)
PRD_241,AGE_003,20대 (친구에게 주기 좋은 귀여운 선물)
PRD_242,AGE_003,20대 (오구라 토스트 감성 디저트)
PRD_242,AGE_004,30대 (커피와 어울리는 직장 간식)
PRD_242,AGE_005,40대 (단맛 과자 선호)
PRD_243,AGE_001,10세 미만 (귀여운 막대형 우이로)
PRD_243,AGE_002,10대 (사진용·SNS용 기념품)
PRD_243,AGE_003,20대 (연인·친구와 공유하기 좋은 디자인)
PRD_244,AGE_004,30대 (가족·직장 동료에게 나눠주기 좋음)
PRD_244,AGE_005,40대 (전통 우이로 선호)
PRD_244,AGE_006,50대 (부드러운 전통 떡과자)
PRD_244,AGE_007,60대 (정갈한 전통 간식)
PRD_245,AGE_004,30대 (집에서 조리해 먹는 실용 식품)
PRD_245,AGE_005,40대 (가족 식사용 기념품)
PRD_245,AGE_006,50대 (나고야 명물 면 요리 선호)
PRD_246,AGE_004,30대 (가정 조리용 우동 세트)
PRD_246,AGE_005,40대 (진한 미소 국물 선호)
PRD_246,AGE_006,50대 (전통적인 나고야식 우동)
PRD_247,AGE_004,30대 (부드러운 생우이로 체험)
PRD_247,AGE_005,40대 (전통 디저트 선호)
PRD_247,AGE_006,50대 (부드러운 식감 선호)
PRD_247,AGE_007,60대 (부담 없는 전통 간식)
PRD_248,AGE_005,40대 (아쓰타 신궁 명물 떡과자)
PRD_248,AGE_006,50대 (부드러운 팥소 떡과자)
PRD_248,AGE_007,60대 (전통 명물 선호)
PRD_249,AGE_005,40대 (밤을 넣은 고급감 있는 선물)
PRD_249,AGE_006,50대 (전통 떡과자와 밤 풍미 선호)
PRD_249,AGE_007,60대 (어른 선물용 화과자)
PRD_250,AGE_003,20대 (현지 간식으로 즐기기 좋음)
PRD_250,AGE_004,30대 (가족과 나눠 먹는 팥빵)
PRD_250,AGE_005,40대 (부드러운 팥빵 계열 선호)
PRD_251,AGE_001,10세 미만 (소박한 단고류 간식)
PRD_251,AGE_002,10대 (소량으로 먹기 좋은 간식)
PRD_251,AGE_003,20대 (가성비 있는 현지 간식)
PRD_252,AGE_004,30대 (나고야 대표 화과자 선물)
PRD_252,AGE_005,40대 (격식과 대중성을 갖춘 선물)
PRD_252,AGE_006,50대 (전통 도라야키풍 과자 선호)
PRD_252,AGE_007,60대 (정통 화과자 선호)
PRD_253,AGE_005,40대 (가벼운 격식의 화과자)
PRD_253,AGE_006,50대 (정통 화과자 라인 선호)
PRD_253,AGE_007,60대 (부모님 간식용 전통 과자)
PRD_254,AGE_003,20대 (직장 동료에게 돌리기 좋은 간식)
PRD_254,AGE_004,30대 (작고 나눠 먹기 쉬움)
PRD_254,AGE_005,40대 (전통 과자 선호)
PRD_255,AGE_005,40대 (단정한 전통 화과자)
PRD_255,AGE_006,50대 (단맛이 과하지 않은 일본식 과자)
PRD_255,AGE_007,60대 (정갈한 화과자 세트)
PRD_256,AGE_005,40대 (품격 있는 건과자 선물)
PRD_256,AGE_006,50대 (상사·부모님용 정갈한 과자)
PRD_256,AGE_007,60대 (차와 어울리는 전통 건과자)
PRD_257,AGE_005,40대 (장수 화과자 스토리 선호)
PRD_257,AGE_006,50대 (차와 곁들이기 좋은 과자)
PRD_257,AGE_007,60대 (전통성과 안정감 있는 선물)
PRD_258,AGE_003,20대 (사진이 잘 나오는 예쁜 색감)
PRD_258,AGE_004,30대 (연인·부모님 선물용 소형 화과자)
PRD_258,AGE_005,40대 (고급스러운 양갱·화과자)
PRD_258,AGE_006,50대 (정갈한 전통 선물)
PRD_259,AGE_001,"10세 미만 (부드러운 카스텔라풍 과자, 꿀 주의)"
PRD_259,AGE_004,30대 (가족과 나눠 먹기 좋음)
PRD_259,AGE_005,40대 (나고야 대표 과자 선호)
PRD_259,AGE_006,50대 (부드러운 팥소 과자)
PRD_260,AGE_004,30대 (촉촉한 생 타입 과자)
PRD_260,AGE_005,40대 (부드러운 식감 선호)
PRD_260,AGE_006,50대 (부모님·가족 선물용)
PRD_261,AGE_001,10세 미만 (고양이 모티프의 귀여운 과자)
PRD_261,AGE_002,10대 (캐릭터 취향 선물)
PRD_261,AGE_003,20대 (친구에게 주기 좋은 귀여운 기념품)
PRD_262,AGE_001,10세 미만 (헬로키티 패키지)
PRD_262,AGE_002,10대 (귀여운 캐릭터 과자)
PRD_262,AGE_003,20대 (연인·친구에게 가볍게 주기 좋음)
PRD_263,AGE_003,20대 (퓨전 디저트와 한입 크기 선호)
PRD_263,AGE_004,30대 (직장 동료에게 나눠주기 좋음)
PRD_263,AGE_005,40대 (다쿠아즈와 떡의 독특한 조합)
PRD_264,AGE_003,20대 (오구라 토스트 맛을 체험하기 좋음)
PRD_264,AGE_004,30대 (커피와 어울리는 디저트)
PRD_264,AGE_005,40대 (나고야식 단맛 과자 선호)
PRD_265,AGE_003,20대 (계절감 있는 이색 디저트)
PRD_265,AGE_004,30대 (쑥떡 느낌의 과자 선호)
PRD_265,AGE_005,40대 (말차·쑥 계열 풍미 선호)
PRD_266,AGE_004,30대 (단정한 구움과자 선물)
PRD_266,AGE_005,40대 (상사·부모님용 포장 선물)
PRD_266,AGE_006,50대 (아몬드 풍미의 고급 간식)
PRD_267,AGE_005,40대 (오래된 지역 과자 선호)
PRD_267,AGE_006,50대 (팥과 카스텔라풍 반죽 선호)
PRD_267,AGE_007,60대 (전통적인 로컬 과자 선호)
PRD_268,AGE_003,20대 (나고야 상징이 있는 단체 선물)
PRD_268,AGE_004,30대 (직장 동료와 나눠 먹기 좋음)
PRD_268,AGE_005,40대 (지역 상징 과자 선호)
PRD_269,AGE_004,30대 (소량으로 가볍게 사기 좋음)
PRD_269,AGE_005,40대 (밤과 팥의 조합 선호)
PRD_269,AGE_006,50대 (전통적인 맛 선호)
PRD_270,AGE_001,10세 미만 (딸기·말차 맛 사브레)
PRD_270,AGE_002,10대 (여러 명에게 돌리기 좋은 과자)
PRD_270,AGE_003,20대 (친구·직장 동료 선물)
PRD_270,AGE_004,30대 (나눠주기 좋은 15개입)
PRD_271,AGE_003,20대 (인기 있는 오구라 토스트 랑드샤)
PRD_271,AGE_004,30대 (직장 동료에게 나눠주기 좋은 쿠키)
PRD_271,AGE_005,40대 (가족 선물용 나고야 과자)
PRD_272,AGE_004,30대 (초콜릿 랑드샤 선물)
PRD_272,AGE_005,40대 (상사·가족용 나고야 상징 과자)
PRD_272,AGE_006,50대 (포장이 안정적인 격식 선물)
PRD_273,AGE_001,10세 미만 (귀여운 병아리 캐릭터)
PRD_273,AGE_002,10대 (캐릭터 과자 선호)
PRD_273,AGE_003,20대 (연인·친구에게 주기 좋은 기념품)
PRD_274,AGE_001,10세 미만 (폭신한 피요린 인형)
PRD_274,AGE_002,10대 (캐릭터 굿즈 선호)
PRD_274,AGE_003,20대 (여행 추억용 인형)
PRD_275,AGE_001,10세 미만 (작은 피요린 마스코트)
PRD_275,AGE_002,10대 (가방에 달기 좋은 캐릭터 굿즈)
PRD_275,AGE_003,20대 (가벼운 친구 선물)
PRD_276,AGE_001,10세 미만 (귀여운 피요린 주머니)
PRD_276,AGE_002,10대 (소품 보관용 캐릭터 파우치)
PRD_276,AGE_003,20대 (실용적인 캐릭터 굿즈)
PRD_277,AGE_002,10대 (아크릴 키홀더 선호)
PRD_277,AGE_003,20대 (연인·친구에게 주기 좋은 키링)
PRD_277,AGE_004,30대 (작고 부담 없는 기념품)
PRD_278,AGE_003,20대 (예쁜 포장의 연인 선물)
PRD_278,AGE_004,30대 (친구·상사에게 가볍게 주기 좋음)
PRD_278,AGE_005,40대 (격식 있는 파이 선물)
PRD_279,AGE_001,10세 미만 (코구마군 캐릭터와 꿀 풍미)
PRD_279,AGE_002,10대 (귀여운 피낭시에 선물)
PRD_279,AGE_003,20대 (친구에게 주기 좋은 구움과자)
PRD_280,AGE_003,20대 (나고야 찻집 감성의 가벼운 선물)
PRD_280,AGE_004,30대 (커피·오구라 토스트 맛 선호)
PRD_280,AGE_005,40대 (레트로 킷사텐 감성 선호)
PRD_281,AGE_001,10세 미만 (다가시 캔 세트)
PRD_281,AGE_002,10대 (레트로·귀여운 과자 선물)
PRD_281,AGE_003,20대 (사진 찍기 좋은 캔 기념품)
PRD_282,AGE_001,10세 미만 (컬러풀한 모치 세트)
PRD_282,AGE_002,10대 (나나짱 모티프의 재미있는 기념품)
PRD_282,AGE_003,20대 (친구에게 주기 좋은 이색 선물)
PRD_283,AGE_004,30대 (집에서 조리하는 미소니코미 우동)
PRD_283,AGE_005,40대 (가족 식사용 실용 식품)
PRD_283,AGE_006,50대 (나고야식 된장 우동 선호)
PRD_284,AGE_003,20대 (매운맛 라멘을 직접 즐기기 좋음)
PRD_284,AGE_004,30대 (친구·가족과 먹기 좋은 간편식)
PRD_284,AGE_005,40대 (나고야 명물 대만라멘 체험)
PRD_285,AGE_003,20대 (친구와 즐기기 좋은 닭날개 조림)
PRD_285,AGE_004,30대 (가족용 조리식품)
PRD_285,AGE_005,40대 (안주류로 활용하기 좋음)
PRD_286,AGE_005,40대 (전통 사사당고 선호)
PRD_286,AGE_006,50대 (팥앙금 전통 과자 선호)
PRD_286,AGE_007,60대 (정갈한 지역 전통 떡 과자)
PRD_287,AGE_003,20대 (크림이 들어간 디저트형 과자)
PRD_287,AGE_004,30대 (부드러운 단맛 선물)
PRD_287,AGE_005,40대 (팥과 규히의 익숙한 맛)
PRD_288,AGE_005,40대 (호두·참깨의 고소한 전통 과자)
PRD_288,AGE_006,50대 (차와 어울리는 찹쌀 과자)
PRD_288,AGE_007,60대 (부드럽고 전통적인 유베시)
PRD_289,AGE_002,10대 (가볍게 먹는 쌀과자)
PRD_289,AGE_003,20대 (에다마메 풍미 간식)
PRD_289,AGE_004,30대 (직장 간식으로 나눠 먹기 좋음)
PRD_290,AGE_003,20대 (매콤한 쌀과자 간식)
PRD_290,AGE_004,30대 (술안주형 카키노타네)
PRD_290,AGE_005,40대 (니가타 대표 쌀과자 선호)
PRD_291,AGE_004,30대 (캔 패키지 선물)
PRD_291,AGE_005,40대 (원조 카키노타네 선호)
PRD_291,AGE_006,50대 (검증된 전통 쌀과자)
PRD_292,AGE_003,20대 (피넛이 들어간 간식)
PRD_292,AGE_004,30대 (개별포장 과자 선물)
PRD_292,AGE_005,40대 (나눠 먹기 좋은 쌀과자)
PRD_293,AGE_003,20대 (남방새우맛 한정 과자)
PRD_293,AGE_004,30대 (해산물 풍미 간식)
PRD_293,AGE_005,40대 (짭짤한 쌀과자 선호)
PRD_294,AGE_003,20대 (에다마메맛 지역 한정 과자)
PRD_294,AGE_004,30대 (단체 선물용 쌀과자)
PRD_294,AGE_005,40대 (고소한 에다마메 풍미)
PRD_295,AGE_003,20대 (니가타 맛 비교 선물)
PRD_295,AGE_004,30대 (지역성 있는 카키노타네 세트)
PRD_295,AGE_005,40대 (짭짤한 쌀과자 세트)
PRD_296,AGE_002,10대 (여러 맛을 즐기는 과자 세트)
PRD_296,AGE_003,20대 (맛 비교용 현지 과자)
PRD_296,AGE_004,30대 (가족·직장에 나눠 먹기 좋음)
PRD_297,AGE_001,10세 미만 (한입 크기 과자)
PRD_297,AGE_002,10대 (가벼운 소량 간식)
PRD_297,AGE_003,20대 (저가 소량 기념품)
PRD_298,AGE_001,10세 미만 (부담 없는 쌀과자)
PRD_298,AGE_002,10대 (에다마메맛 간식)
PRD_298,AGE_003,20대 (가벼운 로컬 과자)
PRD_299,AGE_002,10대 (새우소금맛 간식)
PRD_299,AGE_003,20대 (가벼운 해산물 풍미 과자)
PRD_299,AGE_004,30대 (술안주형 간식)
PRD_300,AGE_001,10세 미만 (단짠 과자)
PRD_300,AGE_002,10대 (친구와 나누기 좋은 간식)
PRD_300,AGE_003,20대 (사사당고풍 한정 과자)
PRD_301,AGE_002,10대 (쌀칩 과자 세트)
PRD_301,AGE_003,20대 (지역성 있는 과자 선물)
PRD_301,AGE_004,30대 (가족·직장 간식용)
PRD_302,AGE_003,20대 (새우 풍미 쌀칩)
PRD_302,AGE_004,30대 (술안주형 과자)
PRD_302,AGE_005,40대 (해산물 간식 선호)
PRD_303,AGE_001,10세 미만 (자극적이지 않은 소금맛)
PRD_303,AGE_002,10대 (가벼운 칩 과자)
PRD_303,AGE_003,20대 (저가 로컬 간식)
PRD_304,AGE_001,10세 미만 (부드러운 쌀과자)
PRD_304,AGE_005,40대 (담백한 쌀과자 선호)
PRD_304,AGE_006,50대 (부담 없는 부드러운 간식)
PRD_305,AGE_003,20대 (B급 미식 테마 과자)
PRD_305,AGE_004,30대 (타레카츠맛 지역 한정 과자)
PRD_305,AGE_005,40대 (짭짤한 쌀과자 선호)
PRD_306,AGE_001,10세 미만 (익숙하고 달콤한 과자)
PRD_306,AGE_002,10대 (해피턴 한정 맛)
PRD_306,AGE_003,20대 (지역 한정 과자 선물)
PRD_307,AGE_004,30대 (매운 라유 밥반찬)
PRD_307,AGE_005,40대 (밥반찬·안주류 선호)
PRD_307,AGE_006,50대 (짭짤한 반찬형 상품)
PRD_308,AGE_005,40대 (담백한 참깨 센베이)
PRD_308,AGE_006,50대 (고소한 쌀 센베이 선호)
PRD_308,AGE_007,60대 (전통적인 쌀과자)
PRD_309,AGE_003,20대 (매콤한 센베이)
PRD_309,AGE_004,30대 (짭짤한 고추맛 간식)
PRD_309,AGE_005,40대 (매운맛 쌀과자 선호)
PRD_310,AGE_004,30대 (해산물 풍미 술안주)
PRD_310,AGE_005,40대 (짭짤한 안주류 선호)
PRD_310,AGE_006,50대 (어른용 해산물 과자)
PRD_311,AGE_004,30대 (고급스러운 말차 화과자)
PRD_311,AGE_005,40대 (팥·말차 풍미 선호)
PRD_311,AGE_006,50대 (정갈한 화과자 선물)
PRD_312,AGE_002,10대 (금괴 모양의 재미있는 과자)
PRD_312,AGE_003,20대 (사도 금산 테마 기념품)
PRD_312,AGE_004,30대 (여행 스토리가 있는 선물)
PRD_313,AGE_004,30대 (유자 풍미 전통 명과)
PRD_313,AGE_005,40대 (부담 없는 전통 과자)
PRD_313,AGE_006,50대 (작은 금평당형 명과 선호)
PRD_314,AGE_001,10세 미만 (딸기 초코 다이후쿠)
PRD_314,AGE_002,10대 (달콤한 초코 디저트)
PRD_314,AGE_003,20대 (상큼한 딸기 디저트)
PRD_315,AGE_004,30대 (과일 모티브 화과자)
PRD_315,AGE_005,40대 (루 레크치에 풍미 선호)
PRD_315,AGE_006,50대 (정갈한 선물용 화과자)
PRD_316,AGE_003,20대 (치즈케이크 디저트)
PRD_316,AGE_004,30대 (쌀가루를 활용한 부드러운 케이크)
PRD_316,AGE_005,40대 (부담 없는 케이크형 선물)
PRD_317,AGE_003,20대 (랑그드샤 쿠키 선물)
PRD_317,AGE_004,30대 (가벼운 단체 과자)
PRD_317,AGE_005,40대 (차와 어울리는 쿠키류)
PRD_318,AGE_003,20대 (리프파이 디저트)
PRD_318,AGE_004,30대 (사무실 간식용 파이)
PRD_318,AGE_005,40대 (커피·차와 어울리는 과자)
PRD_319,AGE_003,20대 (나눠 먹기 좋은 파이)
PRD_319,AGE_004,30대 (24매 구성 단체 선물)
PRD_319,AGE_005,40대 (가벼운 쌀 파이 과자)
PRD_320,AGE_003,20대 (사사당고풍 케이크)
PRD_320,AGE_004,30대 (전통과 디저트가 결합된 과자)
PRD_320,AGE_005,40대 (팥 케이크 선호)
PRD_321,AGE_001,10세 미만 (딸기맛 과자)
PRD_321,AGE_002,10대 (익숙한 브랜드의 딸기 쿠키)
PRD_321,AGE_003,20대 (지역 한정 디저트 과자)
PRD_322,AGE_003,20대 (초콜릿 선물)
PRD_322,AGE_004,30대 (눈 저장고 콘셉트의 쇼콜라)
PRD_322,AGE_005,40대 (고급 초콜릿 선호)
PRD_323,AGE_004,30대 (상자 포장의 명과)
PRD_323,AGE_005,40대 (노른자앙 화과자 선호)
PRD_323,AGE_006,50대 (격식 있는 니가타 명과)
PRD_324,AGE_003,20대 (사도 금산 테마 과자)
PRD_324,AGE_004,30대 (스토리가 있는 지역 기념품)
PRD_324,AGE_005,40대 (선물용 명과)
PRD_325,AGE_004,30대 (밤맛 앙금 과자)
PRD_325,AGE_005,40대 (고급 화과자 선호)
PRD_325,AGE_006,50대 (전통 앙금 과자 선호)
PRD_326,AGE_003,20대 (서양배 풍미 디저트)
PRD_326,AGE_004,30대 (과일향 선물 과자)
PRD_326,AGE_005,40대 (루 레크치에 풍미 선호)
PRD_327,AGE_003,20대 (24개입 과자 세트)
PRD_327,AGE_004,30대 (직장 단체 선물)
PRD_327,AGE_005,40대 (사도·따오기 테마 과자)
PRD_328,AGE_003,20대 (소형 바움쿠헨 과자)
PRD_328,AGE_004,30대 (니가타 대표 과자 선물)
PRD_328,AGE_005,40대 (축제 이미지의 지역 과자)
PRD_329,AGE_005,40대 (고구마 앙금 화과자)
PRD_329,AGE_006,50대 (차와 어울리는 과자)
PRD_329,AGE_007,60대 (부드러운 전통 과자)
PRD_330,AGE_005,40대 (흑당만주와 도라야키 세트)
PRD_330,AGE_006,50대 (노포 전통 과자 선호)
PRD_330,AGE_007,60대 (격식 있는 화과자 세트)
PRD_331,AGE_005,40대 (연어 차즈케 밥반찬)
PRD_331,AGE_006,50대 (실용적인 고급 반찬 선물)
PRD_331,AGE_007,60대 (밥과 함께 먹기 좋은 상품)
PRD_332,AGE_005,40대 (연어 미소절임 반찬)
PRD_332,AGE_006,50대 (밥반찬 선물)
PRD_332,AGE_007,60대 (짭짤한 병조림 선호)
PRD_333,AGE_005,40대 (연어 야키즈케 향토요리)
PRD_333,AGE_006,50대 (밥반찬으로 실용적)
PRD_333,AGE_007,60대 (전통 조리 방식 선호)
PRD_334,AGE_005,40대 (니가타 쌀 비교 세트)
PRD_334,AGE_006,50대 (가정용 실용 선물)
PRD_334,AGE_007,60대 (고급 쌀 선물 선호)
PRD_335,AGE_005,40대 (바위모즈쿠 김조림)
PRD_335,AGE_006,50대 (밥반찬용 해조류 상품)
PRD_335,AGE_007,60대 (실용적인 김조림 선물)
PRD_336,AGE_003,20대 (카레우동을 직접 조리해 즐기기 좋은 간편식)
PRD_336,AGE_004,30대 (귀국 후 식사 대용으로 활용하기 좋음)
PRD_336,AGE_005,40대 (가족과 함께 먹기 좋은 우동 세트)
PRD_337,AGE_003,20대 (손잡이형 우동 선물로 운반이 쉬움)
PRD_337,AGE_004,30대 (붓카케 우동을 집에서 간편하게 즐김)
PRD_337,AGE_005,40대 (가족용 우동 세트로 무난함)
PRD_338,AGE_004,30대 (쫄깃한 반생 우동 세트)
PRD_338,AGE_005,40대 (여러 명이 나눠 먹기 좋은 기본형)
PRD_338,AGE_006,50대 (부모님 선물로 무난한 면류)
PRD_339,AGE_003,20대 (귀여운 패키지의 가벼운 선물)
PRD_339,AGE_004,30대 (간편하게 먹는 사누키 우동)
PRD_339,AGE_005,40대 (국내산 밀 우동 선물)
PRD_340,AGE_005,40대 (기본 순생 우동 선호층)
PRD_340,AGE_006,50대 (부모님·상사 선물로 무난함)
PRD_340,AGE_007,60대 (기본형 우동이라 부담이 적음)
PRD_341,AGE_004,30대 (국물 요리에 바로 쓰기 좋은 다시 분말)
PRD_341,AGE_005,40대 (가정 요리에 활용도 높음)
PRD_341,AGE_006,50대 (부모님용 실용 조미료)
PRD_342,AGE_004,30대 (요리 좋아하는 사람에게 적합)
PRD_342,AGE_005,40대 (전통 방식 소금 선호층)
PRD_342,AGE_006,50대 (부담 없는 고급 조미료 선물)
PRD_343,AGE_004,30대 (계란밥·두부 등에 곁들이기 좋음)
PRD_343,AGE_005,40대 (진한 고급 간장 선호층)
PRD_343,AGE_006,50대 (상사·부모님용 조미료 선물)
PRD_344,AGE_003,20대 (유자 풍미 드레싱 선호층)
PRD_344,AGE_004,30대 (샐러드·해산물용 실용 소스)
PRD_344,AGE_005,40대 (부모님 선물로도 무난한 드레싱)
PRD_345,AGE_005,40대 (밥반찬으로 먹기 좋은 모로미)
PRD_345,AGE_006,50대 (짭짤한 전통 반찬 선호층)
PRD_345,AGE_007,60대 (간장 모로미 반찬을 부담 없이 즐김)
PRD_346,AGE_001,10세 미만 (야돈 캐릭터 패키지)
PRD_346,AGE_002,10대 (캐릭터 기념품으로 재미 있음)
PRD_346,AGE_003,20대 (야돈 굿즈 감성의 식품 선물)
PRD_347,AGE_003,20대 (작은 병의 가벼운 기념품)
PRD_347,AGE_004,30대 (달걀밥용 간장으로 실용적)
PRD_347,AGE_005,40대 (가족용 조미료 선물)
PRD_348,AGE_003,20대 (튀김·야키소바에 활용 가능)
PRD_348,AGE_004,30대 (일상 요리용 소스)
PRD_348,AGE_005,40대 (가족 식사용 실용 소스)
PRD_349,AGE_003,20대 (채소 드레싱 선물)
PRD_349,AGE_004,30대 (샐러드용 실용 드레싱)
PRD_349,AGE_005,40대 (채소 좋아하는 부모님 선물)
PRD_350,AGE_005,40대 (가가와식 식문화를 체험하기 좋음)
PRD_350,AGE_006,50대 (백된장 요리 선호층)
PRD_350,AGE_007,60대 (전통 식재료 선물로 무난함)
PRD_351,AGE_005,40대 (짭짤한 반찬류 선호층)
PRD_351,AGE_006,50대 (사누키 향토음식 쇼유마메)
PRD_351,AGE_007,60대 (부모님용 전통 반찬)
PRD_352,AGE_003,20대 (닭고기 요리에 쓰기 좋은 양념)
PRD_352,AGE_004,30대 (집에서 호네츠키도리 맛을 내기 좋음)
PRD_352,AGE_005,40대 (가족 식사용 조미료)
PRD_353,AGE_001,10세 미만 (칼슘 간식으로 소개 가능)
PRD_353,AGE_002,10대 (간식처럼 먹는 멸치)
PRD_353,AGE_006,50대 (부모님용 건강 간식 이미지)
PRD_354,AGE_003,20대 (맥주 안주·간식용)
PRD_354,AGE_004,30대 (짭짤하고 고소한 콩 간식)
PRD_354,AGE_005,40대 (가성비 안주류 선물)
PRD_355,AGE_004,30대 (가벼운 밥반찬 선물)
PRD_355,AGE_005,40대 (세토우치 김 해조류 상품)
PRD_355,AGE_006,50대 (부모님용 실용 반찬)
PRD_356,AGE_004,30대 (차·요거트에 곁들이기 좋음)
PRD_356,AGE_005,40대 (벌꿀 선물 선호층)
PRD_356,AGE_006,50대 (부모님용 달콤한 식품 선물)
PRD_357,AGE_003,20대 (가가와 명물 닭고기 안주)
PRD_357,AGE_004,30대 (친구·가족과 먹기 좋은 냉장 식품)
PRD_357,AGE_005,40대 (호네츠키도리 지역 음식 체험)
PRD_358,AGE_003,20대 (저가 단체 선물 후보)
PRD_358,AGE_004,30대 (1인분급 소포장 반찬)
PRD_358,AGE_005,40대 (사누키 전통 쇼유마메 체험)
PRD_359,AGE_003,20대 (이색 멘마 기념품)
PRD_359,AGE_004,30대 (라멘·밥반찬용 실용 식품)
PRD_359,AGE_005,40대 (가가와산 멘마 로컬 상품)
PRD_360,AGE_004,30대 (육수용 건어물 선물)
PRD_360,AGE_005,40대 (이부키섬산 이리코 활용)
PRD_360,AGE_006,50대 (부모님용 실용 식재료)
PRD_361,AGE_001,10세 미만 (야돈 캐릭터 후리카케)
PRD_361,AGE_002,10대 (도시락·밥반찬용 캐릭터 상품)
PRD_361,AGE_003,20대 (야돈 패키지 기념품)
PRD_362,AGE_004,30대 (가가와 향토음식 체험)
PRD_362,AGE_005,40대 (가족과 나눠 먹기 좋은 냉동 상품)
PRD_362,AGE_006,50대 (전통 음식 선호층)
PRD_363,AGE_003,20대 (레토르트 카레로 간편함)
PRD_363,AGE_004,30대 (호네츠키도리 지역 카레 체험)
PRD_363,AGE_005,40대 (보관·운반이 쉬운 간편식)
PRD_364,AGE_005,40대 (전통 반찬류 선물)
PRD_364,AGE_006,50대 (쇼유마메 선호층)
PRD_364,AGE_007,60대 (어른·상사용 무난한 반찬)
PRD_365,AGE_001,10세 미만 (야돈 캐릭터 과자)
PRD_365,AGE_002,10대 (귀여운 캐릭터 샌드 과자)
PRD_365,AGE_003,20대 (사진 찍기 좋은 캐릭터 과자)
PRD_365,AGE_004,30대 (단짠 과자 선물)
PRD_366,AGE_001,10세 미만 (작고 달콤한 사탕)
PRD_366,AGE_002,10대 (가벼운 답례품)
PRD_366,AGE_003,20대 (저가 기념 간식)
PRD_367,AGE_004,30대 (밀크·말차 만주 세트)
PRD_367,AGE_005,40대 (다카마쓰 명소 이야기를 담은 과자)
PRD_367,AGE_006,50대 (부모님·상사 선물용 디저트)
PRD_368,AGE_001,10세 미만 (야돈 귀 모양 쿠키)
PRD_368,AGE_002,10대 (귀여운 캐릭터 과자)
PRD_368,AGE_003,20대 (캐릭터 기념품으로 적합)
PRD_368,AGE_004,30대 (친구·연인 선물용 쿠키)
PRD_369,AGE_004,30대 (수량 많은 사무실 과자)
PRD_369,AGE_005,40대 (가족·직장용 센베이)
PRD_369,AGE_006,50대 (상사용 전통 과자 느낌)
PRD_370,AGE_005,40대 (전통 과자 느낌의 센베이)
PRD_370,AGE_006,50대 (어른 선물용 과자)
PRD_370,AGE_007,60대 (白下糖을 사용한 전통 과자)
PRD_371,AGE_004,30대 (비주얼이 독특한 특별 선물)
PRD_371,AGE_005,40대 (고급 센베이 선호층)
PRD_371,AGE_006,50대 (상사·부모님용 격식 과자)
PRD_372,AGE_001,10세 미만 (벌꿀 레몬 캔디)
PRD_372,AGE_002,10대 (휴대하기 좋은 캔디)
PRD_372,AGE_003,20대 (여러 명에게 나눠주기 좋음)
PRD_373,AGE_005,40대 (차와 어울리는 와산본 과자)
PRD_373,AGE_006,50대 (고급 단맛의 전통 과자)
PRD_373,AGE_007,60대 (부모님·상사용 정갈한 선물)
PRD_374,AGE_003,20대 (상큼한 레몬 케이크)
PRD_374,AGE_004,30대 (연인·친구 선물용 디저트)
PRD_374,AGE_005,40대 (가족과 나눠 먹기 좋은 케이크)
PRD_375,AGE_003,20대 (야돈 캐릭터 손수건)
PRD_375,AGE_004,30대 (실용성과 공예성이 있는 선물)
PRD_375,AGE_005,40대 (손염색 공예품 선호층)
PRD_376,AGE_003,20대 (야돈 전통공예 굿즈)
PRD_376,AGE_004,30대 (고가의 특별한 캐릭터 공예품)
PRD_376,AGE_005,40대 (가가와 칠기 텀블러 선물)
PRD_377,AGE_005,40대 (품격 있는 전통 쟁반)
PRD_377,AGE_006,50대 (상사·부모님용 공예품)
PRD_377,AGE_007,60대 (전통 칠기 선호층)
PRD_378,AGE_003,20대 (야돈 컵 굿즈)
PRD_378,AGE_004,30대 (전통공예와 캐릭터 결합 상품)
PRD_378,AGE_005,40대 (가가와 칠기 컵 선물)
PRD_379,AGE_005,40대 (오래 쓰는 생활 공예품)
PRD_379,AGE_006,50대 (부모님용 밥그릇 선물)
PRD_379,AGE_007,60대 (전통 칠기 식기 선호층)
PRD_380,AGE_004,30대 (휴대·선물이 쉬운 젓가락)
PRD_380,AGE_005,40대 (전통 칠기 색감의 식기류)
PRD_380,AGE_006,50대 (상사·부모님용 공예 선물)
PRD_381,AGE_003,20대 (아기자기한 수공예 스트랩)
PRD_381,AGE_004,30대 (한정 수공예 기념품)
PRD_381,AGE_005,40대 (사누키 가가리 테마리 공예 선호층)
PRD_382,AGE_002,10대 (야돈 캐릭터 손수건)
PRD_382,AGE_003,20대 (가볍고 실용적인 캐릭터 기념품)
PRD_382,AGE_004,30대 (여행자 선물용 손수건)
PRD_383,AGE_004,30대 (사누카이트 풍경 인테리어 소품)
PRD_383,AGE_005,40대 (소리나는 돌의 이색 기념품)
PRD_383,AGE_006,50대 (부모님용 공예 소품)
PRD_384,AGE_002,10대 (철도 승차권 디자인 문구)
PRD_384,AGE_003,20대 (레트로 고토덴 메모장)
PRD_384,AGE_004,30대 (실용적인 로컬 문구 기념품)
PRD_385,AGE_001,10세 미만 (가벼운 튀김 과자)
PRD_385,AGE_002,10대 (저가 간식 선물)
PRD_385,AGE_003,20대 (레트로 느낌의 가성비 간식)
PRD_386,AGE_001,10세 미만 (구미 형태의 아이 간식)
PRD_386,AGE_002,10대 (가볍게 먹기 좋은 상큼한 구미)
PRD_386,AGE_003,20대 (저렴하게 사기 좋은 여행 간식)
PRD_387,AGE_003,20대 (나눠 주기 좋은 개별 포장 과자)
PRD_387,AGE_004,30대 (회사·학과 선물용 과자)
PRD_387,AGE_005,40대 (부담 없는 단체 선물)
PRD_388,AGE_001,10세 미만 (바삭한 파이 과자)
PRD_388,AGE_002,10대 (상큼한 스다치 파이)
PRD_388,AGE_003,20대 (단체 선물용 가성비 과자)
PRD_388,AGE_004,30대 (직장동료에게 나누기 좋은 과자)
PRD_389,AGE_001,10세 미만 (아이 간식용 젤리)
PRD_389,AGE_002,10대 (상큼한 젤리 디저트)
PRD_389,AGE_003,20대 (가볍게 즐기는 스다치 젤리)
PRD_390,AGE_001,10세 미만 (스다치쿤 캐릭터 쿠키)
PRD_390,AGE_002,10대 (귀여운 캐릭터 패키지)
PRD_390,AGE_003,20대 (관광 기념품 느낌의 쿠키)
PRD_391,AGE_003,20대 (친구와 나누기 좋은 지역 한정 칩스)
PRD_391,AGE_004,30대 (술안주형 짭짤한 과자)
PRD_391,AGE_005,40대 (안주형 스낵 선물)
PRD_392,AGE_004,30대 (차와 요리에 활용 가능한 제품)
PRD_392,AGE_005,40대 (따뜻한 차로 즐기기 좋음)
PRD_392,AGE_006,50대 (부모님 선물용 스다치차)
PRD_393,AGE_004,30대 (요리에 쓰기 좋은 폰즈 소스)
PRD_393,AGE_005,40대 (샤브샤브·두부용 실용 조미료)
PRD_393,AGE_006,50대 (부모님·가족용 조미료)
PRD_394,AGE_003,20대 (자취생도 활용하기 좋은 소스)
PRD_394,AGE_004,30대 (고기·채소에 쓰는 실용 소스)
PRD_394,AGE_005,40대 (가족 식사용 조미료)
PRD_395,AGE_004,30대 (샐러드·냉샤브에 활용 가능)
PRD_395,AGE_005,40대 (가족 식사용 드레싱)
PRD_395,AGE_006,50대 (부모님께 드리기 좋은 실용 드레싱)
PRD_396,AGE_003,20대 (토스트·요거트용 상큼한 잼)
PRD_396,AGE_004,30대 (가족과 먹기 좋은 마멀레이드)
PRD_396,AGE_005,40대 (스다치의 상큼쌉싸름한 맛)
PRD_397,AGE_003,20대 (귀국 후 간단히 조리하기 좋음)
PRD_397,AGE_004,30대 (가족과 먹는 우동 세트)
PRD_397,AGE_005,40대 (도쿠시마식 우동을 재현하기 좋음)
PRD_398,AGE_001,10세 미만 (고구마 크림 과자)
PRD_398,AGE_002,10대 (달콤한 고프레트)
PRD_398,AGE_003,20대 (직장·학교에 나누기 좋은 과자)
PRD_398,AGE_004,30대 (개별 포장 선물용 과자)
PRD_399,AGE_001,10세 미만 (고구마 풍미 파이)
PRD_399,AGE_002,10대 (바삭한 단맛 과자)
PRD_399,AGE_003,20대 (단체용 가성비 과자)
PRD_399,AGE_004,30대 (직장동료용 파이 과자)
PRD_400,AGE_003,20대 (연인·친구 선물용 샌드 과자)
PRD_400,AGE_004,30대 (고급스러운 포장 과자)
PRD_400,AGE_005,40대 (상사 선물로도 무난한 단짠 과자)
PRD_401,AGE_003,20대 (연인에게 주기 좋은 레이즌 샌드)
PRD_401,AGE_004,30대 (어른 취향 디저트)
PRD_401,AGE_005,40대 (와산본 크림의 고급스러운 맛)
PRD_401,AGE_006,50대 (부모님 선물용 디저트)
PRD_402,AGE_003,20대 (아와오도리 이미지의 단체 선물)
PRD_402,AGE_004,30대 (직장동료에게 나눠 주기 좋음)
PRD_402,AGE_005,40대 (쇼콜라 샌드 쿠키 선물)
PRD_403,AGE_002,10대 (달콤한 고구마 디저트)
PRD_403,AGE_003,20대 (친구·연인용 고급 간식)
PRD_403,AGE_004,30대 (가족과 나누기 좋은 포테렛)
PRD_404,AGE_003,20대 (도쿠시마 대표 만주 입문용)
PRD_404,AGE_004,30대 (직장동료와 나누기 좋은 만주)
PRD_404,AGE_005,40대 (전통 과자 선호층)
PRD_404,AGE_006,50대 (부모님 선물용 만주)
PRD_405,AGE_005,40대 (고급 라인 만주 선물)
PRD_405,AGE_006,50대 (부모님·상사 선물용)
PRD_405,AGE_007,60대 (전통 만주 계열 선호)
PRD_406,AGE_003,20대 (소량 맛보기용 프리미엄 만주)
PRD_406,AGE_004,30대 (친구·가족과 나누기 좋음)
PRD_406,AGE_005,40대 (전통 만주를 부담 없이 경험)
PRD_407,AGE_001,10세 미만 (부드러운 스위트포테토)
PRD_407,AGE_002,10대 (달콤한 고구마 디저트)
PRD_407,AGE_003,20대 (낱개로 맛보기 좋은 간식)
PRD_408,AGE_004,30대 (전통 고구마 간식)
PRD_408,AGE_005,40대 (달콤한 고구마 과자 선호)
PRD_408,AGE_006,50대 (부모님 선물용 도쿠시마 명물)
PRD_408,AGE_007,60대 (전통적인 단맛 간식)
PRD_409,AGE_005,40대 (차와 함께 먹는 일본식 과자)
PRD_409,AGE_006,50대 (고구마 긴쓰바류 전통 과자)
PRD_409,AGE_007,60대 (부모님·상사 선물용)
PRD_410,AGE_001,10세 미만 (부드럽게 먹기 쉬운 양갱)
PRD_410,AGE_002,10대 (휴대하기 좋은 스틱형 간식)
PRD_410,AGE_006,50대 (부모님도 먹기 좋은 고구마 양갱)
PRD_411,AGE_001,10세 미만 (아이와 가족용 도넛 간식)
PRD_411,AGE_002,10대 (캐러멜 풍미의 달콤한 도넛)
PRD_411,AGE_003,20대 (친구와 나누기 좋은 고구마 도넛)
PRD_412,AGE_001,10세 미만 (바삭한 고구마 과자)
PRD_412,AGE_002,10대 (간식처럼 먹기 쉬운 이모켄피)
PRD_412,AGE_003,20대 (친구 선물용 고구마 스낵)
PRD_413,AGE_003,20대 (연인·친구용 사블레 쿠키)
PRD_413,AGE_004,30대 (커피·차와 먹기 좋은 과자)
PRD_413,AGE_005,40대 (직장동료에게 나누기 좋은 쿠키류)
PRD_414,AGE_003,20대 (연인·친구 선물용 랑그드샤)
PRD_414,AGE_004,30대 (포장감 좋은 과자 선물)
PRD_414,AGE_005,40대 (부드러운 쿠키류 선호층)
PRD_415,AGE_004,30대 (떡 식감의 나루토금시 우이로)
PRD_415,AGE_005,40대 (쫀득한 전통 디저트)
PRD_415,AGE_006,50대 (부모님 선물용 우이로)
PRD_416,AGE_005,40대 (차와 먹기 좋은 전통 우이로)
PRD_416,AGE_006,50대 (부모님·상사 선물용)
PRD_416,AGE_007,60대 (쫀득한 전통 과자 선호)
PRD_417,AGE_004,30대 (고구마 풍미 우이로)
PRD_417,AGE_005,40대 (나루토금시 계열 과자 선호)
PRD_417,AGE_006,50대 (가족과 먹기 좋은 전통 디저트)
PRD_418,AGE_005,40대 (밤을 넣은 전통 우이로)
PRD_418,AGE_006,50대 (부모님·상사 선물용)
PRD_418,AGE_007,60대 (무난한 전통 과자 선호)
PRD_419,AGE_005,40대 (고급 증과자 선물)
PRD_419,AGE_006,50대 (부모님·상사 선물용)
PRD_419,AGE_007,60대 (정갈한 전통 과자 선호)
PRD_420,AGE_003,20대 (꼬치 형태가 독특한 기념품)
PRD_420,AGE_004,30대 (가족과 나누는 도쿠시마 명물)
PRD_420,AGE_005,40대 (전통 만주 선호)
PRD_420,AGE_006,50대 (부모님 선물용 만주)
PRD_421,AGE_003,20대 (여행 중 바로 먹기 좋은 떡 과자)
PRD_421,AGE_004,30대 (연인·가족과 나누기 좋음)
PRD_421,AGE_005,40대 (오래된 명물 떡 과자)
PRD_421,AGE_006,50대 (부모님 선물용 전통 간식)
PRD_422,AGE_005,40대 (격식 있는 와산본 건과자)
PRD_422,AGE_006,50대 (부모님·상사 선물용)
PRD_422,AGE_007,60대 (차와 함께 먹기 좋은 전통 건과자)
PRD_423,AGE_003,20대 (연인에게 주기 좋은 작은 건과자)
PRD_423,AGE_005,40대 (고급스러운 일본식 선물)
PRD_423,AGE_006,50대 (부모님·상사 선물용 와산본)
PRD_424,AGE_003,20대 (작고 예쁜 상자 패키지)
PRD_424,AGE_004,30대 (연인·상사 선물용 건과자)
PRD_424,AGE_005,40대 (고급스러운 와산본 선물)
PRD_424,AGE_006,50대 (부모님께 드리기 좋은 전통 과자)
PRD_425,AGE_004,30대 (밥반찬으로 쓰기 좋은 후리카케)
PRD_425,AGE_005,40대 (가족 식사용 실용 식품)
PRD_425,AGE_006,50대 (부모님께 드리기 좋은 해조류 식품)
PRD_426,AGE_004,30대 (실용적인 탁상형 맛김)
PRD_426,AGE_005,40대 (가족 반찬으로 무난함)
PRD_426,AGE_006,50대 (부모님께 드리기 좋은 맛김)
PRD_427,AGE_003,20대 (호텔에서 바로 먹기 좋은 간식)
PRD_427,AGE_004,30대 (친구와 먹기 좋은 매콤한 피시카츠)
PRD_427,AGE_005,40대 (가족 간식·안주용 식품)
PRD_428,AGE_003,20대 (상온 보관 가능한 레토르트 카레)
PRD_428,AGE_004,30대 (간편식으로 먹기 좋음)
PRD_428,AGE_005,40대 (가족용 실용 식품)
PRD_429,AGE_004,30대 (가족용 식재료로 좋은 소면)
PRD_429,AGE_005,40대 (여름 선물용 면류)
PRD_429,AGE_006,50대 (부모님께 드리기 좋은 특산 면류)
PRD_430,AGE_005,40대 (전통 발효차 선호층)
PRD_430,AGE_006,50대 (부모님께 적합한 티백 차)
PRD_430,AGE_007,60대 (카페인 부담이 적은 차 선물)
PRD_431,AGE_004,30대 (가족 요리에 쓰는 쌀된장)
PRD_431,AGE_005,40대 (실용적인 조미식품)
PRD_431,AGE_006,50대 (부모님 요리 선물용)
PRD_432,AGE_003,20대 (먹거리 아닌 오래 남는 공예 소품)
PRD_432,AGE_004,30대 (연인·자신용 아이조메 손수건)
PRD_432,AGE_005,40대 (전통 공예 선물)
PRD_432,AGE_006,50대 (부모님·상사 선물용 소품)
PRD_433,AGE_004,30대 (연인·가족용 부부 찻잔)
PRD_433,AGE_005,40대 (격식 있는 도자기 선물)
PRD_433,AGE_006,50대 (부모님·상사 선물용 전통 식기)
PRD_433,AGE_007,60대 (차를 즐기는 세대에게 적합)
PRD_434,AGE_002,10대 (관광 기념 디자인 손수건)
PRD_434,AGE_003,20대 (친구·연인용 가벼운 기념품)
PRD_434,AGE_004,30대 (직장동료에게 부담 없는 실용 선물)
PRD_435,AGE_004,30대 (귀국 직전 구매하기 좋은 치쿠와)
PRD_435,AGE_005,40대 (가족 간식·안주용 식품)
PRD_435,AGE_006,50대 (부모님께 드리기 좋은 지역 식품)
PRD_436,AGE_002,10대 (부담 없이 즐기는 파티시에의 사과 스틱 간식)
PRD_436,AGE_003,20대 (가볍게 나눠 먹기 좋은 파티시에의 사과 스틱)
PRD_436,AGE_004,30대 (커피나 차와 곁들이기 좋은 파티시에의 사과 스틱)
PRD_437,AGE_002,10대 (부담 없이 즐기는 우스쿠레나이 간식)
PRD_437,AGE_003,20대 (가볍게 나눠 먹기 좋은 우스쿠레나이)
PRD_437,AGE_004,30대 (커피나 차와 곁들이기 좋은 우스쿠레나이)
PRD_438,AGE_002,10대 (부담 없이 즐기는 기적의 사과 카린토 간식)
PRD_438,AGE_003,20대 (가볍게 나눠 먹기 좋은 기적의 사과 카린토)
PRD_438,AGE_004,30대 (커피나 차와 곁들이기 좋은 기적의 사과 카린토)
PRD_439,AGE_004,30대 (가족 식탁에 활용하기 좋은 특선 네부타즈케)
PRD_439,AGE_005,40대 (지역 식재료에 관심 있는 40대용 특선 네부타즈케)
PRD_439,AGE_006,50대 (집밥과 곁들이기 좋은 특선 네부타즈케)
PRD_439,AGE_007,60대 (건강과 품질을 함께 보는 60대용 특선 네부타즈케)
PRD_440,AGE_002,10대 (부담 없이 즐기는 스타미나 겐타레 390g 간식)
PRD_440,AGE_003,20대 (가볍게 나눠 먹기 좋은 스타미나 겐타레 390g)
PRD_440,AGE_005,40대 (지역 식재료에 관심 있는 40대용 스타미나 겐타레 390g)
PRD_440,AGE_004,30대 (커피나 차와 곁들이기 좋은 스타미나 겐타레 390g)
PRD_440,AGE_006,50대 (집밥과 곁들이기 좋은 스타미나 겐타레 390g)
PRD_441,AGE_002,10대 (가볍게 소장하기 좋은 이기리스 토스트)
PRD_441,AGE_003,20대 (친구 선물로 고르기 쉬운 이기리스 토스트)
PRD_441,AGE_004,30대 (일상에서 활용하기 좋은 이기리스 토스트)
PRD_442,AGE_004,30대 (집 꾸밈과 실용성을 함께 보는 30대용 쓰가루 비드로 도트 젓가락받침 5개입)
PRD_442,AGE_005,40대 (격식 있는 선물로 어울리는 쓰가루 비드로 도트 젓가락받침 5개입)
PRD_442,AGE_006,50대 (장인성과 전통미를 보는 50대용 쓰가루 비드로 도트 젓가락받침 5개입)
PRD_442,AGE_007,60대 (지역 전통을 오래 즐기기 좋은 쓰가루 비드로 도트 젓가락받침 5개입)
PRD_442,AGE_003,20대 (디자인 감도가 있는 20대용 쓰가루 비드로 도트 젓가락받침 5개입)
PRD_443,AGE_004,30대 (집 꾸밈과 실용성을 함께 보는 30대용 브나코 티슈 박스 스윙)
PRD_443,AGE_005,40대 (격식 있는 선물로 어울리는 브나코 티슈 박스 스윙)
PRD_443,AGE_006,50대 (장인성과 전통미를 보는 50대용 브나코 티슈 박스 스윙)
PRD_443,AGE_007,60대 (지역 전통을 오래 즐기기 좋은 브나코 티슈 박스 스윙)
PRD_443,AGE_003,20대 (현지 맛을 직접 즐기기 좋은 브나코 티슈 박스 스윙)
PRD_444,AGE_003,20대 (향과 분위기를 즐기는 20대용 아오모리 히바 오일)
PRD_444,AGE_004,30대 (여행 후 직접 써보기 좋은 아오모리 히바 오일)
PRD_444,AGE_005,40대 (생활용품 선물로 무난한 아오모리 히바 오일)
PRD_444,AGE_006,50대 (자연 향을 선호하는 아오모리 히바 오일)
PRD_445,AGE_003,20대 (사무실이나 친구 선물로 나누기 좋은 원조 이치고니 415g)
PRD_445,AGE_004,30대 (부담 없이 배포하기 좋은 원조 이치고니 415g)
PRD_445,AGE_005,40대 (실용적인 선물로 무난한 원조 이치고니 415g)
PRD_446,AGE_004,30대 (간편식과 지역 먹거리를 함께 선호하기 쉬운 연령대)
PRD_446,AGE_005,40대 (가족 식사용으로 활용하기 좋은 카레 세트)
PRD_446,AGE_006,50대 (보관해 두고 먹기 좋은 레토르트 선물)
PRD_446,AGE_003,20대 (친구들과 나눠 먹기 좋은 지역 간편식)
PRD_447,AGE_002,10대 (부담 없이 즐기는 카시스 잼 간식)
PRD_447,AGE_003,20대 (가볍게 나눠 먹기 좋은 카시스 잼)
PRD_447,AGE_005,40대 (지역 식재료에 관심 있는 40대용 카시스 잼)
PRD_447,AGE_004,30대 (커피나 차와 곁들이기 좋은 카시스 잼)
PRD_447,AGE_006,50대 (집밥과 곁들이기 좋은 카시스 잼)
PRD_448,AGE_002,10대 (새로운 맛을 즐기기 좋은 희망의 물방울 품종 블렌드 1000ml)
PRD_448,AGE_003,20대 (친구와 나누기 좋은 희망의 물방울 품종 블렌드 1000ml 음료)
PRD_448,AGE_004,30대 (가족과 함께 마시기 좋은 희망의 물방울 품종 블렌드 1000ml)
PRD_449,AGE_004,30대 (집 꾸밈과 실용성을 함께 보는 30대용 고긴자시 둥근 동전지갑 남색)
PRD_449,AGE_005,40대 (격식 있는 선물로 어울리는 고긴자시 둥근 동전지갑 남색)
PRD_449,AGE_002,10대 (가볍게 소장하기 좋은 고긴자시 둥근 동전지갑 남색)
PRD_449,AGE_006,50대 (장인성과 전통미를 보는 50대용 고긴자시 둥근 동전지갑 남색)
PRD_449,AGE_007,60대 (지역 전통을 오래 즐기기 좋은 고긴자시 둥근 동전지갑 남색)
PRD_450,AGE_002,10대 (부담 없이 즐기는 하치노헤 센베이지루 세트 간식)
PRD_450,AGE_003,20대 (가볍게 나눠 먹기 좋은 하치노헤 센베이지루 세트)
PRD_450,AGE_004,30대 (커피나 차와 곁들이기 좋은 하치노헤 센베이지루 세트)
PRD_451,AGE_003,20대 (현지 주류를 경험하려는 20대에게 맞는 기모리 시드르 스위트 375ml 두 병 세트)
PRD_451,AGE_004,30대 (취향을 나누기 좋은 기모리 시드르 스위트 375ml 두 병 세트 술 선물)
PRD_451,AGE_005,40대 (격식 있게 고르기 좋은 기모리 시드르 스위트 375ml 두 병 세트 주류)
PRD_451,AGE_006,50대 (천천히 즐기기 좋은 기모리 시드르 스위트 375ml 두 병 세트)
PRD_452,AGE_004,30대 (집 꾸밈과 실용성을 함께 보는 30대용 쓰가루누리 젓가락 가라누리 로)
PRD_452,AGE_005,40대 (격식 있는 선물로 어울리는 쓰가루누리 젓가락 가라누리 로)
PRD_452,AGE_006,50대 (장인성과 전통미를 보는 50대용 쓰가루누리 젓가락 가라누리 로)
PRD_452,AGE_007,60대 (지역 전통을 오래 즐기기 좋은 쓰가루누리 젓가락 가라누리 로)
PRD_453,AGE_004,30대 (집 꾸밈과 실용성을 함께 보는 30대용 사과나무 물수건 받침)
PRD_453,AGE_005,40대 (격식 있는 선물로 어울리는 사과나무 물수건 받침)
PRD_453,AGE_006,50대 (장인성과 전통미를 보는 50대용 사과나무 물수건 받침)
PRD_453,AGE_007,60대 (지역 전통을 오래 즐기기 좋은 사과나무 물수건 받침)
PRD_454,AGE_005,40대 (건강 소재를 챙기기 좋은 숙성 흑마늘 구로아오모리)
PRD_454,AGE_006,50대 (부모님 세대에 맞는 숙성 흑마늘 구로아오모리)
PRD_454,AGE_007,60대 (부담 없이 꾸준히 먹기 좋은 숙성 흑마늘 구로아오모리)
PRD_454,AGE_008,70대 이상 (건강 이미지를 중시하는 고연령층용 숙성 흑마늘 구로아오모리)
PRD_455,AGE_005,40대 (건강 소재를 챙기기 좋은 숙성 흑마늘 다코노쿠로)
PRD_455,AGE_006,50대 (부모님 세대에 맞는 숙성 흑마늘 다코노쿠로)
PRD_455,AGE_002,10대 (부담 없이 즐기는 숙성 흑마늘 다코노쿠로 간식)
PRD_455,AGE_003,20대 (가볍게 나눠 먹기 좋은 숙성 흑마늘 다코노쿠로)
PRD_455,AGE_007,60대 (부담 없이 꾸준히 먹기 좋은 숙성 흑마늘 다코노쿠로)
PRD_456,AGE_002,10대 (부담 없이 즐기는 쓰가루 9매입 간식)
PRD_456,AGE_003,20대 (가볍게 나눠 먹기 좋은 쓰가루 9매입)
PRD_456,AGE_004,30대 (커피나 차와 곁들이기 좋은 쓰가루 9매입)
PRD_457,AGE_002,10대 (부담 없이 즐기는 링고센 간식)
PRD_457,AGE_003,20대 (가볍게 나눠 먹기 좋은 링고센)
PRD_457,AGE_004,30대 (커피나 차와 곁들이기 좋은 링고센)
PRD_458,AGE_004,30대 (집 꾸밈과 실용성을 함께 보는 30대용 은의 네부타 사과 주스)
PRD_458,AGE_005,40대 (격식 있는 선물로 어울리는 은의 네부타 사과 주스)
PRD_458,AGE_006,50대 (장인성과 전통미를 보는 50대용 은의 네부타 사과 주스)
PRD_458,AGE_007,60대 (지역 전통을 오래 즐기기 좋은 은의 네부타 사과 주스)
PRD_459,AGE_004,30대 (집 꾸밈과 실용성을 함께 보는 30대용 쓰가루누리 로열 컬렉션 젓가락 대)
PRD_459,AGE_005,40대 (격식 있는 선물로 어울리는 쓰가루누리 로열 컬렉션 젓가락 대)
PRD_459,AGE_006,50대 (장인성과 전통미를 보는 50대용 쓰가루누리 로열 컬렉션 젓가락 대)
PRD_459,AGE_007,60대 (지역 전통을 오래 즐기기 좋은 쓰가루누리 로열 컬렉션 젓가락 대)
PRD_459,AGE_008,70대 이상 (소장 가치가 큰 쓰가루누리 로열 컬렉션 젓가락 대 공예품)
PRD_460,AGE_004,30대 (집 꾸밈과 실용성을 함께 보는 30대용 쓰가루누리 로열 컬렉션 술잔)
PRD_460,AGE_005,40대 (격식 있는 선물로 어울리는 쓰가루누리 로열 컬렉션 술잔)
PRD_460,AGE_006,50대 (장인성과 전통미를 보는 50대용 쓰가루누리 로열 컬렉션 술잔)
PRD_460,AGE_007,60대 (지역 전통을 오래 즐기기 좋은 쓰가루누리 로열 컬렉션 술잔)
PRD_460,AGE_008,70대 이상 (소장 가치가 큰 쓰가루누리 로열 컬렉션 술잔 공예품)
PRD_461,AGE_004,30대 (집 꾸밈과 실용성을 함께 보는 30대용 쓰가루누리 사과 젓가락받침)
PRD_461,AGE_005,40대 (격식 있는 선물로 어울리는 쓰가루누리 사과 젓가락받침)
PRD_461,AGE_006,50대 (장인성과 전통미를 보는 50대용 쓰가루누리 사과 젓가락받침)
PRD_461,AGE_007,60대 (지역 전통을 오래 즐기기 좋은 쓰가루누리 사과 젓가락받침)
PRD_462,AGE_002,10대 (부담 없이 즐기는 남부 센베이 아오모리 구르메 접이상자 간식)
PRD_462,AGE_003,20대 (가볍게 나눠 먹기 좋은 남부 센베이 아오모리 구르메 접이상자)
PRD_462,AGE_004,30대 (커피나 차와 곁들이기 좋은 남부 센베이 아오모리 구르메 접이상자)
PRD_463,AGE_002,10대 (부담 없이 즐기는 사과 드레싱 논오일 간식)
PRD_463,AGE_003,20대 (가볍게 나눠 먹기 좋은 사과 드레싱 논오일)
PRD_463,AGE_005,40대 (지역 식재료에 관심 있는 40대용 사과 드레싱 논오일)
PRD_463,AGE_004,30대 (커피나 차와 곁들이기 좋은 사과 드레싱 논오일)
PRD_463,AGE_006,50대 (집밥과 곁들이기 좋은 사과 드레싱 논오일)
PRD_464,AGE_004,30대 (차 풍미를 부담 없이 즐기는 30대용 고보차 30g)
PRD_464,AGE_005,40대 (티타임 선물로 좋은 고보차 30g)
PRD_464,AGE_006,50대 (차를 즐기는 50대에게 맞는 고보차 30g)
PRD_464,AGE_007,60대 (은은한 향을 선호하는 60대용 고보차 30g)
PRD_465,AGE_002,10대 (부담 없이 즐기는 도와다 바라야키 우동 4식 기프트 간식)
PRD_465,AGE_003,20대 (가볍게 나눠 먹기 좋은 도와다 바라야키 우동 4식 기프트)
PRD_465,AGE_005,40대 (지역 식재료에 관심 있는 40대용 도와다 바라야키 우동 4식 기프트)
PRD_465,AGE_004,30대 (커피나 차와 곁들이기 좋은 도와다 바라야키 우동 4식 기프트)
PRD_465,AGE_006,50대 (집밥과 곁들이기 좋은 도와다 바라야키 우동 4식 기프트)
PRD_466,AGE_002,10대 (부담 없이 즐기는 볶은깨 사과 드레싱 간식)
PRD_466,AGE_003,20대 (가볍게 나눠 먹기 좋은 볶은깨 사과 드레싱)
PRD_466,AGE_005,40대 (지역 식재료에 관심 있는 40대용 볶은깨 사과 드레싱)
PRD_466,AGE_004,30대 (커피나 차와 곁들이기 좋은 볶은깨 사과 드레싱)
PRD_466,AGE_006,50대 (집밥과 곁들이기 좋은 볶은깨 사과 드레싱)
PRD_467,AGE_002,10대 (부담 없이 즐기는 라푸루 간식)
PRD_467,AGE_003,20대 (가볍게 나눠 먹기 좋은 라푸루)
PRD_467,AGE_004,30대 (커피나 차와 곁들이기 좋은 라푸루)
PRD_467,AGE_007,60대 (부드럽게 즐기기 좋은 라푸루)
PRD_468,AGE_002,10대 (부담 없이 즐기는 구지라모치 1본 간식)
PRD_468,AGE_003,20대 (가볍게 나눠 먹기 좋은 구지라모치 1본)
PRD_468,AGE_004,30대 (커피나 차와 곁들이기 좋은 구지라모치 1본)
PRD_468,AGE_005,40대 (전통 간식 선물로 무난한 구지라모치 1본)
PRD_468,AGE_006,50대 (익숙한 단맛을 선호하는 50대용 구지라모치 1본)
PRD_469,AGE_002,10대 (부담 없이 즐기는 이타 카린토 간식)
PRD_469,AGE_003,20대 (가볍게 나눠 먹기 좋은 이타 카린토)
PRD_469,AGE_004,30대 (커피나 차와 곁들이기 좋은 이타 카린토)
PRD_469,AGE_005,40대 (전통 간식 선물로 무난한 이타 카린토)
PRD_469,AGE_006,50대 (익숙한 단맛을 선호하는 50대용 이타 카린토)
PRD_470,AGE_002,10대 (부담 없이 즐기는 네부타 히마쓰리 15개입 간식)
PRD_470,AGE_003,20대 (가볍게 나눠 먹기 좋은 네부타 히마쓰리 15개입)
PRD_470,AGE_004,30대 (커피나 차와 곁들이기 좋은 네부타 히마쓰리 15개입)
PRD_470,AGE_005,40대 (전통 간식 선물로 무난한 네부타 히마쓰리 15개입)
PRD_470,AGE_006,50대 (익숙한 단맛을 선호하는 50대용 네부타 히마쓰리 15개입)
PRD_471,AGE_004,30대 (집 꾸밈과 실용성을 함께 보는 30대용 아오모리 히바 물수건 트레이)
PRD_471,AGE_005,40대 (격식 있는 선물로 어울리는 아오모리 히바 물수건 트레이)
PRD_471,AGE_006,50대 (장인성과 전통미를 보는 50대용 아오모리 히바 물수건 트레이)
PRD_471,AGE_007,60대 (지역 전통을 오래 즐기기 좋은 아오모리 히바 물수건 트레이)
PRD_472,AGE_003,20대 (향과 분위기를 즐기는 20대용 히바 핫배스 열 정입)
PRD_472,AGE_004,30대 (여행 후 직접 써보기 좋은 히바 핫배스 열 정입)
PRD_472,AGE_005,40대 (생활용품 선물로 무난한 히바 핫배스 열 정입)
PRD_472,AGE_006,50대 (자연 향을 선호하는 히바 핫배스 열 정입)
PRD_473,AGE_004,30대 (집 꾸밈과 실용성을 함께 보는 30대용 고긴자시 사과 키홀더 남색)
PRD_473,AGE_005,40대 (격식 있는 선물로 어울리는 고긴자시 사과 키홀더 남색)
PRD_473,AGE_002,10대 (가볍게 소장하기 좋은 고긴자시 사과 키홀더 남색)
PRD_473,AGE_003,20대 (친구 선물로 고르기 쉬운 고긴자시 사과 키홀더 남색)
PRD_473,AGE_006,50대 (장인성과 전통미를 보는 50대용 고긴자시 사과 키홀더 남색)
PRD_474,AGE_004,30대 (가족 식탁에 활용하기 좋은 카니 코반)
PRD_474,AGE_005,40대 (지역 식재료에 관심 있는 40대용 카니 코반)
PRD_474,AGE_006,50대 (집밥과 곁들이기 좋은 카니 코반)
PRD_474,AGE_003,20대 (현지 맛을 직접 즐기기 좋은 카니 코반)
PRD_475,AGE_004,30대 (집 꾸밈과 실용성을 함께 보는 30대용 탓피)
PRD_475,AGE_005,40대 (격식 있는 선물로 어울리는 탓피)
PRD_475,AGE_006,50대 (장인성과 전통미를 보는 50대용 탓피)
PRD_475,AGE_007,60대 (지역 전통을 오래 즐기기 좋은 탓피)
PRD_475,AGE_008,70대 이상 (소장 가치가 큰 탓피 공예품)
PRD_476,AGE_004,30대 (집 꾸밈과 실용성을 함께 보는 30대용 수제 사탕 아오모리 사과 120g)
PRD_476,AGE_005,40대 (격식 있는 선물로 어울리는 수제 사탕 아오모리 사과 120g)
PRD_476,AGE_006,50대 (장인성과 전통미를 보는 50대용 수제 사탕 아오모리 사과 120g)
PRD_476,AGE_007,60대 (지역 전통을 오래 즐기기 좋은 수제 사탕 아오모리 사과 120g)
PRD_477,AGE_004,30대 (가족 식탁에 활용하기 좋은 네부타즈케 250g)
PRD_477,AGE_005,40대 (지역 식재료에 관심 있는 40대용 네부타즈케 250g)
PRD_477,AGE_006,50대 (집밥과 곁들이기 좋은 네부타즈케 250g)
PRD_477,AGE_003,20대 (현지 맛을 직접 즐기기 좋은 네부타즈케 250g)
PRD_478,AGE_003,20대 (향과 분위기를 즐기는 20대용 히바 샴푸 225ml)
PRD_478,AGE_004,30대 (여행 후 직접 써보기 좋은 히바 샴푸 225ml)
PRD_478,AGE_005,40대 (생활용품 선물로 무난한 히바 샴푸 225ml)
PRD_478,AGE_006,50대 (자연 향을 선호하는 히바 샴푸 225ml)
PRD_479,AGE_004,30대 (집 꾸밈과 실용성을 함께 보는 30대용 금의 네부타 사과 주스)
PRD_479,AGE_002,10대 (새로운 맛을 즐기기 좋은 금의 네부타 사과 주스)
PRD_479,AGE_005,40대 (격식 있는 선물로 어울리는 금의 네부타 사과 주스)
PRD_479,AGE_003,20대 (친구와 나누기 좋은 금의 네부타 사과 주스 음료)
PRD_479,AGE_006,50대 (장인성과 전통미를 보는 50대용 금의 네부타 사과 주스)
PRD_480,AGE_003,20대 (향과 분위기를 즐기는 20대용 네부타 페이스팩 아테루이)
PRD_480,AGE_004,30대 (여행 후 직접 써보기 좋은 네부타 페이스팩 아테루이)
PRD_480,AGE_005,40대 (생활용품 선물로 무난한 네부타 페이스팩 아테루이)
PRD_481,AGE_004,30대 (차 풍미를 부담 없이 즐기는 30대용 네부타 주스 세트 지에스엔에이)
PRD_481,AGE_002,10대 (부담 없이 즐기는 네부타 주스 세트 지에스엔에이 간식)
PRD_481,AGE_005,40대 (티타임 선물로 좋은 네부타 주스 세트 지에스엔에이)
PRD_481,AGE_003,20대 (가볍게 나눠 먹기 좋은 네부타 주스 세트 지에스엔에이)
PRD_481,AGE_006,50대 (차를 즐기는 50대에게 맞는 네부타 주스 세트 지에스엔에이)
PRD_482,AGE_002,10대 (새로운 맛을 즐기기 좋은 스파클링 기프트 에스피에이)
PRD_482,AGE_003,20대 (친구와 나누기 좋은 스파클링 기프트 에스피에이 음료)
PRD_482,AGE_004,30대 (가족과 함께 마시기 좋은 스파클링 기프트 에스피에이)
PRD_483,AGE_002,10대 (부담 없이 즐기는 남부 센베이 특상마메 간식)
PRD_483,AGE_003,20대 (가볍게 나눠 먹기 좋은 남부 센베이 특상마메)
PRD_483,AGE_004,30대 (커피나 차와 곁들이기 좋은 남부 센베이 특상마메)
PRD_484,AGE_002,10대 (부담 없이 즐기는 남부 센베이 특상 두꺼운 참깨 간식)
PRD_484,AGE_003,20대 (가볍게 나눠 먹기 좋은 남부 센베이 특상 두꺼운 참깨)
PRD_484,AGE_004,30대 (커피나 차와 곁들이기 좋은 남부 센베이 특상 두꺼운 참깨)
PRD_484,AGE_005,40대 (전통 간식 선물로 무난한 남부 센베이 특상 두꺼운 참깨)
PRD_484,AGE_006,50대 (익숙한 단맛을 선호하는 50대용 남부 센베이 특상 두꺼운 참깨)
PRD_485,AGE_002,10대 (부담 없이 즐기는 남부 사색 센베이 18매입 간식)
PRD_485,AGE_003,20대 (가볍게 나눠 먹기 좋은 남부 사색 센베이 18매입)
PRD_485,AGE_004,30대 (커피나 차와 곁들이기 좋은 남부 사색 센베이 18매입)
PRD_486,AGE_002,10대 (부담 없이 즐기는 오히나타 카보스 타르트 쿠키 간식)
PRD_486,AGE_003,20대 (가볍게 나눠 먹기 좋은 오히나타 카보스 타르트 쿠키)
PRD_486,AGE_004,30대 (커피나 차와 곁들이기 좋은 오히나타 카보스 타르트 쿠키)
PRD_487,AGE_004,30대 (가족 식탁에 활용하기 좋은 청유자고추)
PRD_487,AGE_005,40대 (지역 식재료에 관심 있는 40대용 청유자고추)
PRD_487,AGE_006,50대 (집밥과 곁들이기 좋은 청유자고추)
PRD_487,AGE_003,20대 (현지 맛을 직접 즐기기 좋은 청유자고추)
PRD_488,AGE_004,30대 (가족 식탁에 활용하기 좋은 오이타 표고 전문점의 호화 일본식 다시 16팩)
PRD_488,AGE_005,40대 (지역 식재료에 관심 있는 40대용 오이타 표고 전문점의 호화 일본식 다시 16팩)
PRD_488,AGE_006,50대 (집밥과 곁들이기 좋은 오이타 표고 전문점의 호화 일본식 다시 16팩)
PRD_488,AGE_003,20대 (현지 맛을 직접 즐기기 좋은 오이타 표고 전문점의 호화 일본식 다시 16팩)
PRD_489,AGE_002,10대 (부담 없이 즐기는 카보스모치 18개입 간식)
PRD_489,AGE_003,20대 (가볍게 나눠 먹기 좋은 카보스모치 18개입)
PRD_489,AGE_004,30대 (커피나 차와 곁들이기 좋은 카보스모치 18개입)
PRD_489,AGE_005,40대 (전통 간식 선물로 무난한 카보스모치 18개입)
PRD_489,AGE_006,50대 (익숙한 단맛을 선호하는 50대용 카보스모치 18개입)
PRD_490,AGE_002,10대 (부담 없이 즐기는 유자 센베이 14매입 간식)
PRD_490,AGE_003,20대 (가볍게 나눠 먹기 좋은 유자 센베이 14매입)
PRD_490,AGE_004,30대 (커피나 차와 곁들이기 좋은 유자 센베이 14매입)
PRD_491,AGE_004,30대 (가족 식탁에 활용하기 좋은 분고 시오카제 폰즈)
PRD_491,AGE_005,40대 (지역 식재료에 관심 있는 40대용 분고 시오카제 폰즈)
PRD_491,AGE_006,50대 (집밥과 곁들이기 좋은 분고 시오카제 폰즈)
PRD_491,AGE_003,20대 (현지 맛을 직접 즐기기 좋은 분고 시오카제 폰즈)
PRD_492,AGE_004,30대 (집 꾸밈과 실용성을 함께 보는 30대용 하쿠치쿠 하나즈쓰 도쿠조 작품)
PRD_492,AGE_005,40대 (격식 있는 선물로 어울리는 하쿠치쿠 하나즈쓰 도쿠조 작품)
PRD_492,AGE_006,50대 (장인성과 전통미를 보는 50대용 하쿠치쿠 하나즈쓰 도쿠조 작품)
PRD_492,AGE_007,60대 (지역 전통을 오래 즐기기 좋은 하쿠치쿠 하나즈쓰 도쿠조 작품)
PRD_492,AGE_008,70대 이상 (소장 가치가 큰 하쿠치쿠 하나즈쓰 도쿠조 작품 공예품)
PRD_493,AGE_004,30대 (가족 식탁에 활용하기 좋은 유후인 오리다시 간장 라멘 4인분)
PRD_493,AGE_005,40대 (지역 식재료에 관심 있는 40대용 유후인 오리다시 간장 라멘 4인분)
PRD_493,AGE_006,50대 (집밥과 곁들이기 좋은 유후인 오리다시 간장 라멘 4인분)
PRD_493,AGE_003,20대 (현지 맛을 직접 즐기기 좋은 유후인 오리다시 간장 라멘 4인분)
PRD_494,AGE_004,30대 (차 풍미를 부담 없이 즐기는 30대용 오이타 와 우롱차 30g)
PRD_494,AGE_005,40대 (티타임 선물로 좋은 오이타 와 우롱차 30g)
PRD_494,AGE_006,50대 (차를 즐기는 50대에게 맞는 오이타 와 우롱차 30g)
PRD_494,AGE_007,60대 (은은한 향을 선호하는 60대용 오이타 와 우롱차 30g)
PRD_495,AGE_004,30대 (가족 식탁에 활용하기 좋은 벳푸 로망 유노하나 3포입)
PRD_495,AGE_005,40대 (지역 식재료에 관심 있는 40대용 벳푸 로망 유노하나 3포입)
PRD_495,AGE_006,50대 (집밥과 곁들이기 좋은 벳푸 로망 유노하나 3포입)
PRD_495,AGE_007,60대 (건강과 품질을 함께 보는 60대용 벳푸 로망 유노하나 3포입)
PRD_496,AGE_002,10대 (부담 없이 즐기는 오이타 카보스 구미 8알입 간식)
PRD_496,AGE_003,20대 (가볍게 나눠 먹기 좋은 오이타 카보스 구미 8알입)
PRD_496,AGE_004,30대 (커피나 차와 곁들이기 좋은 오이타 카보스 구미 8알입)
PRD_497,AGE_004,30대 (가족 식탁에 활용하기 좋은 극상 카보스 구운소금 20g)
PRD_497,AGE_005,40대 (지역 식재료에 관심 있는 40대용 극상 카보스 구운소금 20g)
PRD_497,AGE_006,50대 (집밥과 곁들이기 좋은 극상 카보스 구운소금 20g)
PRD_497,AGE_007,60대 (건강과 품질을 함께 보는 60대용 극상 카보스 구운소금 20g)
PRD_498,AGE_001,10세 미만 (시각적 재미가 있는 온천현 오이타 온도계 자석 오케짱 흰색)
PRD_498,AGE_002,10대 (캐릭터 굿즈를 좋아하는 10대용 온천현 오이타 온도계 자석 오케짱 흰색)
PRD_498,AGE_003,20대 (친구 선물로 고르기 쉬운 온천현 오이타 온도계 자석 오케짱 흰색)
PRD_498,AGE_004,30대 (일상에서 활용하기 좋은 온천현 오이타 온도계 자석 오케짱 흰색)
PRD_499,AGE_002,10대 (새로운 맛을 즐기기 좋은 벳푸 오리지널 드립커피 3개입)
PRD_499,AGE_003,20대 (친구와 나누기 좋은 벳푸 오리지널 드립커피 3개입 음료)
PRD_499,AGE_004,30대 (가족과 함께 마시기 좋은 벳푸 오리지널 드립커피 3개입)
PRD_500,AGE_004,30대 (가족 식탁에 활용하기 좋은 표고 카보스 폰즈)
PRD_500,AGE_005,40대 (지역 식재료에 관심 있는 40대용 표고 카보스 폰즈)
PRD_500,AGE_006,50대 (집밥과 곁들이기 좋은 표고 카보스 폰즈)
PRD_500,AGE_003,20대 (현지 맛을 직접 즐기기 좋은 표고 카보스 폰즈)
PRD_501,AGE_004,30대 (가족 식탁에 활용하기 좋은 유후인 고원 드레싱 와풍 160ml)
PRD_501,AGE_005,40대 (지역 식재료에 관심 있는 40대용 유후인 고원 드레싱 와풍 160ml)
PRD_501,AGE_006,50대 (집밥과 곁들이기 좋은 유후인 고원 드레싱 와풍 160ml)
PRD_501,AGE_003,20대 (현지 맛을 직접 즐기기 좋은 유후인 고원 드레싱 와풍 160ml)
PRD_502,AGE_002,10대 (부담 없이 즐기는 카보스 파이 20매입 간식)
PRD_502,AGE_003,20대 (가볍게 나눠 먹기 좋은 카보스 파이 20매입)
PRD_502,AGE_004,30대 (커피나 차와 곁들이기 좋은 카보스 파이 20매입)
PRD_503,AGE_004,30대 (가족 식탁에 활용하기 좋은 부리 소보로 보쿠부리군 100g)
PRD_503,AGE_005,40대 (지역 식재료에 관심 있는 40대용 부리 소보로 보쿠부리군 100g)
PRD_503,AGE_006,50대 (집밥과 곁들이기 좋은 부리 소보로 보쿠부리군 100g)
PRD_503,AGE_003,20대 (현지 맛을 직접 즐기기 좋은 부리 소보로 보쿠부리군 100g)
PRD_504,AGE_002,10대 (가볍게 소장하기 좋은 오이타산 건표고 봉지 대 220g)
PRD_504,AGE_003,20대 (친구 선물로 고르기 쉬운 오이타산 건표고 봉지 대 220g)
PRD_504,AGE_004,30대 (일상에서 활용하기 좋은 오이타산 건표고 봉지 대 220g)
PRD_505,AGE_004,30대 (가족 식탁에 활용하기 좋은 카보스고추)
PRD_505,AGE_005,40대 (지역 식재료에 관심 있는 40대용 카보스고추)
PRD_505,AGE_006,50대 (집밥과 곁들이기 좋은 카보스고추)
PRD_505,AGE_003,20대 (현지 맛을 직접 즐기기 좋은 카보스고추)
PRD_506,AGE_004,30대 (가족 식탁에 활용하기 좋은 표고간장)
PRD_506,AGE_005,40대 (지역 식재료에 관심 있는 40대용 표고간장)
PRD_506,AGE_006,50대 (집밥과 곁들이기 좋은 표고간장)
PRD_506,AGE_003,20대 (현지 맛을 직접 즐기기 좋은 표고간장)
PRD_507,AGE_002,10대 (부담 없이 즐기는 오이타 베리츠 스틱 케이크 간식)
PRD_507,AGE_003,20대 (가볍게 나눠 먹기 좋은 오이타 베리츠 스틱 케이크)
PRD_507,AGE_004,30대 (커피나 차와 곁들이기 좋은 오이타 베리츠 스틱 케이크)
PRD_508,AGE_004,30대 (가족 식탁에 활용하기 좋은 오이타 부리와 카보스부리 류큐 4식 세트)
PRD_508,AGE_005,40대 (지역 식재료에 관심 있는 40대용 오이타 부리와 카보스부리 류큐 4식 세트)
PRD_508,AGE_006,50대 (집밥과 곁들이기 좋은 오이타 부리와 카보스부리 류큐 4식 세트)
PRD_508,AGE_003,20대 (현지 맛을 직접 즐기기 좋은 오이타 부리와 카보스부리 류큐 4식 세트)
PRD_509,AGE_002,10대 (부담 없이 즐기는 오이타 카보스 구미 세 개 세트 간식)
PRD_509,AGE_003,20대 (가볍게 나눠 먹기 좋은 오이타 카보스 구미 세 개 세트)
PRD_509,AGE_004,30대 (커피나 차와 곁들이기 좋은 오이타 카보스 구미 세 개 세트)
PRD_510,AGE_004,30대 (가족 식탁에 활용하기 좋은 구라다시 일품 카보스 폰즈)
PRD_510,AGE_005,40대 (지역 식재료에 관심 있는 40대용 구라다시 일품 카보스 폰즈)
PRD_510,AGE_006,50대 (집밥과 곁들이기 좋은 구라다시 일품 카보스 폰즈)
PRD_510,AGE_003,20대 (현지 맛을 직접 즐기기 좋은 구라다시 일품 카보스 폰즈)
PRD_511,AGE_002,10대 (부담 없이 즐기는 카보스 온천 센베이 70g 간식)
PRD_511,AGE_003,20대 (가볍게 나눠 먹기 좋은 카보스 온천 센베이 70g)
PRD_511,AGE_004,30대 (커피나 차와 곁들이기 좋은 카보스 온천 센베이 70g)
PRD_512,AGE_004,30대 (집 꾸밈과 실용성을 함께 보는 30대용 오타야키 8촌 접시)
PRD_512,AGE_005,40대 (격식 있는 선물로 어울리는 오타야키 8촌 접시)
PRD_512,AGE_006,50대 (장인성과 전통미를 보는 50대용 오타야키 8촌 접시)
PRD_512,AGE_007,60대 (지역 전통을 오래 즐기기 좋은 오타야키 8촌 접시)
PRD_513,AGE_004,30대 (집 꾸밈과 실용성을 함께 보는 30대용 스카시 우치와 쇼인)
PRD_513,AGE_005,40대 (격식 있는 선물로 어울리는 스카시 우치와 쇼인)
PRD_513,AGE_006,50대 (장인성과 전통미를 보는 50대용 스카시 우치와 쇼인)
PRD_513,AGE_007,60대 (지역 전통을 오래 즐기기 좋은 스카시 우치와 쇼인)
PRD_513,AGE_008,70대 이상 (소장 가치가 큰 스카시 우치와 쇼인 공예품)
PRD_514,AGE_003,20대 (현지 주류를 경험하려는 20대에게 맞는 조토쿠야 카보스 리큐르)
PRD_514,AGE_004,30대 (취향을 나누기 좋은 조토쿠야 카보스 리큐르 술 선물)
PRD_514,AGE_005,40대 (격식 있게 고르기 좋은 조토쿠야 카보스 리큐르 주류)
PRD_514,AGE_006,50대 (천천히 즐기기 좋은 조토쿠야 카보스 리큐르)
PRD_515,AGE_004,30대 (집 꾸밈과 실용성을 함께 보는 30대용 하나무쓰메아미 대나무 손가방)
PRD_515,AGE_005,40대 (격식 있는 선물로 어울리는 하나무쓰메아미 대나무 손가방)
PRD_515,AGE_006,50대 (장인성과 전통미를 보는 50대용 하나무쓰메아미 대나무 손가방)
PRD_515,AGE_007,60대 (지역 전통을 오래 즐기기 좋은 하나무쓰메아미 대나무 손가방)
PRD_515,AGE_008,70대 이상 (소장 가치가 큰 하나무쓰메아미 대나무 손가방 공예품)
PRD_516,AGE_004,30대 (집 꾸밈과 실용성을 함께 보는 30대용 시치토이 냄비받침 토비형 15cm)
PRD_516,AGE_005,40대 (격식 있는 선물로 어울리는 시치토이 냄비받침 토비형 15cm)
PRD_516,AGE_006,50대 (장인성과 전통미를 보는 50대용 시치토이 냄비받침 토비형 15cm)
PRD_516,AGE_007,60대 (지역 전통을 오래 즐기기 좋은 시치토이 냄비받침 토비형 15cm)
PRD_517,AGE_003,20대 (현지 주류를 경험하려는 20대에게 맞는 오이타산 소주 비교 세트)
PRD_517,AGE_004,30대 (취향을 나누기 좋은 오이타산 소주 비교 세트 술 선물)
PRD_517,AGE_005,40대 (격식 있게 고르기 좋은 오이타산 소주 비교 세트 주류)
PRD_517,AGE_006,50대 (천천히 즐기기 좋은 오이타산 소주 비교 세트)
PRD_518,AGE_004,30대 (가족 식탁에 활용하기 좋은 유자고추 다케짱)
PRD_518,AGE_005,40대 (지역 식재료에 관심 있는 40대용 유자고추 다케짱)
PRD_518,AGE_006,50대 (집밥과 곁들이기 좋은 유자고추 다케짱)
PRD_518,AGE_003,20대 (현지 맛을 직접 즐기기 좋은 유자고추 다케짱)
PRD_519,AGE_004,30대 (집 꾸밈과 실용성을 함께 보는 30대용 대나무 감싸개 종이컵 홀더)
PRD_519,AGE_005,40대 (격식 있는 선물로 어울리는 대나무 감싸개 종이컵 홀더)
PRD_519,AGE_006,50대 (장인성과 전통미를 보는 50대용 대나무 감싸개 종이컵 홀더)
PRD_519,AGE_007,60대 (지역 전통을 오래 즐기기 좋은 대나무 감싸개 종이컵 홀더)
PRD_520,AGE_004,30대 (집 꾸밈과 실용성을 함께 보는 30대용 하나무쓰메아미 대나무 철발 대)
PRD_520,AGE_005,40대 (격식 있는 선물로 어울리는 하나무쓰메아미 대나무 철발 대)
PRD_520,AGE_006,50대 (장인성과 전통미를 보는 50대용 하나무쓰메아미 대나무 철발 대)
PRD_520,AGE_007,60대 (지역 전통을 오래 즐기기 좋은 하나무쓰메아미 대나무 철발 대)
PRD_520,AGE_003,20대 (디자인 감도가 있는 20대용 하나무쓰메아미 대나무 철발 대)
PRD_521,AGE_002,10대 (가볍게 소장하기 좋은 벳푸 소에부미 편지지 다케가와라 온천)
PRD_521,AGE_003,20대 (친구 선물로 고르기 쉬운 벳푸 소에부미 편지지 다케가와라 온천)
PRD_521,AGE_004,30대 (일상에서 활용하기 좋은 벳푸 소에부미 편지지 다케가와라 온천)
PRD_522,AGE_002,10대 (부담 없이 즐기는 자비에르와 루이사 대분 명과 24개입 간식)
PRD_522,AGE_003,20대 (가볍게 나눠 먹기 좋은 자비에르와 루이사 대분 명과 24개입)
PRD_522,AGE_004,30대 (커피나 차와 곁들이기 좋은 자비에르와 루이사 대분 명과 24개입)
PRD_523,AGE_002,10대 (부담 없이 즐기는 분고노 가와리 딸기맛 간식)
PRD_523,AGE_003,20대 (가볍게 나눠 먹기 좋은 분고노 가와리 딸기맛)
PRD_523,AGE_004,30대 (커피나 차와 곁들이기 좋은 분고노 가와리 딸기맛)
PRD_523,AGE_007,60대 (부드럽게 즐기기 좋은 분고노 가와리 딸기맛)
PRD_524,AGE_002,10대 (부담 없이 즐기는 대분 유자고추 센베이 간식)
PRD_524,AGE_003,20대 (가볍게 나눠 먹기 좋은 대분 유자고추 센베이)
PRD_524,AGE_004,30대 (커피나 차와 곁들이기 좋은 대분 유자고추 센베이)
PRD_525,AGE_002,10대 (부담 없이 즐기는 유후인 단고지루와 흑밀 야세우마 간식)
PRD_525,AGE_003,20대 (가볍게 나눠 먹기 좋은 유후인 단고지루와 흑밀 야세우마)
PRD_525,AGE_004,30대 (커피나 차와 곁들이기 좋은 유후인 단고지루와 흑밀 야세우마)
PRD_526,AGE_002,10대 (부담 없이 즐기는 오이타 와스위츠 야세우마 간식)
PRD_526,AGE_003,20대 (가볍게 나눠 먹기 좋은 오이타 와스위츠 야세우마)
PRD_526,AGE_004,30대 (커피나 차와 곁들이기 좋은 오이타 와스위츠 야세우마)
PRD_527,AGE_004,30대 (집 꾸밈과 실용성을 함께 보는 30대용 찰보리 야세우마 180g)
PRD_527,AGE_005,40대 (격식 있는 선물로 어울리는 찰보리 야세우마 180g)
PRD_527,AGE_006,50대 (장인성과 전통미를 보는 50대용 찰보리 야세우마 180g)
PRD_527,AGE_007,60대 (지역 전통을 오래 즐기기 좋은 찰보리 야세우마 180g)
PRD_527,AGE_008,70대 이상 (소장 가치가 큰 찰보리 야세우마 180g 공예품)
PRD_528,AGE_002,10대 (부담 없이 즐기는 오이타 카보스 구미 10알입 간식)
PRD_528,AGE_003,20대 (가볍게 나눠 먹기 좋은 오이타 카보스 구미 10알입)
PRD_528,AGE_004,30대 (커피나 차와 곁들이기 좋은 오이타 카보스 구미 10알입)
PRD_529,AGE_004,30대 (가족 식탁에 활용하기 좋은 오이타 분고 토리텐 4팩 세트)
PRD_529,AGE_005,40대 (지역 식재료에 관심 있는 40대용 오이타 분고 토리텐 4팩 세트)
PRD_529,AGE_006,50대 (집밥과 곁들이기 좋은 오이타 분고 토리텐 4팩 세트)
PRD_529,AGE_003,20대 (현지 맛을 직접 즐기기 좋은 오이타 분고 토리텐 4팩 세트)
PRD_530,AGE_002,10대 (부담 없이 즐기는 오이타산 갈치 류큐 4식 세트 간식)
PRD_530,AGE_003,20대 (가볍게 나눠 먹기 좋은 오이타산 갈치 류큐 4식 세트)
PRD_530,AGE_005,40대 (지역 식재료에 관심 있는 40대용 오이타산 갈치 류큐 4식 세트)
PRD_530,AGE_004,30대 (커피나 차와 곁들이기 좋은 오이타산 갈치 류큐 4식 세트)
PRD_530,AGE_006,50대 (집밥과 곁들이기 좋은 오이타산 갈치 류큐 4식 세트)
PRD_531,AGE_004,30대 (가족 식탁에 활용하기 좋은 류큐 타레)
PRD_531,AGE_005,40대 (지역 식재료에 관심 있는 40대용 류큐 타레)
PRD_531,AGE_006,50대 (집밥과 곁들이기 좋은 류큐 타레)
PRD_531,AGE_003,20대 (현지 맛을 직접 즐기기 좋은 류큐 타레)
PRD_532,AGE_004,30대 (가족 식탁에 활용하기 좋은 뼈있는 부쓰키리 가라아게 생)
PRD_532,AGE_005,40대 (지역 식재료에 관심 있는 40대용 뼈있는 부쓰키리 가라아게 생)
PRD_532,AGE_006,50대 (집밥과 곁들이기 좋은 뼈있는 부쓰키리 가라아게 생)
PRD_532,AGE_003,20대 (현지 맛을 직접 즐기기 좋은 뼈있는 부쓰키리 가라아게 생)
PRD_533,AGE_002,10대 (부담 없이 즐기는 나카쓰 가라아게 칩스 85g 간식)
PRD_533,AGE_003,20대 (가볍게 나눠 먹기 좋은 나카쓰 가라아게 칩스 85g)
PRD_533,AGE_004,30대 (커피나 차와 곁들이기 좋은 나카쓰 가라아게 칩스 85g)
PRD_534,AGE_004,30대 (가족 식탁에 활용하기 좋은 오이타의 맛 토리텐폰)
PRD_534,AGE_005,40대 (지역 식재료에 관심 있는 40대용 오이타의 맛 토리텐폰)
PRD_534,AGE_006,50대 (집밥과 곁들이기 좋은 오이타의 맛 토리텐폰)
PRD_534,AGE_003,20대 (현지 맛을 직접 즐기기 좋은 오이타의 맛 토리텐폰)
PRD_535,AGE_004,30대 (가족 식탁에 활용하기 좋은 토리텐 양념 소스 260ml)
PRD_535,AGE_005,40대 (지역 식재료에 관심 있는 40대용 토리텐 양념 소스 260ml)
PRD_535,AGE_006,50대 (집밥과 곁들이기 좋은 토리텐 양념 소스 260ml)
PRD_535,AGE_003,20대 (현지 맛을 직접 즐기기 좋은 토리텐 양념 소스 260ml)
PRD_536,AGE_003,20대 (사무실이나 친구 선물로 나누기 좋은 기비당고)
PRD_536,AGE_004,30대 (부담 없이 배포하기 좋은 기비당고)
PRD_536,AGE_005,40대 (실용적인 선물로 무난한 기비당고)
PRD_537,AGE_002,10대 (부담 없이 즐기는 오테만주 간식)
PRD_537,AGE_003,20대 (가볍게 나눠 먹기 좋은 오테만주)
PRD_537,AGE_004,30대 (커피나 차와 곁들이기 좋은 오테만주)
PRD_537,AGE_005,40대 (전통 간식 선물로 무난한 오테만주)
PRD_537,AGE_006,50대 (익숙한 단맛을 선호하는 50대용 오테만주)
PRD_538,AGE_002,10대 (부담 없이 즐기는 무라스즈메 간식)
PRD_538,AGE_003,20대 (가볍게 나눠 먹기 좋은 무라스즈메)
PRD_538,AGE_004,30대 (커피나 차와 곁들이기 좋은 무라스즈메)
PRD_538,AGE_005,40대 (전통 간식 선물로 무난한 무라스즈메)
PRD_538,AGE_006,50대 (익숙한 단맛을 선호하는 50대용 무라스즈메)
PRD_539,AGE_002,10대 (부담 없이 즐기는 다카세부네 양갱 간식)
PRD_539,AGE_003,20대 (가볍게 나눠 먹기 좋은 다카세부네 양갱)
PRD_539,AGE_004,30대 (커피나 차와 곁들이기 좋은 다카세부네 양갱)
PRD_539,AGE_005,40대 (전통 간식 선물로 무난한 다카세부네 양갱)
PRD_539,AGE_006,50대 (익숙한 단맛을 선호하는 50대용 다카세부네 양갱)
PRD_540,AGE_004,30대 (집 꾸밈과 실용성을 함께 보는 30대용 시미즈 백도 과일 통조림)
PRD_540,AGE_005,40대 (격식 있는 선물로 어울리는 시미즈 백도 과일 통조림)
PRD_540,AGE_006,50대 (장인성과 전통미를 보는 50대용 시미즈 백도 과일 통조림)
PRD_540,AGE_007,60대 (지역 전통을 오래 즐기기 좋은 시미즈 백도 과일 통조림)
PRD_540,AGE_008,70대 이상 (소장 가치가 큰 시미즈 백도 과일 통조림 공예품)
PRD_541,AGE_003,20대 (여행 기념으로 고르기 쉬운 피오네 과일 통조림)
PRD_541,AGE_004,30대 (가족과 함께 쓰기 좋은 피오네 과일 통조림)
PRD_541,AGE_005,40대 (실용적인 선물로 무난한 피오네 과일 통조림)
PRD_542,AGE_004,30대 (가족 식탁에 활용하기 좋은 손연 소면 마쓰노유키)
PRD_542,AGE_005,40대 (지역 식재료에 관심 있는 40대용 손연 소면 마쓰노유키)
PRD_542,AGE_006,50대 (집밥과 곁들이기 좋은 손연 소면 마쓰노유키)
PRD_542,AGE_003,20대 (현지 맛을 직접 즐기기 좋은 손연 소면 마쓰노유키)
PRD_543,AGE_004,30대 (가족 식탁에 활용하기 좋은 미마사카 손연 말이 면 와소면 와소바 세트)
PRD_543,AGE_005,40대 (지역 식재료에 관심 있는 40대용 미마사카 손연 말이 면 와소면 와소바 세트)
PRD_543,AGE_006,50대 (집밥과 곁들이기 좋은 미마사카 손연 말이 면 와소면 와소바 세트)
PRD_543,AGE_003,20대 (현지 맛을 직접 즐기기 좋은 미마사카 손연 말이 면 와소면 와소바 세트)
PRD_544,AGE_002,10대 (부담 없이 즐기는 캐러멜 자쿠루 간식)
PRD_544,AGE_003,20대 (가볍게 나눠 먹기 좋은 캐러멜 자쿠루)
PRD_544,AGE_004,30대 (커피나 차와 곁들이기 좋은 캐러멜 자쿠루)
PRD_545,AGE_002,10대 (부담 없이 즐기는 히루젠 저지 버터 사탕 간식)
PRD_545,AGE_003,20대 (가볍게 나눠 먹기 좋은 히루젠 저지 버터 사탕)
PRD_545,AGE_004,30대 (커피나 차와 곁들이기 좋은 히루젠 저지 버터 사탕)
PRD_546,AGE_002,10대 (부담 없이 즐기는 가지타니 비스킷 레트로팩 간식)
PRD_546,AGE_003,20대 (가볍게 나눠 먹기 좋은 가지타니 비스킷 레트로팩)
PRD_546,AGE_004,30대 (커피나 차와 곁들이기 좋은 가지타니 비스킷 레트로팩)
PRD_547,AGE_005,40대 (건강 소재를 챙기기 좋은 사쿠슈구로 아마낫토)
PRD_547,AGE_006,50대 (부모님 세대에 맞는 사쿠슈구로 아마낫토)
PRD_547,AGE_002,10대 (부담 없이 즐기는 사쿠슈구로 아마낫토 간식)
PRD_547,AGE_003,20대 (가볍게 나눠 먹기 좋은 사쿠슈구로 아마낫토)
PRD_547,AGE_007,60대 (부담 없이 꾸준히 먹기 좋은 사쿠슈구로 아마낫토)
PRD_548,AGE_004,30대 (집 꾸밈과 실용성을 함께 보는 30대용 구라시키 감말랭이말이)
PRD_548,AGE_005,40대 (격식 있는 선물로 어울리는 구라시키 감말랭이말이)
PRD_548,AGE_006,50대 (장인성과 전통미를 보는 50대용 구라시키 감말랭이말이)
PRD_548,AGE_007,60대 (지역 전통을 오래 즐기기 좋은 구라시키 감말랭이말이)
PRD_548,AGE_008,70대 이상 (소장 가치가 큰 구라시키 감말랭이말이 공예품)
PRD_549,AGE_002,10대 (부담 없이 즐기는 유자 센베이 100g 간식)
PRD_549,AGE_003,20대 (가볍게 나눠 먹기 좋은 유자 센베이 100g)
PRD_549,AGE_004,30대 (커피나 차와 곁들이기 좋은 유자 센베이 100g)
PRD_550,AGE_001,10세 미만 (귀여운 비주얼의 네코 미니 타르트 여름맛 9개 세트)
PRD_550,AGE_002,10대 (가볍게 즐기기 좋은 네코 미니 타르트 여름맛 9개 세트 간식)
PRD_550,AGE_003,20대 (가볍게 나눠 먹기 좋은 네코 미니 타르트 여름맛 9개 세트)
PRD_550,AGE_004,30대 (커피나 차와 곁들이기 좋은 네코 미니 타르트 여름맛 9개 세트)
PRD_551,AGE_002,10대 (부담 없이 즐기는 중간매운맛 와규 스파이스 카레 간식)
PRD_551,AGE_003,20대 (가볍게 나눠 먹기 좋은 중간매운맛 와규 스파이스 카레)
PRD_551,AGE_004,30대 (커피나 차와 곁들이기 좋은 중간매운맛 와규 스파이스 카레)
PRD_551,AGE_005,40대 (전통 간식 선물로 무난한 중간매운맛 와규 스파이스 카레)
PRD_551,AGE_007,60대 (건강과 품질을 함께 보는 60대용 중간매운맛 와규 스파이스 카레)
PRD_552,AGE_002,10대 (부담 없이 즐기는 히루젠 야키소바 세트 2식입 간식)
PRD_552,AGE_003,20대 (가볍게 나눠 먹기 좋은 히루젠 야키소바 세트 2식입)
PRD_552,AGE_005,40대 (지역 식재료에 관심 있는 40대용 히루젠 야키소바 세트 2식입)
PRD_552,AGE_004,30대 (커피나 차와 곁들이기 좋은 히루젠 야키소바 세트 2식입)
PRD_552,AGE_006,50대 (집밥과 곁들이기 좋은 히루젠 야키소바 세트 2식입)
PRD_553,AGE_004,30대 (가족 식탁에 활용하기 좋은 진한 에비메시 소스)
PRD_553,AGE_005,40대 (지역 식재료에 관심 있는 40대용 진한 에비메시 소스)
PRD_553,AGE_006,50대 (집밥과 곁들이기 좋은 진한 에비메시 소스)
PRD_553,AGE_003,20대 (현지 맛을 직접 즐기기 좋은 진한 에비메시 소스)
PRD_554,AGE_002,10대 (부담 없이 즐기는 쓰야마 호르몬 우동 소스 간식)
PRD_554,AGE_003,20대 (가볍게 나눠 먹기 좋은 쓰야마 호르몬 우동 소스)
PRD_554,AGE_005,40대 (지역 식재료에 관심 있는 40대용 쓰야마 호르몬 우동 소스)
PRD_554,AGE_004,30대 (커피나 차와 곁들이기 좋은 쓰야마 호르몬 우동 소스)
PRD_554,AGE_006,50대 (집밥과 곁들이기 좋은 쓰야마 호르몬 우동 소스)
PRD_555,AGE_004,30대 (집 꾸밈과 실용성을 함께 보는 30대용 황부추 바라즈시 재료)
PRD_555,AGE_005,40대 (격식 있는 선물로 어울리는 황부추 바라즈시 재료)
PRD_555,AGE_006,50대 (장인성과 전통미를 보는 50대용 황부추 바라즈시 재료)
PRD_555,AGE_007,60대 (지역 전통을 오래 즐기기 좋은 황부추 바라즈시 재료)
PRD_555,AGE_008,70대 이상 (소장 가치가 큰 황부추 바라즈시 재료 공예품)
PRD_556,AGE_003,20대 (여행 기념으로 고르기 쉬운 오카야마 바라즈시)
PRD_556,AGE_004,30대 (가족과 함께 쓰기 좋은 오카야마 바라즈시)
PRD_556,AGE_005,40대 (실용적인 선물로 무난한 오카야마 바라즈시)
PRD_557,AGE_004,30대 (가족 식탁에 활용하기 좋은 히나세 카키오코 소스 600g)
PRD_557,AGE_005,40대 (지역 식재료에 관심 있는 40대용 히나세 카키오코 소스 600g)
PRD_557,AGE_006,50대 (집밥과 곁들이기 좋은 히나세 카키오코 소스 600g)
PRD_557,AGE_003,20대 (현지 맛을 직접 즐기기 좋은 히나세 카키오코 소스 600g)
PRD_558,AGE_004,30대 (가족 식탁에 활용하기 좋은 오카야마 파스타 세트)
PRD_558,AGE_005,40대 (지역 식재료에 관심 있는 40대용 오카야마 파스타 세트)
PRD_558,AGE_006,50대 (집밥과 곁들이기 좋은 오카야마 파스타 세트)
PRD_558,AGE_003,20대 (현지 맛을 직접 즐기기 좋은 오카야마 파스타 세트)
PRD_559,AGE_004,30대 (가족 식탁에 활용하기 좋은 찰보리 파스타 200g)
PRD_559,AGE_005,40대 (지역 식재료에 관심 있는 40대용 찰보리 파스타 200g)
PRD_559,AGE_006,50대 (집밥과 곁들이기 좋은 찰보리 파스타 200g)
PRD_559,AGE_003,20대 (현지 맛을 직접 즐기기 좋은 찰보리 파스타 200g)
PRD_560,AGE_004,30대 (차 풍미를 부담 없이 즐기는 30대용 가사오카 라멘 2식입)
PRD_560,AGE_005,40대 (티타임 선물로 좋은 가사오카 라멘 2식입)
PRD_560,AGE_006,50대 (차를 즐기는 50대에게 맞는 가사오카 라멘 2식입)
PRD_560,AGE_007,60대 (은은한 향을 선호하는 60대용 가사오카 라멘 2식입)
PRD_560,AGE_003,20대 (현지 맛을 직접 즐기기 좋은 가사오카 라멘 2식입)
PRD_561,AGE_004,30대 (가족 식탁에 활용하기 좋은 오카야마 봇케에 라멘)
PRD_561,AGE_005,40대 (지역 식재료에 관심 있는 40대용 오카야마 봇케에 라멘)
PRD_561,AGE_006,50대 (집밥과 곁들이기 좋은 오카야마 봇케에 라멘)
PRD_561,AGE_003,20대 (현지 맛을 직접 즐기기 좋은 오카야마 봇케에 라멘)
PRD_562,AGE_003,20대 (빵이나 요거트에 곁들이기 좋은 과일 잼)
PRD_562,AGE_004,30대 (아침 식사용으로 쓰기 좋은 실용 선물)
PRD_562,AGE_005,40대 (백도 향을 차분하게 즐기기 좋은 잼)
PRD_562,AGE_006,50대 (달지 않은 과일 가공품을 선호할 때 적합)
PRD_563,AGE_002,10대 (과일 젤리 간식으로 부담 없이 즐기기 좋음)
PRD_563,AGE_003,20대 (상큼한 머스캣 디저트를 좋아하기 쉬움)
PRD_563,AGE_004,30대 (가볍게 나눠 먹는 과일 간식으로 좋음)
PRD_563,AGE_005,40대 (차와 곁들이는 작은 디저트로 무난함)
PRD_564,AGE_004,30대 (집 꾸밈과 실용성을 함께 보는 30대용 와규 시튜)
PRD_564,AGE_005,40대 (격식 있는 선물로 어울리는 와규 시튜)
PRD_564,AGE_006,50대 (장인성과 전통미를 보는 50대용 와규 시튜)
PRD_564,AGE_007,60대 (지역 전통을 오래 즐기기 좋은 와규 시튜)
PRD_564,AGE_008,70대 이상 (소장 가치가 큰 와규 시튜 공예품)
PRD_565,AGE_004,30대 (집에서 요리할 때 활용하기 좋은 조미료)
PRD_565,AGE_005,40대 (식탁 선물로 실용성이 큰 간장)
PRD_565,AGE_006,50대 (다시 풍미가 익숙해 쓰기 편한 조미료)
PRD_565,AGE_007,60대 (간단한 양념으로 요리에 활용하기 좋음)
PRD_565,AGE_008,70대 이상 (익숙한 간장 베이스라 부담 없이 쓰기 좋음)
PRD_566,AGE_004,30대 (가족 식탁에 활용하기 좋은 오카야마 카레)
PRD_566,AGE_005,40대 (지역 식재료에 관심 있는 40대용 오카야마 카레)
PRD_566,AGE_006,50대 (집밥과 곁들이기 좋은 오카야마 카레)
PRD_566,AGE_003,20대 (현지 맛을 직접 즐기기 좋은 오카야마 카레)
PRD_567,AGE_004,30대 (가족 식탁에 활용하기 좋은 모모타로 카레)
PRD_567,AGE_005,40대 (지역 식재료에 관심 있는 40대용 모모타로 카레)
PRD_567,AGE_006,50대 (집밥과 곁들이기 좋은 모모타로 카레)
PRD_567,AGE_003,20대 (현지 맛을 직접 즐기기 좋은 모모타로 카레)
PRD_568,AGE_004,30대 (가족 식탁에 활용하기 좋은 사슴 소시지 슈크루트)
PRD_568,AGE_005,40대 (지역 식재료에 관심 있는 40대용 사슴 소시지 슈크루트)
PRD_568,AGE_006,50대 (집밥과 곁들이기 좋은 사슴 소시지 슈크루트)
PRD_568,AGE_003,20대 (현지 맛을 직접 즐기기 좋은 사슴 소시지 슈크루트)
PRD_569,AGE_002,10대 (부담 없이 즐기는 어부 자랑 첫물 김 조림 간식)
PRD_569,AGE_003,20대 (가볍게 나눠 먹기 좋은 어부 자랑 첫물 김 조림)
PRD_569,AGE_004,30대 (커피나 차와 곁들이기 좋은 어부 자랑 첫물 김 조림)
PRD_570,AGE_004,30대 (집 꾸밈과 실용성을 함께 보는 30대용 소자 셀러리 미네스트로네)
PRD_570,AGE_005,40대 (격식 있는 선물로 어울리는 소자 셀러리 미네스트로네)
PRD_570,AGE_006,50대 (장인성과 전통미를 보는 50대용 소자 셀러리 미네스트로네)
PRD_570,AGE_007,60대 (지역 전통을 오래 즐기기 좋은 소자 셀러리 미네스트로네)
PRD_570,AGE_008,70대 이상 (소장 가치가 큰 소자 셀러리 미네스트로네 공예품)
PRD_571,AGE_004,30대 (집 꾸밈과 실용성을 함께 보는 30대용 적미죽)
PRD_571,AGE_005,40대 (격식 있는 선물로 어울리는 적미죽)
PRD_571,AGE_006,50대 (장인성과 전통미를 보는 50대용 적미죽)
PRD_571,AGE_007,60대 (지역 전통을 오래 즐기기 좋은 적미죽)
PRD_571,AGE_008,70대 이상 (소장 가치가 큰 적미죽 공예품)
PRD_572,AGE_004,30대 (집 꾸밈과 실용성을 함께 보는 30대용 생고구마 수제 곤약 3개입)
PRD_572,AGE_005,40대 (격식 있는 선물로 어울리는 생고구마 수제 곤약 3개입)
PRD_572,AGE_006,50대 (장인성과 전통미를 보는 50대용 생고구마 수제 곤약 3개입)
PRD_572,AGE_007,60대 (지역 전통을 오래 즐기기 좋은 생고구마 수제 곤약 3개입)
PRD_573,AGE_004,30대 (집 꾸밈과 실용성을 함께 보는 30대용 오카야마 바라즈시 소분 타입)
PRD_573,AGE_005,40대 (격식 있는 선물로 어울리는 오카야마 바라즈시 소분 타입)
PRD_573,AGE_006,50대 (장인성과 전통미를 보는 50대용 오카야마 바라즈시 소분 타입)
PRD_573,AGE_007,60대 (지역 전통을 오래 즐기기 좋은 오카야마 바라즈시 소분 타입)
PRD_573,AGE_008,70대 이상 (소장 가치가 큰 오카야마 바라즈시 소분 타입 공예품)
PRD_574,AGE_003,20대 (캐주얼한 데일리 가방을 선호하기 쉬운 연령대)
PRD_574,AGE_004,30대 (외출용 소품으로 실용성을 느끼기 좋은 연령대)
PRD_574,AGE_005,40대 (지역 공예와 생활잡화를 함께 보는 연령대)
PRD_574,AGE_002,10대 (작고 가벼운 데님 소품을 부담 없이 쓰기 좋음)
PRD_575,AGE_002,10대 (말랑한 식감과 단맛이 친숙한 과자)
PRD_575,AGE_003,20대 (오카야마 여행 기념으로 가볍게 즐기기 좋음)
PRD_575,AGE_004,30대 (직장이나 가족과 나눠 먹기 좋은 세트)
PRD_576,AGE_004,30대 (가족 식탁에 활용하기 좋은 굴 매콤조림)
PRD_576,AGE_005,40대 (지역 식재료에 관심 있는 40대용 굴 매콤조림)
PRD_576,AGE_006,50대 (집밥과 곁들이기 좋은 굴 매콤조림)
PRD_576,AGE_003,20대 (현지 맛을 직접 즐기기 좋은 굴 매콤조림)
PRD_577,AGE_002,10대 (부담 없이 즐기는 가이쿤 굴 훈제 올리브오일 절임 소 간식)
PRD_577,AGE_003,20대 (가볍게 나눠 먹기 좋은 가이쿤 굴 훈제 올리브오일 절임 소)
PRD_577,AGE_004,30대 (커피나 차와 곁들이기 좋은 가이쿤 굴 훈제 올리브오일 절임 소)
PRD_578,AGE_004,30대 (가족 식탁에 활용하기 좋은 우조 블랙 소금 김)
PRD_578,AGE_005,40대 (지역 식재료에 관심 있는 40대용 우조 블랙 소금 김)
PRD_578,AGE_006,50대 (집밥과 곁들이기 좋은 우조 블랙 소금 김)
PRD_578,AGE_003,20대 (현지 맛을 직접 즐기기 좋은 우조 블랙 소금 김)
PRD_579,AGE_004,30대 (가족 식탁에 활용하기 좋은 이치방노바시 손연 우동)
PRD_579,AGE_005,40대 (지역 식재료에 관심 있는 40대용 이치방노바시 손연 우동)
PRD_579,AGE_006,50대 (집밥과 곁들이기 좋은 이치방노바시 손연 우동)
PRD_579,AGE_003,20대 (현지 맛을 직접 즐기기 좋은 이치방노바시 손연 우동)
PRD_580,AGE_004,30대 (가족 식탁에 활용하기 좋은 구니미마루 소금 김)
PRD_580,AGE_005,40대 (지역 식재료에 관심 있는 40대용 구니미마루 소금 김)
PRD_580,AGE_006,50대 (집밥과 곁들이기 좋은 구니미마루 소금 김)
PRD_580,AGE_007,60대 (건강과 품질을 함께 보는 60대용 구니미마루 소금 김)
PRD_581,AGE_004,30대 (가족 식탁에 활용하기 좋은 무첨가 맛김)
PRD_581,AGE_005,40대 (지역 식재료에 관심 있는 40대용 무첨가 맛김)
PRD_581,AGE_006,50대 (집밥과 곁들이기 좋은 무첨가 맛김)
PRD_581,AGE_007,60대 (건강과 품질을 함께 보는 60대용 무첨가 맛김)
PRD_582,AGE_004,30대 (집 꾸밈과 실용성을 함께 보는 30대용 비젠야키 맥주컵)
PRD_582,AGE_005,40대 (격식 있는 선물로 어울리는 비젠야키 맥주컵)
PRD_582,AGE_006,50대 (장인성과 전통미를 보는 50대용 비젠야키 맥주컵)
PRD_582,AGE_007,60대 (지역 전통을 오래 즐기기 좋은 비젠야키 맥주컵)
PRD_583,AGE_004,30대 (집 꾸밈과 실용성을 함께 보는 30대용 비젠야키 손잡이 컵 종이상자)
PRD_583,AGE_005,40대 (격식 있는 선물로 어울리는 비젠야키 손잡이 컵 종이상자)
PRD_583,AGE_006,50대 (장인성과 전통미를 보는 50대용 비젠야키 손잡이 컵 종이상자)
PRD_583,AGE_007,60대 (지역 전통을 오래 즐기기 좋은 비젠야키 손잡이 컵 종이상자)
PRD_584,AGE_004,30대 (집 꾸밈과 실용성을 함께 보는 30대용 비젠야키 네코다마 1개입)
PRD_584,AGE_005,40대 (격식 있는 선물로 어울리는 비젠야키 네코다마 1개입)
PRD_584,AGE_006,50대 (장인성과 전통미를 보는 50대용 비젠야키 네코다마 1개입)
PRD_584,AGE_007,60대 (지역 전통을 오래 즐기기 좋은 비젠야키 네코다마 1개입)
PRD_584,AGE_003,20대 (디자인 감도가 있는 20대용 비젠야키 네코다마 1개입)
PRD_585,AGE_004,30대 (집 꾸밈과 실용성을 함께 보는 30대용 비젠야키 모모타마 모모타로)
PRD_585,AGE_005,40대 (격식 있는 선물로 어울리는 비젠야키 모모타마 모모타로)
PRD_585,AGE_006,50대 (장인성과 전통미를 보는 50대용 비젠야키 모모타마 모모타로)
PRD_585,AGE_007,60대 (지역 전통을 오래 즐기기 좋은 비젠야키 모모타마 모모타로)
PRD_585,AGE_003,20대 (디자인 감도가 있는 20대용 비젠야키 모모타마 모모타로)
PRD_586,AGE_005,40대 (건강 소재를 챙기기 좋은 만요 카키모치 감염 믹스)
PRD_586,AGE_006,50대 (부모님 세대에 맞는 만요 카키모치 감염 믹스)
PRD_586,AGE_002,10대 (부담 없이 즐기는 만요 카키모치 감염 믹스 간식)
PRD_586,AGE_003,20대 (가볍게 나눠 먹기 좋은 만요 카키모치 감염 믹스)
PRD_586,AGE_007,60대 (부담 없이 꾸준히 먹기 좋은 만요 카키모치 감염 믹스)
PRD_587,AGE_002,10대 (부담 없이 즐기는 전자레인지 카키모치 건조 간식)
PRD_587,AGE_003,20대 (가볍게 나눠 먹기 좋은 전자레인지 카키모치 건조)
PRD_587,AGE_004,30대 (커피나 차와 곁들이기 좋은 전자레인지 카키모치 건조)
PRD_588,AGE_002,10대 (부담 없이 즐기는 사구 푸딩 6개 세트 간식)
PRD_588,AGE_003,20대 (가볍게 나눠 먹기 좋은 사구 푸딩 6개 세트)
PRD_588,AGE_004,30대 (커피나 차와 곁들이기 좋은 사구 푸딩 6개 세트)
PRD_588,AGE_007,60대 (부드럽게 즐기기 좋은 사구 푸딩 6개 세트)
PRD_589,AGE_002,10대 (부담 없이 즐기는 사구의 풍문 미니 간식)
PRD_589,AGE_003,20대 (가볍게 나눠 먹기 좋은 사구의 풍문 미니)
PRD_589,AGE_004,30대 (커피나 차와 곁들이기 좋은 사구의 풍문 미니)
PRD_590,AGE_002,10대 (부담 없이 즐기는 후루사토 7개입 간식)
PRD_590,AGE_003,20대 (가볍게 나눠 먹기 좋은 후루사토 7개입)
PRD_590,AGE_004,30대 (커피나 차와 곁들이기 좋은 후루사토 7개입)
PRD_591,AGE_002,10대 (부담 없이 즐기는 구운 게 센베이 27매입 간식)
PRD_591,AGE_003,20대 (가볍게 나눠 먹기 좋은 구운 게 센베이 27매입)
PRD_591,AGE_004,30대 (커피나 차와 곁들이기 좋은 구운 게 센베이 27매입)
PRD_592,AGE_002,10대 (부담 없이 즐기는 돗토리 사구를 한입에 간식)
PRD_592,AGE_003,20대 (가볍게 나눠 먹기 좋은 돗토리 사구를 한입에)
PRD_592,AGE_004,30대 (커피나 차와 곁들이기 좋은 돗토리 사구를 한입에)
PRD_593,AGE_002,10대 (부담 없이 즐기는 이십세기 8매입 간식)
PRD_593,AGE_003,20대 (가볍게 나눠 먹기 좋은 이십세기 8매입)
PRD_593,AGE_004,30대 (커피나 차와 곁들이기 좋은 이십세기 8매입)
PRD_594,AGE_002,10대 (부담 없이 즐기는 돗토리 브랜 케이크 하프 간식)
PRD_594,AGE_003,20대 (가볍게 나눠 먹기 좋은 돗토리 브랜 케이크 하프)
PRD_594,AGE_004,30대 (커피나 차와 곁들이기 좋은 돗토리 브랜 케이크 하프)
PRD_595,AGE_002,10대 (부담 없이 즐기는 토토푸딩 네 개 세트 간식)
PRD_595,AGE_003,20대 (가볍게 나눠 먹기 좋은 토토푸딩 네 개 세트)
PRD_595,AGE_004,30대 (커피나 차와 곁들이기 좋은 토토푸딩 네 개 세트)
PRD_595,AGE_007,60대 (부드럽게 즐기기 좋은 토토푸딩 네 개 세트)
PRD_596,AGE_003,20대 (현지 주류를 경험하려는 20대에게 맞는 이나바즈루 고리키 사케카스 구즈모치)
PRD_596,AGE_004,30대 (취향을 나누기 좋은 이나바즈루 고리키 사케카스 구즈모치 술 선물)
PRD_596,AGE_005,40대 (격식 있게 고르기 좋은 이나바즈루 고리키 사케카스 구즈모치 주류)
PRD_596,AGE_006,50대 (천천히 즐기기 좋은 이나바즈루 고리키 사케카스 구즈모치)
PRD_597,AGE_002,10대 (가볍게 소장하기 좋은 돗토리산 생강 파우더 15g)
PRD_597,AGE_003,20대 (친구 선물로 고르기 쉬운 돗토리산 생강 파우더 15g)
PRD_597,AGE_004,30대 (일상에서 활용하기 좋은 돗토리산 생강 파우더 15g)
PRD_598,AGE_004,30대 (집 꾸밈과 실용성을 함께 보는 30대용 사이카엔 특급 신칸센 배 시럽)
PRD_598,AGE_005,40대 (격식 있는 선물로 어울리는 사이카엔 특급 신칸센 배 시럽)
PRD_598,AGE_006,50대 (장인성과 전통미를 보는 50대용 사이카엔 특급 신칸센 배 시럽)
PRD_598,AGE_007,60대 (지역 전통을 오래 즐기기 좋은 사이카엔 특급 신칸센 배 시럽)
PRD_598,AGE_008,70대 이상 (소장 가치가 큰 사이카엔 특급 신칸센 배 시럽 공예품)
PRD_599,AGE_002,10대 (부담 없이 즐기는 돗토리산 목이버섯 조림 3봉 세트 간식)
PRD_599,AGE_003,20대 (가볍게 나눠 먹기 좋은 돗토리산 목이버섯 조림 3봉 세트)
PRD_599,AGE_004,30대 (커피나 차와 곁들이기 좋은 돗토리산 목이버섯 조림 3봉 세트)
PRD_600,AGE_004,30대 (가족 식탁에 활용하기 좋은 특제 다나카 미소)
PRD_600,AGE_005,40대 (지역 식재료에 관심 있는 40대용 특제 다나카 미소)
PRD_600,AGE_006,50대 (집밥과 곁들이기 좋은 특제 다나카 미소)
PRD_600,AGE_003,20대 (현지 맛을 직접 즐기기 좋은 특제 다나카 미소)
PRD_601,AGE_003,20대 (여행 기념으로 고르기 쉬운 돗토리 커리 수프)
PRD_601,AGE_004,30대 (가족과 함께 쓰기 좋은 돗토리 커리 수프)
PRD_601,AGE_005,40대 (실용적인 선물로 무난한 돗토리 커리 수프)
PRD_602,AGE_003,20대 (여행 기념으로 고르기 쉬운 돗토리 커리 필라프)
PRD_602,AGE_004,30대 (가족과 함께 쓰기 좋은 돗토리 커리 필라프)
PRD_602,AGE_005,40대 (실용적인 선물로 무난한 돗토리 커리 필라프)
PRD_603,AGE_002,10대 (부담 없이 즐기는 후쿠다양봉장 렌게 벌꿀 90g 간식)
PRD_603,AGE_003,20대 (가볍게 나눠 먹기 좋은 후쿠다양봉장 렌게 벌꿀 90g)
PRD_603,AGE_005,40대 (지역 식재료에 관심 있는 40대용 후쿠다양봉장 렌게 벌꿀 90g)
PRD_603,AGE_004,30대 (커피나 차와 곁들이기 좋은 후쿠다양봉장 렌게 벌꿀 90g)
PRD_603,AGE_006,50대 (집밥과 곁들이기 좋은 후쿠다양봉장 렌게 벌꿀 90g)
PRD_604,AGE_004,30대 (가족 식탁에 활용하기 좋은 이나사 사시미 간장)
PRD_604,AGE_005,40대 (지역 식재료에 관심 있는 40대용 이나사 사시미 간장)
PRD_604,AGE_006,50대 (집밥과 곁들이기 좋은 이나사 사시미 간장)
PRD_604,AGE_003,20대 (현지 맛을 직접 즐기기 좋은 이나사 사시미 간장)
PRD_605,AGE_002,10대 (부담 없이 즐기는 돗토리 락교 단식초절임 200g 간식)
PRD_605,AGE_003,20대 (가볍게 나눠 먹기 좋은 돗토리 락교 단식초절임 200g)
PRD_605,AGE_005,40대 (지역 식재료에 관심 있는 40대용 돗토리 락교 단식초절임 200g)
PRD_605,AGE_004,30대 (커피나 차와 곁들이기 좋은 돗토리 락교 단식초절임 200g)
PRD_605,AGE_006,50대 (집밥과 곁들이기 좋은 돗토리 락교 단식초절임 200g)
PRD_606,AGE_003,20대 (여행 기념으로 고르기 쉬운 완숙 흑락교 병조림 70g)
PRD_606,AGE_004,30대 (가족과 함께 쓰기 좋은 완숙 흑락교 병조림 70g)
PRD_606,AGE_005,40대 (실용적인 선물로 무난한 완숙 흑락교 병조림 70g)
PRD_607,AGE_004,30대 (가족 식탁에 활용하기 좋은 핑크 간장 하나키후진 로즈 50ml)
PRD_607,AGE_005,40대 (지역 식재료에 관심 있는 40대용 핑크 간장 하나키후진 로즈 50ml)
PRD_607,AGE_006,50대 (집밥과 곁들이기 좋은 핑크 간장 하나키후진 로즈 50ml)
PRD_607,AGE_003,20대 (현지 맛을 직접 즐기기 좋은 핑크 간장 하나키후진 로즈 50ml)
PRD_608,AGE_004,30대 (가족 식탁에 활용하기 좋은 핑크 카레 하나키후진)
PRD_608,AGE_005,40대 (지역 식재료에 관심 있는 40대용 핑크 카레 하나키후진)
PRD_608,AGE_006,50대 (집밥과 곁들이기 좋은 핑크 카레 하나키후진)
PRD_608,AGE_003,20대 (현지 맛을 직접 즐기기 좋은 핑크 카레 하나키후진)
PRD_609,AGE_004,30대 (가족 식탁에 활용하기 좋은 알배기 게 갑라모리)
PRD_609,AGE_005,40대 (지역 식재료에 관심 있는 40대용 알배기 게 갑라모리)
PRD_609,AGE_006,50대 (집밥과 곁들이기 좋은 알배기 게 갑라모리)
PRD_609,AGE_003,20대 (현지 맛을 직접 즐기기 좋은 알배기 게 갑라모리)
PRD_610,AGE_004,30대 (가족 식탁에 활용하기 좋은 특별재배 락교 단식초절임 6봉)
PRD_610,AGE_005,40대 (지역 식재료에 관심 있는 40대용 특별재배 락교 단식초절임 6봉)
PRD_610,AGE_003,20대 (사무실이나 친구 선물로 나누기 좋은 특별재배 락교 단식초절임 6봉)
PRD_610,AGE_006,50대 (집밥과 곁들이기 좋은 특별재배 락교 단식초절임 6봉)
PRD_610,AGE_008,70대 이상 (건강 이미지를 중시하는 고연령층용 특별재배 락교 단식초절임 6봉)
PRD_611,AGE_004,30대 (가족 식탁에 활용하기 좋은 무첨가 천일건조 생선 3종 13매 세트)
PRD_611,AGE_005,40대 (지역 식재료에 관심 있는 40대용 무첨가 천일건조 생선 3종 13매 세트)
PRD_611,AGE_006,50대 (집밥과 곁들이기 좋은 무첨가 천일건조 생선 3종 13매 세트)
PRD_611,AGE_007,60대 (건강과 품질을 함께 보는 60대용 무첨가 천일건조 생선 3종 13매 세트)
PRD_612,AGE_004,30대 (집 꾸밈과 실용성을 함께 보는 30대용 노도구로 포함 건어물 5종 18매 세트)
PRD_612,AGE_005,40대 (격식 있는 선물로 어울리는 노도구로 포함 건어물 5종 18매 세트)
PRD_612,AGE_006,50대 (장인성과 전통미를 보는 50대용 노도구로 포함 건어물 5종 18매 세트)
PRD_612,AGE_007,60대 (지역 전통을 오래 즐기기 좋은 노도구로 포함 건어물 5종 18매 세트)
PRD_612,AGE_008,70대 이상 (소장 가치가 큰 노도구로 포함 건어물 5종 18매 세트 공예품)
PRD_613,AGE_004,30대 (차 풍미를 부담 없이 즐기는 30대용 말차 과자 시쿤)
PRD_613,AGE_002,10대 (부담 없이 즐기는 말차 과자 시쿤 간식)
PRD_613,AGE_005,40대 (티타임 선물로 좋은 말차 과자 시쿤)
PRD_613,AGE_003,20대 (가볍게 나눠 먹기 좋은 말차 과자 시쿤)
PRD_613,AGE_006,50대 (차를 즐기는 50대에게 맞는 말차 과자 시쿤)
PRD_614,AGE_002,10대 (부담 없이 즐기는 아즈마야 푸딩 여섯 개 세트 간식)
PRD_614,AGE_003,20대 (가볍게 나눠 먹기 좋은 아즈마야 푸딩 여섯 개 세트)
PRD_614,AGE_004,30대 (커피나 차와 곁들이기 좋은 아즈마야 푸딩 여섯 개 세트)
PRD_614,AGE_007,60대 (부드럽게 즐기기 좋은 아즈마야 푸딩 여섯 개 세트)
PRD_615,AGE_002,10대 (부담 없이 즐기는 활 모사에비 간식)
PRD_615,AGE_003,20대 (가볍게 나눠 먹기 좋은 활 모사에비)
PRD_615,AGE_004,30대 (커피나 차와 곁들이기 좋은 활 모사에비)
PRD_616,AGE_004,30대 (가족 식탁에 활용하기 좋은 천연 이와가키 세트)
PRD_616,AGE_005,40대 (지역 식재료에 관심 있는 40대용 천연 이와가키 세트)
PRD_616,AGE_006,50대 (집밥과 곁들이기 좋은 천연 이와가키 세트)
PRD_616,AGE_007,60대 (건강과 품질을 함께 보는 60대용 천연 이와가키 세트)
PRD_617,AGE_004,30대 (가족 식탁에 활용하기 좋은 천연 이와가키 나츠키 특대)
PRD_617,AGE_005,40대 (지역 식재료에 관심 있는 40대용 천연 이와가키 나츠키 특대)
PRD_617,AGE_006,50대 (집밥과 곁들이기 좋은 천연 이와가키 나츠키 특대)
PRD_617,AGE_007,60대 (건강과 품질을 함께 보는 60대용 천연 이와가키 나츠키 특대)
PRD_618,AGE_003,20대 (사무실이나 친구 선물로 나누기 좋은 두부치쿠와와 도미치쿠와 8본 세트)
PRD_618,AGE_004,30대 (부담 없이 배포하기 좋은 두부치쿠와와 도미치쿠와 8본 세트)
PRD_618,AGE_005,40대 (실용적인 선물로 무난한 두부치쿠와와 도미치쿠와 8본 세트)
PRD_619,AGE_004,30대 (가족 식탁에 활용하기 좋은 하룻밤건조 참가자미 대형상자)
PRD_619,AGE_005,40대 (지역 식재료에 관심 있는 40대용 하룻밤건조 참가자미 대형상자)
PRD_619,AGE_006,50대 (집밥과 곁들이기 좋은 하룻밤건조 참가자미 대형상자)
PRD_619,AGE_003,20대 (현지 맛을 직접 즐기기 좋은 하룻밤건조 참가자미 대형상자)
PRD_620,AGE_004,30대 (가족 식탁에 활용하기 좋은 신물 호타루이카 오키즈케)
PRD_620,AGE_005,40대 (지역 식재료에 관심 있는 40대용 신물 호타루이카 오키즈케)
PRD_620,AGE_006,50대 (집밥과 곁들이기 좋은 신물 호타루이카 오키즈케)
PRD_620,AGE_003,20대 (현지 맛을 직접 즐기기 좋은 신물 호타루이카 오키즈케)
PRD_621,AGE_004,30대 (가족 식탁에 활용하기 좋은 야마요네 붉은 해삼 폰즈절임 냉동 2팩)
PRD_621,AGE_005,40대 (지역 식재료에 관심 있는 40대용 야마요네 붉은 해삼 폰즈절임 냉동 2팩)
PRD_621,AGE_006,50대 (집밥과 곁들이기 좋은 야마요네 붉은 해삼 폰즈절임 냉동 2팩)
PRD_621,AGE_003,20대 (현지 맛을 직접 즐기기 좋은 야마요네 붉은 해삼 폰즈절임 냉동 2팩)
PRD_622,AGE_004,30대 (집 꾸밈과 실용성을 함께 보는 30대용 희소 흑산호 네쓰케 스트랩)
PRD_622,AGE_005,40대 (격식 있는 선물로 어울리는 희소 흑산호 네쓰케 스트랩)
PRD_622,AGE_002,10대 (가볍게 소장하기 좋은 희소 흑산호 네쓰케 스트랩)
PRD_622,AGE_003,20대 (친구 선물로 고르기 쉬운 희소 흑산호 네쓰케 스트랩)
PRD_622,AGE_006,50대 (장인성과 전통미를 보는 50대용 희소 흑산호 네쓰케 스트랩)
PRD_623,AGE_004,30대 (집 꾸밈과 실용성을 함께 보는 30대용 희소 흑산호 넥타이핀)
PRD_623,AGE_005,40대 (격식 있는 선물로 어울리는 희소 흑산호 넥타이핀)
PRD_623,AGE_006,50대 (장인성과 전통미를 보는 50대용 희소 흑산호 넥타이핀)
PRD_623,AGE_007,60대 (지역 전통을 오래 즐기기 좋은 희소 흑산호 넥타이핀)
PRD_623,AGE_003,20대 (디자인 감도가 있는 20대용 희소 흑산호 넥타이핀)
PRD_624,AGE_003,20대 (현지 주류를 경험하려는 20대에게 맞는 주조미 고리키 폰센베이 스무 봉 세트)
PRD_624,AGE_004,30대 (취향을 나누기 좋은 주조미 고리키 폰센베이 스무 봉 세트 술 선물)
PRD_624,AGE_005,40대 (격식 있게 고르기 좋은 주조미 고리키 폰센베이 스무 봉 세트 주류)
PRD_624,AGE_006,50대 (천천히 즐기기 좋은 주조미 고리키 폰센베이 스무 봉 세트)
PRD_625,AGE_004,30대 (집 꾸밈과 실용성을 함께 보는 30대용 이나바의 방울)
PRD_625,AGE_005,40대 (격식 있는 선물로 어울리는 이나바의 방울)
PRD_625,AGE_006,50대 (장인성과 전통미를 보는 50대용 이나바의 방울)
PRD_625,AGE_007,60대 (지역 전통을 오래 즐기기 좋은 이나바의 방울)
PRD_625,AGE_008,70대 이상 (소장 가치가 큰 이나바의 방울 공예품)
PRD_626,AGE_004,30대 (집 꾸밈과 실용성을 함께 보는 30대용 빙글빙글 샨샨 우산 메시지 카드)
PRD_626,AGE_005,40대 (격식 있는 선물로 어울리는 빙글빙글 샨샨 우산 메시지 카드)
PRD_626,AGE_006,50대 (장인성과 전통미를 보는 50대용 빙글빙글 샨샨 우산 메시지 카드)
PRD_626,AGE_007,60대 (지역 전통을 오래 즐기기 좋은 빙글빙글 샨샨 우산 메시지 카드)
PRD_627,AGE_002,10대 (가볍게 소장하기 좋은 돗토리 물고기 손수건 2매 세트)
PRD_627,AGE_003,20대 (친구 선물로 고르기 쉬운 돗토리 물고기 손수건 2매 세트)
PRD_627,AGE_004,30대 (일상에서 활용하기 좋은 돗토리 물고기 손수건 2매 세트)
PRD_628,AGE_004,30대 (집 꾸밈과 실용성을 함께 보는 30대용 이나바노스즈 세 개 세트)
PRD_628,AGE_005,40대 (격식 있는 선물로 어울리는 이나바노스즈 세 개 세트)
PRD_628,AGE_006,50대 (장인성과 전통미를 보는 50대용 이나바노스즈 세 개 세트)
PRD_628,AGE_007,60대 (지역 전통을 오래 즐기기 좋은 이나바노스즈 세 개 세트)
PRD_629,AGE_003,20대 (사무실이나 친구 선물로 나누기 좋은 오지 아시부쿠로 기프트 비교 세트)
PRD_629,AGE_004,30대 (부담 없이 배포하기 좋은 오지 아시부쿠로 기프트 비교 세트)
PRD_629,AGE_005,40대 (실용적인 선물로 무난한 오지 아시부쿠로 기프트 비교 세트)
PRD_630,AGE_004,30대 (집 꾸밈과 실용성을 함께 보는 30대용 배나무 단면 코스터 돗토리 명소 디자인)
PRD_630,AGE_005,40대 (격식 있는 선물로 어울리는 배나무 단면 코스터 돗토리 명소 디자인)
PRD_630,AGE_006,50대 (장인성과 전통미를 보는 50대용 배나무 단면 코스터 돗토리 명소 디자인)
PRD_630,AGE_007,60대 (지역 전통을 오래 즐기기 좋은 배나무 단면 코스터 돗토리 명소 디자인)
PRD_631,AGE_004,30대 (집 꾸밈과 실용성을 함께 보는 30대용 배나무 십이지 문자 스트랩)
PRD_631,AGE_005,40대 (격식 있는 선물로 어울리는 배나무 십이지 문자 스트랩)
PRD_631,AGE_002,10대 (가볍게 소장하기 좋은 배나무 십이지 문자 스트랩)
PRD_631,AGE_006,50대 (장인성과 전통미를 보는 50대용 배나무 십이지 문자 스트랩)
PRD_631,AGE_007,60대 (지역 전통을 오래 즐기기 좋은 배나무 십이지 문자 스트랩)
PRD_632,AGE_004,30대 (집 꾸밈과 실용성을 함께 보는 30대용 구로게와규 특선 윗어깨살)
PRD_632,AGE_005,40대 (격식 있는 선물로 어울리는 구로게와규 특선 윗어깨살)
PRD_632,AGE_006,50대 (장인성과 전통미를 보는 50대용 구로게와규 특선 윗어깨살)
PRD_632,AGE_007,60대 (지역 전통을 오래 즐기기 좋은 구로게와규 특선 윗어깨살)
PRD_632,AGE_008,70대 이상 (소장 가치가 큰 구로게와규 특선 윗어깨살 공예품)
PRD_633,AGE_004,30대 (차 풍미를 부담 없이 즐기는 30대용 호지차 과자 시세이)
PRD_633,AGE_002,10대 (부담 없이 즐기는 호지차 과자 시세이 간식)
PRD_633,AGE_005,40대 (티타임 선물로 좋은 호지차 과자 시세이)
PRD_633,AGE_003,20대 (가볍게 나눠 먹기 좋은 호지차 과자 시세이)
PRD_633,AGE_006,50대 (차를 즐기는 50대에게 맞는 호지차 과자 시세이)
PRD_634,AGE_002,10대 (부담 없이 즐기는 대복떡 9종 모둠 간식)
PRD_634,AGE_003,20대 (가볍게 나눠 먹기 좋은 대복떡 9종 모둠)
PRD_634,AGE_004,30대 (커피나 차와 곁들이기 좋은 대복떡 9종 모둠)
PRD_635,AGE_002,10대 (부담 없이 즐기는 샌드라도라야키 팥과 팥버터 간식)
PRD_635,AGE_003,20대 (가볍게 나눠 먹기 좋은 샌드라도라야키 팥과 팥버터)
PRD_635,AGE_004,30대 (커피나 차와 곁들이기 좋은 샌드라도라야키 팥과 팥버터)
PRD_635,AGE_005,40대 (전통 간식 선물로 무난한 샌드라도라야키 팥과 팥버터)
PRD_635,AGE_006,50대 (익숙한 단맛을 선호하는 50대용 샌드라도라야키 팥과 팥버터)
PRD_636,AGE_005,40대 (건강 소재를 챙기기 좋은 소보로 낫토)
PRD_636,AGE_006,50대 (부모님 세대에 맞는 소보로 낫토)
PRD_636,AGE_003,20대 (사무실이나 친구 선물로 나누기 좋은 소보로 낫토)
PRD_636,AGE_007,60대 (부담 없이 꾸준히 먹기 좋은 소보로 낫토)
PRD_636,AGE_004,30대 (부담 없이 배포하기 좋은 소보로 낫토)
PRD_637,AGE_003,20대 (여행 기념으로 고르기 쉬운 구라카타 급속냉동 구운밤 3팩 세트)
PRD_637,AGE_004,30대 (가족과 함께 쓰기 좋은 구라카타 급속냉동 구운밤 3팩 세트)
PRD_637,AGE_005,40대 (실용적인 선물로 무난한 구라카타 급속냉동 구운밤 3팩 세트)
PRD_638,AGE_004,30대 (가족 식탁에 활용하기 좋은 샴록 머스터드 미토 세트 우메카오리)
PRD_638,AGE_005,40대 (지역 식재료에 관심 있는 40대용 샴록 머스터드 미토 세트 우메카오리)
PRD_638,AGE_006,50대 (집밥과 곁들이기 좋은 샴록 머스터드 미토 세트 우메카오리)
PRD_638,AGE_003,20대 (현지 맛을 직접 즐기기 좋은 샴록 머스터드 미토 세트 우메카오리)
PRD_639,AGE_003,20대 (사무실이나 친구 선물로 나누기 좋은 히라보시 마루보시 건고구마 5팩 세트)
PRD_639,AGE_004,30대 (부담 없이 배포하기 좋은 히라보시 마루보시 건고구마 5팩 세트)
PRD_639,AGE_005,40대 (실용적인 선물로 무난한 히라보시 마루보시 건고구마 5팩 세트)
PRD_640,AGE_004,30대 (가족 식탁에 활용하기 좋은 버섯 모둠 라지 사이즈)
PRD_640,AGE_005,40대 (지역 식재료에 관심 있는 40대용 버섯 모둠 라지 사이즈)
PRD_640,AGE_006,50대 (집밥과 곁들이기 좋은 버섯 모둠 라지 사이즈)
PRD_640,AGE_003,20대 (현지 맛을 직접 즐기기 좋은 버섯 모둠 라지 사이즈)
PRD_641,AGE_002,10대 (부담 없이 즐기는 아게모치 김간장맛 5품 세트 간식)
PRD_641,AGE_003,20대 (가볍게 나눠 먹기 좋은 아게모치 김간장맛 5품 세트)
PRD_641,AGE_004,30대 (커피나 차와 곁들이기 좋은 아게모치 김간장맛 5품 세트)
PRD_642,AGE_004,30대 (가족 식탁에 활용하기 좋은 전자레인지 슈마이 18개입)
PRD_642,AGE_005,40대 (지역 식재료에 관심 있는 40대용 전자레인지 슈마이 18개입)
PRD_642,AGE_006,50대 (집밥과 곁들이기 좋은 전자레인지 슈마이 18개입)
PRD_642,AGE_003,20대 (현지 맛을 직접 즐기기 좋은 전자레인지 슈마이 18개입)
PRD_643,AGE_004,30대 (가족 식탁에 활용하기 좋은 쓰쿠바햄 버라이어티 세트)
PRD_643,AGE_005,40대 (지역 식재료에 관심 있는 40대용 쓰쿠바햄 버라이어티 세트)
PRD_643,AGE_006,50대 (집밥과 곁들이기 좋은 쓰쿠바햄 버라이어티 세트)
PRD_643,AGE_003,20대 (현지 맛을 직접 즐기기 좋은 쓰쿠바햄 버라이어티 세트)
PRD_644,AGE_004,30대 (집 꾸밈과 실용성을 함께 보는 30대용 히타치규 A5 설로인 스테이크 하프컷)
PRD_644,AGE_005,40대 (격식 있는 선물로 어울리는 히타치규 A5 설로인 스테이크 하프컷)
PRD_644,AGE_006,50대 (장인성과 전통미를 보는 50대용 히타치규 A5 설로인 스테이크 하프컷)
PRD_644,AGE_007,60대 (지역 전통을 오래 즐기기 좋은 히타치규 A5 설로인 스테이크 하프컷)
PRD_644,AGE_008,70대 이상 (소장 가치가 큰 히타치규 A5 설로인 스테이크 하프컷 공예품)
PRD_645,AGE_004,30대 (가족 식탁에 활용하기 좋은 히타치규 햄버그 화장상자)
PRD_645,AGE_005,40대 (지역 식재료에 관심 있는 40대용 히타치규 햄버그 화장상자)
PRD_645,AGE_006,50대 (집밥과 곁들이기 좋은 히타치규 햄버그 화장상자)
PRD_645,AGE_003,20대 (현지 맛을 직접 즐기기 좋은 히타치규 햄버그 화장상자)
PRD_646,AGE_004,30대 (가족 식탁에 활용하기 좋은 이바라키소다치 카레 세트)
PRD_646,AGE_005,40대 (지역 식재료에 관심 있는 40대용 이바라키소다치 카레 세트)
PRD_646,AGE_006,50대 (집밥과 곁들이기 좋은 이바라키소다치 카레 세트)
PRD_646,AGE_003,20대 (현지 맛을 직접 즐기기 좋은 이바라키소다치 카레 세트)
PRD_647,AGE_004,30대 (가족 식탁에 활용하기 좋은 다이쇼 카레 유미부타 3종 세트)
PRD_647,AGE_005,40대 (지역 식재료에 관심 있는 40대용 다이쇼 카레 유미부타 3종 세트)
PRD_647,AGE_006,50대 (집밥과 곁들이기 좋은 다이쇼 카레 유미부타 3종 세트)
PRD_647,AGE_003,20대 (현지 맛을 직접 즐기기 좋은 다이쇼 카레 유미부타 3종 세트)
PRD_648,AGE_004,30대 (가족 식탁에 활용하기 좋은 냉동 교자 삼매)
PRD_648,AGE_005,40대 (지역 식재료에 관심 있는 40대용 냉동 교자 삼매)
PRD_648,AGE_006,50대 (집밥과 곁들이기 좋은 냉동 교자 삼매)
PRD_648,AGE_003,20대 (현지 맛을 직접 즐기기 좋은 냉동 교자 삼매)
PRD_649,AGE_002,10대 (부담 없이 즐기는 지복의 커스터드 푸딩 간식)
PRD_649,AGE_003,20대 (가볍게 나눠 먹기 좋은 지복의 커스터드 푸딩)
PRD_649,AGE_004,30대 (커피나 차와 곁들이기 좋은 지복의 커스터드 푸딩)
PRD_649,AGE_007,60대 (부드럽게 즐기기 좋은 지복의 커스터드 푸딩)
PRD_650,AGE_002,10대 (부담 없이 즐기는 후카사쿠 멜론 젤리 9개입 간식)
PRD_650,AGE_003,20대 (가볍게 나눠 먹기 좋은 후카사쿠 멜론 젤리 9개입)
PRD_650,AGE_004,30대 (커피나 차와 곁들이기 좋은 후카사쿠 멜론 젤리 9개입)
PRD_651,AGE_002,10대 (부담 없이 즐기는 골드 푸딩 간식)
PRD_651,AGE_003,20대 (가볍게 나눠 먹기 좋은 골드 푸딩)
PRD_651,AGE_004,30대 (커피나 차와 곁들이기 좋은 골드 푸딩)
PRD_651,AGE_007,60대 (부드럽게 즐기기 좋은 골드 푸딩)
PRD_652,AGE_002,10대 (부담 없이 즐기는 오쿠쿠지 사과 케이크 비교 세트 간식)
PRD_652,AGE_003,20대 (가볍게 나눠 먹기 좋은 오쿠쿠지 사과 케이크 비교 세트)
PRD_652,AGE_004,30대 (커피나 차와 곁들이기 좋은 오쿠쿠지 사과 케이크 비교 세트)
PRD_653,AGE_002,10대 (부담 없이 즐기는 인기 셀렉트 아이스 4종 8개 세트 간식)
PRD_653,AGE_003,20대 (가볍게 나눠 먹기 좋은 인기 셀렉트 아이스 4종 8개 세트)
PRD_653,AGE_004,30대 (커피나 차와 곁들이기 좋은 인기 셀렉트 아이스 4종 8개 세트)
PRD_654,AGE_002,10대 (부담 없이 즐기는 숯불 손구이 센베이 모둠 세트 간식)
PRD_654,AGE_003,20대 (가볍게 나눠 먹기 좋은 숯불 손구이 센베이 모둠 세트)
PRD_654,AGE_004,30대 (커피나 차와 곁들이기 좋은 숯불 손구이 센베이 모둠 세트)
PRD_654,AGE_005,40대 (전통 간식 선물로 무난한 숯불 손구이 센베이 모둠 세트)
PRD_654,AGE_006,50대 (익숙한 단맛을 선호하는 50대용 숯불 손구이 센베이 모둠 세트)
PRD_655,AGE_002,10대 (부담 없이 즐기는 스위트 마론 간식)
PRD_655,AGE_003,20대 (가볍게 나눠 먹기 좋은 스위트 마론)
PRD_655,AGE_004,30대 (커피나 차와 곁들이기 좋은 스위트 마론)
PRD_655,AGE_007,60대 (부드럽게 즐기기 좋은 스위트 마론)
PRD_656,AGE_002,10대 (부담 없이 즐기는 이바라키스 딸기 구미 20봉 간식)
PRD_656,AGE_003,20대 (가볍게 나눠 먹기 좋은 이바라키스 딸기 구미 20봉)
PRD_656,AGE_004,30대 (커피나 차와 곁들이기 좋은 이바라키스 딸기 구미 20봉)
PRD_657,AGE_002,10대 (새로운 맛을 즐기기 좋은 커피 봉봉 5개 세트)
PRD_657,AGE_003,20대 (친구와 나누기 좋은 커피 봉봉 5개 세트 음료)
PRD_657,AGE_004,30대 (가족과 함께 마시기 좋은 커피 봉봉 5개 세트)
PRD_658,AGE_002,10대 (부담 없이 즐기는 고르곤졸라 치즈케이크 간식)
PRD_658,AGE_003,20대 (가볍게 나눠 먹기 좋은 고르곤졸라 치즈케이크)
PRD_658,AGE_004,30대 (커피나 차와 곁들이기 좋은 고르곤졸라 치즈케이크)
PRD_659,AGE_002,10대 (부담 없이 즐기는 고구마 치즈케이크와 스위트포테이토 모둠 간식)
PRD_659,AGE_003,20대 (가볍게 나눠 먹기 좋은 고구마 치즈케이크와 스위트포테이토 모둠)
PRD_659,AGE_004,30대 (커피나 차와 곁들이기 좋은 고구마 치즈케이크와 스위트포테이토 모둠)
PRD_660,AGE_004,30대 (차 풍미를 부담 없이 즐기는 30대용 차 피낭시에와 멜론 피낭시에)
PRD_660,AGE_002,10대 (부담 없이 즐기는 차 피낭시에와 멜론 피낭시에 간식)
PRD_660,AGE_005,40대 (티타임 선물로 좋은 차 피낭시에와 멜론 피낭시에)
PRD_660,AGE_003,20대 (가볍게 나눠 먹기 좋은 차 피낭시에와 멜론 피낭시에)
PRD_660,AGE_006,50대 (차를 즐기는 50대에게 맞는 차 피낭시에와 멜론 피낭시에)
PRD_661,AGE_003,20대 (현지 주류를 경험하려는 20대에게 맞는 사와노후지 페일에일 6병)
PRD_661,AGE_004,30대 (취향을 나누기 좋은 사와노후지 페일에일 6병 술 선물)
PRD_661,AGE_005,40대 (격식 있게 고르기 좋은 사와노후지 페일에일 6병 주류)
PRD_661,AGE_006,50대 (천천히 즐기기 좋은 사와노후지 페일에일 6병)
PRD_662,AGE_003,20대 (현지 주류를 경험하려는 20대에게 맞는 마쓰자카리 히타치해변공원 라벨 세트)
PRD_662,AGE_004,30대 (취향을 나누기 좋은 마쓰자카리 히타치해변공원 라벨 세트 술 선물)
PRD_662,AGE_005,40대 (격식 있게 고르기 좋은 마쓰자카리 히타치해변공원 라벨 세트 주류)
PRD_662,AGE_006,50대 (천천히 즐기기 좋은 마쓰자카리 히타치해변공원 라벨 세트)
PRD_663,AGE_003,20대 (현지 주류를 경험하려는 20대에게 맞는 우시쿠샤토 맥주 3종 6병 세트)
PRD_663,AGE_004,30대 (취향을 나누기 좋은 우시쿠샤토 맥주 3종 6병 세트 술 선물)
PRD_663,AGE_005,40대 (격식 있게 고르기 좋은 우시쿠샤토 맥주 3종 6병 세트 주류)
PRD_663,AGE_006,50대 (천천히 즐기기 좋은 우시쿠샤토 맥주 3종 6병 세트)
PRD_664,AGE_004,30대 (집 꾸밈과 실용성을 함께 보는 30대용 유키맥주 크래프트비어 프리미엄 5병 세트)
PRD_664,AGE_005,40대 (격식 있는 선물로 어울리는 유키맥주 크래프트비어 프리미엄 5병 세트)
PRD_664,AGE_006,50대 (장인성과 전통미를 보는 50대용 유키맥주 크래프트비어 프리미엄 5병 세트)
PRD_664,AGE_007,60대 (지역 전통을 오래 즐기기 좋은 유키맥주 크래프트비어 프리미엄 5병 세트)
PRD_664,AGE_008,70대 이상 (소장 가치가 큰 유키맥주 크래프트비어 프리미엄 5병 세트 공예품)
PRD_665,AGE_004,30대 (집 꾸밈과 실용성을 함께 보는 30대용 하나노이 다이긴조 기리상자)
PRD_665,AGE_005,40대 (격식 있는 선물로 어울리는 하나노이 다이긴조 기리상자)
PRD_665,AGE_006,50대 (장인성과 전통미를 보는 50대용 하나노이 다이긴조 기리상자)
PRD_665,AGE_007,60대 (지역 전통을 오래 즐기기 좋은 하나노이 다이긴조 기리상자)
PRD_665,AGE_008,70대 이상 (소장 가치가 큰 하나노이 다이긴조 기리상자 공예품)
PRD_666,AGE_003,20대 (현지 주류를 경험하려는 20대에게 맞는 하냐노이 준마이주 2병 세트)
PRD_666,AGE_004,30대 (취향을 나누기 좋은 하냐노이 준마이주 2병 세트 술 선물)
PRD_666,AGE_005,40대 (격식 있게 고르기 좋은 하냐노이 준마이주 2병 세트 주류)
PRD_666,AGE_006,50대 (천천히 즐기기 좋은 하냐노이 준마이주 2병 세트)
PRD_667,AGE_003,20대 (현지 주류를 경험하려는 20대에게 맞는 쓰키노나미다 고구마 삼형제 소주)
PRD_667,AGE_004,30대 (취향을 나누기 좋은 쓰키노나미다 고구마 삼형제 소주 술 선물)
PRD_667,AGE_005,40대 (격식 있게 고르기 좋은 쓰키노나미다 고구마 삼형제 소주 주류)
PRD_667,AGE_006,50대 (천천히 즐기기 좋은 쓰키노나미다 고구마 삼형제 소주)
PRD_668,AGE_004,30대 (집 꾸밈과 실용성을 함께 보는 30대용 미쓰쿠니 다이긴조와 히타치 와인 세트)
PRD_668,AGE_005,40대 (격식 있는 선물로 어울리는 미쓰쿠니 다이긴조와 히타치 와인 세트)
PRD_668,AGE_006,50대 (장인성과 전통미를 보는 50대용 미쓰쿠니 다이긴조와 히타치 와인 세트)
PRD_668,AGE_007,60대 (지역 전통을 오래 즐기기 좋은 미쓰쿠니 다이긴조와 히타치 와인 세트)
PRD_668,AGE_008,70대 이상 (소장 가치가 큰 미쓰쿠니 다이긴조와 히타치 와인 세트 공예품)
PRD_669,AGE_004,30대 (집 꾸밈과 실용성을 함께 보는 30대용 아이유 다이긴조 감평회 출품주)
PRD_669,AGE_005,40대 (격식 있는 선물로 어울리는 아이유 다이긴조 감평회 출품주)
PRD_669,AGE_006,50대 (장인성과 전통미를 보는 50대용 아이유 다이긴조 감평회 출품주)
PRD_669,AGE_007,60대 (지역 전통을 오래 즐기기 좋은 아이유 다이긴조 감평회 출품주)
PRD_669,AGE_008,70대 이상 (소장 가치가 큰 아이유 다이긴조 감평회 출품주 공예품)
PRD_670,AGE_004,30대 (가족 식탁에 활용하기 좋은 소보로 낫토 네 개입)
PRD_670,AGE_005,40대 (지역 식재료에 관심 있는 40대용 소보로 낫토 네 개입)
PRD_670,AGE_003,20대 (사무실이나 친구 선물로 나누기 좋은 소보로 낫토 네 개입)
PRD_670,AGE_006,50대 (집밥과 곁들이기 좋은 소보로 낫토 네 개입)
PRD_670,AGE_007,60대 (건강과 품질을 함께 보는 60대용 소보로 낫토 네 개입)
PRD_671,AGE_004,30대 (가족 식탁에 활용하기 좋은 쓰쿠바햄 요구르트 세트)
PRD_671,AGE_005,40대 (지역 식재료에 관심 있는 40대용 쓰쿠바햄 요구르트 세트)
PRD_671,AGE_006,50대 (집밥과 곁들이기 좋은 쓰쿠바햄 요구르트 세트)
PRD_671,AGE_003,20대 (현지 맛을 직접 즐기기 좋은 쓰쿠바햄 요구르트 세트)
PRD_672,AGE_002,10대 (새로운 맛을 즐기기 좋은 자가제 리퀴드 커피 3병 기프트)
PRD_672,AGE_003,20대 (친구와 나누기 좋은 자가제 리퀴드 커피 3병 기프트 음료)
PRD_672,AGE_004,30대 (가족과 함께 마시기 좋은 자가제 리퀴드 커피 3병 기프트)
PRD_673,AGE_004,30대 (차 풍미를 부담 없이 즐기는 30대용 사시마차 엄선 5종 세트)
PRD_673,AGE_002,10대 (부담 없이 즐기는 사시마차 엄선 5종 세트 간식)
PRD_673,AGE_005,40대 (티타임 선물로 좋은 사시마차 엄선 5종 세트)
PRD_673,AGE_003,20대 (가볍게 나눠 먹기 좋은 사시마차 엄선 5종 세트)
PRD_673,AGE_006,50대 (차를 즐기는 50대에게 맞는 사시마차 엄선 5종 세트)
PRD_674,AGE_004,30대 (집 꾸밈과 실용성을 함께 보는 30대용 한정 고가 사시마차)
PRD_674,AGE_005,40대 (격식 있는 선물로 어울리는 한정 고가 사시마차)
PRD_674,AGE_006,50대 (장인성과 전통미를 보는 50대용 한정 고가 사시마차)
PRD_674,AGE_007,60대 (지역 전통을 오래 즐기기 좋은 한정 고가 사시마차)
PRD_675,AGE_004,30대 (차 풍미를 부담 없이 즐기는 30대용 사시마차 말차라떼 2상자 세트)
PRD_675,AGE_002,10대 (부담 없이 즐기는 사시마차 말차라떼 2상자 세트 간식)
PRD_675,AGE_005,40대 (티타임 선물로 좋은 사시마차 말차라떼 2상자 세트)
PRD_675,AGE_003,20대 (가볍게 나눠 먹기 좋은 사시마차 말차라떼 2상자 세트)
PRD_675,AGE_006,50대 (차를 즐기는 50대에게 맞는 사시마차 말차라떼 2상자 세트)
PRD_676,AGE_002,10대 (새로운 맛을 즐기기 좋은 사자커피 드립 아이스커피 6병 세트)
PRD_676,AGE_003,20대 (친구와 나누기 좋은 사자커피 드립 아이스커피 6병 세트 음료)
PRD_676,AGE_004,30대 (가족과 함께 마시기 좋은 사자커피 드립 아이스커피 6병 세트)
PRD_677,AGE_004,30대 (차 풍미를 부담 없이 즐기는 30대용 오쿠쿠지차 기프트)
PRD_677,AGE_002,10대 (부담 없이 즐기는 오쿠쿠지차 기프트 간식)
PRD_677,AGE_005,40대 (티타임 선물로 좋은 오쿠쿠지차 기프트)
PRD_677,AGE_003,20대 (가볍게 나눠 먹기 좋은 오쿠쿠지차 기프트)
PRD_677,AGE_006,50대 (차를 즐기는 50대에게 맞는 오쿠쿠지차 기프트)
PRD_678,AGE_004,30대 (집 꾸밈과 실용성을 함께 보는 30대용 미토 검은 투구)
PRD_678,AGE_005,40대 (격식 있는 선물로 어울리는 미토 검은 투구)
PRD_678,AGE_006,50대 (장인성과 전통미를 보는 50대용 미토 검은 투구)
PRD_678,AGE_007,60대 (지역 전통을 오래 즐기기 좋은 미토 검은 투구)
PRD_679,AGE_004,30대 (집 꾸밈과 실용성을 함께 보는 30대용 이바라키 향토공예 등나무 베개)
PRD_679,AGE_005,40대 (격식 있는 선물로 어울리는 이바라키 향토공예 등나무 베개)
PRD_679,AGE_006,50대 (장인성과 전통미를 보는 50대용 이바라키 향토공예 등나무 베개)
PRD_679,AGE_007,60대 (지역 전통을 오래 즐기기 좋은 이바라키 향토공예 등나무 베개)
PRD_680,AGE_004,30대 (집 꾸밈과 실용성을 함께 보는 30대용 히타치 주석기 텀블러 시라나미)
PRD_680,AGE_005,40대 (격식 있는 선물로 어울리는 히타치 주석기 텀블러 시라나미)
PRD_680,AGE_006,50대 (장인성과 전통미를 보는 50대용 히타치 주석기 텀블러 시라나미)
PRD_680,AGE_007,60대 (지역 전통을 오래 즐기기 좋은 히타치 주석기 텀블러 시라나미)
PRD_680,AGE_008,70대 이상 (소장 가치가 큰 히타치 주석기 텀블러 시라나미 공예품)
PRD_681,AGE_004,30대 (집 꾸밈과 실용성을 함께 보는 30대용 수차 삼나무 선향과 원컵 세트)
PRD_681,AGE_005,40대 (격식 있는 선물로 어울리는 수차 삼나무 선향과 원컵 세트)
PRD_681,AGE_006,50대 (장인성과 전통미를 보는 50대용 수차 삼나무 선향과 원컵 세트)
PRD_681,AGE_007,60대 (지역 전통을 오래 즐기기 좋은 수차 삼나무 선향과 원컵 세트)
PRD_682,AGE_004,30대 (집 꾸밈과 실용성을 함께 보는 30대용 콜럼버스 도마 히노키 대형)
PRD_682,AGE_005,40대 (격식 있는 선물로 어울리는 콜럼버스 도마 히노키 대형)
PRD_682,AGE_006,50대 (장인성과 전통미를 보는 50대용 콜럼버스 도마 히노키 대형)
PRD_682,AGE_007,60대 (지역 전통을 오래 즐기기 좋은 콜럼버스 도마 히노키 대형)
PRD_683,AGE_004,30대 (집 꾸밈과 실용성을 함께 보는 30대용 치유의 토끼 선물용 조각)
PRD_683,AGE_005,40대 (격식 있는 선물로 어울리는 치유의 토끼 선물용 조각)
PRD_683,AGE_006,50대 (장인성과 전통미를 보는 50대용 치유의 토끼 선물용 조각)
PRD_683,AGE_007,60대 (지역 전통을 오래 즐기기 좋은 치유의 토끼 선물용 조각)
PRD_683,AGE_003,20대 (디자인 감도가 있는 20대용 치유의 토끼 선물용 조각)
PRD_684,AGE_003,20대 (향과 분위기를 즐기는 20대용 낫토 비누)
PRD_684,AGE_004,30대 (여행 후 직접 써보기 좋은 낫토 비누)
PRD_684,AGE_005,40대 (생활용품 선물로 무난한 낫토 비누)
PRD_685,AGE_003,20대 (향과 분위기를 즐기는 20대용 낫토 로션)
PRD_685,AGE_004,30대 (여행 후 직접 써보기 좋은 낫토 로션)
PRD_685,AGE_005,40대 (생활용품 선물로 무난한 낫토 로션)
PRD_686,AGE_004,30대 (가족 식탁에 활용하기 좋은 반찬미소 참치미소)
PRD_686,AGE_005,40대 (지역 식재료에 관심 있는 40대용 반찬미소 참치미소)
PRD_686,AGE_006,50대 (집밥과 곁들이기 좋은 반찬미소 참치미소)
PRD_686,AGE_003,20대 (현지 맛을 직접 즐기기 좋은 반찬미소 참치미소)
PRD_687,AGE_004,30대 (가족 식탁에 활용하기 좋은 반찬미소 스태미나 돼지고기미소)
PRD_687,AGE_005,40대 (지역 식재료에 관심 있는 40대용 반찬미소 스태미나 돼지고기미소)
PRD_687,AGE_006,50대 (집밥과 곁들이기 좋은 반찬미소 스태미나 돼지고기미소)
PRD_687,AGE_003,20대 (현지 맛을 직접 즐기기 좋은 반찬미소 스태미나 돼지고기미소)
PRD_688,AGE_003,20대 (여행 기념으로 고르기 쉬운 이시가키섬산 파인애플 4kg)
PRD_688,AGE_004,30대 (가족과 함께 쓰기 좋은 이시가키섬산 파인애플 4kg)
PRD_688,AGE_005,40대 (실용적인 선물로 무난한 이시가키섬산 파인애플 4kg)
PRD_689,AGE_004,30대 (집 꾸밈과 실용성을 함께 보는 30대용 코무공방 머그컵 2)
PRD_689,AGE_005,40대 (격식 있는 선물로 어울리는 코무공방 머그컵 2)
PRD_689,AGE_006,50대 (장인성과 전통미를 보는 50대용 코무공방 머그컵 2)
PRD_689,AGE_007,60대 (지역 전통을 오래 즐기기 좋은 코무공방 머그컵 2)
PRD_690,AGE_004,30대 (집 꾸밈과 실용성을 함께 보는 30대용 코무공방 삼점오촌 소바치)
PRD_690,AGE_005,40대 (격식 있는 선물로 어울리는 코무공방 삼점오촌 소바치)
PRD_690,AGE_006,50대 (장인성과 전통미를 보는 50대용 코무공방 삼점오촌 소바치)
PRD_690,AGE_007,60대 (지역 전통을 오래 즐기기 좋은 코무공방 삼점오촌 소바치)
PRD_691,AGE_004,30대 (가족 식탁에 활용하기 좋은 쿠스 미소)
PRD_691,AGE_005,40대 (지역 식재료에 관심 있는 40대용 쿠스 미소)
PRD_691,AGE_006,50대 (집밥과 곁들이기 좋은 쿠스 미소)
PRD_691,AGE_003,20대 (현지 맛을 직접 즐기기 좋은 쿠스 미소)
PRD_692,AGE_002,10대 (부담 없이 즐기는 자색고구마 잼 간식)
PRD_692,AGE_003,20대 (가볍게 나눠 먹기 좋은 자색고구마 잼)
PRD_692,AGE_005,40대 (지역 식재료에 관심 있는 40대용 자색고구마 잼)
PRD_692,AGE_004,30대 (커피나 차와 곁들이기 좋은 자색고구마 잼)
PRD_692,AGE_006,50대 (집밥과 곁들이기 좋은 자색고구마 잼)
PRD_693,AGE_004,30대 (집 꾸밈과 실용성을 함께 보는 30대용 다로가마 평접시)
PRD_693,AGE_005,40대 (격식 있는 선물로 어울리는 다로가마 평접시)
PRD_693,AGE_006,50대 (장인성과 전통미를 보는 50대용 다로가마 평접시)
PRD_693,AGE_007,60대 (지역 전통을 오래 즐기기 좋은 다로가마 평접시)
PRD_694,AGE_004,30대 (가족 식탁에 활용하기 좋은 타코라이스 소스)
PRD_694,AGE_005,40대 (지역 식재료에 관심 있는 40대용 타코라이스 소스)
PRD_694,AGE_006,50대 (집밥과 곁들이기 좋은 타코라이스 소스)
PRD_694,AGE_003,20대 (현지 맛을 직접 즐기기 좋은 타코라이스 소스)
PRD_695,AGE_004,30대 (가족 식탁에 활용하기 좋은 히바치 향신료)
PRD_695,AGE_005,40대 (지역 식재료에 관심 있는 40대용 히바치 향신료)
PRD_695,AGE_006,50대 (집밥과 곁들이기 좋은 히바치 향신료)
PRD_695,AGE_003,20대 (현지 맛을 직접 즐기기 좋은 히바치 향신료)
PRD_696,AGE_004,30대 (집 꾸밈과 실용성을 함께 보는 30대용 다로가마 술잔)
PRD_696,AGE_005,40대 (격식 있는 선물로 어울리는 다로가마 술잔)
PRD_696,AGE_006,50대 (장인성과 전통미를 보는 50대용 다로가마 술잔)
PRD_696,AGE_007,60대 (지역 전통을 오래 즐기기 좋은 다로가마 술잔)
PRD_697,AGE_004,30대 (집 꾸밈과 실용성을 함께 보는 30대용 코노하가마 꽃무늬 머그컵)
PRD_697,AGE_005,40대 (격식 있는 선물로 어울리는 코노하가마 꽃무늬 머그컵)
PRD_697,AGE_006,50대 (장인성과 전통미를 보는 50대용 코노하가마 꽃무늬 머그컵)
PRD_697,AGE_007,60대 (지역 전통을 오래 즐기기 좋은 코노하가마 꽃무늬 머그컵)
PRD_697,AGE_003,20대 (디자인 감도가 있는 20대용 코노하가마 꽃무늬 머그컵)
PRD_698,AGE_004,30대 (집 꾸밈과 실용성을 함께 보는 30대용 코노하가마 민사 무늬 찻잔 갈색)
PRD_698,AGE_005,40대 (격식 있는 선물로 어울리는 코노하가마 민사 무늬 찻잔 갈색)
PRD_698,AGE_006,50대 (장인성과 전통미를 보는 50대용 코노하가마 민사 무늬 찻잔 갈색)
PRD_698,AGE_007,60대 (지역 전통을 오래 즐기기 좋은 코노하가마 민사 무늬 찻잔 갈색)
PRD_698,AGE_003,20대 (디자인 감도가 있는 20대용 코노하가마 민사 무늬 찻잔 갈색)
PRD_699,AGE_004,30대 (집 꾸밈과 실용성을 함께 보는 30대용 흰배뜸부기 머그컵 흰색)
PRD_699,AGE_005,40대 (격식 있는 선물로 어울리는 흰배뜸부기 머그컵 흰색)
PRD_699,AGE_006,50대 (장인성과 전통미를 보는 50대용 흰배뜸부기 머그컵 흰색)
PRD_699,AGE_007,60대 (지역 전통을 오래 즐기기 좋은 흰배뜸부기 머그컵 흰색)
PRD_699,AGE_003,20대 (디자인 감도가 있는 20대용 흰배뜸부기 머그컵 흰색)
PRD_700,AGE_004,30대 (집 꾸밈과 실용성을 함께 보는 30대용 흰배뜸부기 프리컵 갈색)
PRD_700,AGE_005,40대 (격식 있는 선물로 어울리는 흰배뜸부기 프리컵 갈색)
PRD_700,AGE_006,50대 (장인성과 전통미를 보는 50대용 흰배뜸부기 프리컵 갈색)
PRD_700,AGE_007,60대 (지역 전통을 오래 즐기기 좋은 흰배뜸부기 프리컵 갈색)
PRD_700,AGE_003,20대 (디자인 감도가 있는 20대용 흰배뜸부기 프리컵 갈색)
PRD_701,AGE_004,30대 (집 꾸밈과 실용성을 함께 보는 30대용 민사 무늬 프리컵)
PRD_701,AGE_005,40대 (격식 있는 선물로 어울리는 민사 무늬 프리컵)
PRD_701,AGE_006,50대 (장인성과 전통미를 보는 50대용 민사 무늬 프리컵)
PRD_701,AGE_007,60대 (지역 전통을 오래 즐기기 좋은 민사 무늬 프리컵)
PRD_701,AGE_003,20대 (디자인 감도가 있는 20대용 민사 무늬 프리컵)
PRD_702,AGE_004,30대 (가족 식탁에 활용하기 좋은 이시가키 소금 180g)
PRD_702,AGE_005,40대 (지역 식재료에 관심 있는 40대용 이시가키 소금 180g)
PRD_702,AGE_006,50대 (집밥과 곁들이기 좋은 이시가키 소금 180g)
PRD_702,AGE_003,20대 (현지 맛을 직접 즐기기 좋은 이시가키 소금 180g)
PRD_703,AGE_002,10대 (부담 없이 즐기는 생강 흑당 간식)
PRD_703,AGE_003,20대 (가볍게 나눠 먹기 좋은 생강 흑당)
PRD_703,AGE_004,30대 (커피나 차와 곁들이기 좋은 생강 흑당)
PRD_704,AGE_002,10대 (부담 없이 즐기는 땅콩 흑당 간식)
PRD_704,AGE_003,20대 (가볍게 나눠 먹기 좋은 땅콩 흑당)
PRD_704,AGE_004,30대 (커피나 차와 곁들이기 좋은 땅콩 흑당)
PRD_705,AGE_002,10대 (새로운 맛을 즐기기 좋은 구운 쇼콜라 이시가키 소금 친스코 상자)
PRD_705,AGE_003,20대 (친구와 나누기 좋은 구운 쇼콜라 이시가키 소금 친스코 상자 음료)
PRD_705,AGE_004,30대 (가족과 함께 마시기 좋은 구운 쇼콜라 이시가키 소금 친스코 상자)
PRD_706,AGE_002,10대 (부담 없이 즐기는 야에야마 친스코 3종 봉지 간식)
PRD_706,AGE_003,20대 (가볍게 나눠 먹기 좋은 야에야마 친스코 3종 봉지)
PRD_706,AGE_004,30대 (커피나 차와 곁들이기 좋은 야에야마 친스코 3종 봉지)
PRD_706,AGE_005,40대 (전통 간식 선물로 무난한 야에야마 친스코 3종 봉지)
PRD_706,AGE_006,50대 (익숙한 단맛을 선호하는 50대용 야에야마 친스코 3종 봉지)
PRD_707,AGE_004,30대 (집 꾸밈과 실용성을 함께 보는 30대용 마린블루 작은 접시)
PRD_707,AGE_005,40대 (격식 있는 선물로 어울리는 마린블루 작은 접시)
PRD_707,AGE_006,50대 (장인성과 전통미를 보는 50대용 마린블루 작은 접시)
PRD_707,AGE_007,60대 (지역 전통을 오래 즐기기 좋은 마린블루 작은 접시)
PRD_708,AGE_002,10대 (부담 없이 즐기는 이시가키섬 엔젤 브라운 케이크 간식)
PRD_708,AGE_003,20대 (가볍게 나눠 먹기 좋은 이시가키섬 엔젤 브라운 케이크)
PRD_708,AGE_004,30대 (커피나 차와 곁들이기 좋은 이시가키섬 엔젤 브라운 케이크)
PRD_708,AGE_007,60대 (부드럽게 즐기기 좋은 이시가키섬 엔젤 브라운 케이크)
PRD_709,AGE_002,10대 (부담 없이 즐기는 이시가키섬 바나나 케이크 간식)
PRD_709,AGE_003,20대 (가볍게 나눠 먹기 좋은 이시가키섬 바나나 케이크)
PRD_709,AGE_004,30대 (커피나 차와 곁들이기 좋은 이시가키섬 바나나 케이크)
PRD_710,AGE_004,30대 (차 풍미를 부담 없이 즐기는 30대용 태양의 차 10포)
PRD_710,AGE_005,40대 (티타임 선물로 좋은 태양의 차 10포)
PRD_710,AGE_006,50대 (차를 즐기는 50대에게 맞는 태양의 차 10포)
PRD_710,AGE_007,60대 (은은한 향을 선호하는 60대용 태양의 차 10포)
PRD_711,AGE_004,30대 (차 풍미를 부담 없이 즐기는 30대용 월도차 10포)
PRD_711,AGE_005,40대 (티타임 선물로 좋은 월도차 10포)
PRD_711,AGE_006,50대 (차를 즐기는 50대에게 맞는 월도차 10포)
PRD_711,AGE_007,60대 (은은한 향을 선호하는 60대용 월도차 10포)
PRD_712,AGE_002,10대 (새로운 맛을 즐기기 좋은 망고 주스)
PRD_712,AGE_003,20대 (친구와 나누기 좋은 망고 주스 음료)
PRD_712,AGE_004,30대 (가족과 함께 마시기 좋은 망고 주스)
PRD_713,AGE_004,30대 (집 꾸밈과 실용성을 함께 보는 30대용 민사 무늬 류큐유리 록글라스 파랑)
PRD_713,AGE_005,40대 (격식 있는 선물로 어울리는 민사 무늬 류큐유리 록글라스 파랑)
PRD_713,AGE_006,50대 (장인성과 전통미를 보는 50대용 민사 무늬 류큐유리 록글라스 파랑)
PRD_713,AGE_007,60대 (지역 전통을 오래 즐기기 좋은 민사 무늬 류큐유리 록글라스 파랑)
PRD_713,AGE_003,20대 (디자인 감도가 있는 20대용 민사 무늬 류큐유리 록글라스 파랑)
PRD_714,AGE_003,20대 (여행 기념으로 고르기 쉬운 이시가키섬 허브티 로젤)
PRD_714,AGE_004,30대 (가족과 함께 쓰기 좋은 이시가키섬 허브티 로젤)
PRD_714,AGE_005,40대 (실용적인 선물로 무난한 이시가키섬 허브티 로젤)
PRD_715,AGE_005,40대 (건강 소재를 챙기기 좋은 야에야마 클로렐라 알 620정)
PRD_715,AGE_006,50대 (부모님 세대에 맞는 야에야마 클로렐라 알 620정)
PRD_715,AGE_007,60대 (부담 없이 꾸준히 먹기 좋은 야에야마 클로렐라 알 620정)
PRD_715,AGE_008,70대 이상 (건강 이미지를 중시하는 고연령층용 야에야마 클로렐라 알 620정)
PRD_716,AGE_004,30대 (집 꾸밈과 실용성을 함께 보는 30대용 민사 꽃병받침 소형 니라이카나이)
PRD_716,AGE_005,40대 (격식 있는 선물로 어울리는 민사 꽃병받침 소형 니라이카나이)
PRD_716,AGE_006,50대 (장인성과 전통미를 보는 50대용 민사 꽃병받침 소형 니라이카나이)
PRD_716,AGE_007,60대 (지역 전통을 오래 즐기기 좋은 민사 꽃병받침 소형 니라이카나이)
PRD_716,AGE_003,20대 (디자인 감도가 있는 20대용 민사 꽃병받침 소형 니라이카나이)
PRD_717,AGE_004,30대 (집 꾸밈과 실용성을 함께 보는 30대용 민사 유이주머니 미니 노보탄)
PRD_717,AGE_005,40대 (격식 있는 선물로 어울리는 민사 유이주머니 미니 노보탄)
PRD_717,AGE_006,50대 (장인성과 전통미를 보는 50대용 민사 유이주머니 미니 노보탄)
PRD_717,AGE_007,60대 (지역 전통을 오래 즐기기 좋은 민사 유이주머니 미니 노보탄)
PRD_717,AGE_003,20대 (디자인 감도가 있는 20대용 민사 유이주머니 미니 노보탄)
PRD_718,AGE_004,30대 (집 꾸밈과 실용성을 함께 보는 30대용 민사 무늬 류큐유리 록글라스 빨강)
PRD_718,AGE_005,40대 (격식 있는 선물로 어울리는 민사 무늬 류큐유리 록글라스 빨강)
PRD_718,AGE_006,50대 (장인성과 전통미를 보는 50대용 민사 무늬 류큐유리 록글라스 빨강)
PRD_718,AGE_007,60대 (지역 전통을 오래 즐기기 좋은 민사 무늬 류큐유리 록글라스 빨강)
PRD_718,AGE_003,20대 (디자인 감도가 있는 20대용 민사 무늬 류큐유리 록글라스 빨강)
PRD_719,AGE_003,20대 (향과 분위기를 즐기는 20대용 이시가키섬 월도수)
PRD_719,AGE_002,10대 (새로운 맛을 즐기기 좋은 이시가키섬 월도수)
PRD_719,AGE_004,30대 (여행 후 직접 써보기 좋은 이시가키섬 월도수)
PRD_719,AGE_005,40대 (생활용품 선물로 무난한 이시가키섬 월도수)
PRD_719,AGE_006,50대 (자연 향을 선호하는 이시가키섬 월도수)
PRD_720,AGE_003,20대 (향과 분위기를 즐기는 20대용 이시가키섬 월도 에센셜오일)
PRD_720,AGE_004,30대 (여행 후 직접 써보기 좋은 이시가키섬 월도 에센셜오일)
PRD_720,AGE_005,40대 (생활용품 선물로 무난한 이시가키섬 월도 에센셜오일)
PRD_720,AGE_006,50대 (자연 향을 선호하는 이시가키섬 월도 에센셜오일)
PRD_721,AGE_003,20대 (향과 분위기를 즐기는 20대용 배스 더 바캉스 나이트재스민 향)
PRD_721,AGE_004,30대 (여행 후 직접 써보기 좋은 배스 더 바캉스 나이트재스민 향)
PRD_721,AGE_005,40대 (생활용품 선물로 무난한 배스 더 바캉스 나이트재스민 향)
PRD_722,AGE_003,20대 (향과 분위기를 즐기는 20대용 배스 더 바캉스 시콰사 향)
PRD_722,AGE_004,30대 (여행 후 직접 써보기 좋은 배스 더 바캉스 시콰사 향)
PRD_722,AGE_005,40대 (생활용품 선물로 무난한 배스 더 바캉스 시콰사 향)
PRD_723,AGE_002,10대 (가볍게 소장하기 좋은 2026년판 야에야마 수첩)
PRD_723,AGE_003,20대 (친구 선물로 고르기 쉬운 2026년판 야에야마 수첩)
PRD_723,AGE_004,30대 (일상에서 활용하기 좋은 2026년판 야에야마 수첩)
PRD_724,AGE_004,30대 (가족 식탁에 활용하기 좋은 다케토미섬 다카나여관 피야시)
PRD_724,AGE_005,40대 (지역 식재료에 관심 있는 40대용 다케토미섬 다카나여관 피야시)
PRD_724,AGE_006,50대 (집밥과 곁들이기 좋은 다케토미섬 다카나여관 피야시)
PRD_724,AGE_003,20대 (현지 맛을 직접 즐기기 좋은 다케토미섬 다카나여관 피야시)
PRD_725,AGE_004,30대 (집 꾸밈과 실용성을 함께 보는 30대용 요네코야키 시사 와하 소형)
PRD_725,AGE_001,10세 미만 (시각적 재미가 있는 요네코야키 시사 와하 소형)
PRD_725,AGE_002,10대 (캐릭터 굿즈를 좋아하는 10대용 요네코야키 시사 와하 소형)
PRD_725,AGE_005,40대 (격식 있는 선물로 어울리는 요네코야키 시사 와하 소형)
PRD_725,AGE_006,50대 (장인성과 전통미를 보는 50대용 요네코야키 시사 와하 소형)
PRD_726,AGE_004,30대 (집 꾸밈과 실용성을 함께 보는 30대용 요네코야키 초록 태양 가면)
PRD_726,AGE_005,40대 (격식 있는 선물로 어울리는 요네코야키 초록 태양 가면)
PRD_726,AGE_006,50대 (장인성과 전통미를 보는 50대용 요네코야키 초록 태양 가면)
PRD_726,AGE_007,60대 (지역 전통을 오래 즐기기 좋은 요네코야키 초록 태양 가면)
PRD_727,AGE_004,30대 (집 꾸밈과 실용성을 함께 보는 30대용 난잔샤 오리지널 섬문자 스티커 네 종류)
PRD_727,AGE_005,40대 (격식 있는 선물로 어울리는 난잔샤 오리지널 섬문자 스티커 네 종류)
PRD_727,AGE_002,10대 (가볍게 소장하기 좋은 난잔샤 오리지널 섬문자 스티커 네 종류)
PRD_727,AGE_003,20대 (친구 선물로 고르기 쉬운 난잔샤 오리지널 섬문자 스티커 네 종류)
PRD_727,AGE_006,50대 (장인성과 전통미를 보는 50대용 난잔샤 오리지널 섬문자 스티커 네 종류)
PRD_728,AGE_004,30대 (집 꾸밈과 실용성을 함께 보는 30대용 꽃의 대륙 협업 티셔츠)
PRD_728,AGE_005,40대 (격식 있는 선물로 어울리는 꽃의 대륙 협업 티셔츠)
PRD_728,AGE_002,10대 (가볍게 소장하기 좋은 꽃의 대륙 협업 티셔츠)
PRD_728,AGE_006,50대 (장인성과 전통미를 보는 50대용 꽃의 대륙 협업 티셔츠)
PRD_728,AGE_007,60대 (지역 전통을 오래 즐기기 좋은 꽃의 대륙 협업 티셔츠)
PRD_729,AGE_005,40대 (건강 소재를 챙기기 좋은 이리오모테섬 에코투어리즘협회 오리지널 손수건 다섯 종류)
PRD_729,AGE_006,50대 (부모님 세대에 맞는 이리오모테섬 에코투어리즘협회 오리지널 손수건 다섯 종류)
PRD_729,AGE_002,10대 (가볍게 소장하기 좋은 이리오모테섬 에코투어리즘협회 오리지널 손수건 다섯 종류)
PRD_729,AGE_003,20대 (친구 선물로 고르기 쉬운 이리오모테섬 에코투어리즘협회 오리지널 손수건 다섯 종류)
PRD_729,AGE_007,60대 (부담 없이 꾸준히 먹기 좋은 이리오모테섬 에코투어리즘협회 오리지널 손수건 다섯 종류)
PRD_730,AGE_004,30대 (집 꾸밈과 실용성을 함께 보는 30대용 이리오모테섬 손기술첩 이호)
PRD_730,AGE_005,40대 (격식 있는 선물로 어울리는 이리오모테섬 손기술첩 이호)
PRD_730,AGE_006,50대 (장인성과 전통미를 보는 50대용 이리오모테섬 손기술첩 이호)
PRD_730,AGE_007,60대 (지역 전통을 오래 즐기기 좋은 이리오모테섬 손기술첩 이호)
PRD_731,AGE_002,10대 (가볍게 소장하기 좋은 후코라사 타월 핑크)
PRD_731,AGE_003,20대 (친구 선물로 고르기 쉬운 후코라사 타월 핑크)
PRD_731,AGE_004,30대 (일상에서 활용하기 좋은 후코라사 타월 핑크)
PRD_732,AGE_001,10세 미만 (시각적 재미가 있는 야에야마 캐릭터 핸드타월)
PRD_732,AGE_002,10대 (캐릭터 굿즈를 좋아하는 10대용 야에야마 캐릭터 핸드타월)
PRD_732,AGE_003,20대 (친구 선물로 고르기 쉬운 야에야마 캐릭터 핸드타월)
PRD_732,AGE_004,30대 (일상에서 활용하기 좋은 야에야마 캐릭터 핸드타월)
PRD_733,AGE_004,30대 (집 꾸밈과 실용성을 함께 보는 30대용 앙가마 부부 록글라스)
PRD_733,AGE_001,10세 미만 (시각적 재미가 있는 앙가마 부부 록글라스)
PRD_733,AGE_002,10대 (캐릭터 굿즈를 좋아하는 10대용 앙가마 부부 록글라스)
PRD_733,AGE_005,40대 (격식 있는 선물로 어울리는 앙가마 부부 록글라스)
PRD_733,AGE_006,50대 (장인성과 전통미를 보는 50대용 앙가마 부부 록글라스)
PRD_734,AGE_004,30대 (집 꾸밈과 실용성을 함께 보는 30대용 시사 형제 록글라스)
PRD_734,AGE_001,10세 미만 (시각적 재미가 있는 시사 형제 록글라스)
PRD_734,AGE_002,10대 (캐릭터 굿즈를 좋아하는 10대용 시사 형제 록글라스)
PRD_734,AGE_005,40대 (격식 있는 선물로 어울리는 시사 형제 록글라스)
PRD_734,AGE_006,50대 (장인성과 전통미를 보는 50대용 시사 형제 록글라스)
PRD_735,AGE_005,40대 (건강 소재를 챙기기 좋은 야에야마 클로렐라 알 300정)
PRD_735,AGE_006,50대 (부모님 세대에 맞는 야에야마 클로렐라 알 300정)
PRD_735,AGE_003,20대 (사무실이나 친구 선물로 나누기 좋은 야에야마 클로렐라 알 300정)
PRD_735,AGE_007,60대 (부담 없이 꾸준히 먹기 좋은 야에야마 클로렐라 알 300정)
PRD_735,AGE_004,30대 (부담 없이 배포하기 좋은 야에야마 클로렐라 알 300정)
PRD_736,AGE_001,10세 미만 (귀여운 비주얼의 카프 갓파에비센 카프소스맛)
PRD_736,AGE_002,10대 (가볍게 즐기기 좋은 카프 갓파에비센 카프소스맛 간식)
PRD_736,AGE_003,20대 (가볍게 나눠 먹기 좋은 카프 갓파에비센 카프소스맛)
PRD_736,AGE_004,30대 (커피나 차와 곁들이기 좋은 카프 갓파에비센 카프소스맛)
PRD_737,AGE_004,30대 (가족 식탁에 활용하기 좋은 세토우치 레몬농원 드레싱)
PRD_737,AGE_005,40대 (지역 식재료에 관심 있는 40대용 세토우치 레몬농원 드레싱)
PRD_737,AGE_006,50대 (집밥과 곁들이기 좋은 세토우치 레몬농원 드레싱)
PRD_737,AGE_003,20대 (현지 맛을 직접 즐기기 좋은 세토우치 레몬농원 드레싱)
PRD_738,AGE_004,30대 (가족 식탁에 활용하기 좋은 붕장어 산초 솥밥 소스)
PRD_738,AGE_005,40대 (지역 식재료에 관심 있는 40대용 붕장어 산초 솥밥 소스)
PRD_738,AGE_006,50대 (집밥과 곁들이기 좋은 붕장어 산초 솥밥 소스)
PRD_738,AGE_003,20대 (현지 맛을 직접 즐기기 좋은 붕장어 산초 솥밥 소스)
PRD_739,AGE_004,30대 (가족 식탁에 활용하기 좋은 오노미치 라멘 마루보시 2식 상자)
PRD_739,AGE_005,40대 (지역 식재료에 관심 있는 40대용 오노미치 라멘 마루보시 2식 상자)
PRD_739,AGE_006,50대 (집밥과 곁들이기 좋은 오노미치 라멘 마루보시 2식 상자)
PRD_739,AGE_003,20대 (현지 맛을 직접 즐기기 좋은 오노미치 라멘 마루보시 2식 상자)
PRD_740,AGE_004,30대 (가족 식탁에 활용하기 좋은 히로시마나 다시마)
PRD_740,AGE_005,40대 (지역 식재료에 관심 있는 40대용 히로시마나 다시마)
PRD_740,AGE_006,50대 (집밥과 곁들이기 좋은 히로시마나 다시마)
PRD_740,AGE_003,20대 (현지 맛을 직접 즐기기 좋은 히로시마나 다시마)
PRD_741,AGE_004,30대 (차 풍미를 부담 없이 즐기는 30대용 직화솥 생강홍차)
PRD_741,AGE_005,40대 (티타임 선물로 좋은 직화솥 생강홍차)
PRD_741,AGE_006,50대 (차를 즐기는 50대에게 맞는 직화솥 생강홍차)
PRD_741,AGE_007,60대 (은은한 향을 선호하는 60대용 직화솥 생강홍차)
PRD_742,AGE_005,40대 (건강 소재를 챙기기 좋은 무인도 유기농 레몬과즙)
PRD_742,AGE_006,50대 (부모님 세대에 맞는 무인도 유기농 레몬과즙)
PRD_742,AGE_007,60대 (부담 없이 꾸준히 먹기 좋은 무인도 유기농 레몬과즙)
PRD_743,AGE_003,20대 (여행 기념으로 고르기 쉬운 세토우치 레몬 무절임)
PRD_743,AGE_004,30대 (가족과 함께 쓰기 좋은 세토우치 레몬 무절임)
PRD_743,AGE_005,40대 (실용적인 선물로 무난한 세토우치 레몬 무절임)
PRD_744,AGE_004,30대 (가족 식탁에 활용하기 좋은 요리장의 고기 양념)
PRD_744,AGE_005,40대 (지역 식재료에 관심 있는 40대용 요리장의 고기 양념)
PRD_744,AGE_006,50대 (집밥과 곁들이기 좋은 요리장의 고기 양념)
PRD_744,AGE_003,20대 (현지 맛을 직접 즐기기 좋은 요리장의 고기 양념)
PRD_745,AGE_002,10대 (부담 없이 즐기는 세토우치 레몬크림 모미지 간식)
PRD_745,AGE_003,20대 (가볍게 나눠 먹기 좋은 세토우치 레몬크림 모미지)
PRD_745,AGE_004,30대 (커피나 차와 곁들이기 좋은 세토우치 레몬크림 모미지)
PRD_745,AGE_005,40대 (전통 간식 선물로 무난한 세토우치 레몬크림 모미지)
PRD_745,AGE_006,50대 (익숙한 단맛을 선호하는 50대용 세토우치 레몬크림 모미지)
PRD_746,AGE_002,10대 (부담 없이 즐기는 세토우치 귤크림 모미지 간식)
PRD_746,AGE_003,20대 (가볍게 나눠 먹기 좋은 세토우치 귤크림 모미지)
PRD_746,AGE_004,30대 (커피나 차와 곁들이기 좋은 세토우치 귤크림 모미지)
PRD_746,AGE_005,40대 (전통 간식 선물로 무난한 세토우치 귤크림 모미지)
PRD_746,AGE_006,50대 (익숙한 단맛을 선호하는 50대용 세토우치 귤크림 모미지)
PRD_747,AGE_002,10대 (부담 없이 즐기는 먹는 소금레몬 사탕 간식)
PRD_747,AGE_003,20대 (가볍게 나눠 먹기 좋은 먹는 소금레몬 사탕)
PRD_747,AGE_004,30대 (커피나 차와 곁들이기 좋은 먹는 소금레몬 사탕)
PRD_748,AGE_002,10대 (부담 없이 즐기는 히로시마 국물 없는 탄탄멘 아라레 간식)
PRD_748,AGE_003,20대 (가볍게 나눠 먹기 좋은 히로시마 국물 없는 탄탄멘 아라레)
PRD_748,AGE_004,30대 (커피나 차와 곁들이기 좋은 히로시마 국물 없는 탄탄멘 아라레)
PRD_749,AGE_002,10대 (부담 없이 즐기는 히로시마 오코노미소스 아라레 간식)
PRD_749,AGE_003,20대 (가볍게 나눠 먹기 좋은 히로시마 오코노미소스 아라레)
PRD_749,AGE_004,30대 (커피나 차와 곁들이기 좋은 히로시마 오코노미소스 아라레)
PRD_750,AGE_001,10세 미만 (귀여운 비주얼의 행복토끼 쿠키캔)
PRD_750,AGE_002,10대 (가볍게 즐기기 좋은 행복토끼 쿠키캔 간식)
PRD_750,AGE_003,20대 (가볍게 나눠 먹기 좋은 행복토끼 쿠키캔)
PRD_750,AGE_004,30대 (커피나 차와 곁들이기 좋은 행복토끼 쿠키캔)
PRD_751,AGE_002,10대 (부담 없이 즐기는 흑깨 콩가루 사탕 간식)
PRD_751,AGE_003,20대 (가볍게 나눠 먹기 좋은 흑깨 콩가루 사탕)
PRD_751,AGE_004,30대 (커피나 차와 곁들이기 좋은 흑깨 콩가루 사탕)
PRD_751,AGE_005,40대 (전통 간식 선물로 무난한 흑깨 콩가루 사탕)
PRD_751,AGE_006,50대 (익숙한 단맛을 선호하는 50대용 흑깨 콩가루 사탕)
PRD_752,AGE_002,10대 (부담 없이 즐기는 미하라 쌀가루 구움과자 간식)
PRD_752,AGE_003,20대 (가볍게 나눠 먹기 좋은 미하라 쌀가루 구움과자)
PRD_752,AGE_004,30대 (커피나 차와 곁들이기 좋은 미하라 쌀가루 구움과자)
PRD_752,AGE_007,60대 (부드럽게 즐기기 좋은 미하라 쌀가루 구움과자)
PRD_753,AGE_002,10대 (부담 없이 즐기는 레몬 팥 간식)
PRD_753,AGE_003,20대 (가볍게 나눠 먹기 좋은 레몬 팥)
PRD_753,AGE_004,30대 (커피나 차와 곁들이기 좋은 레몬 팥)
PRD_753,AGE_005,40대 (전통 간식 선물로 무난한 레몬 팥)
PRD_753,AGE_006,50대 (익숙한 단맛을 선호하는 50대용 레몬 팥)
PRD_754,AGE_002,10대 (부담 없이 즐기는 후지이야 초코 모미지 만주 간식)
PRD_754,AGE_003,20대 (가볍게 나눠 먹기 좋은 후지이야 초코 모미지 만주)
PRD_754,AGE_004,30대 (커피나 차와 곁들이기 좋은 후지이야 초코 모미지 만주)
PRD_754,AGE_005,40대 (전통 간식 선물로 무난한 후지이야 초코 모미지 만주)
PRD_754,AGE_006,50대 (익숙한 단맛을 선호하는 50대용 후지이야 초코 모미지 만주)
PRD_755,AGE_002,10대 (부담 없이 즐기는 야마다야 도요카 낱개 간식)
PRD_755,AGE_003,20대 (가볍게 나눠 먹기 좋은 야마다야 도요카 낱개)
PRD_755,AGE_004,30대 (커피나 차와 곁들이기 좋은 야마다야 도요카 낱개)
PRD_755,AGE_005,40대 (전통 간식 선물로 무난한 야마다야 도요카 낱개)
PRD_755,AGE_006,50대 (익숙한 단맛을 선호하는 50대용 야마다야 도요카 낱개)
PRD_756,AGE_002,10대 (부담 없이 즐기는 야마다야 모미지 패밀리 8개 상자 간식)
PRD_756,AGE_003,20대 (가볍게 나눠 먹기 좋은 야마다야 모미지 패밀리 8개 상자)
PRD_756,AGE_004,30대 (커피나 차와 곁들이기 좋은 야마다야 모미지 패밀리 8개 상자)
PRD_756,AGE_005,40대 (전통 간식 선물로 무난한 야마다야 모미지 패밀리 8개 상자)
PRD_756,AGE_006,50대 (익숙한 단맛을 선호하는 50대용 야마다야 모미지 패밀리 8개 상자)
PRD_757,AGE_002,10대 (부담 없이 즐기는 혼노보노 히로시마 레몬 쿠키 간식)
PRD_757,AGE_003,20대 (가볍게 나눠 먹기 좋은 혼노보노 히로시마 레몬 쿠키)
PRD_757,AGE_004,30대 (커피나 차와 곁들이기 좋은 혼노보노 히로시마 레몬 쿠키)
PRD_758,AGE_004,30대 (집 꾸밈과 실용성을 함께 보는 30대용 아게타군 아크릴 키홀더 도가아나모)
PRD_758,AGE_001,10세 미만 (시각적 재미가 있는 아게타군 아크릴 키홀더 도가아나모)
PRD_758,AGE_002,10대 (캐릭터 굿즈를 좋아하는 10대용 아게타군 아크릴 키홀더 도가아나모)
PRD_758,AGE_005,40대 (격식 있는 선물로 어울리는 아게타군 아크릴 키홀더 도가아나모)
PRD_758,AGE_006,50대 (장인성과 전통미를 보는 50대용 아게타군 아크릴 키홀더 도가아나모)
PRD_759,AGE_004,30대 (집 꾸밈과 실용성을 함께 보는 30대용 히로쿠마 피유 가죽 키홀더)
PRD_759,AGE_001,10세 미만 (시각적 재미가 있는 히로쿠마 피유 가죽 키홀더)
PRD_759,AGE_002,10대 (캐릭터 굿즈를 좋아하는 10대용 히로쿠마 피유 가죽 키홀더)
PRD_759,AGE_005,40대 (격식 있는 선물로 어울리는 히로쿠마 피유 가죽 키홀더)
PRD_759,AGE_006,50대 (장인성과 전통미를 보는 50대용 히로쿠마 피유 가죽 키홀더)
PRD_760,AGE_002,10대 (부담 없이 즐기는 후지이야 고시앙 모미지 만주 15개 상자 간식)
PRD_760,AGE_003,20대 (가볍게 나눠 먹기 좋은 후지이야 고시앙 모미지 만주 15개 상자)
PRD_760,AGE_004,30대 (커피나 차와 곁들이기 좋은 후지이야 고시앙 모미지 만주 15개 상자)
PRD_760,AGE_005,40대 (전통 간식 선물로 무난한 후지이야 고시앙 모미지 만주 15개 상자)
PRD_760,AGE_006,50대 (익숙한 단맛을 선호하는 50대용 후지이야 고시앙 모미지 만주 15개 상자)
PRD_761,AGE_001,10세 미만 (귀여운 비주얼의 그것 가라 카푸초 2026)
PRD_761,AGE_002,10대 (가볍게 즐기기 좋은 그것 가라 카푸초 2026 간식)
PRD_761,AGE_003,20대 (가볍게 나눠 먹기 좋은 그것 가라 카푸초 2026)
PRD_761,AGE_004,30대 (커피나 차와 곁들이기 좋은 그것 가라 카푸초 2026)
PRD_762,AGE_004,30대 (가족 식탁에 활용하기 좋은 황금 레몬 유즈코쇼)
PRD_762,AGE_005,40대 (지역 식재료에 관심 있는 40대용 황금 레몬 유즈코쇼)
PRD_762,AGE_006,50대 (집밥과 곁들이기 좋은 황금 레몬 유즈코쇼)
PRD_762,AGE_003,20대 (현지 맛을 직접 즐기기 좋은 황금 레몬 유즈코쇼)
PRD_763,AGE_002,10대 (부담 없이 즐기는 히로시마 레몬 스노볼 간식)
PRD_763,AGE_003,20대 (가볍게 나눠 먹기 좋은 히로시마 레몬 스노볼)
PRD_763,AGE_004,30대 (커피나 차와 곁들이기 좋은 히로시마 레몬 스노볼)
PRD_764,AGE_004,30대 (가족 식탁에 활용하기 좋은 피넛 페이스트)
PRD_764,AGE_005,40대 (지역 식재료에 관심 있는 40대용 피넛 페이스트)
PRD_764,AGE_006,50대 (집밥과 곁들이기 좋은 피넛 페이스트)
PRD_764,AGE_003,20대 (현지 맛을 직접 즐기기 좋은 피넛 페이스트)
PRD_765,AGE_004,30대 (가족 식탁에 활용하기 좋은 히로시마 생레몬식초)
PRD_765,AGE_005,40대 (지역 식재료에 관심 있는 40대용 히로시마 생레몬식초)
PRD_765,AGE_006,50대 (집밥과 곁들이기 좋은 히로시마 생레몬식초)
PRD_765,AGE_008,70대 이상 (건강 이미지를 중시하는 고연령층용 히로시마 생레몬식초)
PRD_765,AGE_007,60대 (건강과 품질을 함께 보는 60대용 히로시마 생레몬식초)
PRD_766,AGE_004,30대 (가족 식탁에 활용하기 좋은 사기섬 레몬소금)
PRD_766,AGE_005,40대 (지역 식재료에 관심 있는 40대용 사기섬 레몬소금)
PRD_766,AGE_006,50대 (집밥과 곁들이기 좋은 사기섬 레몬소금)
PRD_766,AGE_003,20대 (현지 맛을 직접 즐기기 좋은 사기섬 레몬소금)
PRD_767,AGE_002,10대 (새로운 맛을 즐기기 좋은 세토우치 핫사쿠 라무네)
PRD_767,AGE_003,20대 (친구와 나누기 좋은 세토우치 핫사쿠 라무네 음료)
PRD_767,AGE_004,30대 (가족과 함께 마시기 좋은 세토우치 핫사쿠 라무네)
PRD_768,AGE_002,10대 (새로운 맛을 즐기기 좋은 레모네이드 베이스)
PRD_768,AGE_003,20대 (친구와 나누기 좋은 레모네이드 베이스 음료)
PRD_768,AGE_004,30대 (가족과 함께 마시기 좋은 레모네이드 베이스)
PRD_769,AGE_003,20대 (여행 기념으로 고르기 쉬운 세토우치 레몬 야채수프)
PRD_769,AGE_004,30대 (가족과 함께 쓰기 좋은 세토우치 레몬 야채수프)
PRD_769,AGE_005,40대 (실용적인 선물로 무난한 세토우치 레몬 야채수프)
PRD_770,AGE_004,30대 (차 풍미를 부담 없이 즐기는 30대용 세토우치 레몬 레모네이드)
PRD_770,AGE_005,40대 (티타임 선물로 좋은 세토우치 레몬 레모네이드)
PRD_770,AGE_006,50대 (차를 즐기는 50대에게 맞는 세토우치 레몬 레모네이드)
PRD_770,AGE_007,60대 (은은한 향을 선호하는 60대용 세토우치 레몬 레모네이드)
PRD_770,AGE_003,20대 (현지 맛을 직접 즐기기 좋은 세토우치 레몬 레모네이드)
PRD_771,AGE_002,10대 (새로운 맛을 즐기기 좋은 레몬진저 베이스)
PRD_771,AGE_003,20대 (친구와 나누기 좋은 레몬진저 베이스 음료)
PRD_771,AGE_004,30대 (가족과 함께 마시기 좋은 레몬진저 베이스)
PRD_772,AGE_002,10대 (새로운 맛을 즐기기 좋은 카프 레모네이드)
PRD_772,AGE_003,20대 (친구와 나누기 좋은 카프 레모네이드 음료)
PRD_772,AGE_004,30대 (가족과 함께 마시기 좋은 카프 레모네이드)
PRD_773,AGE_004,30대 (집 꾸밈과 실용성을 함께 보는 30대용 미쓰야 나기 타우 아크릴 플레이트)
PRD_773,AGE_001,10세 미만 (시각적 재미가 있는 미쓰야 나기 타우 아크릴 플레이트)
PRD_773,AGE_002,10대 (캐릭터 굿즈를 좋아하는 10대용 미쓰야 나기 타우 아크릴 플레이트)
PRD_773,AGE_005,40대 (격식 있는 선물로 어울리는 미쓰야 나기 타우 아크릴 플레이트)
PRD_773,AGE_006,50대 (장인성과 전통미를 보는 50대용 미쓰야 나기 타우 아크릴 플레이트)
PRD_774,AGE_002,10대 (새로운 맛을 즐기기 좋은 오초 레모네이드)
PRD_774,AGE_003,20대 (친구와 나누기 좋은 오초 레모네이드 음료)
PRD_774,AGE_004,30대 (가족과 함께 마시기 좋은 오초 레모네이드)
PRD_775,AGE_004,30대 (가족 식탁에 활용하기 좋은 세토우치 파스타 레몬 카르보나라)
PRD_775,AGE_005,40대 (지역 식재료에 관심 있는 40대용 세토우치 파스타 레몬 카르보나라)
PRD_775,AGE_006,50대 (집밥과 곁들이기 좋은 세토우치 파스타 레몬 카르보나라)
PRD_775,AGE_003,20대 (현지 맛을 직접 즐기기 좋은 세토우치 파스타 레몬 카르보나라)
PRD_776,AGE_004,30대 (집 꾸밈과 실용성을 함께 보는 30대용 빙고가스리 인형 꽃)
PRD_776,AGE_005,40대 (격식 있는 선물로 어울리는 빙고가스리 인형 꽃)
PRD_776,AGE_006,50대 (장인성과 전통미를 보는 50대용 빙고가스리 인형 꽃)
PRD_776,AGE_007,60대 (지역 전통을 오래 즐기기 좋은 빙고가스리 인형 꽃)
PRD_776,AGE_003,20대 (디자인 감도가 있는 20대용 빙고가스리 인형 꽃)
PRD_777,AGE_004,30대 (집 꾸밈과 실용성을 함께 보는 30대용 빙고가스리 인형 아야토리)
PRD_777,AGE_005,40대 (격식 있는 선물로 어울리는 빙고가스리 인형 아야토리)
PRD_777,AGE_006,50대 (장인성과 전통미를 보는 50대용 빙고가스리 인형 아야토리)
PRD_777,AGE_007,60대 (지역 전통을 오래 즐기기 좋은 빙고가스리 인형 아야토리)
PRD_777,AGE_008,70대 이상 (소장 가치가 큰 빙고가스리 인형 아야토리 공예품)
PRD_778,AGE_001,10세 미만 (시각적 재미가 있는 아게타군 토트백)
PRD_778,AGE_002,10대 (캐릭터 굿즈를 좋아하는 10대용 아게타군 토트백)
PRD_778,AGE_003,20대 (친구 선물로 고르기 쉬운 아게타군 토트백)
PRD_778,AGE_004,30대 (일상에서 활용하기 좋은 아게타군 토트백)
PRD_779,AGE_004,30대 (집 꾸밈과 실용성을 함께 보는 30대용 히로쿠마 얼굴 목제 키홀더)
PRD_779,AGE_001,10세 미만 (시각적 재미가 있는 히로쿠마 얼굴 목제 키홀더)
PRD_779,AGE_002,10대 (캐릭터 굿즈를 좋아하는 10대용 히로쿠마 얼굴 목제 키홀더)
PRD_779,AGE_005,40대 (격식 있는 선물로 어울리는 히로쿠마 얼굴 목제 키홀더)
PRD_779,AGE_006,50대 (장인성과 전통미를 보는 50대용 히로쿠마 얼굴 목제 키홀더)
PRD_780,AGE_004,30대 (집 꾸밈과 실용성을 함께 보는 30대용 히로쿠마 히로시마 주걱 목제 스트랩)
PRD_780,AGE_001,10세 미만 (시각적 재미가 있는 히로쿠마 히로시마 주걱 목제 스트랩)
PRD_780,AGE_002,10대 (캐릭터 굿즈를 좋아하는 10대용 히로쿠마 히로시마 주걱 목제 스트랩)
PRD_780,AGE_005,40대 (격식 있는 선물로 어울리는 히로쿠마 히로시마 주걱 목제 스트랩)
PRD_780,AGE_006,50대 (장인성과 전통미를 보는 50대용 히로쿠마 히로시마 주걱 목제 스트랩)
PRD_781,AGE_002,10대 (부담 없이 즐기는 쿠누기 바움쿠헨 달과 태양 기프트 간식)
PRD_781,AGE_003,20대 (가볍게 나눠 먹기 좋은 쿠누기 바움쿠헨 달과 태양 기프트)
PRD_781,AGE_004,30대 (커피나 차와 곁들이기 좋은 쿠누기 바움쿠헨 달과 태양 기프트)
PRD_782,AGE_002,10대 (부담 없이 즐기는 쿠누기 태양 바움쿠헨 간식)
PRD_782,AGE_003,20대 (가볍게 나눠 먹기 좋은 쿠누기 태양 바움쿠헨)
PRD_782,AGE_004,30대 (커피나 차와 곁들이기 좋은 쿠누기 태양 바움쿠헨)
PRD_783,AGE_004,30대 (집 꾸밈과 실용성을 함께 보는 30대용 히로쿠마 핀 배지)
PRD_783,AGE_001,10세 미만 (시각적 재미가 있는 히로쿠마 핀 배지)
PRD_783,AGE_002,10대 (캐릭터 굿즈를 좋아하는 10대용 히로쿠마 핀 배지)
PRD_783,AGE_005,40대 (격식 있는 선물로 어울리는 히로쿠마 핀 배지)
PRD_783,AGE_006,50대 (장인성과 전통미를 보는 50대용 히로쿠마 핀 배지)
PRD_784,AGE_001,10세 미만 (시각적 재미가 있는 나기의 면도 자를 수 있는 주걱)
PRD_784,AGE_002,10대 (캐릭터 굿즈를 좋아하는 10대용 나기의 면도 자를 수 있는 주걱)
PRD_784,AGE_003,20대 (친구 선물로 고르기 쉬운 나기의 면도 자를 수 있는 주걱)
PRD_784,AGE_004,30대 (일상에서 활용하기 좋은 나기의 면도 자를 수 있는 주걱)
PRD_785,AGE_002,10대 (새로운 맛을 즐기기 좋은 히로시마 프리미엄 쇼콜라 네 개입)
PRD_785,AGE_003,20대 (친구와 나누기 좋은 히로시마 프리미엄 쇼콜라 네 개입 음료)
PRD_785,AGE_004,30대 (가족과 함께 마시기 좋은 히로시마 프리미엄 쇼콜라 네 개입)
PRD_785,AGE_005,40대 (전통 간식 선물로 무난한 히로시마 프리미엄 쇼콜라 네 개입)
PRD_785,AGE_006,50대 (익숙한 단맛을 선호하는 50대용 히로시마 프리미엄 쇼콜라 네 개입)
PRD_786,AGE_002,10대 (부담 없이 즐기는 마루세이 버터샌드 간식)
PRD_786,AGE_003,20대 (가볍게 나눠 먹기 좋은 마루세이 버터샌드)
PRD_786,AGE_004,30대 (커피나 차와 곁들이기 좋은 마루세이 버터샌드)
PRD_786,AGE_005,40대 (전통 간식 선물로 무난한 마루세이 버터샌드)
PRD_786,AGE_006,50대 (익숙한 단맛을 선호하는 50대용 마루세이 버터샌드)
PRD_787,AGE_002,10대 (부담 없이 즐기는 눈아 내려라 간식)
PRD_787,AGE_003,20대 (가볍게 나눠 먹기 좋은 눈아 내려라)
PRD_787,AGE_004,30대 (커피나 차와 곁들이기 좋은 눈아 내려라)
PRD_788,AGE_004,30대 (가족 식탁에 활용하기 좋은 블랙 올리브오일 와삼산 페포넛 들어간 먹는 오일)
PRD_788,AGE_005,40대 (지역 식재료에 관심 있는 40대용 블랙 올리브오일 와삼산 페포넛 들어간 먹는 오일)
PRD_788,AGE_006,50대 (집밥과 곁들이기 좋은 블랙 올리브오일 와삼산 페포넛 들어간 먹는 오일)
PRD_788,AGE_003,20대 (현지 맛을 직접 즐기기 좋은 블랙 올리브오일 와삼산 페포넛 들어간 먹는 오일)
PRD_789,AGE_004,30대 (집 꾸밈과 실용성을 함께 보는 30대용 호박 플레이크 60)
PRD_789,AGE_005,40대 (격식 있는 선물로 어울리는 호박 플레이크 60)
PRD_789,AGE_006,50대 (장인성과 전통미를 보는 50대용 호박 플레이크 60)
PRD_789,AGE_007,60대 (지역 전통을 오래 즐기기 좋은 호박 플레이크 60)
PRD_789,AGE_008,70대 이상 (소장 가치가 큰 호박 플레이크 60 공예품)
PRD_790,AGE_002,10대 (가볍게 소장하기 좋은 감자 플레이크 60)
PRD_790,AGE_003,20대 (친구 선물로 고르기 쉬운 감자 플레이크 60)
PRD_790,AGE_004,30대 (일상에서 활용하기 좋은 감자 플레이크 60)
PRD_791,AGE_004,30대 (가족 식탁에 활용하기 좋은 그대로 풋콩)
PRD_791,AGE_005,40대 (지역 식재료에 관심 있는 40대용 그대로 풋콩)
PRD_791,AGE_006,50대 (집밥과 곁들이기 좋은 그대로 풋콩)
PRD_791,AGE_003,20대 (현지 맛을 직접 즐기기 좋은 그대로 풋콩)
PRD_792,AGE_003,20대 (여행 기념으로 고르기 쉬운 그대로 검은 풋콩)
PRD_792,AGE_004,30대 (가족과 함께 쓰기 좋은 그대로 검은 풋콩)
PRD_792,AGE_005,40대 (실용적인 선물로 무난한 그대로 검은 풋콩)
PRD_793,AGE_004,30대 (집 꾸밈과 실용성을 함께 보는 30대용 메밀 열매)
PRD_793,AGE_005,40대 (격식 있는 선물로 어울리는 메밀 열매)
PRD_793,AGE_006,50대 (장인성과 전통미를 보는 50대용 메밀 열매)
PRD_793,AGE_007,60대 (지역 전통을 오래 즐기기 좋은 메밀 열매)
PRD_793,AGE_008,70대 이상 (소장 가치가 큰 메밀 열매 공예품)
PRD_794,AGE_004,30대 (가족 식탁에 활용하기 좋은 치호쿠 고원 베이컨)
PRD_794,AGE_005,40대 (지역 식재료에 관심 있는 40대용 치호쿠 고원 베이컨)
PRD_794,AGE_006,50대 (집밥과 곁들이기 좋은 치호쿠 고원 베이컨)
PRD_794,AGE_003,20대 (현지 맛을 직접 즐기기 좋은 치호쿠 고원 베이컨)
PRD_795,AGE_002,10대 (가볍게 소장하기 좋은 훈제 임연수어)
PRD_795,AGE_003,20대 (친구 선물로 고르기 쉬운 훈제 임연수어)
PRD_795,AGE_004,30대 (일상에서 활용하기 좋은 훈제 임연수어)
PRD_796,AGE_004,30대 (가족 식탁에 활용하기 좋은 삶은 풋콩)
PRD_796,AGE_005,40대 (지역 식재료에 관심 있는 40대용 삶은 풋콩)
PRD_796,AGE_006,50대 (집밥과 곁들이기 좋은 삶은 풋콩)
PRD_796,AGE_003,20대 (현지 맛을 직접 즐기기 좋은 삶은 풋콩)
PRD_797,AGE_004,30대 (집 꾸밈과 실용성을 함께 보는 30대용 코반 치즈)
PRD_797,AGE_005,40대 (격식 있는 선물로 어울리는 코반 치즈)
PRD_797,AGE_006,50대 (장인성과 전통미를 보는 50대용 코반 치즈)
PRD_797,AGE_007,60대 (지역 전통을 오래 즐기기 좋은 코반 치즈)
PRD_798,AGE_002,10대 (부담 없이 즐기는 스파이스 비프 간식)
PRD_798,AGE_003,20대 (가볍게 나눠 먹기 좋은 스파이스 비프)
PRD_798,AGE_005,40대 (지역 식재료에 관심 있는 40대용 스파이스 비프)
PRD_798,AGE_004,30대 (커피나 차와 곁들이기 좋은 스파이스 비프)
PRD_798,AGE_006,50대 (집밥과 곁들이기 좋은 스파이스 비프)
PRD_799,AGE_002,10대 (가볍게 소장하기 좋은 피자 퐁뒤 아스파라거스와 잉카노메자메)
PRD_799,AGE_003,20대 (친구 선물로 고르기 쉬운 피자 퐁뒤 아스파라거스와 잉카노메자메)
PRD_799,AGE_004,30대 (일상에서 활용하기 좋은 피자 퐁뒤 아스파라거스와 잉카노메자메)
PRD_800,AGE_002,10대 (부담 없이 즐기는 삼방육 플레인 1본 간식)
PRD_800,AGE_003,20대 (가볍게 나눠 먹기 좋은 삼방육 플레인 1본)
PRD_800,AGE_004,30대 (커피나 차와 곁들이기 좋은 삼방육 플레인 1본)
PRD_801,AGE_002,10대 (부담 없이 즐기는 앙버터샌 간식)
PRD_801,AGE_003,20대 (가볍게 나눠 먹기 좋은 앙버터샌)
PRD_801,AGE_004,30대 (커피나 차와 곁들이기 좋은 앙버터샌)
PRD_801,AGE_005,40대 (전통 간식 선물로 무난한 앙버터샌)
PRD_801,AGE_006,50대 (익숙한 단맛을 선호하는 50대용 앙버터샌)
PRD_802,AGE_004,30대 (가족 식탁에 활용하기 좋은 나카사쓰나이 시골닭 전골용 다진 고기)
PRD_802,AGE_005,40대 (지역 식재료에 관심 있는 40대용 나카사쓰나이 시골닭 전골용 다진 고기)
PRD_802,AGE_006,50대 (집밥과 곁들이기 좋은 나카사쓰나이 시골닭 전골용 다진 고기)
PRD_802,AGE_003,20대 (현지 맛을 직접 즐기기 좋은 나카사쓰나이 시골닭 전골용 다진 고기)
PRD_803,AGE_002,10대 (부담 없이 즐기는 이하라 기미치 간식)
PRD_803,AGE_003,20대 (가볍게 나눠 먹기 좋은 이하라 기미치)
PRD_803,AGE_004,30대 (커피나 차와 곁들이기 좋은 이하라 기미치)
PRD_803,AGE_007,60대 (부드럽게 즐기기 좋은 이하라 기미치)
PRD_804,AGE_004,30대 (가족 식탁에 활용하기 좋은 말린 무채)
PRD_804,AGE_005,40대 (지역 식재료에 관심 있는 40대용 말린 무채)
PRD_804,AGE_006,50대 (집밥과 곁들이기 좋은 말린 무채)
PRD_804,AGE_003,20대 (현지 맛을 직접 즐기기 좋은 말린 무채)
PRD_805,AGE_004,30대 (가족 식탁에 활용하기 좋은 홋카이도 무라세농장 풋콩)
PRD_805,AGE_005,40대 (지역 식재료에 관심 있는 40대용 홋카이도 무라세농장 풋콩)
PRD_805,AGE_006,50대 (집밥과 곁들이기 좋은 홋카이도 무라세농장 풋콩)
PRD_805,AGE_003,20대 (현지 맛을 직접 즐기기 좋은 홋카이도 무라세농장 풋콩)
PRD_806,AGE_003,20대 (여행 기념으로 고르기 쉬운 도카치 저지 팥 아이스크림)
PRD_806,AGE_004,30대 (가족과 함께 쓰기 좋은 도카치 저지 팥 아이스크림)
PRD_806,AGE_005,40대 (실용적인 선물로 무난한 도카치 저지 팥 아이스크림)
PRD_807,AGE_004,30대 (집 꾸밈과 실용성을 함께 보는 30대용 도카치 저지 딸기 아이스크림)
PRD_807,AGE_005,40대 (격식 있는 선물로 어울리는 도카치 저지 딸기 아이스크림)
PRD_807,AGE_006,50대 (장인성과 전통미를 보는 50대용 도카치 저지 딸기 아이스크림)
PRD_807,AGE_007,60대 (지역 전통을 오래 즐기기 좋은 도카치 저지 딸기 아이스크림)
PRD_808,AGE_004,30대 (가족 식탁에 활용하기 좋은 도카치 허브소와 소금만으로 만든 콘비프)
PRD_808,AGE_005,40대 (지역 식재료에 관심 있는 40대용 도카치 허브소와 소금만으로 만든 콘비프)
PRD_808,AGE_006,50대 (집밥과 곁들이기 좋은 도카치 허브소와 소금만으로 만든 콘비프)
PRD_808,AGE_003,20대 (현지 맛을 직접 즐기기 좋은 도카치 허브소와 소금만으로 만든 콘비프)
PRD_809,AGE_002,10대 (부담 없이 즐기는 도카치 허브소와 흑후추로 만든 콘비프 간식)
PRD_809,AGE_003,20대 (가볍게 나눠 먹기 좋은 도카치 허브소와 흑후추로 만든 콘비프)
PRD_809,AGE_004,30대 (커피나 차와 곁들이기 좋은 도카치 허브소와 흑후추로 만든 콘비프)
PRD_810,AGE_004,30대 (가족 식탁에 활용하기 좋은 도카치 팝콘)
PRD_810,AGE_005,40대 (지역 식재료에 관심 있는 40대용 도카치 팝콘)
PRD_810,AGE_006,50대 (집밥과 곁들이기 좋은 도카치 팝콘)
PRD_810,AGE_003,20대 (현지 맛을 직접 즐기기 좋은 도카치 팝콘)
PRD_811,AGE_004,30대 (집 꾸밈과 실용성을 함께 보는 30대용 도카치 라클렛 몰워시)
PRD_811,AGE_005,40대 (격식 있는 선물로 어울리는 도카치 라클렛 몰워시)
PRD_811,AGE_006,50대 (장인성과 전통미를 보는 50대용 도카치 라클렛 몰워시)
PRD_811,AGE_007,60대 (지역 전통을 오래 즐기기 좋은 도카치 라클렛 몰워시)
PRD_811,AGE_003,20대 (현지 맛을 직접 즐기기 좋은 도카치 라클렛 몰워시)
PRD_812,AGE_003,20대 (여행 기념으로 고르기 쉬운 오비히로 다이쇼 메이퀸 감자로 만든 감자버터)
PRD_812,AGE_004,30대 (가족과 함께 쓰기 좋은 오비히로 다이쇼 메이퀸 감자로 만든 감자버터)
PRD_812,AGE_005,40대 (실용적인 선물로 무난한 오비히로 다이쇼 메이퀸 감자로 만든 감자버터)
PRD_813,AGE_002,10대 (부담 없이 즐기는 열돼지말이 만두 치즈 간식)
PRD_813,AGE_003,20대 (가볍게 나눠 먹기 좋은 열돼지말이 만두 치즈)
PRD_813,AGE_004,30대 (커피나 차와 곁들이기 좋은 열돼지말이 만두 치즈)
PRD_814,AGE_002,10대 (부담 없이 즐기는 다이치노홋페 미니 간식)
PRD_814,AGE_003,20대 (가볍게 나눠 먹기 좋은 다이치노홋페 미니)
PRD_814,AGE_004,30대 (커피나 차와 곁들이기 좋은 다이치노홋페 미니)
PRD_815,AGE_002,10대 (부담 없이 즐기는 밀크잼 플레인 간식)
PRD_815,AGE_003,20대 (가볍게 나눠 먹기 좋은 밀크잼 플레인)
PRD_815,AGE_005,40대 (지역 식재료에 관심 있는 40대용 밀크잼 플레인)
PRD_815,AGE_004,30대 (커피나 차와 곁들이기 좋은 밀크잼 플레인)
PRD_815,AGE_006,50대 (집밥과 곁들이기 좋은 밀크잼 플레인)
PRD_816,AGE_002,10대 (부담 없이 즐기는 밀크잼 바닐라 간식)
PRD_816,AGE_003,20대 (가볍게 나눠 먹기 좋은 밀크잼 바닐라)
PRD_816,AGE_005,40대 (지역 식재료에 관심 있는 40대용 밀크잼 바닐라)
PRD_816,AGE_004,30대 (커피나 차와 곁들이기 좋은 밀크잼 바닐라)
PRD_816,AGE_006,50대 (집밥과 곁들이기 좋은 밀크잼 바닐라)
PRD_817,AGE_004,30대 (가족 식탁에 활용하기 좋은 콩 간식 그래놀라 콩 믹스)
PRD_817,AGE_005,40대 (지역 식재료에 관심 있는 40대용 콩 간식 그래놀라 콩 믹스)
PRD_817,AGE_006,50대 (집밥과 곁들이기 좋은 콩 간식 그래놀라 콩 믹스)
PRD_817,AGE_003,20대 (현지 맛을 직접 즐기기 좋은 콩 간식 그래놀라 콩 믹스)
PRD_818,AGE_004,30대 (차 풍미를 부담 없이 즐기는 30대용 팥 아마낫토)
PRD_818,AGE_002,10대 (부담 없이 즐기는 팥 아마낫토 간식)
PRD_818,AGE_005,40대 (티타임 선물로 좋은 팥 아마낫토)
PRD_818,AGE_003,20대 (가볍게 나눠 먹기 좋은 팥 아마낫토)
PRD_818,AGE_006,50대 (차를 즐기는 50대에게 맞는 팥 아마낫토)
PRD_819,AGE_004,30대 (가족 식탁에 활용하기 좋은 손질 돼지 소금 돈토로)
PRD_819,AGE_005,40대 (지역 식재료에 관심 있는 40대용 손질 돼지 소금 돈토로)
PRD_819,AGE_006,50대 (집밥과 곁들이기 좋은 손질 돼지 소금 돈토로)
PRD_819,AGE_003,20대 (현지 맛을 직접 즐기기 좋은 손질 돼지 소금 돈토로)
PRD_820,AGE_004,30대 (가족 식탁에 활용하기 좋은 신소바 신토쿠 소바)
PRD_820,AGE_005,40대 (지역 식재료에 관심 있는 40대용 신소바 신토쿠 소바)
PRD_820,AGE_006,50대 (집밥과 곁들이기 좋은 신소바 신토쿠 소바)
PRD_820,AGE_003,20대 (현지 맛을 직접 즐기기 좋은 신소바 신토쿠 소바)
PRD_821,AGE_004,30대 (가족 식탁에 활용하기 좋은 풋콩 코로코로 두부)
PRD_821,AGE_005,40대 (지역 식재료에 관심 있는 40대용 풋콩 코로코로 두부)
PRD_821,AGE_006,50대 (집밥과 곁들이기 좋은 풋콩 코로코로 두부)
PRD_821,AGE_003,20대 (현지 맛을 직접 즐기기 좋은 풋콩 코로코로 두부)
PRD_822,AGE_002,10대 (부담 없이 즐기는 무염석 콘비프 간식)
PRD_822,AGE_003,20대 (가볍게 나눠 먹기 좋은 무염석 콘비프)
PRD_822,AGE_004,30대 (커피나 차와 곁들이기 좋은 무염석 콘비프)
PRD_823,AGE_004,30대 (차 풍미를 부담 없이 즐기는 30대용 숙성 모차렐라 코로)
PRD_823,AGE_002,10대 (부담 없이 즐기는 숙성 모차렐라 코로 간식)
PRD_823,AGE_005,40대 (티타임 선물로 좋은 숙성 모차렐라 코로)
PRD_823,AGE_003,20대 (가볍게 나눠 먹기 좋은 숙성 모차렐라 코로)
PRD_823,AGE_006,50대 (차를 즐기는 50대에게 맞는 숙성 모차렐라 코로)
PRD_824,AGE_004,30대 (가족 식탁에 활용하기 좋은 햐키 드레싱)
PRD_824,AGE_005,40대 (지역 식재료에 관심 있는 40대용 햐키 드레싱)
PRD_824,AGE_006,50대 (집밥과 곁들이기 좋은 햐키 드레싱)
PRD_824,AGE_003,20대 (현지 맛을 직접 즐기기 좋은 햐키 드레싱)
PRD_825,AGE_002,10대 (부담 없이 즐기는 이와이쿠로 콩가루 간식)
PRD_825,AGE_003,20대 (가볍게 나눠 먹기 좋은 이와이쿠로 콩가루)
PRD_825,AGE_004,30대 (커피나 차와 곁들이기 좋은 이와이쿠로 콩가루)
PRD_826,AGE_004,30대 (집 꾸밈과 실용성을 함께 보는 30대용 크랜베리 스위트포테이토)
PRD_826,AGE_005,40대 (격식 있는 선물로 어울리는 크랜베리 스위트포테이토)
PRD_826,AGE_006,50대 (장인성과 전통미를 보는 50대용 크랜베리 스위트포테이토)
PRD_826,AGE_007,60대 (지역 전통을 오래 즐기기 좋은 크랜베리 스위트포테이토)
PRD_827,AGE_002,10대 (부담 없이 즐기는 소라치 홋카이도 도카치 돼지덮밥 소스 간식)
PRD_827,AGE_003,20대 (가볍게 나눠 먹기 좋은 소라치 홋카이도 도카치 돼지덮밥 소스)
PRD_827,AGE_005,40대 (지역 식재료에 관심 있는 40대용 소라치 홋카이도 도카치 돼지덮밥 소스)
PRD_827,AGE_004,30대 (커피나 차와 곁들이기 좋은 소라치 홋카이도 도카치 돼지덮밥 소스)
PRD_827,AGE_006,50대 (집밥과 곁들이기 좋은 소라치 홋카이도 도카치 돼지덮밥 소스)
PRD_828,AGE_004,30대 (가족 식탁에 활용하기 좋은 도카치 하오비 돼지덮밥 소스)
PRD_828,AGE_005,40대 (지역 식재료에 관심 있는 40대용 도카치 하오비 돼지덮밥 소스)
PRD_828,AGE_006,50대 (집밥과 곁들이기 좋은 도카치 하오비 돼지덮밥 소스)
PRD_828,AGE_003,20대 (현지 맛을 직접 즐기기 좋은 도카치 하오비 돼지덮밥 소스)
PRD_829,AGE_004,30대 (가족 식탁에 활용하기 좋은 돈타 특제 돼지덮밥 세트)
PRD_829,AGE_005,40대 (지역 식재료에 관심 있는 40대용 돈타 특제 돼지덮밥 세트)
PRD_829,AGE_006,50대 (집밥과 곁들이기 좋은 돈타 특제 돼지덮밥 세트)
PRD_829,AGE_003,20대 (현지 맛을 직접 즐기기 좋은 돈타 특제 돼지덮밥 세트)
PRD_830,AGE_003,20대 (현지 주류를 경험하려는 20대에게 맞는 도카치 와인 세이오로사무 화이트)
PRD_830,AGE_004,30대 (취향을 나누기 좋은 도카치 와인 세이오로사무 화이트 술 선물)
PRD_830,AGE_005,40대 (격식 있게 고르기 좋은 도카치 와인 세이오로사무 화이트 주류)
PRD_830,AGE_006,50대 (천천히 즐기기 좋은 도카치 와인 세이오로사무 화이트)
PRD_831,AGE_003,20대 (현지 주류를 경험하려는 20대에게 맞는 도카치 와인 도카푸 레드)
PRD_831,AGE_004,30대 (취향을 나누기 좋은 도카치 와인 도카푸 레드 술 선물)
PRD_831,AGE_005,40대 (격식 있게 고르기 좋은 도카치 와인 도카푸 레드 주류)
PRD_831,AGE_006,50대 (천천히 즐기기 좋은 도카치 와인 도카푸 레드)
PRD_832,AGE_002,10대 (부담 없이 즐기는 도카치 쉬폰 홀케이크 간식)
PRD_832,AGE_003,20대 (가볍게 나눠 먹기 좋은 도카치 쉬폰 홀케이크)
PRD_832,AGE_004,30대 (커피나 차와 곁들이기 좋은 도카치 쉬폰 홀케이크)
PRD_833,AGE_004,30대 (차 풍미를 부담 없이 즐기는 30대용 후쿠시로 킨토키 아마낫토)
PRD_833,AGE_002,10대 (부담 없이 즐기는 후쿠시로 킨토키 아마낫토 간식)
PRD_833,AGE_005,40대 (티타임 선물로 좋은 후쿠시로 킨토키 아마낫토)
PRD_833,AGE_003,20대 (가볍게 나눠 먹기 좋은 후쿠시로 킨토키 아마낫토)
PRD_833,AGE_006,50대 (차를 즐기는 50대에게 맞는 후쿠시로 킨토키 아마낫토)
PRD_834,AGE_004,30대 (가족 식탁에 활용하기 좋은 신토쿠 팔할 소바)
PRD_834,AGE_005,40대 (지역 식재료에 관심 있는 40대용 신토쿠 팔할 소바)
PRD_834,AGE_006,50대 (집밥과 곁들이기 좋은 신토쿠 팔할 소바)
PRD_834,AGE_003,20대 (현지 맛을 직접 즐기기 좋은 신토쿠 팔할 소바)
PRD_835,AGE_004,30대 (가족 식탁에 활용하기 좋은 마이타케 간장)
PRD_835,AGE_005,40대 (지역 식재료에 관심 있는 40대용 마이타케 간장)
PRD_835,AGE_006,50대 (집밥과 곁들이기 좋은 마이타케 간장)
PRD_835,AGE_003,20대 (현지 맛을 직접 즐기기 좋은 마이타케 간장)
PRD_025,AGE_005,40대 (고급 생초콜릿을 차분한 디저트로 즐기기 좋음)
PRD_041,AGE_003,20대 (달콤한 고구마 타르트를 가볍게 즐기기 좋음)
PRD_041,AGE_004,30대 (차와 함께 먹는 지역 디저트 선물로 적합함)
PRD_041,AGE_005,40대 (나루토 킨토키의 단맛을 다과로 즐기기 좋음)
PRD_042,AGE_004,30대 (손수건을 실용적인 패션 소품으로 쓰기 좋음)
PRD_042,AGE_005,40대 (전통 염색의 차분한 색감을 선호하기 쉬움)
PRD_042,AGE_006,50대 (가볍고 품격 있는 공예 선물로 어울림)
PRD_043,AGE_005,40대 (차와 다과를 즐기는 선물로 고르기 좋음)
PRD_043,AGE_006,50대 (전통 설탕의 격식 있는 맛을 선호하기 쉬움)
PRD_043,AGE_007,60대 (와산본의 전통성과 부드러운 단맛이 잘 맞음)
PRD_044,AGE_004,30대 (음료나 요리에 활용하기 좋은 상큼한 시럽)
PRD_044,AGE_005,40대 (가정에서 쓰기 좋은 지역 과실 가공품)
PRD_044,AGE_006,50대 (스다치 향을 차나 음식에 곁들이기 좋음)
PRD_045,AGE_003,20대 (간편하게 끓여 먹는 지역 라멘)
PRD_045,AGE_004,30대 (집에서 여행지 맛을 재현하기 좋음)
PRD_045,AGE_005,40대 (가족 식사용으로 활용하기 쉬움)
PRD_046,AGE_004,30대 (차와 곁들이는 전통 만쥬 선물로 무난함)
PRD_046,AGE_005,40대 (지역 스테디셀러 과자를 다과로 즐기기 좋음)
PRD_046,AGE_006,50대 (익숙한 단맛의 전통 과자를 선호하기 쉬움)
PRD_047,AGE_004,30대 (식탁에서 바로 쓰기 좋은 조미김)
PRD_047,AGE_005,40대 (가족 반찬으로 활용하기 좋은 해조류 선물)
PRD_047,AGE_006,50대 (가볍고 짭조름한 반찬류를 선호하기 쉬움)
PRD_048,AGE_003,20대 (부드러운 디저트를 부담 없이 즐기기 좋음)
PRD_048,AGE_004,30대 (친구나 가족에게 나누기 좋은 지역 과자)
PRD_048,AGE_005,40대 (차와 곁들이기 좋은 달콤한 간식)
PRD_049,AGE_004,30대 (집에서 조리해 먹기 좋은 지역 면류)
PRD_049,AGE_005,40대 (가족 식탁에 올리기 좋은 소바 선물)
PRD_049,AGE_006,50대 (담백한 메밀 풍미를 선호하기 쉬움)
PRD_050,AGE_005,40대 (국이나 반찬에 쓰기 좋은 미역 선물)
PRD_050,AGE_006,50대 (건강한 해조류 식재료를 선호하기 쉬움)
PRD_050,AGE_007,60대 (가정식에 활용하기 좋은 전통 식재료)
PRD_051,AGE_005,40대 (차분한 향의 지역 차를 즐기기 좋음)
PRD_051,AGE_006,50대 (구수한 반차를 일상 차로 마시기 좋음)
PRD_051,AGE_007,60대 (부담 없는 차 선물로 어울림)
PRD_052,AGE_004,30대 (지역 크래프트 맥주를 경험하기 좋음)
PRD_052,AGE_005,40대 (특색 있는 주류 선물로 고르기 좋음)
PRD_052,AGE_006,50대 (느긋하게 즐기는 로컬 맥주 선물로 적합함)
PRD_053,AGE_003,20대 (업사이클 감성의 인테리어 소품으로 좋음)
PRD_053,AGE_004,30대 (집 꾸미기용 공예품으로 고르기 좋음)
PRD_053,AGE_005,40대 (가벼운 장식용 유리 소품으로 어울림)
PRD_054,AGE_002,10대 (귀여운 인형 선물을 좋아하기 쉬운 연령대)
PRD_054,AGE_003,20대 (여행 기념 굿즈로 소장하기 좋음)
PRD_054,AGE_004,30대 (가벼운 장식용 캐릭터 선물로 적합함)
PRD_055,AGE_004,30대 (실내에서 쓰기 좋은 생활 소품)
PRD_055,AGE_005,40대 (편하게 신는 천 슬리퍼 선물로 실용적임)
PRD_055,AGE_006,50대 (수공예 생활용품의 편안함을 선호하기 쉬움)
PRD_008,AGE_003,20대 (여행 기념으로 고르기 쉬운 오타루 디저트)
PRD_1236,AGE_003,20대(지역 디저트 선물로 고르기 쉬움)
PRD_1236,AGE_004,30대(사무실과 가정 모두에 무난함)
PRD_1236,AGE_005,40대(전통 명과 선호층에 맞음)
PRD_1236,AGE_006,50대(차와 곁들이기 좋은 부드러운 과자)
PRD_1237,AGE_002,10대(부드럽고 달콤한 과자라 먹기 쉬움)
PRD_1237,AGE_003,20대(가성비 있는 대표 간식 선물)
PRD_1237,AGE_004,30대(가족·동료 선물로 활용하기 좋음)
PRD_1237,AGE_005,40대(익숙한 앙금 과자 취향에 맞음)
PRD_1238,AGE_002,10대(색감이 뚜렷한 당고라 흥미롭기 쉬움)
PRD_1238,AGE_003,20대(도고 여행 기념 간식으로 적합)
PRD_1238,AGE_004,30대(소설 봇짱과 연결된 지역성이 있음)
PRD_1238,AGE_005,40대(전통 화과자 선호층에 맞음)
PRD_1239,AGE_003,20대(현지 소울푸드 경험용으로 좋음)
PRD_1239,AGE_004,30대(여러 맛을 나눠 먹기 좋음)
PRD_1239,AGE_005,40대(담백한 찐빵류를 선호하기 쉬움)
PRD_1239,AGE_006,50대(부드러운 식감의 전통 간식)
PRD_1240,AGE_003,20대(SNS에 올리기 좋은 과일 디저트)
PRD_1240,AGE_004,30대(선물용 냉동 디저트로 적합)
PRD_1240,AGE_005,40대(과일과 화과자를 함께 즐길 수 있음)
PRD_1240,AGE_006,50대(상큼한 후식으로 부담이 적음)
PRD_1241,AGE_004,30대(집밥용 식재료로 활용 가능)
PRD_1241,AGE_005,40대(전통 면류 선물에 적합)
PRD_1241,AGE_006,50대(가벼운 조리식품으로 좋음)
PRD_1241,AGE_007,60대(부담 없는 향토 식품)
PRD_1242,AGE_003,20대(성인 여행객의 현지 맥주 경험용)
PRD_1242,AGE_004,30대(가벼운 홈술 선물로 적합)
PRD_1242,AGE_005,40대(지역 주류 선물을 선호할 수 있음)
PRD_1242,AGE_006,50대(맥주 취향이 있는 성인에게 적합)
PRD_1243,AGE_003,20대(가볍고 디자인성 있는 소품)
PRD_1243,AGE_004,30대(실생활에서 자주 쓰기 좋음)
PRD_1243,AGE_005,40대(차분한 전통 문양을 선호하기 쉬움)
PRD_1243,AGE_006,50대(손수건 선물의 실용성이 높음)
PRD_1244,AGE_004,30대(집 꾸미기와 식기 취향에 맞음)
PRD_1244,AGE_005,40대(전통공예 식기 선물로 적합)
PRD_1244,AGE_006,50대(수공예 생활용품 선호층)
PRD_1244,AGE_007,60대(안정감 있는 밥그릇 형태라 쓰기 좋음)
PRD_1245,AGE_002,10대(파우치 젤리 형태라 간식으로 먹기 쉬움)
PRD_1245,AGE_003,20대(상큼한 디저트 선물로 부담 없음)
PRD_1245,AGE_004,30대(가족 간식으로 나누기 좋음)
PRD_1245,AGE_005,40대(과일 맛 젤리를 선호하는 사람에게 적합)
PRD_1246,AGE_004,30대(실용적인 지역 선물을 선호할 수 있음)
PRD_1246,AGE_005,40대(가정에서 활용하기 좋음)
PRD_1246,AGE_006,50대(생활용 선물로 적합)
PRD_1246,AGE_007,60대(오래 두고 쓰거나 먹기 좋음)
PRD_1247,AGE_002,10대(달콤한 과자 선물로 적합)
PRD_1247,AGE_003,20대(가볍게 나눠 먹기 좋음)
PRD_1247,AGE_004,30대(직장·가족 선물로 무난함)
PRD_1247,AGE_005,40대(차와 곁들이기 좋음)
PRD_1248,AGE_002,10대(달콤한 간식으로 접근하기 쉬움)
PRD_1248,AGE_003,20대(가볍게 나눠 먹기 좋음)
PRD_1248,AGE_004,30대(간식 선물로 무난함)
PRD_1248,AGE_005,40대(가족과 함께 먹기 좋음)
PRD_1249,AGE_002,10대(달콤한 과자 선물로 적합)
PRD_1249,AGE_003,20대(가볍게 나눠 먹기 좋음)
PRD_1249,AGE_004,30대(직장·가족 선물로 무난함)
PRD_1249,AGE_005,40대(차와 곁들이기 좋음)
PRD_1250,AGE_004,30대(실용적인 지역 선물을 선호할 수 있음)
PRD_1250,AGE_005,40대(가정에서 활용하기 좋음)
PRD_1250,AGE_006,50대(생활용 선물로 적합)
PRD_1250,AGE_007,60대(오래 두고 쓰거나 먹기 좋음)
PRD_1251,AGE_002,10대(달콤한 과자 선물로 적합)
PRD_1251,AGE_003,20대(가볍게 나눠 먹기 좋음)
PRD_1251,AGE_004,30대(직장·가족 선물로 무난함)
PRD_1251,AGE_005,40대(차와 곁들이기 좋음)
PRD_1252,AGE_002,10대(달콤한 과자 선물로 적합)
PRD_1252,AGE_003,20대(가볍게 나눠 먹기 좋음)
PRD_1252,AGE_004,30대(직장·가족 선물로 무난함)
PRD_1252,AGE_005,40대(차와 곁들이기 좋음)
PRD_1253,AGE_003,20대(성인용 주류 선물로 적합)
PRD_1253,AGE_004,30대(식사와 함께 즐기기 좋음)
PRD_1253,AGE_005,40대(과실주 선물을 선호할 수 있음)
PRD_1253,AGE_006,50대(달콤한 주류 선물로 무난함)
PRD_1254,AGE_002,10대(달콤한 과자 선물로 적합)
PRD_1254,AGE_003,20대(가볍게 나눠 먹기 좋음)
PRD_1254,AGE_004,30대(직장·가족 선물로 무난함)
PRD_1254,AGE_005,40대(차와 곁들이기 좋음)
PRD_1255,AGE_002,10대(달콤한 과자 선물로 적합)
PRD_1255,AGE_003,20대(가볍게 나눠 먹기 좋음)
PRD_1255,AGE_004,30대(직장·가족 선물로 무난함)
PRD_1255,AGE_005,40대(차와 곁들이기 좋음)
PRD_1256,AGE_002,10대(달콤한 간식으로 접근하기 쉬움)
PRD_1256,AGE_003,20대(가볍게 나눠 먹기 좋음)
PRD_1256,AGE_004,30대(간식 선물로 무난함)
PRD_1256,AGE_005,40대(가족과 함께 먹기 좋음)
PRD_1257,AGE_002,10대(달콤한 과자 선물로 적합)
PRD_1257,AGE_003,20대(가볍게 나눠 먹기 좋음)
PRD_1257,AGE_004,30대(직장·가족 선물로 무난함)
PRD_1257,AGE_005,40대(차와 곁들이기 좋음)
PRD_1258,AGE_003,20대(가볍게 쓰기 좋은 생활용품)
PRD_1258,AGE_004,30대(실용 선물로 적합)
PRD_1258,AGE_005,40대(취향 부담이 적음)
PRD_1258,AGE_006,50대(일상에서 활용하기 좋음)
PRD_1259,AGE_003,20대(가볍게 쓰기 좋은 생활용품)
PRD_1259,AGE_004,30대(실용 선물로 적합)
PRD_1259,AGE_005,40대(취향 부담이 적음)
PRD_1259,AGE_006,50대(일상에서 활용하기 좋음)
PRD_1260,AGE_003,20대(가볍게 쓰기 좋은 생활용품)
PRD_1260,AGE_004,30대(실용 선물로 적합)
PRD_1260,AGE_005,40대(취향 부담이 적음)
PRD_1260,AGE_006,50대(일상에서 활용하기 좋음)
PRD_1261,AGE_004,30대(실용적인 지역 선물을 선호할 수 있음)
PRD_1261,AGE_005,40대(가정에서 활용하기 좋음)
PRD_1261,AGE_006,50대(생활용 선물로 적합)
PRD_1261,AGE_007,60대(오래 두고 쓰거나 먹기 좋음)
PRD_1262,AGE_003,20대(가볍게 쓰기 좋은 생활용품)
PRD_1262,AGE_004,30대(실용 선물로 적합)
PRD_1262,AGE_005,40대(취향 부담이 적음)
PRD_1262,AGE_006,50대(일상에서 활용하기 좋음)
PRD_1263,AGE_002,10대(달콤한 과자 선물로 적합)
PRD_1263,AGE_003,20대(가볍게 나눠 먹기 좋음)
PRD_1263,AGE_004,30대(직장·가족 선물로 무난함)
PRD_1263,AGE_005,40대(차와 곁들이기 좋음)
PRD_1264,AGE_002,10대(달콤한 간식으로 접근하기 쉬움)
PRD_1264,AGE_003,20대(가볍게 나눠 먹기 좋음)
PRD_1264,AGE_004,30대(간식 선물로 무난함)
PRD_1264,AGE_005,40대(가족과 함께 먹기 좋음)
PRD_1265,AGE_004,30대(실용적인 지역 선물을 선호할 수 있음)
PRD_1265,AGE_005,40대(가정에서 활용하기 좋음)
PRD_1265,AGE_006,50대(생활용 선물로 적합)
PRD_1265,AGE_007,60대(오래 두고 쓰거나 먹기 좋음)
PRD_1266,AGE_002,10대(달콤한 과자 선물로 적합)
PRD_1266,AGE_003,20대(가볍게 나눠 먹기 좋음)
PRD_1266,AGE_004,30대(직장·가족 선물로 무난함)
PRD_1266,AGE_005,40대(차와 곁들이기 좋음)
PRD_1267,AGE_002,10대(달콤한 과자 선물로 적합)
PRD_1267,AGE_003,20대(가볍게 나눠 먹기 좋음)
PRD_1267,AGE_004,30대(직장·가족 선물로 무난함)
PRD_1267,AGE_005,40대(차와 곁들이기 좋음)
PRD_1268,AGE_002,10대(달콤한 과자 선물로 적합)
PRD_1268,AGE_003,20대(가볍게 나눠 먹기 좋음)
PRD_1268,AGE_004,30대(직장·가족 선물로 무난함)
PRD_1268,AGE_005,40대(차와 곁들이기 좋음)
PRD_1269,AGE_002,10대(달콤한 과자 선물로 적합)
PRD_1269,AGE_003,20대(가볍게 나눠 먹기 좋음)
PRD_1269,AGE_004,30대(직장·가족 선물로 무난함)
PRD_1269,AGE_005,40대(차와 곁들이기 좋음)
PRD_1270,AGE_002,10대(달콤한 과자 선물로 적합)
PRD_1270,AGE_003,20대(가볍게 나눠 먹기 좋음)
PRD_1270,AGE_004,30대(직장·가족 선물로 무난함)
PRD_1270,AGE_005,40대(차와 곁들이기 좋음)
PRD_1271,AGE_002,10대(달콤한 과자 선물로 적합)
PRD_1271,AGE_003,20대(가볍게 나눠 먹기 좋음)
PRD_1271,AGE_004,30대(직장·가족 선물로 무난함)
PRD_1271,AGE_005,40대(차와 곁들이기 좋음)
PRD_1272,AGE_002,10대(달콤한 과자 선물로 적합)
PRD_1272,AGE_003,20대(가볍게 나눠 먹기 좋음)
PRD_1272,AGE_004,30대(직장·가족 선물로 무난함)
PRD_1272,AGE_005,40대(차와 곁들이기 좋음)
PRD_1273,AGE_003,20대(지역 전통 과자를 경험하기 좋음)
PRD_1273,AGE_004,30대(차와 함께 먹기 좋음)
PRD_1273,AGE_005,40대(전통 간식 선물로 적합)
PRD_1273,AGE_006,50대(단정한 화과자 선물로 어울림)
PRD_1274,AGE_003,20대(지역 전통 과자를 경험하기 좋음)
PRD_1274,AGE_004,30대(차와 함께 먹기 좋음)
PRD_1274,AGE_005,40대(전통 간식 선물로 적합)
PRD_1274,AGE_006,50대(단정한 화과자 선물로 어울림)
PRD_1275,AGE_003,20대(지역 전통 과자를 경험하기 좋음)
PRD_1275,AGE_004,30대(차와 함께 먹기 좋음)
PRD_1275,AGE_005,40대(전통 간식 선물로 적합)
PRD_1275,AGE_006,50대(단정한 화과자 선물로 어울림)
PRD_1276,AGE_003,20대(지역 전통 과자를 경험하기 좋음)
PRD_1276,AGE_004,30대(차와 함께 먹기 좋음)
PRD_1276,AGE_005,40대(전통 간식 선물로 적합)
PRD_1276,AGE_006,50대(단정한 화과자 선물로 어울림)
PRD_1277,AGE_002,10대(달콤한 과자 선물로 적합)
PRD_1277,AGE_003,20대(가볍게 나눠 먹기 좋음)
PRD_1277,AGE_004,30대(직장·가족 선물로 무난함)
PRD_1277,AGE_005,40대(차와 곁들이기 좋음)
PRD_1278,AGE_002,10대(달콤한 과자 선물로 적합)
PRD_1278,AGE_003,20대(가볍게 나눠 먹기 좋음)
PRD_1278,AGE_004,30대(직장·가족 선물로 무난함)
PRD_1278,AGE_005,40대(차와 곁들이기 좋음)
PRD_1279,AGE_002,10대(달콤한 과자 선물로 적합)
PRD_1279,AGE_003,20대(가볍게 나눠 먹기 좋음)
PRD_1279,AGE_004,30대(직장·가족 선물로 무난함)
PRD_1279,AGE_005,40대(차와 곁들이기 좋음)
PRD_1280,AGE_002,10대(달콤한 간식으로 접근하기 쉬움)
PRD_1280,AGE_003,20대(가볍게 나눠 먹기 좋음)
PRD_1280,AGE_004,30대(간식 선물로 무난함)
PRD_1280,AGE_005,40대(가족과 함께 먹기 좋음)
PRD_1281,AGE_004,30대(실용적인 지역 선물을 선호할 수 있음)
PRD_1281,AGE_005,40대(가정에서 활용하기 좋음)
PRD_1281,AGE_006,50대(생활용 선물로 적합)
PRD_1281,AGE_007,60대(오래 두고 쓰거나 먹기 좋음)
PRD_1282,AGE_004,30대(실용적인 지역 선물을 선호할 수 있음)
PRD_1282,AGE_005,40대(가정에서 활용하기 좋음)
PRD_1282,AGE_006,50대(생활용 선물로 적합)
PRD_1282,AGE_007,60대(오래 두고 쓰거나 먹기 좋음)
PRD_1283,AGE_004,30대(실용적인 지역 선물을 선호할 수 있음)
PRD_1283,AGE_005,40대(가정에서 활용하기 좋음)
PRD_1283,AGE_006,50대(생활용 선물로 적합)
PRD_1283,AGE_007,60대(오래 두고 쓰거나 먹기 좋음)
PRD_1284,AGE_003,20대(가볍게 쓰기 좋은 생활용품)
PRD_1284,AGE_004,30대(실용 선물로 적합)
PRD_1284,AGE_005,40대(취향 부담이 적음)
PRD_1284,AGE_006,50대(일상에서 활용하기 좋음)
PRD_1285,AGE_004,30대(실용적인 지역 선물을 선호할 수 있음)
PRD_1285,AGE_005,40대(가정에서 활용하기 좋음)
PRD_1285,AGE_006,50대(생활용 선물로 적합)
PRD_1285,AGE_007,60대(오래 두고 쓰거나 먹기 좋음)
PRD_1286,AGE_002,10대(달콤한 과자 선호층)
PRD_1286,AGE_003,20대(여행 기념 간식으로 적합)
PRD_1286,AGE_004,30대(직장·가족 선물로 활용 가능)
PRD_1286,AGE_005,40대(부담 없는 지역 과자 선물)
PRD_1287,AGE_002,10대(달콤한 과자 선호층)
PRD_1287,AGE_003,20대(여행 기념 간식으로 적합)
PRD_1287,AGE_004,30대(직장·가족 선물로 활용 가능)
PRD_1287,AGE_005,40대(부담 없는 지역 과자 선물)
PRD_1288,AGE_002,10대(달콤한 과자 선호층)
PRD_1288,AGE_003,20대(여행 기념 간식으로 적합)
PRD_1288,AGE_004,30대(직장·가족 선물로 활용 가능)
PRD_1288,AGE_005,40대(부담 없는 지역 과자 선물)
PRD_1289,AGE_001,10세 미만(달콤하고 부드러운 과자)
PRD_1289,AGE_002,10대(과일 디저트 선호층)
PRD_1289,AGE_003,20대(가벼운 간식 선물)
PRD_1289,AGE_004,30대(가족·친구 선물용으로 적합)
PRD_1290,AGE_002,10대(달콤한 과자 선호층)
PRD_1290,AGE_003,20대(여행 기념 간식으로 적합)
PRD_1290,AGE_004,30대(직장·가족 선물로 활용 가능)
PRD_1290,AGE_005,40대(부담 없는 지역 과자 선물)
PRD_1291,AGE_002,10대(달콤한 과자 선호층)
PRD_1291,AGE_003,20대(여행 기념 간식으로 적합)
PRD_1291,AGE_004,30대(직장·가족 선물로 활용 가능)
PRD_1291,AGE_005,40대(부담 없는 지역 과자 선물)
PRD_1292,AGE_002,10대(달콤한 과자 선호층)
PRD_1292,AGE_003,20대(여행 기념 간식으로 적합)
PRD_1292,AGE_004,30대(직장·가족 선물로 활용 가능)
PRD_1292,AGE_005,40대(부담 없는 지역 과자 선물)
PRD_1293,AGE_002,10대(달콤한 과자 선호층)
PRD_1293,AGE_003,20대(여행 기념 간식으로 적합)
PRD_1293,AGE_004,30대(직장·가족 선물로 활용 가능)
PRD_1293,AGE_005,40대(부담 없는 지역 과자 선물)
PRD_1294,AGE_002,10대(달콤한 과자 선호층)
PRD_1294,AGE_003,20대(여행 기념 간식으로 적합)
PRD_1294,AGE_004,30대(직장·가족 선물로 활용 가능)
PRD_1294,AGE_005,40대(부담 없는 지역 과자 선물)
PRD_1295,AGE_001,10세 미만(달콤하고 부드러운 과자)
PRD_1295,AGE_002,10대(과일 디저트 선호층)
PRD_1295,AGE_003,20대(가벼운 간식 선물)
PRD_1295,AGE_004,30대(가족·친구 선물용으로 적합)
PRD_1296,AGE_003,20대(간편식·안주로 활용 가능)
PRD_1296,AGE_004,30대(식사용 기념품 수요가 있음)
PRD_1296,AGE_005,40대(반찬·안주 선물로 적합)
PRD_1296,AGE_006,50대(향토식품 선물로 어울림)
PRD_1297,AGE_003,20대(간편식·안주로 활용 가능)
PRD_1297,AGE_004,30대(식사용 기념품 수요가 있음)
PRD_1297,AGE_005,40대(반찬·안주 선물로 적합)
PRD_1297,AGE_006,50대(향토식품 선물로 어울림)
PRD_1298,AGE_003,20대(간편식·안주로 활용 가능)
PRD_1298,AGE_004,30대(식사용 기념품 수요가 있음)
PRD_1298,AGE_005,40대(반찬·안주 선물로 적합)
PRD_1298,AGE_006,50대(향토식품 선물로 어울림)
PRD_1299,AGE_003,20대(간편식·안주로 활용 가능)
PRD_1299,AGE_004,30대(식사용 기념품 수요가 있음)
PRD_1299,AGE_005,40대(반찬·안주 선물로 적합)
PRD_1299,AGE_006,50대(향토식품 선물로 어울림)
PRD_1300,AGE_003,20대(간편식·안주로 활용 가능)
PRD_1300,AGE_004,30대(식사용 기념품 수요가 있음)
PRD_1300,AGE_005,40대(반찬·안주 선물로 적합)
PRD_1300,AGE_006,50대(향토식품 선물로 어울림)
PRD_1301,AGE_003,20대(간편식·안주로 활용 가능)
PRD_1301,AGE_004,30대(식사용 기념품 수요가 있음)
PRD_1301,AGE_005,40대(반찬·안주 선물로 적합)
PRD_1301,AGE_006,50대(향토식품 선물로 어울림)
PRD_1302,AGE_003,20대(간편식·안주로 활용 가능)
PRD_1302,AGE_004,30대(식사용 기념품 수요가 있음)
PRD_1302,AGE_005,40대(반찬·안주 선물로 적합)
PRD_1302,AGE_006,50대(향토식품 선물로 어울림)
PRD_1303,AGE_003,20대(간편식·안주로 활용 가능)
PRD_1303,AGE_004,30대(식사용 기념품 수요가 있음)
PRD_1303,AGE_005,40대(반찬·안주 선물로 적합)
PRD_1303,AGE_006,50대(향토식품 선물로 어울림)
PRD_1304,AGE_003,20대(간편식·안주로 활용 가능)
PRD_1304,AGE_004,30대(식사용 기념품 수요가 있음)
PRD_1304,AGE_005,40대(반찬·안주 선물로 적합)
PRD_1304,AGE_006,50대(향토식품 선물로 어울림)
PRD_1305,AGE_003,20대(특색 있는 디저트 경험)
PRD_1305,AGE_004,30대(가까운 사람에게 직접 선물하기 좋음)
PRD_1305,AGE_005,40대(차와 곁들이기 좋음)
PRD_1306,AGE_002,10대 (가볍게 즐기기 좋은 기념품)
PRD_1306,AGE_003,20대 (가볍게 즐기기 좋은 기념품)
PRD_1306,AGE_004,30대 (가볍게 즐기기 좋은 기념품)
PRD_1306,AGE_005,40대 (가볍게 즐기기 좋은 기념품)
PRD_1307,AGE_002,10대 (가볍게 즐기기 좋은 기념품)
PRD_1307,AGE_003,20대 (가볍게 즐기기 좋은 기념품)
PRD_1307,AGE_004,30대 (가볍게 즐기기 좋은 기념품)
PRD_1307,AGE_005,40대 (가볍게 즐기기 좋은 기념품)
PRD_1308,AGE_002,10대 (가볍게 즐기기 좋은 기념품)
PRD_1308,AGE_003,20대 (가볍게 즐기기 좋은 기념품)
PRD_1308,AGE_004,30대 (가볍게 즐기기 좋은 기념품)
PRD_1308,AGE_005,40대 (가볍게 즐기기 좋은 기념품)
PRD_1309,AGE_002,10대 (가볍게 즐기기 좋은 기념품)
PRD_1309,AGE_003,20대 (가볍게 즐기기 좋은 기념품)
PRD_1309,AGE_004,30대 (가볍게 즐기기 좋은 기념품)
PRD_1309,AGE_005,40대 (가볍게 즐기기 좋은 기념품)
PRD_1310,AGE_002,10대 (가볍게 즐기기 좋은 기념품)
PRD_1310,AGE_003,20대 (가볍게 즐기기 좋은 기념품)
PRD_1310,AGE_004,30대 (가볍게 즐기기 좋은 기념품)
PRD_1310,AGE_005,40대 (가볍게 즐기기 좋은 기념품)
PRD_1311,AGE_002,10대 (가볍게 즐기기 좋은 기념품)
PRD_1311,AGE_003,20대 (가볍게 즐기기 좋은 기념품)
PRD_1311,AGE_004,30대 (가볍게 즐기기 좋은 기념품)
PRD_1311,AGE_005,40대 (가볍게 즐기기 좋은 기념품)
PRD_1312,AGE_002,10대 (가볍게 즐기기 좋은 기념품)
PRD_1312,AGE_003,20대 (가볍게 즐기기 좋은 기념품)
PRD_1312,AGE_004,30대 (가볍게 즐기기 좋은 기념품)
PRD_1312,AGE_005,40대 (가볍게 즐기기 좋은 기념품)
PRD_1313,AGE_002,10대 (가볍게 즐기기 좋은 기념품)
PRD_1313,AGE_003,20대 (가볍게 즐기기 좋은 기념품)
PRD_1313,AGE_004,30대 (가볍게 즐기기 좋은 기념품)
PRD_1313,AGE_005,40대 (가볍게 즐기기 좋은 기념품)
PRD_1314,AGE_002,10대 (가볍게 즐기기 좋은 기념품)
PRD_1314,AGE_003,20대 (가볍게 즐기기 좋은 기념품)
PRD_1314,AGE_004,30대 (가볍게 즐기기 좋은 기념품)
PRD_1314,AGE_005,40대 (가볍게 즐기기 좋은 기념품)
PRD_1315,AGE_002,10대 (가볍게 즐기기 좋은 기념품)
PRD_1315,AGE_003,20대 (가볍게 즐기기 좋은 기념품)
PRD_1315,AGE_004,30대 (가볍게 즐기기 좋은 기념품)
PRD_1315,AGE_005,40대 (가볍게 즐기기 좋은 기념품)
PRD_1316,AGE_002,10대 (가볍게 즐기기 좋은 기념품)
PRD_1316,AGE_003,20대 (가볍게 즐기기 좋은 기념품)
PRD_1316,AGE_004,30대 (가볍게 즐기기 좋은 기념품)
PRD_1316,AGE_005,40대 (가볍게 즐기기 좋은 기념품)
PRD_1317,AGE_002,10대 (가볍게 즐기기 좋은 기념품)
PRD_1317,AGE_003,20대 (가볍게 즐기기 좋은 기념품)
PRD_1317,AGE_004,30대 (가볍게 즐기기 좋은 기념품)
PRD_1317,AGE_005,40대 (가볍게 즐기기 좋은 기념품)
PRD_1318,AGE_003,20대 (가볍게 즐기기 좋은 기념품)
PRD_1318,AGE_004,30대 (가볍게 즐기기 좋은 기념품)
PRD_1318,AGE_005,40대 (가볍게 즐기기 좋은 기념품)
PRD_1318,AGE_006,50대 (가볍게 즐기기 좋은 기념품)
PRD_1319,AGE_003,20대 (간편식·조미료 활용도가 높음)
PRD_1319,AGE_004,30대 (간편식·조미료 활용도가 높음)
PRD_1319,AGE_005,40대 (간편식·조미료 활용도가 높음)
PRD_1319,AGE_006,50대 (간편식·조미료 활용도가 높음)
PRD_1320,AGE_003,20대 (간편식·조미료 활용도가 높음)
PRD_1320,AGE_004,30대 (간편식·조미료 활용도가 높음)
PRD_1320,AGE_005,40대 (간편식·조미료 활용도가 높음)
PRD_1320,AGE_006,50대 (간편식·조미료 활용도가 높음)
PRD_1321,AGE_002,10대 (가볍게 즐기기 좋은 기념품)
PRD_1321,AGE_003,20대 (가볍게 즐기기 좋은 기념품)
PRD_1321,AGE_004,30대 (가볍게 즐기기 좋은 기념품)
PRD_1321,AGE_005,40대 (가볍게 즐기기 좋은 기념품)
PRD_1322,AGE_002,10대 (가볍게 즐기기 좋은 기념품)
PRD_1322,AGE_003,20대 (가볍게 즐기기 좋은 기념품)
PRD_1322,AGE_004,30대 (가볍게 즐기기 좋은 기념품)
PRD_1322,AGE_005,40대 (가볍게 즐기기 좋은 기념품)
PRD_1323,AGE_002,10대 (가볍게 즐기기 좋은 기념품)
PRD_1323,AGE_003,20대 (가볍게 즐기기 좋은 기념품)
PRD_1323,AGE_004,30대 (가볍게 즐기기 좋은 기념품)
PRD_1323,AGE_005,40대 (가볍게 즐기기 좋은 기념품)
PRD_1324,AGE_003,20대 (간편식·조미료 활용도가 높음)
PRD_1324,AGE_004,30대 (간편식·조미료 활용도가 높음)
PRD_1324,AGE_005,40대 (간편식·조미료 활용도가 높음)
PRD_1324,AGE_006,50대 (간편식·조미료 활용도가 높음)
PRD_1325,AGE_003,20대 (간편식·조미료 활용도가 높음)
PRD_1325,AGE_004,30대 (간편식·조미료 활용도가 높음)
PRD_1325,AGE_005,40대 (간편식·조미료 활용도가 높음)
PRD_1325,AGE_006,50대 (간편식·조미료 활용도가 높음)
PRD_1326,AGE_003,20대 (간편식·조미료 활용도가 높음)
PRD_1326,AGE_004,30대 (간편식·조미료 활용도가 높음)
PRD_1326,AGE_005,40대 (간편식·조미료 활용도가 높음)
PRD_1326,AGE_006,50대 (간편식·조미료 활용도가 높음)
PRD_1327,AGE_002,10대 (가볍게 즐기기 좋은 기념품)
PRD_1327,AGE_003,20대 (가볍게 즐기기 좋은 기념품)
PRD_1327,AGE_004,30대 (가볍게 즐기기 좋은 기념품)
PRD_1327,AGE_005,40대 (가볍게 즐기기 좋은 기념품)
PRD_1328,AGE_002,10대 (가볍게 즐기기 좋은 기념품)
PRD_1328,AGE_003,20대 (가볍게 즐기기 좋은 기념품)
PRD_1328,AGE_004,30대 (가볍게 즐기기 좋은 기념품)
PRD_1328,AGE_005,40대 (가볍게 즐기기 좋은 기념품)
PRD_1329,AGE_003,20대 (간편식·조미료 활용도가 높음)
PRD_1329,AGE_004,30대 (간편식·조미료 활용도가 높음)
PRD_1329,AGE_005,40대 (간편식·조미료 활용도가 높음)
PRD_1329,AGE_006,50대 (간편식·조미료 활용도가 높음)
PRD_1330,AGE_003,20대 (간편식·조미료 활용도가 높음)
PRD_1330,AGE_004,30대 (간편식·조미료 활용도가 높음)
PRD_1330,AGE_005,40대 (간편식·조미료 활용도가 높음)
PRD_1330,AGE_006,50대 (간편식·조미료 활용도가 높음)
PRD_1331,AGE_003,20대 (간편식·조미료 활용도가 높음)
PRD_1331,AGE_004,30대 (간편식·조미료 활용도가 높음)
PRD_1331,AGE_005,40대 (간편식·조미료 활용도가 높음)
PRD_1331,AGE_006,50대 (간편식·조미료 활용도가 높음)
PRD_1332,AGE_003,20대 (간편식·조미료 활용도가 높음)
PRD_1332,AGE_004,30대 (간편식·조미료 활용도가 높음)
PRD_1332,AGE_005,40대 (간편식·조미료 활용도가 높음)
PRD_1332,AGE_006,50대 (간편식·조미료 활용도가 높음)
PRD_1333,AGE_003,20대 (간편식·조미료 활용도가 높음)
PRD_1333,AGE_004,30대 (간편식·조미료 활용도가 높음)
PRD_1333,AGE_005,40대 (간편식·조미료 활용도가 높음)
PRD_1333,AGE_006,50대 (간편식·조미료 활용도가 높음)
PRD_1334,AGE_002,10대 (가볍게 즐기기 좋은 기념품)
PRD_1334,AGE_003,20대 (가볍게 즐기기 좋은 기념품)
PRD_1334,AGE_004,30대 (가볍게 즐기기 좋은 기념품)
PRD_1334,AGE_005,40대 (가볍게 즐기기 좋은 기념품)
PRD_1335,AGE_003,20대 (가볍게 즐기기 좋은 기념품)
PRD_1335,AGE_004,30대 (가볍게 즐기기 좋은 기념품)
PRD_1335,AGE_005,40대 (가볍게 즐기기 좋은 기념품)
PRD_1336,AGE_003,20대(가볍고 트렌디한 여행 선물)
PRD_1336,AGE_004,30대(실용성과 지역성을 함께 고려)
PRD_1336,AGE_005,40대(무난하고 품질감 있는 선물)
PRD_1337,AGE_003,20대(가볍고 트렌디한 여행 선물)
PRD_1337,AGE_004,30대(실용성과 지역성을 함께 고려)
PRD_1337,AGE_005,40대(무난하고 품질감 있는 선물)
PRD_1338,AGE_003,20대(가볍고 트렌디한 여행 선물)
PRD_1338,AGE_004,30대(실용성과 지역성을 함께 고려)
PRD_1338,AGE_005,40대(무난하고 품질감 있는 선물)
PRD_1339,AGE_003,20대(가볍고 트렌디한 여행 선물)
PRD_1339,AGE_004,30대(실용성과 지역성을 함께 고려)
PRD_1339,AGE_005,40대(무난하고 품질감 있는 선물)
PRD_1340,AGE_003,20대(가볍고 트렌디한 여행 선물)
PRD_1340,AGE_004,30대(실용성과 지역성을 함께 고려)
PRD_1340,AGE_005,40대(무난하고 품질감 있는 선물)
PRD_1341,AGE_003,20대(가볍고 트렌디한 여행 선물)
PRD_1341,AGE_004,30대(실용성과 지역성을 함께 고려)
PRD_1341,AGE_005,40대(무난하고 품질감 있는 선물)
PRD_1342,AGE_003,20대(가볍고 트렌디한 여행 선물)
PRD_1342,AGE_004,30대(실용성과 지역성을 함께 고려)
PRD_1342,AGE_005,40대(무난하고 품질감 있는 선물)
PRD_1343,AGE_003,20대(가볍고 트렌디한 여행 선물)
PRD_1343,AGE_004,30대(실용성과 지역성을 함께 고려)
PRD_1343,AGE_005,40대(무난하고 품질감 있는 선물)
PRD_1344,AGE_003,20대(가볍고 트렌디한 여행 선물)
PRD_1344,AGE_004,30대(실용성과 지역성을 함께 고려)
PRD_1344,AGE_005,40대(무난하고 품질감 있는 선물)
PRD_1345,AGE_003,20대(가볍고 트렌디한 여행 선물)
PRD_1345,AGE_004,30대(실용성과 지역성을 함께 고려)
PRD_1345,AGE_005,40대(무난하고 품질감 있는 선물)
PRD_1346,AGE_003,20대(가볍고 트렌디한 여행 선물)
PRD_1346,AGE_004,30대(실용성과 지역성을 함께 고려)
PRD_1346,AGE_005,40대(무난하고 품질감 있는 선물)
PRD_1347,AGE_003,20대(가볍고 트렌디한 여행 선물)
PRD_1347,AGE_004,30대(실용성과 지역성을 함께 고려)
PRD_1347,AGE_005,40대(무난하고 품질감 있는 선물)
PRD_1348,AGE_003,20대(가볍고 트렌디한 여행 선물)
PRD_1348,AGE_004,30대(실용성과 지역성을 함께 고려)
PRD_1348,AGE_005,40대(무난하고 품질감 있는 선물)
PRD_1349,AGE_003,20대(가볍고 트렌디한 여행 선물)
PRD_1349,AGE_004,30대(실용성과 지역성을 함께 고려)
PRD_1349,AGE_005,40대(무난하고 품질감 있는 선물)
PRD_1350,AGE_003,20대(가볍고 트렌디한 여행 선물)
PRD_1350,AGE_004,30대(실용성과 지역성을 함께 고려)
PRD_1350,AGE_005,40대(무난하고 품질감 있는 선물)
PRD_1351,AGE_003,20대(가볍고 트렌디한 여행 선물)
PRD_1351,AGE_004,30대(실용성과 지역성을 함께 고려)
PRD_1351,AGE_005,40대(무난하고 품질감 있는 선물)
PRD_1352,AGE_003,20대(가볍고 트렌디한 여행 선물)
PRD_1352,AGE_004,30대(실용성과 지역성을 함께 고려)
PRD_1352,AGE_005,40대(무난하고 품질감 있는 선물)
PRD_1353,AGE_003,20대(가볍고 트렌디한 여행 선물)
PRD_1353,AGE_004,30대(실용성과 지역성을 함께 고려)
PRD_1353,AGE_005,40대(무난하고 품질감 있는 선물)
PRD_1354,AGE_004,30대(실용성과 지역성을 함께 고려)
PRD_1354,AGE_005,40대(무난하고 품질감 있는 선물)
PRD_1354,AGE_006,50대(전통주나 실용 선물 선호)
PRD_1355,AGE_004,30대(실용성과 지역성을 함께 고려)
PRD_1355,AGE_005,40대(무난하고 품질감 있는 선물)
PRD_1355,AGE_006,50대(전통주나 실용 선물 선호)
PRD_1356,AGE_003,20대(향과 감성 소비에 어울림)
PRD_1356,AGE_004,30대(실용성과 디자인을 함께 고려)
PRD_1356,AGE_005,40대(부담 없는 생활 선물)
PRD_1357,AGE_003,20대(향과 감성 소비에 어울림)
PRD_1357,AGE_004,30대(실용성과 디자인을 함께 고려)
PRD_1357,AGE_005,40대(부담 없는 생활 선물)
PRD_1358,AGE_003,20대(향과 감성 소비에 어울림)
PRD_1358,AGE_004,30대(실용성과 디자인을 함께 고려)
PRD_1358,AGE_005,40대(부담 없는 생활 선물)
PRD_1359,AGE_003,20대(향과 감성 소비에 어울림)
PRD_1359,AGE_004,30대(실용성과 디자인을 함께 고려)
PRD_1359,AGE_005,40대(부담 없는 생활 선물)
PRD_1360,AGE_003,20대(향과 감성 소비에 어울림)
PRD_1360,AGE_004,30대(실용성과 디자인을 함께 고려)
PRD_1360,AGE_005,40대(부담 없는 생활 선물)
PRD_1361,AGE_003,20대(향과 감성 소비에 어울림)
PRD_1361,AGE_004,30대(실용성과 디자인을 함께 고려)
PRD_1361,AGE_005,40대(부담 없는 생활 선물)
PRD_1362,AGE_002,10대(작고 귀여운 굿즈 선호)
PRD_1362,AGE_003,20대(여행 기념 굿즈로 적합)
PRD_1362,AGE_004,30대(가볍게 소장하기 좋음)
PRD_1363,AGE_002,10대(작고 귀여운 굿즈 선호)
PRD_1363,AGE_003,20대(여행 기념 굿즈로 적합)
PRD_1363,AGE_004,30대(가볍게 소장하기 좋음)
PRD_1364,AGE_002,10대(작고 귀여운 굿즈 선호)
PRD_1364,AGE_003,20대(여행 기념 굿즈로 적합)
PRD_1364,AGE_004,30대(가볍게 소장하기 좋음)
PRD_1365,AGE_002,10대(작고 귀여운 굿즈 선호)
PRD_1365,AGE_003,20대(여행 기념 굿즈로 적합)
PRD_1365,AGE_004,30대(가볍게 소장하기 좋음)
PRD_1366,AGE_002,10대(작고 귀여운 굿즈 선호)
PRD_1366,AGE_003,20대(여행 기념 굿즈로 적합)
PRD_1366,AGE_004,30대(가볍게 소장하기 좋음)
PRD_1367,AGE_003,20대(간편 요리에 활용 가능)
PRD_1367,AGE_004,30대(집밥·캠핑 요리에 적합)
PRD_1367,AGE_005,40대(실용적인 식품 선물)
PRD_1368,AGE_003,20대(간편 요리에 활용 가능)
PRD_1368,AGE_004,30대(집밥·캠핑 요리에 적합)
PRD_1368,AGE_005,40대(실용적인 식품 선물)
PRD_1369,AGE_003,20대(간편 요리에 활용 가능)
PRD_1369,AGE_004,30대(집밥·캠핑 요리에 적합)
PRD_1369,AGE_005,40대(실용적인 식품 선물)
PRD_1370,AGE_003,20대(간편 요리에 활용 가능)
PRD_1370,AGE_004,30대(집밥·캠핑 요리에 적합)
PRD_1370,AGE_005,40대(실용적인 식품 선물)
PRD_1371,AGE_003,20대(간편 요리에 활용 가능)
PRD_1371,AGE_004,30대(집밥·캠핑 요리에 적합)
PRD_1371,AGE_005,40대(실용적인 식품 선물)
PRD_1372,AGE_003,20대(간편 요리에 활용 가능)
PRD_1372,AGE_004,30대(집밥·캠핑 요리에 적합)
PRD_1372,AGE_005,40대(실용적인 식품 선물)
PRD_1373,AGE_003,20대(간편 요리에 활용 가능)
PRD_1373,AGE_004,30대(집밥·캠핑 요리에 적합)
PRD_1373,AGE_005,40대(실용적인 식품 선물)
PRD_1374,AGE_003,20대(간편 요리에 활용 가능)
PRD_1374,AGE_004,30대(집밥·캠핑 요리에 적합)
PRD_1374,AGE_005,40대(실용적인 식품 선물)
PRD_1375,AGE_003,20대(간편 요리에 활용 가능)
PRD_1375,AGE_004,30대(집밥·캠핑 요리에 적합)
PRD_1375,AGE_005,40대(실용적인 식품 선물)
PRD_1376,AGE_003,20대(간편 요리에 활용 가능)
PRD_1376,AGE_004,30대(집밥·캠핑 요리에 적합)
PRD_1376,AGE_005,40대(실용적인 식품 선물)
PRD_1377,AGE_002,10대(간식으로 즐기기 쉬움)
PRD_1377,AGE_003,20대(가볍고 트렌디한 여행 선물)
PRD_1377,AGE_004,30대(나눠 먹기 좋은 간식)
PRD_1378,AGE_002,10대(간식으로 즐기기 쉬움)
PRD_1378,AGE_003,20대(가볍고 트렌디한 여행 선물)
PRD_1378,AGE_004,30대(나눠 먹기 좋은 간식)
PRD_1379,AGE_002,10대(간식으로 즐기기 쉬움)
PRD_1379,AGE_003,20대(가볍고 트렌디한 여행 선물)
PRD_1379,AGE_004,30대(나눠 먹기 좋은 간식)
PRD_1380,AGE_002,10대(간식으로 즐기기 쉬움)
PRD_1380,AGE_003,20대(가볍고 트렌디한 여행 선물)
PRD_1380,AGE_004,30대(나눠 먹기 좋은 간식)
PRD_1381,AGE_004,30대(성인용 지역 주류 선물)
PRD_1381,AGE_005,40대(격식 있는 주류 선물)
PRD_1381,AGE_006,50대(전통주 선호층에 적합)
PRD_1382,AGE_004,30대(성인용 지역 주류 선물)
PRD_1382,AGE_005,40대(격식 있는 주류 선물)
PRD_1382,AGE_006,50대(전통주 선호층에 적합)
PRD_1383,AGE_004,30대(성인용 지역 주류 선물)
PRD_1383,AGE_005,40대(격식 있는 주류 선물)
PRD_1383,AGE_006,50대(전통주 선호층에 적합)
PRD_1384,AGE_004,30대(성인용 지역 주류 선물)
PRD_1384,AGE_005,40대(격식 있는 주류 선물)
PRD_1384,AGE_006,50대(전통주 선호층에 적합)
PRD_1385,AGE_004,30대(성인용 지역 주류 선물)
PRD_1385,AGE_005,40대(격식 있는 주류 선물)
PRD_1385,AGE_006,50대(전통주 선호층에 적합)
PRD_1386,AGE_003,20대(트렌디한 지역 디저트로 즐기기 좋음)
PRD_1386,AGE_004,30대(선물과 실사용 균형이 좋음)
PRD_1386,AGE_005,40대(익숙한 맛과 지역성이 있음)
PRD_1387,AGE_003,20대(트렌디한 지역 디저트로 즐기기 좋음)
PRD_1387,AGE_004,30대(선물과 실사용 균형이 좋음)
PRD_1387,AGE_005,40대(익숙한 맛과 지역성이 있음)
PRD_1388,AGE_003,20대(트렌디한 지역 디저트로 즐기기 좋음)
PRD_1388,AGE_004,30대(선물과 실사용 균형이 좋음)
PRD_1388,AGE_005,40대(익숙한 맛과 지역성이 있음)
PRD_1389,AGE_003,20대(트렌디한 지역 디저트로 즐기기 좋음)
PRD_1389,AGE_004,30대(선물과 실사용 균형이 좋음)
PRD_1389,AGE_005,40대(익숙한 맛과 지역성이 있음)
PRD_1390,AGE_003,20대(트렌디한 지역 디저트로 즐기기 좋음)
PRD_1390,AGE_004,30대(선물과 실사용 균형이 좋음)
PRD_1390,AGE_005,40대(익숙한 맛과 지역성이 있음)
PRD_1391,AGE_003,20대(트렌디한 지역 디저트로 즐기기 좋음)
PRD_1391,AGE_004,30대(선물과 실사용 균형이 좋음)
PRD_1391,AGE_005,40대(익숙한 맛과 지역성이 있음)
PRD_1392,AGE_002,10대(간식으로 부담이 적음)
PRD_1392,AGE_003,20대(트렌디한 지역 디저트로 즐기기 좋음)
PRD_1392,AGE_004,30대(선물과 실사용 균형이 좋음)
PRD_1393,AGE_003,20대(트렌디한 지역 디저트로 즐기기 좋음)
PRD_1393,AGE_004,30대(선물과 실사용 균형이 좋음)
PRD_1393,AGE_005,40대(익숙한 맛과 지역성이 있음)
PRD_1394,AGE_003,20대(트렌디한 지역 디저트로 즐기기 좋음)
PRD_1394,AGE_004,30대(선물과 실사용 균형이 좋음)
PRD_1394,AGE_005,40대(익숙한 맛과 지역성이 있음)
PRD_1395,AGE_002,10대(간식으로 부담이 적음)
PRD_1395,AGE_003,20대(트렌디한 지역 디저트로 즐기기 좋음)
PRD_1395,AGE_004,30대(선물과 실사용 균형이 좋음)
PRD_1396,AGE_003,20대(트렌디한 지역 디저트로 즐기기 좋음)
PRD_1396,AGE_004,30대(선물과 실사용 균형이 좋음)
PRD_1396,AGE_005,40대(익숙한 맛과 지역성이 있음)
PRD_1397,AGE_003,20대(트렌디한 지역 디저트로 즐기기 좋음)
PRD_1397,AGE_004,30대(선물과 실사용 균형이 좋음)
PRD_1397,AGE_005,40대(익숙한 맛과 지역성이 있음)
PRD_1398,AGE_003,20대(트렌디한 지역 디저트로 즐기기 좋음)
PRD_1398,AGE_004,30대(선물과 실사용 균형이 좋음)
PRD_1398,AGE_005,40대(익숙한 맛과 지역성이 있음)
PRD_1399,AGE_004,30대(선물과 실사용 균형이 좋음)
PRD_1399,AGE_005,40대(익숙한 맛과 지역성이 있음)
PRD_1399,AGE_006,50대(격식 있는 지역 선물로 적합함)
PRD_1400,AGE_004,30대(선물과 실사용 균형이 좋음)
PRD_1400,AGE_005,40대(익숙한 맛과 지역성이 있음)
PRD_1400,AGE_006,50대(격식 있는 지역 선물로 적합함)
PRD_1401,AGE_004,30대(선물과 실사용 균형이 좋음)
PRD_1401,AGE_005,40대(익숙한 맛과 지역성이 있음)
PRD_1401,AGE_006,50대(격식 있는 지역 선물로 적합함)
PRD_1402,AGE_004,30대(선물과 실사용 균형이 좋음)
PRD_1402,AGE_005,40대(익숙한 맛과 지역성이 있음)
PRD_1402,AGE_006,50대(격식 있는 지역 선물로 적합함)
PRD_1403,AGE_004,30대(선물과 실사용 균형이 좋음)
PRD_1403,AGE_005,40대(익숙한 맛과 지역성이 있음)
PRD_1403,AGE_006,50대(격식 있는 지역 선물로 적합함)
PRD_1404,AGE_004,30대(선물과 실사용 균형이 좋음)
PRD_1404,AGE_005,40대(익숙한 맛과 지역성이 있음)
PRD_1404,AGE_006,50대(격식 있는 지역 선물로 적합함)
PRD_1405,AGE_003,20대(트렌디한 지역 디저트로 즐기기 좋음)
PRD_1405,AGE_004,30대(선물과 실사용 균형이 좋음)
PRD_1405,AGE_005,40대(익숙한 맛과 지역성이 있음)
PRD_1405,AGE_006,50대(격식 있는 지역 선물로 적합함)
PRD_1406,AGE_004,30대 (선물용으로 부담 없음)
PRD_1406,AGE_005,40대 (전통 과자 선호)
PRD_1406,AGE_006,50대 (차와 곁들이기 좋음)
PRD_1407,AGE_003,20대 (소형 선물로 적합)
PRD_1407,AGE_004,30대 (가벼운 화과자 선호)
PRD_1407,AGE_005,40대 (전통적인 단맛)
PRD_1408,AGE_005,40대 (양갱 선호층)
PRD_1408,AGE_006,50대 (차와 곁들이기 좋음)
PRD_1408,AGE_007,60대 (익숙한 전통 간식)
PRD_1409,AGE_003,20대 (커피와 곁들이기 좋음)
PRD_1409,AGE_004,30대 (선물용 과자)
PRD_1409,AGE_005,40대 (고소한 앙금 선호)
PRD_1410,AGE_004,30대 (직장 선물)
PRD_1410,AGE_005,40대 (격식 있는 과자)
PRD_1410,AGE_006,50대 (전통 브랜드 선호)
PRD_1411,AGE_004,30대 (이색 디저트 음료)
PRD_1411,AGE_005,40대 (전통 감성)
PRD_1411,AGE_006,50대 (따뜻한 음료 선호)
PRD_1412,AGE_005,40대 (부드러운 간식)
PRD_1412,AGE_006,50대 (따뜻한 음료류 선호)
PRD_1412,AGE_007,60대 (소화 부담이 적음)
PRD_1413,AGE_004,30대 (고소한 떡과자)
PRD_1413,AGE_005,40대 (전통 간식 선호)
PRD_1413,AGE_006,50대 (차와 어울림)
PRD_1414,AGE_004,30대 (계절감 있는 간식)
PRD_1414,AGE_005,40대 (밤 디저트 선호)
PRD_1414,AGE_006,50대 (전통 화과자 선호)
PRD_1415,AGE_003,20대 (부담 없는 간식)
PRD_1415,AGE_004,30대 (나눔용 과자)
PRD_1415,AGE_005,40대 (전통 만주 선호)
PRD_1416,AGE_003,20대 (간편식 선호)
PRD_1416,AGE_004,30대 (실용적 선물)
PRD_1416,AGE_005,40대 (식사용 기념품)
PRD_1417,AGE_003,20대 (간편식으로 좋음)
PRD_1417,AGE_004,30대 (집밥 보완용)
PRD_1417,AGE_005,40대 (실용적 식품)
PRD_1418,AGE_001,10세 미만 (어린이용 카레)
PRD_1418,AGE_002,10대 (순한 레토르트)
PRD_1418,AGE_004,30대 (아이 있는 가족용)
PRD_1419,AGE_004,30대 (집에서 조리)
PRD_1419,AGE_005,40대 (고기 선물 선호)
PRD_1419,AGE_006,50대 (식사용 선물)
PRD_1420,AGE_004,30대 (집밥용 고기)
PRD_1420,AGE_005,40대 (진한 양념 선호)
PRD_1420,AGE_006,50대 (반찬형 선물)
PRD_1421,AGE_003,20대 (간편식 선호)
PRD_1421,AGE_004,30대 (실용적 선물)
PRD_1421,AGE_005,40대 (식사 대용)
PRD_1422,AGE_003,20대 (레토르트 선호)
PRD_1422,AGE_004,30대 (실용적 기념품)
PRD_1422,AGE_005,40대 (식사용 선물)
PRD_1423,AGE_004,30대 (식사용 기념품)
PRD_1423,AGE_005,40대 (술안주 선호)
PRD_1423,AGE_006,50대 (전통 어묵류 선호)
PRD_1424,AGE_004,30대 (가족용 선물)
PRD_1424,AGE_005,40대 (술안주 겸용)
PRD_1424,AGE_006,50대 (전통 식품 선호)
PRD_1425,AGE_004,30대 (실용적 선물)
PRD_1425,AGE_005,40대 (술안주·반찬)
PRD_1425,AGE_006,50대 (전통 식품 선호)
PRD_1426,AGE_004,30대 (계절 선물)
PRD_1426,AGE_005,40대 (식품 선호)
PRD_1426,AGE_006,50대 (전통 어묵류)
PRD_1427,AGE_004,30대 (요리 활용)
PRD_1427,AGE_005,40대 (실용 식재료)
PRD_1427,AGE_006,50대 (전통 조리 재료)
PRD_1428,AGE_002,10대 (가벼운 과자)
PRD_1428,AGE_003,20대 (부담 없는 선물)
PRD_1428,AGE_004,30대 (간식용)
PRD_1429,AGE_002,10대 (소형 간식)
PRD_1429,AGE_003,20대 (나눔용 과자)
PRD_1429,AGE_004,30대 (사무실 간식)
PRD_1430,AGE_003,20대 (굿즈 취향)
PRD_1430,AGE_004,30대 (인테리어 소품)
PRD_1430,AGE_005,40대 (공예품 기념)
PRD_1431,AGE_003,20대 (시험·목표 응원)
PRD_1431,AGE_004,30대 (인테리어 소품)
PRD_1431,AGE_005,40대 (전통 장식 선호)
PRD_1432,AGE_002,10대 (작은 공예품)
PRD_1432,AGE_003,20대 (귀여운 소품)
PRD_1432,AGE_004,30대 (책상 장식)
PRD_1433,AGE_003,20대 (문구 취향)
PRD_1433,AGE_004,30대 (실용 소품)
PRD_1433,AGE_005,40대 (고급 공예품 선호)
PRD_1434,AGE_003,20대 (잡화 선호)
PRD_1434,AGE_004,30대 (실용 공예품)
PRD_1434,AGE_005,40대 (고급스러운 소품)
PRD_1435,AGE_002,10대 (캐릭터 선호)
PRD_1435,AGE_003,20대 (굿즈 취향)
PRD_1435,AGE_004,30대 (지역 캐릭터 기념품)
PRD_1436,AGE_004,30대(선물용 과자 수요)
PRD_1436,AGE_005,40대(격식 있는 간식 선호)
PRD_1436,AGE_006,50대(부드러운 맛과 포장 선호)
PRD_1438,AGE_004,30대(선물용 과자 수요)
PRD_1438,AGE_005,40대(격식 있는 간식 선호)
PRD_1438,AGE_006,50대(부드러운 맛과 포장 선호)
PRD_1439,AGE_004,30대(선물용 과자 수요)
PRD_1439,AGE_005,40대(격식 있는 간식 선호)
PRD_1439,AGE_006,50대(부드러운 맛과 포장 선호)
PRD_1445,AGE_004,30대(선물용 과자 수요)
PRD_1445,AGE_005,40대(격식 있는 간식 선호)
PRD_1445,AGE_006,50대(부드러운 맛과 포장 선호)
PRD_1446,AGE_004,30대(선물용 과자 수요)
PRD_1446,AGE_005,40대(격식 있는 간식 선호)
PRD_1446,AGE_006,50대(부드러운 맛과 포장 선호)
PRD_1437,AGE_002,10대(달콤한 간식 선호)
PRD_1437,AGE_003,20대(가볍게 나누는 기념품)
PRD_1437,AGE_004,30대(직장·친구 선물에 적합)
PRD_1440,AGE_002,10대(달콤한 간식 선호)
PRD_1440,AGE_003,20대(가볍게 나누는 기념품)
PRD_1440,AGE_004,30대(직장·친구 선물에 적합)
PRD_1441,AGE_002,10대(달콤한 간식 선호)
PRD_1441,AGE_003,20대(가볍게 나누는 기념품)
PRD_1441,AGE_004,30대(직장·친구 선물에 적합)
PRD_1442,AGE_002,10대(달콤한 간식 선호)
PRD_1442,AGE_003,20대(가볍게 나누는 기념품)
PRD_1442,AGE_004,30대(직장·친구 선물에 적합)
PRD_1443,AGE_002,10대(달콤한 간식 선호)
PRD_1443,AGE_003,20대(가볍게 나누는 기념품)
PRD_1443,AGE_004,30대(직장·친구 선물에 적합)
PRD_1444,AGE_002,10대(달콤한 간식 선호)
PRD_1444,AGE_003,20대(가볍게 나누는 기념품)
PRD_1444,AGE_004,30대(직장·친구 선물에 적합)
PRD_1447,AGE_002,10대(달콤한 간식 선호)
PRD_1447,AGE_003,20대(가볍게 나누는 기념품)
PRD_1447,AGE_004,30대(직장·친구 선물에 적합)
PRD_1448,AGE_002,10대(달콤한 간식 선호)
PRD_1448,AGE_003,20대(가볍게 나누는 기념품)
PRD_1448,AGE_004,30대(직장·친구 선물에 적합)
PRD_1449,AGE_002,10대(달콤한 간식 선호)
PRD_1449,AGE_003,20대(가볍게 나누는 기념품)
PRD_1449,AGE_004,30대(직장·친구 선물에 적합)
PRD_1450,AGE_002,10대(달콤한 간식 선호)
PRD_1450,AGE_003,20대(가볍게 나누는 기념품)
PRD_1450,AGE_004,30대(직장·친구 선물에 적합)
PRD_1451,AGE_004,30대(주류 선물 소비층)
PRD_1451,AGE_005,40대(지역 지주 선호)
PRD_1451,AGE_006,50대(전통주 선물에 적합)
PRD_1452,AGE_004,30대(주류 선물 소비층)
PRD_1452,AGE_005,40대(지역 지주 선호)
PRD_1452,AGE_006,50대(전통주 선물에 적합)
PRD_1453,AGE_004,30대(주류 선물 소비층)
PRD_1453,AGE_005,40대(지역 지주 선호)
PRD_1453,AGE_006,50대(전통주 선물에 적합)
PRD_1454,AGE_001,10세 미만(동물 인형 선호)
PRD_1454,AGE_002,10대(귀여운 굿즈 취향)
PRD_1454,AGE_003,20대(여행 기념 소장용)
PRD_1454,AGE_004,30대(가벼운 캐릭터 선물)
PRD_1455,AGE_001,10세 미만(동물 인형 선호)
PRD_1455,AGE_002,10대(귀여운 굿즈 취향)
PRD_1455,AGE_003,20대(여행 기념 소장용)
PRD_1455,AGE_004,30대(가벼운 캐릭터 선물)
PRD_1456,AGE_003,20대(간식 선물로 부담 없음)
PRD_1456,AGE_004,30대(가족·동료 선물에 적합)
PRD_1456,AGE_005,40대(차와 함께 먹기 좋은 과자)
PRD_1457,AGE_003,20대(간식 선물로 부담 없음)
PRD_1457,AGE_004,30대(가족·동료 선물에 적합)
PRD_1457,AGE_005,40대(차와 함께 먹기 좋은 과자)
PRD_1458,AGE_003,20대(간식 선물로 부담 없음)
PRD_1458,AGE_004,30대(가족·동료 선물에 적합)
PRD_1458,AGE_005,40대(차와 함께 먹기 좋은 과자)
PRD_1459,AGE_003,20대(간식 선물로 부담 없음)
PRD_1459,AGE_004,30대(가족·동료 선물에 적합)
PRD_1459,AGE_005,40대(차와 함께 먹기 좋은 과자)
PRD_1460,AGE_003,20대(간식 선물로 부담 없음)
PRD_1460,AGE_004,30대(가족·동료 선물에 적합)
PRD_1460,AGE_005,40대(차와 함께 먹기 좋은 과자)
PRD_1461,AGE_003,20대(간식 선물로 부담 없음)
PRD_1461,AGE_004,30대(가족·동료 선물에 적합)
PRD_1461,AGE_005,40대(차와 함께 먹기 좋은 과자)
PRD_1462,AGE_003,20대(간식 선물로 부담 없음)
PRD_1462,AGE_004,30대(가족·동료 선물에 적합)
PRD_1462,AGE_005,40대(차와 함께 먹기 좋은 과자)
PRD_1463,AGE_003,20대(간식 선물로 부담 없음)
PRD_1463,AGE_004,30대(가족·동료 선물에 적합)
PRD_1463,AGE_005,40대(차와 함께 먹기 좋은 과자)
PRD_1464,AGE_003,20대(간식 선물로 부담 없음)
PRD_1464,AGE_004,30대(가족·동료 선물에 적합)
PRD_1464,AGE_005,40대(차와 함께 먹기 좋은 과자)
PRD_1465,AGE_003,20대(간식 선물로 부담 없음)
PRD_1465,AGE_004,30대(가족·동료 선물에 적합)
PRD_1465,AGE_005,40대(차와 함께 먹기 좋은 과자)
PRD_1466,AGE_003,20대(간식 선물로 부담 없음)
PRD_1466,AGE_004,30대(가족·동료 선물에 적합)
PRD_1466,AGE_005,40대(차와 함께 먹기 좋은 과자)
PRD_1467,AGE_003,20대(간식 선물로 부담 없음)
PRD_1467,AGE_004,30대(가족·동료 선물에 적합)
PRD_1467,AGE_005,40대(차와 함께 먹기 좋은 과자)
PRD_1468,AGE_003,20대(간식 선물로 부담 없음)
PRD_1468,AGE_004,30대(가족·동료 선물에 적합)
PRD_1468,AGE_005,40대(차와 함께 먹기 좋은 과자)
PRD_1469,AGE_003,20대(간식 선물로 부담 없음)
PRD_1469,AGE_004,30대(가족·동료 선물에 적합)
PRD_1469,AGE_005,40대(차와 함께 먹기 좋은 과자)
PRD_1470,AGE_003,20대(간식 선물로 부담 없음)
PRD_1470,AGE_004,30대(가족·동료 선물에 적합)
PRD_1470,AGE_005,40대(차와 함께 먹기 좋은 과자)
PRD_1471,AGE_003,20대(간식 선물로 부담 없음)
PRD_1471,AGE_004,30대(가족·동료 선물에 적합)
PRD_1471,AGE_005,40대(차와 함께 먹기 좋은 과자)
PRD_1472,AGE_003,20대(간식 선물로 부담 없음)
PRD_1472,AGE_004,30대(가족·동료 선물에 적합)
PRD_1472,AGE_005,40대(차와 함께 먹기 좋은 과자)
PRD_1473,AGE_003,20대(간식 선물로 부담 없음)
PRD_1473,AGE_004,30대(가족·동료 선물에 적합)
PRD_1473,AGE_005,40대(차와 함께 먹기 좋은 과자)
PRD_1474,AGE_003,20대(간식 선물로 부담 없음)
PRD_1474,AGE_004,30대(가족·동료 선물에 적합)
PRD_1474,AGE_005,40대(차와 함께 먹기 좋은 과자)
PRD_1475,AGE_003,20대(간식 선물로 부담 없음)
PRD_1475,AGE_004,30대(가족·동료 선물에 적합)
PRD_1475,AGE_005,40대(차와 함께 먹기 좋은 과자)
PRD_1476,AGE_004,30대(생활 소품 선호층)
PRD_1476,AGE_005,40대(실용적 공예품 선물)
PRD_1476,AGE_006,50대(품질 있는 목공예 선호)
PRD_1477,AGE_004,30대(생활 소품 선호층)
PRD_1477,AGE_005,40대(실용적 공예품 선물)
PRD_1477,AGE_006,50대(품질 있는 목공예 선호)
PRD_1478,AGE_004,30대(생활 소품 선호층)
PRD_1478,AGE_005,40대(실용적 공예품 선물)
PRD_1478,AGE_006,50대(품질 있는 목공예 선호)
PRD_1479,AGE_004,30대(생활 소품 선호층)
PRD_1479,AGE_005,40대(실용적 공예품 선물)
PRD_1479,AGE_006,50대(품질 있는 목공예 선호)
PRD_1480,AGE_004,30대(생활 소품 선호층)
PRD_1480,AGE_005,40대(실용적 공예품 선물)
PRD_1480,AGE_006,50대(품질 있는 목공예 선호)
PRD_1481,AGE_003,20대(간편식으로 경험하기 좋음)
PRD_1481,AGE_004,30대(집에서 조리하기 쉬움)
PRD_1481,AGE_005,40대(지역 라멘 선물로 무난함)
PRD_1482,AGE_003,20대(간편식으로 경험하기 좋음)
PRD_1482,AGE_004,30대(집에서 조리하기 쉬움)
PRD_1482,AGE_005,40대(지역 라멘 선물로 무난함)
PRD_1483,AGE_003,20대(간편식으로 경험하기 좋음)
PRD_1483,AGE_004,30대(집에서 조리하기 쉬움)
PRD_1483,AGE_005,40대(지역 라멘 선물로 무난함)
PRD_1484,AGE_004,30대(주류 취향 선물 가능)
PRD_1484,AGE_005,40대(전통주 선물에 적합)
PRD_1484,AGE_006,50대(격식 있는 술 선호층)
PRD_1485,AGE_004,30대(주류 취향 선물 가능)
PRD_1485,AGE_005,40대(전통주 선물에 적합)
PRD_1485,AGE_006,50대(격식 있는 술 선호층)
PRD_1486,AGE_002,10대(달콤한 간식 선호)
PRD_1486,AGE_003,20대(트렌디한 디저트 선물)
PRD_1486,AGE_004,30대(가벼운 선물로 활용 가능)
PRD_1487,AGE_003,20대(여행 기념품으로 부담 없음)
PRD_1487,AGE_004,30대(실용적인 지역 식품 선호)
PRD_1487,AGE_005,40대(가족 선물로 적합)
PRD_1488,AGE_003,20대(여행 기념품으로 부담 없음)
PRD_1488,AGE_004,30대(실용적인 지역 식품 선호)
PRD_1488,AGE_005,40대(가족 선물로 적합)
PRD_1489,AGE_003,20대(여행 기념품으로 부담 없음)
PRD_1489,AGE_004,30대(실용적인 지역 식품 선호)
PRD_1489,AGE_005,40대(가족 선물로 적합)
PRD_1490,AGE_003,20대(여행 기념품으로 부담 없음)
PRD_1490,AGE_004,30대(실용적인 지역 식품 선호)
PRD_1490,AGE_005,40대(가족 선물로 적합)
PRD_1491,AGE_003,20대(여행 기념품으로 부담 없음)
PRD_1491,AGE_004,30대(실용적인 지역 식품 선호)
PRD_1491,AGE_005,40대(가족 선물로 적합)
PRD_1492,AGE_002,10대(달콤한 간식 선호)
PRD_1492,AGE_003,20대(트렌디한 디저트 선물)
PRD_1492,AGE_004,30대(가벼운 선물로 활용 가능)
PRD_1493,AGE_002,10대(달콤한 간식 선호)
PRD_1493,AGE_003,20대(트렌디한 디저트 선물)
PRD_1493,AGE_004,30대(가벼운 선물로 활용 가능)
PRD_1494,AGE_004,30대(실용성과 지역성을 함께 봄)
PRD_1494,AGE_005,40대(전통·고급 선물 선호)
PRD_1494,AGE_006,50대(차분한 지역 선물에 적합)
PRD_1495,AGE_004,30대(실용성과 지역성을 함께 봄)
PRD_1495,AGE_005,40대(전통·고급 선물 선호)
PRD_1495,AGE_006,50대(차분한 지역 선물에 적합)
PRD_1496,AGE_003,20대(여행 기념품으로 부담 없음)
PRD_1496,AGE_004,30대(실용적인 지역 식품 선호)
PRD_1496,AGE_005,40대(가족 선물로 적합)
PRD_1497,AGE_003,20대(여행 기념품으로 부담 없음)
PRD_1497,AGE_004,30대(실용적인 지역 식품 선호)
PRD_1497,AGE_005,40대(가족 선물로 적합)
PRD_1498,AGE_004,30대(실용성과 지역성을 함께 봄)
PRD_1498,AGE_005,40대(전통·고급 선물 선호)
PRD_1498,AGE_006,50대(차분한 지역 선물에 적합)
PRD_1499,AGE_004,30대(실용성과 지역성을 함께 봄)
PRD_1499,AGE_005,40대(전통·고급 선물 선호)
PRD_1499,AGE_006,50대(차분한 지역 선물에 적합)
PRD_1500,AGE_004,30대(실용성과 지역성을 함께 봄)
PRD_1500,AGE_005,40대(전통·고급 선물 선호)
PRD_1500,AGE_006,50대(차분한 지역 선물에 적합)
PRD_1501,AGE_004,30대(실용성과 지역성을 함께 봄)
PRD_1501,AGE_005,40대(전통·고급 선물 선호)
PRD_1501,AGE_006,50대(차분한 지역 선물에 적합)
PRD_1502,AGE_004,30대(실용성과 지역성을 함께 봄)
PRD_1502,AGE_005,40대(전통·고급 선물 선호)
PRD_1502,AGE_006,50대(차분한 지역 선물에 적합)
PRD_1503,AGE_002,10대(달콤한 간식 선호)
PRD_1503,AGE_003,20대(트렌디한 디저트 선물)
PRD_1503,AGE_004,30대(가벼운 선물로 활용 가능)
PRD_1504,AGE_003,20대(여행 기념품으로 부담 없음)
PRD_1504,AGE_004,30대(실용적인 지역 식품 선호)
PRD_1504,AGE_005,40대(가족 선물로 적합)
PRD_1505,AGE_003,20대(여행 기념품으로 부담 없음)
PRD_1505,AGE_004,30대(실용적인 지역 식품 선호)
PRD_1505,AGE_005,40대(가족 선물로 적합)
PRD_1506,AGE_003,20대(여행 기념품으로 부담 없음)
PRD_1506,AGE_004,30대(실용적인 지역 식품 선호)
PRD_1506,AGE_005,40대(가족 선물로 적합)
PRD_1507,AGE_003,20대(여행 기념품으로 부담 없음)
PRD_1507,AGE_004,30대(실용적인 지역 식품 선호)
PRD_1507,AGE_005,40대(가족 선물로 적합)
PRD_1508,AGE_003,20대(여행 기념품으로 부담 없음)
PRD_1508,AGE_004,30대(실용적인 지역 식품 선호)
PRD_1508,AGE_005,40대(가족 선물로 적합)
PRD_1509,AGE_002,10대(달콤한 간식 선호)
PRD_1509,AGE_003,20대(트렌디한 디저트 선물)
PRD_1509,AGE_004,30대(가벼운 선물로 활용 가능)
PRD_1510,AGE_003,20대(여행 기념품으로 부담 없음)
PRD_1510,AGE_004,30대(실용적인 지역 식품 선호)
PRD_1510,AGE_005,40대(가족 선물로 적합)
PRD_1511,AGE_003,20대(여행 기념품으로 부담 없음)
PRD_1511,AGE_004,30대(실용적인 지역 식품 선호)
PRD_1511,AGE_005,40대(가족 선물로 적합)
PRD_1512,AGE_002,10대(달콤한 간식 선호)
PRD_1512,AGE_003,20대(트렌디한 디저트 선물)
PRD_1512,AGE_004,30대(가벼운 선물로 활용 가능)
PRD_1513,AGE_002,10대(달콤한 간식 선호)
PRD_1513,AGE_003,20대(트렌디한 디저트 선물)
PRD_1513,AGE_004,30대(가벼운 선물로 활용 가능)
PRD_1514,AGE_002,10대(달콤한 간식 선호)
PRD_1514,AGE_003,20대(트렌디한 디저트 선물)
PRD_1514,AGE_004,30대(가벼운 선물로 활용 가능)
PRD_1515,AGE_004,30대(실용성과 지역성을 함께 봄)
PRD_1515,AGE_005,40대(전통·고급 선물 선호)
PRD_1515,AGE_006,50대(차분한 지역 선물에 적합)
PRD_1516,AGE_004,30대(실용성과 지역성을 함께 봄)
PRD_1516,AGE_005,40대(전통·고급 선물 선호)
PRD_1516,AGE_006,50대(차분한 지역 선물에 적합)
PRD_1517,AGE_003,20대(여행 기념품으로 부담 없음)
PRD_1517,AGE_004,30대(실용적인 지역 식품 선호)
PRD_1517,AGE_005,40대(가족 선물로 적합)
PRD_1518,AGE_003,20대(여행 기념품으로 부담 없음)
PRD_1518,AGE_004,30대(실용적인 지역 식품 선호)
PRD_1518,AGE_005,40대(가족 선물로 적합)
PRD_1519,AGE_003,20대(여행 기념품으로 부담 없음)
PRD_1519,AGE_004,30대(실용적인 지역 식품 선호)
PRD_1519,AGE_005,40대(가족 선물로 적합)
PRD_1520,AGE_003,20대(여행 기념품으로 부담 없음)
PRD_1520,AGE_004,30대(실용적인 지역 식품 선호)
PRD_1520,AGE_005,40대(가족 선물로 적합)
PRD_1521,AGE_002,10대(달콤한 간식 선호)
PRD_1521,AGE_003,20대(트렌디한 디저트 선물)
PRD_1521,AGE_004,30대(가벼운 선물로 활용 가능)
PRD_1522,AGE_003,20대(여행 기념품으로 부담 없음)
PRD_1522,AGE_004,30대(실용적인 지역 식품 선호)
PRD_1522,AGE_005,40대(가족 선물로 적합)
PRD_1523,AGE_004,30대(실용성과 지역성을 함께 봄)
PRD_1523,AGE_005,40대(전통·고급 선물 선호)
PRD_1523,AGE_006,50대(차분한 지역 선물에 적합)
PRD_1524,AGE_003,20대(여행 기념품으로 부담 없음)
PRD_1524,AGE_004,30대(실용적인 지역 식품 선호)
PRD_1524,AGE_005,40대(가족 선물로 적합)
PRD_1525,AGE_003,20대(여행 기념품으로 부담 없음)
PRD_1525,AGE_004,30대(실용적인 지역 식품 선호)
PRD_1525,AGE_005,40대(가족 선물로 적합)
PRD_1526,AGE_003,20대(여행 기념품으로 부담 없음)
PRD_1526,AGE_004,30대(실용적인 지역 식품 선호)
PRD_1526,AGE_005,40대(가족 선물로 적합)
PRD_1527,AGE_003,20대(여행 기념품으로 부담 없음)
PRD_1527,AGE_004,30대(실용적인 지역 식품 선호)
PRD_1527,AGE_005,40대(가족 선물로 적합)
PRD_1528,AGE_002,10대(달콤한 간식 선호)
PRD_1528,AGE_003,20대(트렌디한 디저트 선물)
PRD_1528,AGE_004,30대(가벼운 선물로 활용 가능)
PRD_1529,AGE_003,20대(여행 기념품으로 부담 없음)
PRD_1529,AGE_004,30대(실용적인 지역 식품 선호)
PRD_1529,AGE_005,40대(가족 선물로 적합)
PRD_1530,AGE_004,30대(실용성과 지역성을 함께 봄)
PRD_1530,AGE_005,40대(전통·고급 선물 선호)
PRD_1530,AGE_006,50대(차분한 지역 선물에 적합)
PRD_1531,AGE_004,30대(실용성과 지역성을 함께 봄)
PRD_1531,AGE_005,40대(전통·고급 선물 선호)
PRD_1531,AGE_006,50대(차분한 지역 선물에 적합)
PRD_1532,AGE_004,30대(실용성과 지역성을 함께 봄)
PRD_1532,AGE_005,40대(전통·고급 선물 선호)
PRD_1532,AGE_006,50대(차분한 지역 선물에 적합)
PRD_1533,AGE_004,30대(실용성과 지역성을 함께 봄)
PRD_1533,AGE_005,40대(전통·고급 선물 선호)
PRD_1533,AGE_006,50대(차분한 지역 선물에 적합)
PRD_1534,AGE_004,30대(실용성과 지역성을 함께 봄)
PRD_1534,AGE_005,40대(전통·고급 선물 선호)
PRD_1534,AGE_006,50대(차분한 지역 선물에 적합)
PRD_1535,AGE_004,30대(실용성과 지역성을 함께 봄)
PRD_1535,AGE_005,40대(전통·고급 선물 선호)
PRD_1535,AGE_006,50대(차분한 지역 선물에 적합)
PRD_836,AGE_003,여행 기념품으로 인지도가 높고 가볍게 구매하기 좋아 20대에게 적합
PRD_836,AGE_002,달콤하거나 재미있는 맛의 간식류라 10대 취향에 잘 맞음
PRD_836,AGE_001,부드럽고 자극이 적은 식감이라 어린이 간식으로 접근성이 좋음
PRD_836,AGE_004,품질과 실용성을 함께 고려하는 30대의 선물·간식 수요에 맞음
PRD_837,AGE_005,전통적인 맛과 지역성이 있어 40대 선물·간식 취향에 잘 맞음
PRD_837,AGE_003,여행 기념품으로 인지도가 높고 가볍게 구매하기 좋아 20대에게 적합
PRD_837,AGE_006,해산물·발효·조미 식품 계열로 50대의 식사용·반찬용 수요에 적합
PRD_837,AGE_004,직장·가족 선물로 나누기 좋은 구성이라 30대 구매층에 적합
PRD_838,AGE_003,여행 기념품으로 인지도가 높고 가볍게 구매하기 좋아 20대에게 적합
PRD_838,AGE_004,직장·가족 선물로 나누기 좋은 구성이라 30대 구매층에 적합
PRD_838,AGE_002,달콤하거나 재미있는 맛의 간식류라 10대 취향에 잘 맞음
PRD_838,AGE_005,인지도와 품질이 안정적인 상품이라 40대의 선물용 구매에 적합
PRD_839,AGE_003,여행 기념품으로 인지도가 높고 가볍게 구매하기 좋아 20대에게 적합
PRD_839,AGE_004,직장·가족 선물로 나누기 좋은 구성이라 30대 구매층에 적합
PRD_839,AGE_005,인지도와 품질이 안정적인 상품이라 40대의 선물용 구매에 적합
PRD_839,AGE_002,간편하게 먹기 좋은 대중적인 상품이라 10대에게 추천하기 좋음
PRD_840,AGE_003,맛과 패키지 매력이 있어 20대의 간식·선물 구매에 어울림
PRD_840,AGE_001,부드럽고 자극이 적은 식감이라 어린이 간식으로 접근성이 좋음
PRD_840,AGE_002,간편하게 먹기 좋은 대중적인 상품이라 10대에게 추천하기 좋음
PRD_840,AGE_004,품질과 실용성을 함께 고려하는 30대의 선물·간식 수요에 맞음
PRD_841,AGE_003,여행 기념품으로 인지도가 높고 가볍게 구매하기 좋아 20대에게 적합
PRD_841,AGE_004,품질과 실용성을 함께 고려하는 30대의 선물·간식 수요에 맞음
PRD_841,AGE_002,달콤하거나 재미있는 맛의 간식류라 10대 취향에 잘 맞음
PRD_841,AGE_005,인지도와 품질이 안정적인 상품이라 40대의 선물용 구매에 적합
PRD_842,AGE_003,맛과 패키지 매력이 있어 20대의 간식·선물 구매에 어울림
PRD_842,AGE_002,달콤하거나 재미있는 맛의 간식류라 10대 취향에 잘 맞음
PRD_842,AGE_004,직장·가족 선물로 나누기 좋은 구성이라 30대 구매층에 적합
PRD_842,AGE_005,인지도와 품질이 안정적인 상품이라 40대의 선물용 구매에 적합
PRD_843,AGE_003,여행 기념품으로 인지도가 높고 가볍게 구매하기 좋아 20대에게 적합
PRD_843,AGE_002,달콤하거나 재미있는 맛의 간식류라 10대 취향에 잘 맞음
PRD_843,AGE_004,품질과 실용성을 함께 고려하는 30대의 선물·간식 수요에 맞음
PRD_843,AGE_005,인지도와 품질이 안정적인 상품이라 40대의 선물용 구매에 적합
PRD_844,AGE_003,여행 기념품으로 인지도가 높고 가볍게 구매하기 좋아 20대에게 적합
PRD_844,AGE_002,달콤하거나 재미있는 맛의 간식류라 10대 취향에 잘 맞음
PRD_844,AGE_001,부드럽고 자극이 적은 식감이라 어린이 간식으로 접근성이 좋음
PRD_844,AGE_004,품질과 실용성을 함께 고려하는 30대의 선물·간식 수요에 맞음
PRD_845,AGE_003,여행 기념품으로 인지도가 높고 가볍게 구매하기 좋아 20대에게 적합
PRD_845,AGE_005,전통적인 맛과 지역성이 있어 40대 선물·간식 취향에 잘 맞음
PRD_845,AGE_002,달콤하거나 재미있는 맛의 간식류라 10대 취향에 잘 맞음
PRD_845,AGE_006,해산물·발효·조미 식품 계열로 50대의 식사용·반찬용 수요에 적합
PRD_846,AGE_003,맛과 패키지 매력이 있어 20대의 간식·선물 구매에 어울림
PRD_846,AGE_004,직장·가족 선물로 나누기 좋은 구성이라 30대 구매층에 적합
PRD_846,AGE_002,달콤하거나 재미있는 맛의 간식류라 10대 취향에 잘 맞음
PRD_846,AGE_005,인지도와 품질이 안정적인 상품이라 40대의 선물용 구매에 적합
PRD_847,AGE_005,전통적인 맛과 지역성이 있어 40대 선물·간식 취향에 잘 맞음
PRD_847,AGE_004,품질과 실용성을 함께 고려하는 30대의 선물·간식 수요에 맞음
PRD_847,AGE_006,해산물·발효·조미 식품 계열로 50대의 식사용·반찬용 수요에 적합
PRD_847,AGE_003,맛과 패키지 매력이 있어 20대의 간식·선물 구매에 어울림
PRD_848,AGE_003,맛과 패키지 매력이 있어 20대의 간식·선물 구매에 어울림
PRD_848,AGE_004,직장·가족 선물로 나누기 좋은 구성이라 30대 구매층에 적합
PRD_848,AGE_005,인지도와 품질이 안정적인 상품이라 40대의 선물용 구매에 적합
PRD_848,AGE_001,달콤한 과자·간식류로 어린이가 부담 없이 즐기기 쉬움
PRD_849,AGE_005,전통적인 맛과 지역성이 있어 40대 선물·간식 취향에 잘 맞음
PRD_849,AGE_006,해산물·발효·조미 식품 계열로 50대의 식사용·반찬용 수요에 적합
PRD_849,AGE_007,부드러운 식감과 익숙한 맛이라 60대도 부담 없이 즐기기 좋음
PRD_849,AGE_008,부드럽고 먹기 편한 상품이라 70대 이상에게도 부담이 적음
PRD_850,AGE_004,직장·가족 선물로 나누기 좋은 구성이라 30대 구매층에 적합
PRD_850,AGE_005,인지도와 품질이 안정적인 상품이라 40대의 선물용 구매에 적합
PRD_850,AGE_003,맛과 패키지 매력이 있어 20대의 간식·선물 구매에 어울림
PRD_850,AGE_006,해산물·발효·조미 식품 계열로 50대의 식사용·반찬용 수요에 적합
PRD_851,AGE_003,여행 기념품으로 인지도가 높고 가볍게 구매하기 좋아 20대에게 적합
PRD_851,AGE_004,품질과 실용성을 함께 고려하는 30대의 선물·간식 수요에 맞음
PRD_851,AGE_002,간편하게 먹기 좋은 대중적인 상품이라 10대에게 추천하기 좋음
PRD_851,AGE_005,인지도와 품질이 안정적인 상품이라 40대의 선물용 구매에 적합
PRD_852,AGE_003,맛과 패키지 매력이 있어 20대의 간식·선물 구매에 어울림
PRD_852,AGE_002,달콤하거나 재미있는 맛의 간식류라 10대 취향에 잘 맞음
PRD_852,AGE_004,품질과 실용성을 함께 고려하는 30대의 선물·간식 수요에 맞음
PRD_852,AGE_005,인지도와 품질이 안정적인 상품이라 40대의 선물용 구매에 적합
PRD_853,AGE_005,전통적인 맛과 지역성이 있어 40대 선물·간식 취향에 잘 맞음
PRD_853,AGE_006,해산물·발효·조미 식품 계열로 50대의 식사용·반찬용 수요에 적합
PRD_853,AGE_004,직장·가족 선물로 나누기 좋은 구성이라 30대 구매층에 적합
PRD_853,AGE_007,부드러운 식감과 익숙한 맛이라 60대도 부담 없이 즐기기 좋음
PRD_854,AGE_003,여행 기념품으로 인지도가 높고 가볍게 구매하기 좋아 20대에게 적합
PRD_854,AGE_002,달콤하거나 재미있는 맛의 간식류라 10대 취향에 잘 맞음
PRD_854,AGE_001,부드럽고 자극이 적은 식감이라 어린이 간식으로 접근성이 좋음
PRD_854,AGE_004,품질과 실용성을 함께 고려하는 30대의 선물·간식 수요에 맞음
PRD_855,AGE_005,전통적인 맛과 지역성이 있어 40대 선물·간식 취향에 잘 맞음
PRD_855,AGE_004,품질과 실용성을 함께 고려하는 30대의 선물·간식 수요에 맞음
PRD_855,AGE_006,해산물·발효·조미 식품 계열로 50대의 식사용·반찬용 수요에 적합
PRD_855,AGE_003,여행 기념품으로 인지도가 높고 가볍게 구매하기 좋아 20대에게 적합
PRD_856,AGE_003,맛과 패키지 매력이 있어 20대의 간식·선물 구매에 어울림
PRD_856,AGE_001,부드럽고 자극이 적은 식감이라 어린이 간식으로 접근성이 좋음
PRD_856,AGE_004,직장·가족 선물로 나누기 좋은 구성이라 30대 구매층에 적합
PRD_856,AGE_005,인지도와 품질이 안정적인 상품이라 40대의 선물용 구매에 적합
PRD_857,AGE_003,여행 기념품으로 인지도가 높고 가볍게 구매하기 좋아 20대에게 적합
PRD_857,AGE_002,달콤하거나 재미있는 맛의 간식류라 10대 취향에 잘 맞음
PRD_857,AGE_004,직장·가족 선물로 나누기 좋은 구성이라 30대 구매층에 적합
PRD_857,AGE_005,인지도와 품질이 안정적인 상품이라 40대의 선물용 구매에 적합
PRD_858,AGE_003,여행 기념품으로 인지도가 높고 가볍게 구매하기 좋아 20대에게 적합
PRD_858,AGE_004,품질과 실용성을 함께 고려하는 30대의 선물·간식 수요에 맞음
PRD_858,AGE_002,달콤하거나 재미있는 맛의 간식류라 10대 취향에 잘 맞음
PRD_858,AGE_005,인지도와 품질이 안정적인 상품이라 40대의 선물용 구매에 적합
PRD_859,AGE_003,여행 기념품으로 인지도가 높고 가볍게 구매하기 좋아 20대에게 적합
PRD_859,AGE_002,달콤하거나 재미있는 맛의 간식류라 10대 취향에 잘 맞음
PRD_859,AGE_001,달콤한 과자·간식류로 어린이가 부담 없이 즐기기 쉬움
PRD_859,AGE_004,품질과 실용성을 함께 고려하는 30대의 선물·간식 수요에 맞음
PRD_860,AGE_003,맛과 패키지 매력이 있어 20대의 간식·선물 구매에 어울림
PRD_860,AGE_004,직장·가족 선물로 나누기 좋은 구성이라 30대 구매층에 적합
PRD_860,AGE_005,인지도와 품질이 안정적인 상품이라 40대의 선물용 구매에 적합
PRD_860,AGE_006,해산물·발효·조미 식품 계열로 50대의 식사용·반찬용 수요에 적합
PRD_861,AGE_003,맛과 패키지 매력이 있어 20대의 간식·선물 구매에 어울림
PRD_861,AGE_002,달콤하거나 재미있는 맛의 간식류라 10대 취향에 잘 맞음
PRD_861,AGE_001,부드럽고 자극이 적은 식감이라 어린이 간식으로 접근성이 좋음
PRD_861,AGE_004,직장·가족 선물로 나누기 좋은 구성이라 30대 구매층에 적합
PRD_862,AGE_003,여행 기념품으로 인지도가 높고 가볍게 구매하기 좋아 20대에게 적합
PRD_862,AGE_002,달콤하거나 재미있는 맛의 간식류라 10대 취향에 잘 맞음
PRD_862,AGE_004,직장·가족 선물로 나누기 좋은 구성이라 30대 구매층에 적합
PRD_862,AGE_005,인지도와 품질이 안정적인 상품이라 40대의 선물용 구매에 적합
PRD_863,AGE_003,여행 기념품으로 인지도가 높고 가볍게 구매하기 좋아 20대에게 적합
PRD_863,AGE_004,품질과 실용성을 함께 고려하는 30대의 선물·간식 수요에 맞음
PRD_863,AGE_005,인지도와 품질이 안정적인 상품이라 40대의 선물용 구매에 적합
PRD_863,AGE_002,간편하게 먹기 좋은 대중적인 상품이라 10대에게 추천하기 좋음
PRD_864,AGE_003,여행 기념품으로 인지도가 높고 가볍게 구매하기 좋아 20대에게 적합
PRD_864,AGE_004,직장·가족 선물로 나누기 좋은 구성이라 30대 구매층에 적합
PRD_864,AGE_002,달콤하거나 재미있는 맛의 간식류라 10대 취향에 잘 맞음
PRD_864,AGE_005,인지도와 품질이 안정적인 상품이라 40대의 선물용 구매에 적합
PRD_865,AGE_003,맛과 패키지 매력이 있어 20대의 간식·선물 구매에 어울림
PRD_865,AGE_002,달콤하거나 재미있는 맛의 간식류라 10대 취향에 잘 맞음
PRD_865,AGE_001,부드럽고 자극이 적은 식감이라 어린이 간식으로 접근성이 좋음
PRD_865,AGE_008,부드럽고 먹기 편한 상품이라 70대 이상에게도 부담이 적음
PRD_866,AGE_003,맛과 패키지 매력이 있어 20대의 간식·선물 구매에 어울림
PRD_866,AGE_002,간편하게 먹기 좋은 대중적인 상품이라 10대에게 추천하기 좋음
PRD_866,AGE_004,품질과 실용성을 함께 고려하는 30대의 선물·간식 수요에 맞음
PRD_866,AGE_005,인지도와 품질이 안정적인 상품이라 40대의 선물용 구매에 적합
PRD_867,AGE_005,전통적인 맛과 지역성이 있어 40대 선물·간식 취향에 잘 맞음
PRD_867,AGE_006,해산물·발효·조미 식품 계열로 50대의 식사용·반찬용 수요에 적합
PRD_867,AGE_007,전통적이고 익숙한 풍미가 있어 60대 취향에 적합
PRD_867,AGE_003,맛과 패키지 매력이 있어 20대의 간식·선물 구매에 어울림
PRD_868,AGE_003,맛과 패키지 매력이 있어 20대의 간식·선물 구매에 어울림
PRD_868,AGE_001,부드럽고 자극이 적은 식감이라 어린이 간식으로 접근성이 좋음
PRD_868,AGE_004,직장·가족 선물로 나누기 좋은 구성이라 30대 구매층에 적합
PRD_868,AGE_005,인지도와 품질이 안정적인 상품이라 40대의 선물용 구매에 적합
PRD_869,AGE_003,여행 기념품으로 인지도가 높고 가볍게 구매하기 좋아 20대에게 적합
PRD_869,AGE_004,직장·가족 선물로 나누기 좋은 구성이라 30대 구매층에 적합
PRD_869,AGE_005,인지도와 품질이 안정적인 상품이라 40대의 선물용 구매에 적합
PRD_869,AGE_002,달콤하거나 재미있는 맛의 간식류라 10대 취향에 잘 맞음
PRD_870,AGE_003,여행 기념품으로 인지도가 높고 가볍게 구매하기 좋아 20대에게 적합
PRD_870,AGE_002,달콤하거나 재미있는 맛의 간식류라 10대 취향에 잘 맞음
PRD_870,AGE_001,부드럽고 자극이 적은 식감이라 어린이 간식으로 접근성이 좋음
PRD_870,AGE_004,품질과 실용성을 함께 고려하는 30대의 선물·간식 수요에 맞음
PRD_871,AGE_003,여행 기념품으로 인지도가 높고 가볍게 구매하기 좋아 20대에게 적합
PRD_871,AGE_001,부드럽고 자극이 적은 식감이라 어린이 간식으로 접근성이 좋음
PRD_871,AGE_004,직장·가족 선물로 나누기 좋은 구성이라 30대 구매층에 적합
PRD_871,AGE_005,인지도와 품질이 안정적인 상품이라 40대의 선물용 구매에 적합
PRD_872,AGE_003,여행 기념품으로 인지도가 높고 가볍게 구매하기 좋아 20대에게 적합
PRD_872,AGE_002,달콤하거나 재미있는 맛의 간식류라 10대 취향에 잘 맞음
PRD_872,AGE_001,부드럽고 자극이 적은 식감이라 어린이 간식으로 접근성이 좋음
PRD_872,AGE_004,품질과 실용성을 함께 고려하는 30대의 선물·간식 수요에 맞음
PRD_873,AGE_003,여행 기념품으로 인지도가 높고 가볍게 구매하기 좋아 20대에게 적합
PRD_873,AGE_002,달콤하거나 재미있는 맛의 간식류라 10대 취향에 잘 맞음
PRD_873,AGE_001,부드럽고 자극이 적은 식감이라 어린이 간식으로 접근성이 좋음
PRD_873,AGE_004,직장·가족 선물로 나누기 좋은 구성이라 30대 구매층에 적합
PRD_874,AGE_003,맛과 패키지 매력이 있어 20대의 간식·선물 구매에 어울림
PRD_874,AGE_004,직장·가족 선물로 나누기 좋은 구성이라 30대 구매층에 적합
PRD_874,AGE_002,달콤하거나 재미있는 맛의 간식류라 10대 취향에 잘 맞음
PRD_874,AGE_005,인지도와 품질이 안정적인 상품이라 40대의 선물용 구매에 적합
PRD_875,AGE_003,여행 기념품으로 인지도가 높고 가볍게 구매하기 좋아 20대에게 적합
PRD_875,AGE_004,품질과 실용성을 함께 고려하는 30대의 선물·간식 수요에 맞음
PRD_875,AGE_002,달콤하거나 재미있는 맛의 간식류라 10대 취향에 잘 맞음
PRD_875,AGE_005,인지도와 품질이 안정적인 상품이라 40대의 선물용 구매에 적합
PRD_876,AGE_003,여행 기념품으로 인지도가 높고 가볍게 구매하기 좋아 20대에게 적합
PRD_876,AGE_002,간편하게 먹기 좋은 대중적인 상품이라 10대에게 추천하기 좋음
PRD_876,AGE_005,전통적인 맛과 지역성이 있어 40대 선물·간식 취향에 잘 맞음
PRD_876,AGE_006,해산물·발효·조미 식품 계열로 50대의 식사용·반찬용 수요에 적합
PRD_877,AGE_003,여행 기념품으로 인지도가 높고 가볍게 구매하기 좋아 20대에게 적합
PRD_877,AGE_004,직장·가족 선물로 나누기 좋은 구성이라 30대 구매층에 적합
PRD_877,AGE_002,달콤하거나 재미있는 맛의 간식류라 10대 취향에 잘 맞음
PRD_877,AGE_005,인지도와 품질이 안정적인 상품이라 40대의 선물용 구매에 적합
PRD_878,AGE_003,여행 기념품으로 인지도가 높고 가볍게 구매하기 좋아 20대에게 적합
PRD_878,AGE_002,간편하게 먹기 좋은 대중적인 상품이라 10대에게 추천하기 좋음
PRD_878,AGE_004,직장·가족 선물로 나누기 좋은 구성이라 30대 구매층에 적합
PRD_878,AGE_005,인지도와 품질이 안정적인 상품이라 40대의 선물용 구매에 적합
PRD_879,AGE_004,품질과 실용성을 함께 고려하는 30대의 선물·간식 수요에 맞음
PRD_879,AGE_005,인지도와 품질이 안정적인 상품이라 40대의 선물용 구매에 적합
PRD_879,AGE_003,맛과 패키지 매력이 있어 20대의 간식·선물 구매에 어울림
PRD_879,AGE_006,해산물·발효·조미 식품 계열로 50대의 식사용·반찬용 수요에 적합
PRD_880,AGE_003,여행 기념품으로 인지도가 높고 가볍게 구매하기 좋아 20대에게 적합
PRD_880,AGE_004,품질과 실용성을 함께 고려하는 30대의 선물·간식 수요에 맞음
PRD_880,AGE_005,인지도와 품질이 안정적인 상품이라 40대의 선물용 구매에 적합
PRD_880,AGE_006,해산물·발효·조미 식품 계열로 50대의 식사용·반찬용 수요에 적합
PRD_881,AGE_003,여행 기념품으로 인지도가 높고 가볍게 구매하기 좋아 20대에게 적합
PRD_881,AGE_004,품질과 실용성을 함께 고려하는 30대의 선물·간식 수요에 맞음
PRD_881,AGE_005,인지도와 품질이 안정적인 상품이라 40대의 선물용 구매에 적합
PRD_881,AGE_002,달콤하거나 재미있는 맛의 간식류라 10대 취향에 잘 맞음
PRD_882,AGE_005,전통적인 맛과 지역성이 있어 40대 선물·간식 취향에 잘 맞음
PRD_882,AGE_006,해산물·발효·조미 식품 계열로 50대의 식사용·반찬용 수요에 적합
PRD_882,AGE_004,품질과 실용성을 함께 고려하는 30대의 선물·간식 수요에 맞음
PRD_882,AGE_007,전통적이고 익숙한 풍미가 있어 60대 취향에 적합
PRD_883,AGE_003,여행 기념품으로 인지도가 높고 가볍게 구매하기 좋아 20대에게 적합
PRD_883,AGE_004,품질과 실용성을 함께 고려하는 30대의 선물·간식 수요에 맞음
PRD_883,AGE_005,인지도와 품질이 안정적인 상품이라 40대의 선물용 구매에 적합
PRD_883,AGE_006,해산물·발효·조미 식품 계열로 50대의 식사용·반찬용 수요에 적합
PRD_884,AGE_003,여행 기념품으로 인지도가 높고 가볍게 구매하기 좋아 20대에게 적합
PRD_884,AGE_004,품질과 실용성을 함께 고려하는 30대의 선물·간식 수요에 맞음
PRD_884,AGE_005,인지도와 품질이 안정적인 상품이라 40대의 선물용 구매에 적합
PRD_884,AGE_002,달콤하거나 재미있는 맛의 간식류라 10대 취향에 잘 맞음
PRD_885,AGE_003,맛과 패키지 매력이 있어 20대의 간식·선물 구매에 어울림
PRD_885,AGE_002,간편하게 먹기 좋은 대중적인 상품이라 10대에게 추천하기 좋음
PRD_885,AGE_004,품질과 실용성을 함께 고려하는 30대의 선물·간식 수요에 맞음
PRD_885,AGE_005,인지도와 품질이 안정적인 상품이라 40대의 선물용 구매에 적합
PRD_886,AGE_004,품질과 실용성을 함께 고려하는 30대의 선물·간식 수요에 맞음
PRD_886,AGE_005,인지도와 품질이 안정적인 상품이라 40대의 선물용 구매에 적합
PRD_886,AGE_003,여행 기념품으로 인지도가 높고 가볍게 구매하기 좋아 20대에게 적합
PRD_886,AGE_006,해산물·발효·조미 식품 계열로 50대의 식사용·반찬용 수요에 적합
PRD_887,AGE_003,여행 기념품으로 인지도가 높고 가볍게 구매하기 좋아 20대에게 적합
PRD_887,AGE_002,달콤하거나 재미있는 맛의 간식류라 10대 취향에 잘 맞음
PRD_887,AGE_004,직장·가족 선물로 나누기 좋은 구성이라 30대 구매층에 적합
PRD_887,AGE_005,인지도와 품질이 안정적인 상품이라 40대의 선물용 구매에 적합
PRD_888,AGE_003,맛과 패키지 매력이 있어 20대의 간식·선물 구매에 어울림
PRD_888,AGE_002,달콤하거나 재미있는 맛의 간식류라 10대 취향에 잘 맞음
PRD_888,AGE_001,부드럽고 자극이 적은 식감이라 어린이 간식으로 접근성이 좋음
PRD_888,AGE_004,품질과 실용성을 함께 고려하는 30대의 선물·간식 수요에 맞음
PRD_889,AGE_003,맛과 패키지 매력이 있어 20대의 간식·선물 구매에 어울림
PRD_889,AGE_002,달콤하거나 재미있는 맛의 간식류라 10대 취향에 잘 맞음
PRD_889,AGE_001,부드럽고 자극이 적은 식감이라 어린이 간식으로 접근성이 좋음
PRD_889,AGE_004,직장·가족 선물로 나누기 좋은 구성이라 30대 구매층에 적합
PRD_890,AGE_003,여행 기념품으로 인지도가 높고 가볍게 구매하기 좋아 20대에게 적합
PRD_890,AGE_005,전통적인 맛과 지역성이 있어 40대 선물·간식 취향에 잘 맞음
PRD_890,AGE_002,달콤하거나 재미있는 맛의 간식류라 10대 취향에 잘 맞음
PRD_890,AGE_006,해산물·발효·조미 식품 계열로 50대의 식사용·반찬용 수요에 적합
PRD_891,AGE_003,여행 기념품으로 인지도가 높고 가볍게 구매하기 좋아 20대에게 적합
PRD_891,AGE_001,부드럽고 자극이 적은 식감이라 어린이 간식으로 접근성이 좋음
PRD_891,AGE_004,품질과 실용성을 함께 고려하는 30대의 선물·간식 수요에 맞음
PRD_891,AGE_005,인지도와 품질이 안정적인 상품이라 40대의 선물용 구매에 적합
PRD_892,AGE_005,전통적인 맛과 지역성이 있어 40대 선물·간식 취향에 잘 맞음
PRD_892,AGE_003,여행 기념품으로 인지도가 높고 가볍게 구매하기 좋아 20대에게 적합
PRD_892,AGE_004,품질과 실용성을 함께 고려하는 30대의 선물·간식 수요에 맞음
PRD_892,AGE_006,해산물·발효·조미 식품 계열로 50대의 식사용·반찬용 수요에 적합
PRD_893,AGE_003,여행 기념품으로 인지도가 높고 가볍게 구매하기 좋아 20대에게 적합
PRD_893,AGE_004,직장·가족 선물로 나누기 좋은 구성이라 30대 구매층에 적합
PRD_893,AGE_002,달콤하거나 재미있는 맛의 간식류라 10대 취향에 잘 맞음
PRD_893,AGE_005,인지도와 품질이 안정적인 상품이라 40대의 선물용 구매에 적합
PRD_894,AGE_003,여행 기념품으로 인지도가 높고 가볍게 구매하기 좋아 20대에게 적합
PRD_894,AGE_004,직장·가족 선물로 나누기 좋은 구성이라 30대 구매층에 적합
PRD_894,AGE_002,달콤하거나 재미있는 맛의 간식류라 10대 취향에 잘 맞음
PRD_894,AGE_005,인지도와 품질이 안정적인 상품이라 40대의 선물용 구매에 적합
PRD_895,AGE_003,여행 기념품으로 인지도가 높고 가볍게 구매하기 좋아 20대에게 적합
PRD_895,AGE_004,품질과 실용성을 함께 고려하는 30대의 선물·간식 수요에 맞음
PRD_895,AGE_005,인지도와 품질이 안정적인 상품이라 40대의 선물용 구매에 적합
PRD_895,AGE_002,달콤하거나 재미있는 맛의 간식류라 10대 취향에 잘 맞음
PRD_896,AGE_004,직장·가족 선물로 나누기 좋은 구성이라 30대 구매층에 적합
PRD_896,AGE_005,인지도와 품질이 안정적인 상품이라 40대의 선물용 구매에 적합
PRD_896,AGE_003,맛과 패키지 매력이 있어 20대의 간식·선물 구매에 어울림
PRD_896,AGE_006,해산물·발효·조미 식품 계열로 50대의 식사용·반찬용 수요에 적합
PRD_897,AGE_005,인지도와 품질이 안정적인 상품이라 40대의 선물용 구매에 적합
PRD_897,AGE_004,품질과 실용성을 함께 고려하는 30대의 선물·간식 수요에 맞음
PRD_897,AGE_006,해산물·발효·조미 식품 계열로 50대의 식사용·반찬용 수요에 적합
PRD_897,AGE_003,맛과 패키지 매력이 있어 20대의 간식·선물 구매에 어울림
PRD_898,AGE_004,직장·가족 선물로 나누기 좋은 구성이라 30대 구매층에 적합
PRD_898,AGE_003,맛과 패키지 매력이 있어 20대의 간식·선물 구매에 어울림
PRD_898,AGE_005,인지도와 품질이 안정적인 상품이라 40대의 선물용 구매에 적합
PRD_898,AGE_002,간편하게 먹기 좋은 대중적인 상품이라 10대에게 추천하기 좋음
PRD_899,AGE_004,직장·가족 선물로 나누기 좋은 구성이라 30대 구매층에 적합
PRD_899,AGE_003,맛과 패키지 매력이 있어 20대의 간식·선물 구매에 어울림
PRD_899,AGE_005,인지도와 품질이 안정적인 상품이라 40대의 선물용 구매에 적합
PRD_899,AGE_002,간편하게 먹기 좋은 대중적인 상품이라 10대에게 추천하기 좋음
PRD_900,AGE_003,여행 기념품으로 인지도가 높고 가볍게 구매하기 좋아 20대에게 적합
PRD_900,AGE_002,달콤하거나 재미있는 맛의 간식류라 10대 취향에 잘 맞음
PRD_900,AGE_001,부드럽고 자극이 적은 식감이라 어린이 간식으로 접근성이 좋음
PRD_900,AGE_004,품질과 실용성을 함께 고려하는 30대의 선물·간식 수요에 맞음
PRD_901,AGE_003,여행 기념품으로 인지도가 높고 가볍게 구매하기 좋아 20대에게 적합
PRD_901,AGE_004,직장·가족 선물로 나누기 좋은 구성이라 30대 구매층에 적합
PRD_901,AGE_005,인지도와 품질이 안정적인 상품이라 40대의 선물용 구매에 적합
PRD_901,AGE_002,달콤하거나 재미있는 맛의 간식류라 10대 취향에 잘 맞음
PRD_902,AGE_003,여행 기념품으로 인지도가 높고 가볍게 구매하기 좋아 20대에게 적합
PRD_902,AGE_005,전통적인 맛과 지역성이 있어 40대 선물·간식 취향에 잘 맞음
PRD_902,AGE_004,품질과 실용성을 함께 고려하는 30대의 선물·간식 수요에 맞음
PRD_902,AGE_006,해산물·발효·조미 식품 계열로 50대의 식사용·반찬용 수요에 적합
PRD_903,AGE_003,여행 기념품으로 인지도가 높고 가볍게 구매하기 좋아 20대에게 적합
PRD_903,AGE_004,품질과 실용성을 함께 고려하는 30대의 선물·간식 수요에 맞음
PRD_903,AGE_005,인지도와 품질이 안정적인 상품이라 40대의 선물용 구매에 적합
PRD_903,AGE_002,간편하게 먹기 좋은 대중적인 상품이라 10대에게 추천하기 좋음
PRD_904,AGE_004,품질과 실용성을 함께 고려하는 30대의 선물·간식 수요에 맞음
PRD_904,AGE_005,인지도와 품질이 안정적인 상품이라 40대의 선물용 구매에 적합
PRD_904,AGE_003,여행 기념품으로 인지도가 높고 가볍게 구매하기 좋아 20대에게 적합
PRD_904,AGE_006,해산물·발효·조미 식품 계열로 50대의 식사용·반찬용 수요에 적합
PRD_905,AGE_005,전통적인 맛과 지역성이 있어 40대 선물·간식 취향에 잘 맞음
PRD_905,AGE_004,품질과 실용성을 함께 고려하는 30대의 선물·간식 수요에 맞음
PRD_905,AGE_006,해산물·발효·조미 식품 계열로 50대의 식사용·반찬용 수요에 적합
PRD_905,AGE_003,여행 기념품으로 인지도가 높고 가볍게 구매하기 좋아 20대에게 적합
PRD_906,AGE_003,여행 기념품으로 인지도가 높고 가볍게 구매하기 좋아 20대에게 적합
PRD_906,AGE_004,품질과 실용성을 함께 고려하는 30대의 선물·간식 수요에 맞음
PRD_906,AGE_005,인지도와 품질이 안정적인 상품이라 40대의 선물용 구매에 적합
PRD_906,AGE_006,해산물·발효·조미 식품 계열로 50대의 식사용·반찬용 수요에 적합
PRD_907,AGE_005,전통적인 맛과 지역성이 있어 40대 선물·간식 취향에 잘 맞음
PRD_907,AGE_004,직장·가족 선물로 나누기 좋은 구성이라 30대 구매층에 적합
PRD_907,AGE_006,해산물·발효·조미 식품 계열로 50대의 식사용·반찬용 수요에 적합
PRD_907,AGE_003,여행 기념품으로 인지도가 높고 가볍게 구매하기 좋아 20대에게 적합
PRD_908,AGE_003,여행 기념품으로 인지도가 높고 가볍게 구매하기 좋아 20대에게 적합
PRD_908,AGE_004,품질과 실용성을 함께 고려하는 30대의 선물·간식 수요에 맞음
PRD_908,AGE_005,인지도와 품질이 안정적인 상품이라 40대의 선물용 구매에 적합
PRD_908,AGE_006,해산물·발효·조미 식품 계열로 50대의 식사용·반찬용 수요에 적합
PRD_909,AGE_004,직장·가족 선물로 나누기 좋은 구성이라 30대 구매층에 적합
PRD_909,AGE_003,여행 기념품으로 인지도가 높고 가볍게 구매하기 좋아 20대에게 적합
PRD_909,AGE_005,인지도와 품질이 안정적인 상품이라 40대의 선물용 구매에 적합
PRD_909,AGE_002,간편하게 먹기 좋은 대중적인 상품이라 10대에게 추천하기 좋음
PRD_910,AGE_003,여행 기념품으로 인지도가 높고 가볍게 구매하기 좋아 20대에게 적합
PRD_910,AGE_004,품질과 실용성을 함께 고려하는 30대의 선물·간식 수요에 맞음
PRD_910,AGE_005,인지도와 품질이 안정적인 상품이라 40대의 선물용 구매에 적합
PRD_910,AGE_002,간편하게 먹기 좋은 대중적인 상품이라 10대에게 추천하기 좋음
PRD_911,AGE_003,여행 기념품으로 인지도가 높고 가볍게 구매하기 좋아 20대에게 적합
PRD_911,AGE_004,직장·가족 선물로 나누기 좋은 구성이라 30대 구매층에 적합
PRD_911,AGE_005,인지도와 품질이 안정적인 상품이라 40대의 선물용 구매에 적합
PRD_911,AGE_002,간편하게 먹기 좋은 대중적인 상품이라 10대에게 추천하기 좋음
PRD_912,AGE_004,직장·가족 선물로 나누기 좋은 구성이라 30대 구매층에 적합
PRD_912,AGE_003,여행 기념품으로 인지도가 높고 가볍게 구매하기 좋아 20대에게 적합
PRD_912,AGE_005,인지도와 품질이 안정적인 상품이라 40대의 선물용 구매에 적합
PRD_912,AGE_002,간편하게 먹기 좋은 대중적인 상품이라 10대에게 추천하기 좋음
PRD_913,AGE_004,품질과 실용성을 함께 고려하는 30대의 선물·간식 수요에 맞음
PRD_913,AGE_003,여행 기념품으로 인지도가 높고 가볍게 구매하기 좋아 20대에게 적합
PRD_913,AGE_005,인지도와 품질이 안정적인 상품이라 40대의 선물용 구매에 적합
PRD_913,AGE_002,간편하게 먹기 좋은 대중적인 상품이라 10대에게 추천하기 좋음
PRD_914,AGE_005,인지도와 품질이 안정적인 상품이라 40대의 선물용 구매에 적합
PRD_914,AGE_004,직장·가족 선물로 나누기 좋은 구성이라 30대 구매층에 적합
PRD_914,AGE_006,해산물·발효·조미 식품 계열로 50대의 식사용·반찬용 수요에 적합
PRD_914,AGE_003,여행 기념품으로 인지도가 높고 가볍게 구매하기 좋아 20대에게 적합
PRD_915,AGE_004,직장·가족 선물로 나누기 좋은 구성이라 30대 구매층에 적합
PRD_915,AGE_005,인지도와 품질이 안정적인 상품이라 40대의 선물용 구매에 적합
PRD_915,AGE_003,여행 기념품으로 인지도가 높고 가볍게 구매하기 좋아 20대에게 적합
PRD_915,AGE_006,해산물·발효·조미 식품 계열로 50대의 식사용·반찬용 수요에 적합
PRD_916,AGE_004,직장·가족 선물로 나누기 좋은 구성이라 30대 구매층에 적합
PRD_916,AGE_003,여행 기념품으로 인지도가 높고 가볍게 구매하기 좋아 20대에게 적합
PRD_916,AGE_005,인지도와 품질이 안정적인 상품이라 40대의 선물용 구매에 적합
PRD_916,AGE_002,간편하게 먹기 좋은 대중적인 상품이라 10대에게 추천하기 좋음
PRD_917,AGE_005,인지도와 품질이 안정적인 상품이라 40대의 선물용 구매에 적합
PRD_917,AGE_004,직장·가족 선물로 나누기 좋은 구성이라 30대 구매층에 적합
PRD_917,AGE_006,해산물·발효·조미 식품 계열로 50대의 식사용·반찬용 수요에 적합
PRD_917,AGE_003,맛과 패키지 매력이 있어 20대의 간식·선물 구매에 어울림
PRD_918,AGE_004,직장·가족 선물로 나누기 좋은 구성이라 30대 구매층에 적합
PRD_918,AGE_003,여행 기념품으로 인지도가 높고 가볍게 구매하기 좋아 20대에게 적합
PRD_918,AGE_005,인지도와 품질이 안정적인 상품이라 40대의 선물용 구매에 적합
PRD_918,AGE_002,간편하게 먹기 좋은 대중적인 상품이라 10대에게 추천하기 좋음
PRD_919,AGE_004,품질과 실용성을 함께 고려하는 30대의 선물·간식 수요에 맞음
PRD_919,AGE_003,여행 기념품으로 인지도가 높고 가볍게 구매하기 좋아 20대에게 적합
PRD_919,AGE_005,인지도와 품질이 안정적인 상품이라 40대의 선물용 구매에 적합
PRD_919,AGE_002,간편하게 먹기 좋은 대중적인 상품이라 10대에게 추천하기 좋음
PRD_920,AGE_004,직장·가족 선물로 나누기 좋은 구성이라 30대 구매층에 적합
PRD_920,AGE_003,여행 기념품으로 인지도가 높고 가볍게 구매하기 좋아 20대에게 적합
PRD_920,AGE_005,인지도와 품질이 안정적인 상품이라 40대의 선물용 구매에 적합
PRD_920,AGE_002,간편하게 먹기 좋은 대중적인 상품이라 10대에게 추천하기 좋음
PRD_921,AGE_003,여행 기념품으로 인지도가 높고 가볍게 구매하기 좋아 20대에게 적합
PRD_921,AGE_004,품질과 실용성을 함께 고려하는 30대의 선물·간식 수요에 맞음
PRD_921,AGE_002,달콤하거나 재미있는 맛의 간식류라 10대 취향에 잘 맞음
PRD_921,AGE_005,인지도와 품질이 안정적인 상품이라 40대의 선물용 구매에 적합
PRD_922,AGE_004,직장·가족 선물로 나누기 좋은 구성이라 30대 구매층에 적합
PRD_922,AGE_005,인지도와 품질이 안정적인 상품이라 40대의 선물용 구매에 적합
PRD_922,AGE_003,맛과 패키지 매력이 있어 20대의 간식·선물 구매에 어울림
PRD_922,AGE_006,해산물·발효·조미 식품 계열로 50대의 식사용·반찬용 수요에 적합
PRD_923,AGE_003,여행 기념품으로 인지도가 높고 가볍게 구매하기 좋아 20대에게 적합
PRD_923,AGE_004,품질과 실용성을 함께 고려하는 30대의 선물·간식 수요에 맞음
PRD_923,AGE_005,인지도와 품질이 안정적인 상품이라 40대의 선물용 구매에 적합
PRD_923,AGE_002,달콤하거나 재미있는 맛의 간식류라 10대 취향에 잘 맞음
PRD_924,AGE_003,여행 기념품으로 인지도가 높고 가볍게 구매하기 좋아 20대에게 적합
PRD_924,AGE_004,직장·가족 선물로 나누기 좋은 구성이라 30대 구매층에 적합
PRD_924,AGE_002,간편하게 먹기 좋은 대중적인 상품이라 10대에게 추천하기 좋음
PRD_924,AGE_005,인지도와 품질이 안정적인 상품이라 40대의 선물용 구매에 적합
PRD_925,AGE_003,여행 기념품으로 인지도가 높고 가볍게 구매하기 좋아 20대에게 적합
PRD_925,AGE_002,달콤하거나 재미있는 맛의 간식류라 10대 취향에 잘 맞음
PRD_925,AGE_004,직장·가족 선물로 나누기 좋은 구성이라 30대 구매층에 적합
PRD_925,AGE_005,인지도와 품질이 안정적인 상품이라 40대의 선물용 구매에 적합
PRD_926,AGE_003,여행 기념품으로 인지도가 높고 가볍게 구매하기 좋아 20대에게 적합
PRD_926,AGE_004,직장·가족 선물로 나누기 좋은 구성이라 30대 구매층에 적합
PRD_926,AGE_005,인지도와 품질이 안정적인 상품이라 40대의 선물용 구매에 적합
PRD_926,AGE_002,간편하게 먹기 좋은 대중적인 상품이라 10대에게 추천하기 좋음
PRD_927,AGE_001,달콤한 과자·간식류로 어린이가 부담 없이 즐기기 쉬움
PRD_927,AGE_002,간편하게 먹기 좋은 대중적인 상품이라 10대에게 추천하기 좋음
PRD_927,AGE_003,맛과 패키지 매력이 있어 20대의 간식·선물 구매에 어울림
PRD_927,AGE_008,부드럽고 먹기 편한 상품이라 70대 이상에게도 부담이 적음
PRD_928,AGE_003,여행 기념품으로 인지도가 높고 가볍게 구매하기 좋아 20대에게 적합
PRD_928,AGE_004,품질과 실용성을 함께 고려하는 30대의 선물·간식 수요에 맞음
PRD_928,AGE_005,인지도와 품질이 안정적인 상품이라 40대의 선물용 구매에 적합
PRD_928,AGE_002,달콤하거나 재미있는 맛의 간식류라 10대 취향에 잘 맞음
PRD_929,AGE_004,직장·가족 선물로 나누기 좋은 구성이라 30대 구매층에 적합
PRD_929,AGE_005,인지도와 품질이 안정적인 상품이라 40대의 선물용 구매에 적합
PRD_929,AGE_003,여행 기념품으로 인지도가 높고 가볍게 구매하기 좋아 20대에게 적합
PRD_929,AGE_006,해산물·발효·조미 식품 계열로 50대의 식사용·반찬용 수요에 적합
PRD_930,AGE_003,여행 기념품으로 인지도가 높고 가볍게 구매하기 좋아 20대에게 적합
PRD_930,AGE_002,간편하게 먹기 좋은 대중적인 상품이라 10대에게 추천하기 좋음
PRD_930,AGE_001,부드럽고 자극이 적은 식감이라 어린이 간식으로 접근성이 좋음
PRD_930,AGE_004,직장·가족 선물로 나누기 좋은 구성이라 30대 구매층에 적합
PRD_931,AGE_005,전통적인 맛과 지역성이 있어 40대 선물·간식 취향에 잘 맞음
PRD_931,AGE_003,여행 기념품으로 인지도가 높고 가볍게 구매하기 좋아 20대에게 적합
PRD_931,AGE_006,해산물·발효·조미 식품 계열로 50대의 식사용·반찬용 수요에 적합
PRD_931,AGE_001,부드럽고 자극이 적은 식감이라 어린이 간식으로 접근성이 좋음
PRD_932,AGE_004,품질과 실용성을 함께 고려하는 30대의 선물·간식 수요에 맞음
PRD_932,AGE_003,여행 기념품으로 인지도가 높고 가볍게 구매하기 좋아 20대에게 적합
PRD_932,AGE_005,인지도와 품질이 안정적인 상품이라 40대의 선물용 구매에 적합
PRD_932,AGE_002,간편하게 먹기 좋은 대중적인 상품이라 10대에게 추천하기 좋음
PRD_933,AGE_004,직장·가족 선물로 나누기 좋은 구성이라 30대 구매층에 적합
PRD_933,AGE_005,인지도와 품질이 안정적인 상품이라 40대의 선물용 구매에 적합
PRD_933,AGE_003,여행 기념품으로 인지도가 높고 가볍게 구매하기 좋아 20대에게 적합
PRD_933,AGE_006,해산물·발효·조미 식품 계열로 50대의 식사용·반찬용 수요에 적합
PRD_934,AGE_004,품질과 실용성을 함께 고려하는 30대의 선물·간식 수요에 맞음
PRD_934,AGE_005,인지도와 품질이 안정적인 상품이라 40대의 선물용 구매에 적합
PRD_934,AGE_003,여행 기념품으로 인지도가 높고 가볍게 구매하기 좋아 20대에게 적합
PRD_934,AGE_006,해산물·발효·조미 식품 계열로 50대의 식사용·반찬용 수요에 적합
PRD_935,AGE_004,직장·가족 선물로 나누기 좋은 구성이라 30대 구매층에 적합
PRD_935,AGE_005,인지도와 품질이 안정적인 상품이라 40대의 선물용 구매에 적합
PRD_935,AGE_003,맛과 패키지 매력이 있어 20대의 간식·선물 구매에 어울림
PRD_935,AGE_006,해산물·발효·조미 식품 계열로 50대의 식사용·반찬용 수요에 적합
PRD_936,AGE_003,여행 기념품으로 인지도가 높고 가볍게 구매하기 좋아 20대에게 적합
PRD_936,AGE_004,직장·가족 선물로 나누기 좋은 구성이라 30대 구매층에 적합
PRD_936,AGE_002,간편하게 먹기 좋은 대중적인 상품이라 10대에게 추천하기 좋음
PRD_936,AGE_005,인지도와 품질이 안정적인 상품이라 40대의 선물용 구매에 적합
PRD_937,AGE_005,전통적인 맛과 지역성이 있어 40대 선물·간식 취향에 잘 맞음
PRD_937,AGE_006,해산물·발효·조미 식품 계열로 50대의 식사용·반찬용 수요에 적합
PRD_937,AGE_003,맛과 패키지 매력이 있어 20대의 간식·선물 구매에 어울림
PRD_937,AGE_007,전통적이고 익숙한 풍미가 있어 60대 취향에 적합
PRD_938,AGE_004,품질과 실용성을 함께 고려하는 30대의 선물·간식 수요에 맞음
PRD_938,AGE_005,인지도와 품질이 안정적인 상품이라 40대의 선물용 구매에 적합
PRD_938,AGE_003,맛과 패키지 매력이 있어 20대의 간식·선물 구매에 어울림
PRD_938,AGE_006,해산물·발효·조미 식품 계열로 50대의 식사용·반찬용 수요에 적합
PRD_939,AGE_004,직장·가족 선물로 나누기 좋은 구성이라 30대 구매층에 적합
PRD_939,AGE_005,인지도와 품질이 안정적인 상품이라 40대의 선물용 구매에 적합
PRD_939,AGE_003,맛과 패키지 매력이 있어 20대의 간식·선물 구매에 어울림
PRD_939,AGE_006,해산물·발효·조미 식품 계열로 50대의 식사용·반찬용 수요에 적합
PRD_940,AGE_005,전통적인 맛과 지역성이 있어 40대 선물·간식 취향에 잘 맞음
PRD_940,AGE_006,해산물·발효·조미 식품 계열로 50대의 식사용·반찬용 수요에 적합
PRD_940,AGE_007,전통적이고 익숙한 풍미가 있어 60대 취향에 적합
PRD_940,AGE_003,맛과 패키지 매력이 있어 20대의 간식·선물 구매에 어울림
PRD_941,AGE_003,맛과 패키지 매력이 있어 20대의 간식·선물 구매에 어울림
PRD_941,AGE_002,간편하게 먹기 좋은 대중적인 상품이라 10대에게 추천하기 좋음
PRD_941,AGE_004,품질과 실용성을 함께 고려하는 30대의 선물·간식 수요에 맞음
PRD_941,AGE_005,인지도와 품질이 안정적인 상품이라 40대의 선물용 구매에 적합
PRD_942,AGE_003,여행 기념품으로 인지도가 높고 가볍게 구매하기 좋아 20대에게 적합
PRD_942,AGE_004,품질과 실용성을 함께 고려하는 30대의 선물·간식 수요에 맞음
PRD_942,AGE_002,달콤하거나 재미있는 맛의 간식류라 10대 취향에 잘 맞음
PRD_942,AGE_005,인지도와 품질이 안정적인 상품이라 40대의 선물용 구매에 적합
PRD_943,AGE_005,인지도와 품질이 안정적인 상품이라 40대의 선물용 구매에 적합
PRD_943,AGE_004,품질과 실용성을 함께 고려하는 30대의 선물·간식 수요에 맞음
PRD_943,AGE_006,해산물·발효·조미 식품 계열로 50대의 식사용·반찬용 수요에 적합
PRD_943,AGE_003,맛과 패키지 매력이 있어 20대의 간식·선물 구매에 어울림
PRD_944,AGE_003,맛과 패키지 매력이 있어 20대의 간식·선물 구매에 어울림
PRD_944,AGE_002,간편하게 먹기 좋은 대중적인 상품이라 10대에게 추천하기 좋음
PRD_944,AGE_004,품질과 실용성을 함께 고려하는 30대의 선물·간식 수요에 맞음
PRD_944,AGE_005,인지도와 품질이 안정적인 상품이라 40대의 선물용 구매에 적합
PRD_945,AGE_003,맛과 패키지 매력이 있어 20대의 간식·선물 구매에 어울림
PRD_945,AGE_002,달콤하거나 재미있는 맛의 간식류라 10대 취향에 잘 맞음
PRD_945,AGE_004,품질과 실용성을 함께 고려하는 30대의 선물·간식 수요에 맞음
PRD_945,AGE_001,달콤한 과자·간식류로 어린이가 부담 없이 즐기기 쉬움
PRD_946,AGE_005,전통적인 맛과 지역성이 있어 40대 선물·간식 취향에 잘 맞음
PRD_946,AGE_006,해산물·발효·조미 식품 계열로 50대의 식사용·반찬용 수요에 적합
PRD_946,AGE_003,맛과 패키지 매력이 있어 20대의 간식·선물 구매에 어울림
PRD_946,AGE_004,품질과 실용성을 함께 고려하는 30대의 선물·간식 수요에 맞음
PRD_947,AGE_003,맛과 패키지 매력이 있어 20대의 간식·선물 구매에 어울림
PRD_947,AGE_004,품질과 실용성을 함께 고려하는 30대의 선물·간식 수요에 맞음
PRD_947,AGE_005,인지도와 품질이 안정적인 상품이라 40대의 선물용 구매에 적합
PRD_947,AGE_002,간편하게 먹기 좋은 대중적인 상품이라 10대에게 추천하기 좋음
PRD_948,AGE_003,맛과 패키지 매력이 있어 20대의 간식·선물 구매에 어울림
PRD_948,AGE_001,부드럽고 자극이 적은 식감이라 어린이 간식으로 접근성이 좋음
PRD_948,AGE_004,직장·가족 선물로 나누기 좋은 구성이라 30대 구매층에 적합
PRD_948,AGE_005,인지도와 품질이 안정적인 상품이라 40대의 선물용 구매에 적합
PRD_949,AGE_004,품질과 실용성을 함께 고려하는 30대의 선물·간식 수요에 맞음
PRD_949,AGE_003,여행 기념품으로 인지도가 높고 가볍게 구매하기 좋아 20대에게 적합
PRD_949,AGE_005,인지도와 품질이 안정적인 상품이라 40대의 선물용 구매에 적합
PRD_949,AGE_002,간편하게 먹기 좋은 대중적인 상품이라 10대에게 추천하기 좋음
PRD_950,AGE_005,전통적인 맛과 지역성이 있어 40대 선물·간식 취향에 잘 맞음
PRD_950,AGE_006,해산물·발효·조미 식품 계열로 50대의 식사용·반찬용 수요에 적합
PRD_950,AGE_007,전통적이고 익숙한 풍미가 있어 60대 취향에 적합
PRD_950,AGE_003,맛과 패키지 매력이 있어 20대의 간식·선물 구매에 어울림
PRD_951,AGE_004,직장·가족 선물로 나누기 좋은 구성이라 30대 구매층에 적합
PRD_951,AGE_005,인지도와 품질이 안정적인 상품이라 40대의 선물용 구매에 적합
PRD_951,AGE_003,맛과 패키지 매력이 있어 20대의 간식·선물 구매에 어울림
PRD_951,AGE_006,해산물·발효·조미 식품 계열로 50대의 식사용·반찬용 수요에 적합
PRD_952,AGE_003,여행 기념품으로 인지도가 높고 가볍게 구매하기 좋아 20대에게 적합
PRD_952,AGE_005,인지도와 품질이 안정적인 상품이라 40대의 선물용 구매에 적합
PRD_952,AGE_004,품질과 실용성을 함께 고려하는 30대의 선물·간식 수요에 맞음
PRD_952,AGE_006,해산물·발효·조미 식품 계열로 50대의 식사용·반찬용 수요에 적합
PRD_953,AGE_004,품질과 실용성을 함께 고려하는 30대의 선물·간식 수요에 맞음
PRD_953,AGE_003,맛과 패키지 매력이 있어 20대의 간식·선물 구매에 어울림
PRD_953,AGE_005,인지도와 품질이 안정적인 상품이라 40대의 선물용 구매에 적합
PRD_953,AGE_002,간편하게 먹기 좋은 대중적인 상품이라 10대에게 추천하기 좋음
PRD_954,AGE_004,품질과 실용성을 함께 고려하는 30대의 선물·간식 수요에 맞음
PRD_954,AGE_005,인지도와 품질이 안정적인 상품이라 40대의 선물용 구매에 적합
PRD_954,AGE_003,맛과 패키지 매력이 있어 20대의 간식·선물 구매에 어울림
PRD_954,AGE_006,해산물·발효·조미 식품 계열로 50대의 식사용·반찬용 수요에 적합
PRD_955,AGE_004,품질과 실용성을 함께 고려하는 30대의 선물·간식 수요에 맞음
PRD_955,AGE_005,인지도와 품질이 안정적인 상품이라 40대의 선물용 구매에 적합
PRD_955,AGE_003,맛과 패키지 매력이 있어 20대의 간식·선물 구매에 어울림
PRD_955,AGE_006,해산물·발효·조미 식품 계열로 50대의 식사용·반찬용 수요에 적합
PRD_956,AGE_004,품질과 실용성을 함께 고려하는 30대의 선물·간식 수요에 맞음
PRD_956,AGE_003,맛과 패키지 매력이 있어 20대의 간식·선물 구매에 어울림
PRD_956,AGE_005,인지도와 품질이 안정적인 상품이라 40대의 선물용 구매에 적합
PRD_956,AGE_006,해산물·발효·조미 식품 계열로 50대의 식사용·반찬용 수요에 적합
PRD_957,AGE_005,전통적인 맛과 지역성이 있어 40대 선물·간식 취향에 잘 맞음
PRD_957,AGE_006,해산물·발효·조미 식품 계열로 50대의 식사용·반찬용 수요에 적합
PRD_957,AGE_004,품질과 실용성을 함께 고려하는 30대의 선물·간식 수요에 맞음
PRD_957,AGE_007,전통적이고 익숙한 풍미가 있어 60대 취향에 적합
PRD_958,AGE_003,여행 기념품으로 인지도가 높고 가볍게 구매하기 좋아 20대에게 적합
PRD_958,AGE_004,품질과 실용성을 함께 고려하는 30대의 선물·간식 수요에 맞음
PRD_958,AGE_005,인지도와 품질이 안정적인 상품이라 40대의 선물용 구매에 적합
PRD_958,AGE_006,해산물·발효·조미 식품 계열로 50대의 식사용·반찬용 수요에 적합
PRD_959,AGE_004,품질과 실용성을 함께 고려하는 30대의 선물·간식 수요에 맞음
PRD_959,AGE_005,인지도와 품질이 안정적인 상품이라 40대의 선물용 구매에 적합
PRD_959,AGE_003,맛과 패키지 매력이 있어 20대의 간식·선물 구매에 어울림
PRD_959,AGE_006,해산물·발효·조미 식품 계열로 50대의 식사용·반찬용 수요에 적합
PRD_960,AGE_005,전통적인 맛과 지역성이 있어 40대 선물·간식 취향에 잘 맞음
PRD_960,AGE_006,해산물·발효·조미 식품 계열로 50대의 식사용·반찬용 수요에 적합
PRD_960,AGE_004,품질과 실용성을 함께 고려하는 30대의 선물·간식 수요에 맞음
PRD_960,AGE_003,맛과 패키지 매력이 있어 20대의 간식·선물 구매에 어울림
PRD_961,AGE_003,여행 기념품으로 인지도가 높고 가볍게 구매하기 좋아 20대에게 적합
PRD_961,AGE_005,인지도와 품질이 안정적인 상품이라 40대의 선물용 구매에 적합
PRD_961,AGE_004,품질과 실용성을 함께 고려하는 30대의 선물·간식 수요에 맞음
PRD_961,AGE_006,해산물·발효·조미 식품 계열로 50대의 식사용·반찬용 수요에 적합
PRD_962,AGE_006,해산물·발효·조미 식품 계열로 50대의 식사용·반찬용 수요에 적합
PRD_962,AGE_005,인지도와 품질이 안정적인 상품이라 40대의 선물용 구매에 적합
PRD_962,AGE_004,품질과 실용성을 함께 고려하는 30대의 선물·간식 수요에 맞음
PRD_962,AGE_003,맛과 패키지 매력이 있어 20대의 간식·선물 구매에 어울림
PRD_963,AGE_003,맛과 패키지 매력이 있어 20대의 간식·선물 구매에 어울림
PRD_963,AGE_002,간편하게 먹기 좋은 대중적인 상품이라 10대에게 추천하기 좋음
PRD_963,AGE_004,품질과 실용성을 함께 고려하는 30대의 선물·간식 수요에 맞음
PRD_963,AGE_005,인지도와 품질이 안정적인 상품이라 40대의 선물용 구매에 적합
PRD_964,AGE_003,여행 기념품으로 인지도가 높고 가볍게 구매하기 좋아 20대에게 적합
PRD_964,AGE_004,직장·가족 선물로 나누기 좋은 구성이라 30대 구매층에 적합
PRD_964,AGE_005,인지도와 품질이 안정적인 상품이라 40대의 선물용 구매에 적합
PRD_964,AGE_002,달콤하거나 재미있는 맛의 간식류라 10대 취향에 잘 맞음
PRD_965,AGE_003,맛과 패키지 매력이 있어 20대의 간식·선물 구매에 어울림
PRD_965,AGE_002,간편하게 먹기 좋은 대중적인 상품이라 10대에게 추천하기 좋음
PRD_965,AGE_004,품질과 실용성을 함께 고려하는 30대의 선물·간식 수요에 맞음
PRD_965,AGE_005,인지도와 품질이 안정적인 상품이라 40대의 선물용 구매에 적합
PRD_966,AGE_003,여행 기념품으로 인지도가 높고 가볍게 구매하기 좋아 20대에게 적합
PRD_966,AGE_004,직장·가족 선물로 나누기 좋은 구성이라 30대 구매층에 적합
PRD_966,AGE_005,인지도와 품질이 안정적인 상품이라 40대의 선물용 구매에 적합
PRD_966,AGE_002,간편하게 먹기 좋은 대중적인 상품이라 10대에게 추천하기 좋음
PRD_967,AGE_003,맛과 패키지 매력이 있어 20대의 간식·선물 구매에 어울림
PRD_967,AGE_002,달콤하거나 재미있는 맛의 간식류라 10대 취향에 잘 맞음
PRD_967,AGE_001,달콤한 과자·간식류로 어린이가 부담 없이 즐기기 쉬움
PRD_967,AGE_004,품질과 실용성을 함께 고려하는 30대의 선물·간식 수요에 맞음
PRD_968,AGE_003,여행 기념품으로 인지도가 높고 가볍게 구매하기 좋아 20대에게 적합
PRD_968,AGE_002,간편하게 먹기 좋은 대중적인 상품이라 10대에게 추천하기 좋음
PRD_968,AGE_001,달콤한 과자·간식류로 어린이가 부담 없이 즐기기 쉬움
PRD_968,AGE_004,직장·가족 선물로 나누기 좋은 구성이라 30대 구매층에 적합
PRD_969,AGE_004,직장·가족 선물로 나누기 좋은 구성이라 30대 구매층에 적합
PRD_969,AGE_003,맛과 패키지 매력이 있어 20대의 간식·선물 구매에 어울림
PRD_969,AGE_005,인지도와 품질이 안정적인 상품이라 40대의 선물용 구매에 적합
PRD_969,AGE_006,해산물·발효·조미 식품 계열로 50대의 식사용·반찬용 수요에 적합
PRD_970,AGE_003,여행 기념품으로 인지도가 높고 가볍게 구매하기 좋아 20대에게 적합
PRD_970,AGE_004,품질과 실용성을 함께 고려하는 30대의 선물·간식 수요에 맞음
PRD_970,AGE_002,달콤하거나 재미있는 맛의 간식류라 10대 취향에 잘 맞음
PRD_970,AGE_005,인지도와 품질이 안정적인 상품이라 40대의 선물용 구매에 적합
PRD_971,AGE_004,품질과 실용성을 함께 고려하는 30대의 선물·간식 수요에 맞음
PRD_971,AGE_005,인지도와 품질이 안정적인 상품이라 40대의 선물용 구매에 적합
PRD_971,AGE_003,여행 기념품으로 인지도가 높고 가볍게 구매하기 좋아 20대에게 적합
PRD_971,AGE_006,해산물·발효·조미 식품 계열로 50대의 식사용·반찬용 수요에 적합
PRD_972,AGE_003,맛과 패키지 매력이 있어 20대의 간식·선물 구매에 어울림
PRD_972,AGE_004,품질과 실용성을 함께 고려하는 30대의 선물·간식 수요에 맞음
PRD_972,AGE_005,인지도와 품질이 안정적인 상품이라 40대의 선물용 구매에 적합
PRD_972,AGE_001,달콤한 과자·간식류로 어린이가 부담 없이 즐기기 쉬움
PRD_973,AGE_005,전통적인 맛과 지역성이 있어 40대 선물·간식 취향에 잘 맞음
PRD_973,AGE_006,해산물·발효·조미 식품 계열로 50대의 식사용·반찬용 수요에 적합
PRD_973,AGE_004,직장·가족 선물로 나누기 좋은 구성이라 30대 구매층에 적합
PRD_973,AGE_007,전통적이고 익숙한 풍미가 있어 60대 취향에 적합
PRD_974,AGE_003,여행 기념품으로 인지도가 높고 가볍게 구매하기 좋아 20대에게 적합
PRD_974,AGE_004,품질과 실용성을 함께 고려하는 30대의 선물·간식 수요에 맞음
PRD_974,AGE_005,인지도와 품질이 안정적인 상품이라 40대의 선물용 구매에 적합
PRD_974,AGE_002,달콤하거나 재미있는 맛의 간식류라 10대 취향에 잘 맞음
PRD_975,AGE_005,전통적인 맛과 지역성이 있어 40대 선물·간식 취향에 잘 맞음
PRD_975,AGE_006,해산물·발효·조미 식품 계열로 50대의 식사용·반찬용 수요에 적합
PRD_975,AGE_004,품질과 실용성을 함께 고려하는 30대의 선물·간식 수요에 맞음
PRD_975,AGE_007,전통적이고 익숙한 풍미가 있어 60대 취향에 적합
PRD_976,AGE_003,맛과 패키지 매력이 있어 20대의 간식·선물 구매에 어울림
PRD_976,AGE_008,부드럽고 먹기 편한 상품이라 70대 이상에게도 부담이 적음
PRD_976,AGE_001,부드럽고 자극이 적은 식감이라 어린이 간식으로 접근성이 좋음
PRD_976,AGE_002,간편하게 먹기 좋은 대중적인 상품이라 10대에게 추천하기 좋음
PRD_977,AGE_004,직장·가족 선물로 나누기 좋은 구성이라 30대 구매층에 적합
PRD_977,AGE_005,인지도와 품질이 안정적인 상품이라 40대의 선물용 구매에 적합
PRD_977,AGE_003,맛과 패키지 매력이 있어 20대의 간식·선물 구매에 어울림
PRD_977,AGE_006,해산물·발효·조미 식품 계열로 50대의 식사용·반찬용 수요에 적합
PRD_978,AGE_003,여행 기념품으로 인지도가 높고 가볍게 구매하기 좋아 20대에게 적합
PRD_978,AGE_005,전통적인 맛과 지역성이 있어 40대 선물·간식 취향에 잘 맞음
PRD_978,AGE_002,달콤하거나 재미있는 맛의 간식류라 10대 취향에 잘 맞음
PRD_978,AGE_006,해산물·발효·조미 식품 계열로 50대의 식사용·반찬용 수요에 적합
PRD_979,AGE_005,인지도와 품질이 안정적인 상품이라 40대의 선물용 구매에 적합
PRD_979,AGE_004,품질과 실용성을 함께 고려하는 30대의 선물·간식 수요에 맞음
PRD_979,AGE_006,해산물·발효·조미 식품 계열로 50대의 식사용·반찬용 수요에 적합
PRD_979,AGE_003,맛과 패키지 매력이 있어 20대의 간식·선물 구매에 어울림
PRD_980,AGE_003,맛과 패키지 매력이 있어 20대의 간식·선물 구매에 어울림
PRD_980,AGE_001,달콤한 과자·간식류로 어린이가 부담 없이 즐기기 쉬움
PRD_980,AGE_004,품질과 실용성을 함께 고려하는 30대의 선물·간식 수요에 맞음
PRD_980,AGE_005,인지도와 품질이 안정적인 상품이라 40대의 선물용 구매에 적합
PRD_981,AGE_005,전통적인 맛과 지역성이 있어 40대 선물·간식 취향에 잘 맞음
PRD_981,AGE_006,해산물·발효·조미 식품 계열로 50대의 식사용·반찬용 수요에 적합
PRD_981,AGE_007,부드러운 식감과 익숙한 맛이라 60대도 부담 없이 즐기기 좋음
PRD_981,AGE_008,부드럽고 먹기 편한 상품이라 70대 이상에게도 부담이 적음
PRD_982,AGE_004,품질과 실용성을 함께 고려하는 30대의 선물·간식 수요에 맞음
PRD_982,AGE_005,인지도와 품질이 안정적인 상품이라 40대의 선물용 구매에 적합
PRD_982,AGE_003,맛과 패키지 매력이 있어 20대의 간식·선물 구매에 어울림
PRD_982,AGE_006,해산물·발효·조미 식품 계열로 50대의 식사용·반찬용 수요에 적합
PRD_983,AGE_003,맛과 패키지 매력이 있어 20대의 간식·선물 구매에 어울림
PRD_983,AGE_004,품질과 실용성을 함께 고려하는 30대의 선물·간식 수요에 맞음
PRD_983,AGE_005,인지도와 품질이 안정적인 상품이라 40대의 선물용 구매에 적합
PRD_983,AGE_002,간편하게 먹기 좋은 대중적인 상품이라 10대에게 추천하기 좋음
PRD_984,AGE_003,여행 기념품으로 인지도가 높고 가볍게 구매하기 좋아 20대에게 적합
PRD_984,AGE_004,직장·가족 선물로 나누기 좋은 구성이라 30대 구매층에 적합
PRD_984,AGE_005,인지도와 품질이 안정적인 상품이라 40대의 선물용 구매에 적합
PRD_984,AGE_002,달콤하거나 재미있는 맛의 간식류라 10대 취향에 잘 맞음
PRD_985,AGE_003,맛과 패키지 매력이 있어 20대의 간식·선물 구매에 어울림
PRD_985,AGE_002,간편하게 먹기 좋은 대중적인 상품이라 10대에게 추천하기 좋음
PRD_985,AGE_004,품질과 실용성을 함께 고려하는 30대의 선물·간식 수요에 맞음
PRD_985,AGE_005,인지도와 품질이 안정적인 상품이라 40대의 선물용 구매에 적합
PRD_986,AGE_003,맛과 패키지 매력이 있어 20대의 간식·선물 구매에 어울림
PRD_986,AGE_002,달콤하거나 재미있는 맛의 간식류라 10대 취향에 잘 맞음
PRD_986,AGE_004,직장·가족 선물로 나누기 좋은 구성이라 30대 구매층에 적합
PRD_986,AGE_005,인지도와 품질이 안정적인 상품이라 40대의 선물용 구매에 적합
PRD_987,AGE_003,여행 기념품으로 인지도가 높고 가볍게 구매하기 좋아 20대에게 적합
PRD_987,AGE_002,달콤하거나 재미있는 맛의 간식류라 10대 취향에 잘 맞음
PRD_987,AGE_001,달콤한 과자·간식류로 어린이가 부담 없이 즐기기 쉬움
PRD_987,AGE_004,품질과 실용성을 함께 고려하는 30대의 선물·간식 수요에 맞음
PRD_988,AGE_003,여행 기념품으로 인지도가 높고 가볍게 구매하기 좋아 20대에게 적합
PRD_988,AGE_004,품질과 실용성을 함께 고려하는 30대의 선물·간식 수요에 맞음
PRD_988,AGE_002,달콤하거나 재미있는 맛의 간식류라 10대 취향에 잘 맞음
PRD_988,AGE_005,인지도와 품질이 안정적인 상품이라 40대의 선물용 구매에 적합
PRD_989,AGE_003,여행 기념품으로 인지도가 높고 가볍게 구매하기 좋아 20대에게 적합
PRD_989,AGE_004,품질과 실용성을 함께 고려하는 30대의 선물·간식 수요에 맞음
PRD_989,AGE_005,인지도와 품질이 안정적인 상품이라 40대의 선물용 구매에 적합
PRD_989,AGE_002,달콤하거나 재미있는 맛의 간식류라 10대 취향에 잘 맞음
PRD_990,AGE_003,맛과 패키지 매력이 있어 20대의 간식·선물 구매에 어울림
PRD_990,AGE_004,품질과 실용성을 함께 고려하는 30대의 선물·간식 수요에 맞음
PRD_990,AGE_005,인지도와 품질이 안정적인 상품이라 40대의 선물용 구매에 적합
PRD_990,AGE_002,간편하게 먹기 좋은 대중적인 상품이라 10대에게 추천하기 좋음
PRD_991,AGE_003,맛과 패키지 매력이 있어 20대의 간식·선물 구매에 어울림
PRD_991,AGE_002,달콤하거나 재미있는 맛의 간식류라 10대 취향에 잘 맞음
PRD_991,AGE_004,품질과 실용성을 함께 고려하는 30대의 선물·간식 수요에 맞음
PRD_991,AGE_005,인지도와 품질이 안정적인 상품이라 40대의 선물용 구매에 적합
PRD_992,AGE_003,여행 기념품으로 인지도가 높고 가볍게 구매하기 좋아 20대에게 적합
PRD_992,AGE_004,품질과 실용성을 함께 고려하는 30대의 선물·간식 수요에 맞음
PRD_992,AGE_002,달콤하거나 재미있는 맛의 간식류라 10대 취향에 잘 맞음
PRD_992,AGE_005,인지도와 품질이 안정적인 상품이라 40대의 선물용 구매에 적합
PRD_993,AGE_003,여행 기념품으로 인지도가 높고 가볍게 구매하기 좋아 20대에게 적합
PRD_993,AGE_002,달콤하거나 재미있는 맛의 간식류라 10대 취향에 잘 맞음
PRD_993,AGE_001,부드럽고 자극이 적은 식감이라 어린이 간식으로 접근성이 좋음
PRD_993,AGE_004,품질과 실용성을 함께 고려하는 30대의 선물·간식 수요에 맞음
PRD_994,AGE_003,맛과 패키지 매력이 있어 20대의 간식·선물 구매에 어울림
PRD_994,AGE_002,달콤하거나 재미있는 맛의 간식류라 10대 취향에 잘 맞음
PRD_994,AGE_001,부드럽고 자극이 적은 식감이라 어린이 간식으로 접근성이 좋음
PRD_994,AGE_008,부드럽고 먹기 편한 상품이라 70대 이상에게도 부담이 적음
PRD_995,AGE_005,전통적인 맛과 지역성이 있어 40대 선물·간식 취향에 잘 맞음
PRD_995,AGE_003,맛과 패키지 매력이 있어 20대의 간식·선물 구매에 어울림
PRD_995,AGE_006,해산물·발효·조미 식품 계열로 50대의 식사용·반찬용 수요에 적합
PRD_995,AGE_001,부드럽고 자극이 적은 식감이라 어린이 간식으로 접근성이 좋음
PRD_996,AGE_003,여행 기념품으로 인지도가 높고 가볍게 구매하기 좋아 20대에게 적합
PRD_996,AGE_002,달콤하거나 재미있는 맛의 간식류라 10대 취향에 잘 맞음
PRD_996,AGE_004,직장·가족 선물로 나누기 좋은 구성이라 30대 구매층에 적합
PRD_996,AGE_005,인지도와 품질이 안정적인 상품이라 40대의 선물용 구매에 적합
PRD_997,AGE_004,직장·가족 선물로 나누기 좋은 구성이라 30대 구매층에 적합
PRD_997,AGE_005,인지도와 품질이 안정적인 상품이라 40대의 선물용 구매에 적합
PRD_997,AGE_003,맛과 패키지 매력이 있어 20대의 간식·선물 구매에 어울림
PRD_997,AGE_006,해산물·발효·조미 식품 계열로 50대의 식사용·반찬용 수요에 적합
PRD_998,AGE_003,맛과 패키지 매력이 있어 20대의 간식·선물 구매에 어울림
PRD_998,AGE_002,달콤하거나 재미있는 맛의 간식류라 10대 취향에 잘 맞음
PRD_998,AGE_001,부드럽고 자극이 적은 식감이라 어린이 간식으로 접근성이 좋음
PRD_998,AGE_004,직장·가족 선물로 나누기 좋은 구성이라 30대 구매층에 적합
PRD_999,AGE_005,인지도와 품질이 안정적인 상품이라 40대의 선물용 구매에 적합
PRD_999,AGE_004,직장·가족 선물로 나누기 좋은 구성이라 30대 구매층에 적합
PRD_999,AGE_006,해산물·발효·조미 식품 계열로 50대의 식사용·반찬용 수요에 적합
PRD_999,AGE_003,여행 기념품으로 인지도가 높고 가볍게 구매하기 좋아 20대에게 적합
PRD_1000,AGE_003,맛과 패키지 매력이 있어 20대의 간식·선물 구매에 어울림
PRD_1000,AGE_004,품질과 실용성을 함께 고려하는 30대의 선물·간식 수요에 맞음
PRD_1000,AGE_005,인지도와 품질이 안정적인 상품이라 40대의 선물용 구매에 적합
PRD_1000,AGE_006,해산물·발효·조미 식품 계열로 50대의 식사용·반찬용 수요에 적합
PRD_1001,AGE_003,여행 기념품으로 인지도가 높고 가볍게 구매하기 좋아 20대에게 적합
PRD_1001,AGE_004,품질과 실용성을 함께 고려하는 30대의 선물·간식 수요에 맞음
PRD_1001,AGE_005,인지도와 품질이 안정적인 상품이라 40대의 선물용 구매에 적합
PRD_1001,AGE_002,간편하게 먹기 좋은 대중적인 상품이라 10대에게 추천하기 좋음
PRD_1002,AGE_003,맛과 패키지 매력이 있어 20대의 간식·선물 구매에 어울림
PRD_1002,AGE_002,달콤하거나 재미있는 맛의 간식류라 10대 취향에 잘 맞음
PRD_1002,AGE_005,전통적인 맛과 지역성이 있어 40대 선물·간식 취향에 잘 맞음
PRD_1002,AGE_006,해산물·발효·조미 식품 계열로 50대의 식사용·반찬용 수요에 적합
PRD_1003,AGE_003,맛과 패키지 매력이 있어 20대의 간식·선물 구매에 어울림
PRD_1003,AGE_002,달콤하거나 재미있는 맛의 간식류라 10대 취향에 잘 맞음
PRD_1003,AGE_001,부드럽고 자극이 적은 식감이라 어린이 간식으로 접근성이 좋음
PRD_1003,AGE_004,직장·가족 선물로 나누기 좋은 구성이라 30대 구매층에 적합
PRD_1004,AGE_003,맛과 패키지 매력이 있어 20대의 간식·선물 구매에 어울림
PRD_1004,AGE_002,달콤하거나 재미있는 맛의 간식류라 10대 취향에 잘 맞음
PRD_1004,AGE_004,품질과 실용성을 함께 고려하는 30대의 선물·간식 수요에 맞음
PRD_1004,AGE_005,인지도와 품질이 안정적인 상품이라 40대의 선물용 구매에 적합
PRD_1005,AGE_003,맛과 패키지 매력이 있어 20대의 간식·선물 구매에 어울림
PRD_1005,AGE_004,품질과 실용성을 함께 고려하는 30대의 선물·간식 수요에 맞음
PRD_1005,AGE_005,인지도와 품질이 안정적인 상품이라 40대의 선물용 구매에 적합
PRD_1005,AGE_001,달콤한 과자·간식류로 어린이가 부담 없이 즐기기 쉬움
PRD_1006,AGE_005,전통적인 맛과 지역성이 있어 40대 선물·간식 취향에 잘 맞음
PRD_1006,AGE_006,해산물·발효·조미 식품 계열로 50대의 식사용·반찬용 수요에 적합
PRD_1006,AGE_004,품질과 실용성을 함께 고려하는 30대의 선물·간식 수요에 맞음
PRD_1006,AGE_007,전통적이고 익숙한 풍미가 있어 60대 취향에 적합
PRD_1007,AGE_004,품질과 실용성을 함께 고려하는 30대의 선물·간식 수요에 맞음
PRD_1007,AGE_005,인지도와 품질이 안정적인 상품이라 40대의 선물용 구매에 적합
PRD_1007,AGE_003,맛과 패키지 매력이 있어 20대의 간식·선물 구매에 어울림
PRD_1007,AGE_006,해산물·발효·조미 식품 계열로 50대의 식사용·반찬용 수요에 적합
PRD_1008,AGE_003,맛과 패키지 매력이 있어 20대의 간식·선물 구매에 어울림
PRD_1008,AGE_002,달콤하거나 재미있는 맛의 간식류라 10대 취향에 잘 맞음
PRD_1008,AGE_004,직장·가족 선물로 나누기 좋은 구성이라 30대 구매층에 적합
PRD_1008,AGE_005,인지도와 품질이 안정적인 상품이라 40대의 선물용 구매에 적합
PRD_1009,AGE_004,품질과 실용성을 함께 고려하는 30대의 선물·간식 수요에 맞음
PRD_1009,AGE_005,인지도와 품질이 안정적인 상품이라 40대의 선물용 구매에 적합
PRD_1009,AGE_006,해산물·발효·조미 식품 계열로 50대의 식사용·반찬용 수요에 적합
PRD_1009,AGE_003,맛과 패키지 매력이 있어 20대의 간식·선물 구매에 어울림
PRD_1010,AGE_003,맛과 패키지 매력이 있어 20대의 간식·선물 구매에 어울림
PRD_1010,AGE_001,부드럽고 자극이 적은 식감이라 어린이 간식으로 접근성이 좋음
PRD_1010,AGE_002,간편하게 먹기 좋은 대중적인 상품이라 10대에게 추천하기 좋음
PRD_1010,AGE_004,직장·가족 선물로 나누기 좋은 구성이라 30대 구매층에 적합
PRD_1011,AGE_003,여행 기념품으로 인지도가 높고 가볍게 구매하기 좋아 20대에게 적합
PRD_1011,AGE_001,부드럽고 자극이 적은 식감이라 어린이 간식으로 접근성이 좋음
PRD_1011,AGE_002,간편하게 먹기 좋은 대중적인 상품이라 10대에게 추천하기 좋음
PRD_1011,AGE_004,품질과 실용성을 함께 고려하는 30대의 선물·간식 수요에 맞음
PRD_1012,AGE_003,맛과 패키지 매력이 있어 20대의 간식·선물 구매에 어울림
PRD_1012,AGE_002,간편하게 먹기 좋은 대중적인 상품이라 10대에게 추천하기 좋음
PRD_1012,AGE_004,품질과 실용성을 함께 고려하는 30대의 선물·간식 수요에 맞음
PRD_1012,AGE_005,인지도와 품질이 안정적인 상품이라 40대의 선물용 구매에 적합
PRD_1013,AGE_005,전통적인 맛과 지역성이 있어 40대 선물·간식 취향에 잘 맞음
PRD_1013,AGE_006,해산물·발효·조미 식품 계열로 50대의 식사용·반찬용 수요에 적합
PRD_1013,AGE_003,맛과 패키지 매력이 있어 20대의 간식·선물 구매에 어울림
PRD_1013,AGE_004,품질과 실용성을 함께 고려하는 30대의 선물·간식 수요에 맞음
PRD_1014,AGE_003,맛과 패키지 매력이 있어 20대의 간식·선물 구매에 어울림
PRD_1014,AGE_008,부드럽고 먹기 편한 상품이라 70대 이상에게도 부담이 적음
PRD_1014,AGE_001,부드럽고 자극이 적은 식감이라 어린이 간식으로 접근성이 좋음
PRD_1014,AGE_002,간편하게 먹기 좋은 대중적인 상품이라 10대에게 추천하기 좋음
PRD_1015,AGE_003,맛과 패키지 매력이 있어 20대의 간식·선물 구매에 어울림
PRD_1015,AGE_004,품질과 실용성을 함께 고려하는 30대의 선물·간식 수요에 맞음
PRD_1015,AGE_002,간편하게 먹기 좋은 대중적인 상품이라 10대에게 추천하기 좋음
PRD_1015,AGE_005,인지도와 품질이 안정적인 상품이라 40대의 선물용 구매에 적합
PRD_1016,AGE_003,맛과 패키지 매력이 있어 20대의 간식·선물 구매에 어울림
PRD_1016,AGE_004,품질과 실용성을 함께 고려하는 30대의 선물·간식 수요에 맞음
PRD_1016,AGE_005,인지도와 품질이 안정적인 상품이라 40대의 선물용 구매에 적합
PRD_1016,AGE_001,달콤한 과자·간식류로 어린이가 부담 없이 즐기기 쉬움
PRD_1017,AGE_003,여행 기념품으로 인지도가 높고 가볍게 구매하기 좋아 20대에게 적합
PRD_1017,AGE_002,달콤하거나 재미있는 맛의 간식류라 10대 취향에 잘 맞음
PRD_1017,AGE_004,직장·가족 선물로 나누기 좋은 구성이라 30대 구매층에 적합
PRD_1017,AGE_005,인지도와 품질이 안정적인 상품이라 40대의 선물용 구매에 적합
PRD_1018,AGE_005,전통적인 맛과 지역성이 있어 40대 선물·간식 취향에 잘 맞음
PRD_1018,AGE_004,품질과 실용성을 함께 고려하는 30대의 선물·간식 수요에 맞음
PRD_1018,AGE_006,해산물·발효·조미 식품 계열로 50대의 식사용·반찬용 수요에 적합
PRD_1018,AGE_003,맛과 패키지 매력이 있어 20대의 간식·선물 구매에 어울림
PRD_1019,AGE_005,전통적인 맛과 지역성이 있어 40대 선물·간식 취향에 잘 맞음
PRD_1019,AGE_004,품질과 실용성을 함께 고려하는 30대의 선물·간식 수요에 맞음
PRD_1019,AGE_006,해산물·발효·조미 식품 계열로 50대의 식사용·반찬용 수요에 적합
PRD_1019,AGE_003,여행 기념품으로 인지도가 높고 가볍게 구매하기 좋아 20대에게 적합
PRD_1020,AGE_004,품질과 실용성을 함께 고려하는 30대의 선물·간식 수요에 맞음
PRD_1020,AGE_005,인지도와 품질이 안정적인 상품이라 40대의 선물용 구매에 적합
PRD_1020,AGE_003,맛과 패키지 매력이 있어 20대의 간식·선물 구매에 어울림
PRD_1020,AGE_006,해산물·발효·조미 식품 계열로 50대의 식사용·반찬용 수요에 적합
PRD_1021,AGE_004,품질과 실용성을 함께 고려하는 30대의 선물·간식 수요에 맞음
PRD_1021,AGE_005,인지도와 품질이 안정적인 상품이라 40대의 선물용 구매에 적합
PRD_1021,AGE_003,여행 기념품으로 인지도가 높고 가볍게 구매하기 좋아 20대에게 적합
PRD_1021,AGE_006,해산물·발효·조미 식품 계열로 50대의 식사용·반찬용 수요에 적합
PRD_1022,AGE_004,품질과 실용성을 함께 고려하는 30대의 선물·간식 수요에 맞음
PRD_1022,AGE_003,여행 기념품으로 인지도가 높고 가볍게 구매하기 좋아 20대에게 적합
PRD_1022,AGE_005,인지도와 품질이 안정적인 상품이라 40대의 선물용 구매에 적합
PRD_1022,AGE_002,간편하게 먹기 좋은 대중적인 상품이라 10대에게 추천하기 좋음
PRD_1023,AGE_004,품질과 실용성을 함께 고려하는 30대의 선물·간식 수요에 맞음
PRD_1023,AGE_005,인지도와 품질이 안정적인 상품이라 40대의 선물용 구매에 적합
PRD_1023,AGE_003,여행 기념품으로 인지도가 높고 가볍게 구매하기 좋아 20대에게 적합
PRD_1023,AGE_006,해산물·발효·조미 식품 계열로 50대의 식사용·반찬용 수요에 적합
PRD_1024,AGE_004,직장·가족 선물로 나누기 좋은 구성이라 30대 구매층에 적합
PRD_1024,AGE_005,인지도와 품질이 안정적인 상품이라 40대의 선물용 구매에 적합
PRD_1024,AGE_003,여행 기념품으로 인지도가 높고 가볍게 구매하기 좋아 20대에게 적합
PRD_1024,AGE_006,해산물·발효·조미 식품 계열로 50대의 식사용·반찬용 수요에 적합
PRD_1025,AGE_003,여행 기념품으로 인지도가 높고 가볍게 구매하기 좋아 20대에게 적합
PRD_1025,AGE_004,직장·가족 선물로 나누기 좋은 구성이라 30대 구매층에 적합
PRD_1025,AGE_005,인지도와 품질이 안정적인 상품이라 40대의 선물용 구매에 적합
PRD_1025,AGE_006,해산물·발효·조미 식품 계열로 50대의 식사용·반찬용 수요에 적합
PRD_1026,AGE_004,품질과 실용성을 함께 고려하는 30대의 선물·간식 수요에 맞음
PRD_1026,AGE_003,맛과 패키지 매력이 있어 20대의 간식·선물 구매에 어울림
PRD_1026,AGE_005,인지도와 품질이 안정적인 상품이라 40대의 선물용 구매에 적합
PRD_1026,AGE_006,해산물·발효·조미 식품 계열로 50대의 식사용·반찬용 수요에 적합
PRD_1027,AGE_004,직장·가족 선물로 나누기 좋은 구성이라 30대 구매층에 적합
PRD_1027,AGE_003,맛과 패키지 매력이 있어 20대의 간식·선물 구매에 어울림
PRD_1027,AGE_005,인지도와 품질이 안정적인 상품이라 40대의 선물용 구매에 적합
PRD_1027,AGE_002,간편하게 먹기 좋은 대중적인 상품이라 10대에게 추천하기 좋음
PRD_1028,AGE_003,여행 기념품으로 인지도가 높고 가볍게 구매하기 좋아 20대에게 적합
PRD_1028,AGE_004,품질과 실용성을 함께 고려하는 30대의 선물·간식 수요에 맞음
PRD_1028,AGE_002,달콤하거나 재미있는 맛의 간식류라 10대 취향에 잘 맞음
PRD_1028,AGE_005,인지도와 품질이 안정적인 상품이라 40대의 선물용 구매에 적합
PRD_1029,AGE_001,달콤한 과자·간식류로 어린이가 부담 없이 즐기기 쉬움
PRD_1029,AGE_003,맛과 패키지 매력이 있어 20대의 간식·선물 구매에 어울림
PRD_1029,AGE_002,간편하게 먹기 좋은 대중적인 상품이라 10대에게 추천하기 좋음
PRD_1029,AGE_008,부드럽고 먹기 편한 상품이라 70대 이상에게도 부담이 적음
PRD_1030,AGE_004,직장·가족 선물로 나누기 좋은 구성이라 30대 구매층에 적합
PRD_1030,AGE_005,인지도와 품질이 안정적인 상품이라 40대의 선물용 구매에 적합
PRD_1030,AGE_003,맛과 패키지 매력이 있어 20대의 간식·선물 구매에 어울림
PRD_1030,AGE_006,해산물·발효·조미 식품 계열로 50대의 식사용·반찬용 수요에 적합
PRD_1031,AGE_005,전통적인 맛과 지역성이 있어 40대 선물·간식 취향에 잘 맞음
PRD_1031,AGE_004,품질과 실용성을 함께 고려하는 30대의 선물·간식 수요에 맞음
PRD_1031,AGE_006,해산물·발효·조미 식품 계열로 50대의 식사용·반찬용 수요에 적합
PRD_1031,AGE_003,맛과 패키지 매력이 있어 20대의 간식·선물 구매에 어울림
PRD_1032,AGE_003,여행 기념품으로 인지도가 높고 가볍게 구매하기 좋아 20대에게 적합
PRD_1032,AGE_002,달콤하거나 재미있는 맛의 간식류라 10대 취향에 잘 맞음
PRD_1032,AGE_004,직장·가족 선물로 나누기 좋은 구성이라 30대 구매층에 적합
PRD_1032,AGE_005,인지도와 품질이 안정적인 상품이라 40대의 선물용 구매에 적합
PRD_1033,AGE_003,여행 기념품으로 인지도가 높고 가볍게 구매하기 좋아 20대에게 적합
PRD_1033,AGE_004,직장·가족 선물로 나누기 좋은 구성이라 30대 구매층에 적합
PRD_1033,AGE_005,인지도와 품질이 안정적인 상품이라 40대의 선물용 구매에 적합
PRD_1033,AGE_006,해산물·발효·조미 식품 계열로 50대의 식사용·반찬용 수요에 적합
PRD_1034,AGE_004,품질과 실용성을 함께 고려하는 30대의 선물·간식 수요에 맞음
PRD_1034,AGE_005,인지도와 품질이 안정적인 상품이라 40대의 선물용 구매에 적합
PRD_1034,AGE_003,맛과 패키지 매력이 있어 20대의 간식·선물 구매에 어울림
PRD_1034,AGE_006,해산물·발효·조미 식품 계열로 50대의 식사용·반찬용 수요에 적합
PRD_1035,AGE_003,맛과 패키지 매력이 있어 20대의 간식·선물 구매에 어울림
PRD_1035,AGE_004,품질과 실용성을 함께 고려하는 30대의 선물·간식 수요에 맞음
PRD_1035,AGE_005,인지도와 품질이 안정적인 상품이라 40대의 선물용 구매에 적합
PRD_1035,AGE_001,달콤한 과자·간식류로 어린이가 부담 없이 즐기기 쉬움
PRD_1036,AGE_005,인지도와 품질이 안정적인 상품이라 40대의 선물용 구매에 적합
PRD_1036,AGE_003,여행 기념품으로 인지도가 높고 가볍게 구매하기 좋아 20대에게 적합
PRD_1036,AGE_004,품질과 실용성을 함께 고려하는 30대의 선물·간식 수요에 맞음
PRD_1036,AGE_006,해산물·발효·조미 식품 계열로 50대의 식사용·반찬용 수요에 적합
PRD_1037,AGE_003,여행 기념품으로 인지도가 높고 가볍게 구매하기 좋아 20대에게 적합
PRD_1037,AGE_002,간편하게 먹기 좋은 대중적인 상품이라 10대에게 추천하기 좋음
PRD_1037,AGE_005,전통적인 맛과 지역성이 있어 40대 선물·간식 취향에 잘 맞음
PRD_1037,AGE_006,해산물·발효·조미 식품 계열로 50대의 식사용·반찬용 수요에 적합
PRD_1038,AGE_003,여행 기념품으로 인지도가 높고 가볍게 구매하기 좋아 20대에게 적합
PRD_1038,AGE_005,전통적인 맛과 지역성이 있어 40대 선물·간식 취향에 잘 맞음
PRD_1038,AGE_006,해산물·발효·조미 식품 계열로 50대의 식사용·반찬용 수요에 적합
PRD_1038,AGE_004,품질과 실용성을 함께 고려하는 30대의 선물·간식 수요에 맞음
PRD_1039,AGE_005,전통적인 맛과 지역성이 있어 40대 선물·간식 취향에 잘 맞음
PRD_1039,AGE_004,직장·가족 선물로 나누기 좋은 구성이라 30대 구매층에 적합
PRD_1039,AGE_006,해산물·발효·조미 식품 계열로 50대의 식사용·반찬용 수요에 적합
PRD_1039,AGE_003,맛과 패키지 매력이 있어 20대의 간식·선물 구매에 어울림
PRD_1040,AGE_004,품질과 실용성을 함께 고려하는 30대의 선물·간식 수요에 맞음
PRD_1040,AGE_005,인지도와 품질이 안정적인 상품이라 40대의 선물용 구매에 적합
PRD_1040,AGE_003,여행 기념품으로 인지도가 높고 가볍게 구매하기 좋아 20대에게 적합
PRD_1040,AGE_006,해산물·발효·조미 식품 계열로 50대의 식사용·반찬용 수요에 적합
PRD_1041,AGE_005,전통적인 맛과 지역성이 있어 40대 선물·간식 취향에 잘 맞음
PRD_1041,AGE_006,해산물·발효·조미 식품 계열로 50대의 식사용·반찬용 수요에 적합
PRD_1041,AGE_003,여행 기념품으로 인지도가 높고 가볍게 구매하기 좋아 20대에게 적합
PRD_1041,AGE_004,품질과 실용성을 함께 고려하는 30대의 선물·간식 수요에 맞음
PRD_1042,AGE_005,전통적인 맛과 지역성이 있어 40대 선물·간식 취향에 잘 맞음
PRD_1042,AGE_004,품질과 실용성을 함께 고려하는 30대의 선물·간식 수요에 맞음
PRD_1042,AGE_006,해산물·발효·조미 식품 계열로 50대의 식사용·반찬용 수요에 적합
PRD_1042,AGE_003,맛과 패키지 매력이 있어 20대의 간식·선물 구매에 어울림
PRD_1043,AGE_005,전통적인 맛과 지역성이 있어 40대 선물·간식 취향에 잘 맞음
PRD_1043,AGE_006,해산물·발효·조미 식품 계열로 50대의 식사용·반찬용 수요에 적합
PRD_1043,AGE_004,품질과 실용성을 함께 고려하는 30대의 선물·간식 수요에 맞음
PRD_1043,AGE_007,부드러운 식감과 익숙한 맛이라 60대도 부담 없이 즐기기 좋음
PRD_1044,AGE_003,여행 기념품으로 인지도가 높고 가볍게 구매하기 좋아 20대에게 적합
PRD_1044,AGE_002,간편하게 먹기 좋은 대중적인 상품이라 10대에게 추천하기 좋음
PRD_1044,AGE_001,부드럽고 자극이 적은 식감이라 어린이 간식으로 접근성이 좋음
PRD_1044,AGE_005,전통적인 맛과 지역성이 있어 40대 선물·간식 취향에 잘 맞음
PRD_1045,AGE_005,전통적인 맛과 지역성이 있어 40대 선물·간식 취향에 잘 맞음
PRD_1045,AGE_006,해산물·발효·조미 식품 계열로 50대의 식사용·반찬용 수요에 적합
PRD_1045,AGE_004,직장·가족 선물로 나누기 좋은 구성이라 30대 구매층에 적합
PRD_1045,AGE_007,부드러운 식감과 익숙한 맛이라 60대도 부담 없이 즐기기 좋음
PRD_1046,AGE_005,전통적인 맛과 지역성이 있어 40대 선물·간식 취향에 잘 맞음
PRD_1046,AGE_006,해산물·발효·조미 식품 계열로 50대의 식사용·반찬용 수요에 적합
PRD_1046,AGE_004,직장·가족 선물로 나누기 좋은 구성이라 30대 구매층에 적합
PRD_1046,AGE_003,맛과 패키지 매력이 있어 20대의 간식·선물 구매에 어울림
PRD_1047,AGE_005,전통적인 맛과 지역성이 있어 40대 선물·간식 취향에 잘 맞음
PRD_1047,AGE_003,맛과 패키지 매력이 있어 20대의 간식·선물 구매에 어울림
PRD_1047,AGE_006,해산물·발효·조미 식품 계열로 50대의 식사용·반찬용 수요에 적합
PRD_1047,AGE_001,부드럽고 자극이 적은 식감이라 어린이 간식으로 접근성이 좋음
PRD_1048,AGE_005,전통적인 맛과 지역성이 있어 40대 선물·간식 취향에 잘 맞음
PRD_1048,AGE_004,직장·가족 선물로 나누기 좋은 구성이라 30대 구매층에 적합
PRD_1048,AGE_006,해산물·발효·조미 식품 계열로 50대의 식사용·반찬용 수요에 적합
PRD_1048,AGE_003,여행 기념품으로 인지도가 높고 가볍게 구매하기 좋아 20대에게 적합
PRD_1049,AGE_005,인지도와 품질이 안정적인 상품이라 40대의 선물용 구매에 적합
PRD_1049,AGE_003,여행 기념품으로 인지도가 높고 가볍게 구매하기 좋아 20대에게 적합
PRD_1049,AGE_004,직장·가족 선물로 나누기 좋은 구성이라 30대 구매층에 적합
PRD_1049,AGE_006,해산물·발효·조미 식품 계열로 50대의 식사용·반찬용 수요에 적합
PRD_1050,AGE_003,맛과 패키지 매력이 있어 20대의 간식·선물 구매에 어울림
PRD_1050,AGE_002,달콤하거나 재미있는 맛의 간식류라 10대 취향에 잘 맞음
PRD_1050,AGE_004,직장·가족 선물로 나누기 좋은 구성이라 30대 구매층에 적합
PRD_1050,AGE_005,인지도와 품질이 안정적인 상품이라 40대의 선물용 구매에 적합
PRD_1051,AGE_005,인지도와 품질이 안정적인 상품이라 40대의 선물용 구매에 적합
PRD_1051,AGE_004,품질과 실용성을 함께 고려하는 30대의 선물·간식 수요에 맞음
PRD_1051,AGE_006,해산물·발효·조미 식품 계열로 50대의 식사용·반찬용 수요에 적합
PRD_1051,AGE_003,맛과 패키지 매력이 있어 20대의 간식·선물 구매에 어울림
PRD_1052,AGE_003,맛과 패키지 매력이 있어 20대의 간식·선물 구매에 어울림
PRD_1052,AGE_002,달콤하거나 재미있는 맛의 간식류라 10대 취향에 잘 맞음
PRD_1052,AGE_004,품질과 실용성을 함께 고려하는 30대의 선물·간식 수요에 맞음
PRD_1052,AGE_005,인지도와 품질이 안정적인 상품이라 40대의 선물용 구매에 적합
PRD_1053,AGE_005,전통적인 맛과 지역성이 있어 40대 선물·간식 취향에 잘 맞음
PRD_1053,AGE_004,직장·가족 선물로 나누기 좋은 구성이라 30대 구매층에 적합
PRD_1053,AGE_006,해산물·발효·조미 식품 계열로 50대의 식사용·반찬용 수요에 적합
PRD_1053,AGE_003,맛과 패키지 매력이 있어 20대의 간식·선물 구매에 어울림
PRD_1054,AGE_005,전통적인 맛과 지역성이 있어 40대 선물·간식 취향에 잘 맞음
PRD_1054,AGE_006,해산물·발효·조미 식품 계열로 50대의 식사용·반찬용 수요에 적합
PRD_1054,AGE_004,품질과 실용성을 함께 고려하는 30대의 선물·간식 수요에 맞음
PRD_1054,AGE_007,전통적이고 익숙한 풍미가 있어 60대 취향에 적합
PRD_1055,AGE_003,여행 기념품으로 인지도가 높고 가볍게 구매하기 좋아 20대에게 적합
PRD_1055,AGE_002,달콤하거나 재미있는 맛의 간식류라 10대 취향에 잘 맞음
PRD_1055,AGE_001,달콤한 과자·간식류로 어린이가 부담 없이 즐기기 쉬움
PRD_1055,AGE_004,품질과 실용성을 함께 고려하는 30대의 선물·간식 수요에 맞음
PRD_1056,AGE_003,여행 기념품으로 인지도가 높고 가볍게 구매하기 좋아 20대에게 적합
PRD_1056,AGE_002,달콤하거나 재미있는 맛의 간식류라 10대 취향에 잘 맞음
PRD_1056,AGE_004,품질과 실용성을 함께 고려하는 30대의 선물·간식 수요에 맞음
PRD_1056,AGE_005,인지도와 품질이 안정적인 상품이라 40대의 선물용 구매에 적합
PRD_1057,AGE_005,전통적인 맛과 지역성이 있어 40대 선물·간식 취향에 잘 맞음
PRD_1057,AGE_003,여행 기념품으로 인지도가 높고 가볍게 구매하기 좋아 20대에게 적합
PRD_1057,AGE_004,직장·가족 선물로 나누기 좋은 구성이라 30대 구매층에 적합
PRD_1057,AGE_006,해산물·발효·조미 식품 계열로 50대의 식사용·반찬용 수요에 적합
PRD_1058,AGE_005,전통적인 맛과 지역성이 있어 40대 선물·간식 취향에 잘 맞음
PRD_1058,AGE_004,직장·가족 선물로 나누기 좋은 구성이라 30대 구매층에 적합
PRD_1058,AGE_006,해산물·발효·조미 식품 계열로 50대의 식사용·반찬용 수요에 적합
PRD_1058,AGE_003,맛과 패키지 매력이 있어 20대의 간식·선물 구매에 어울림
PRD_1059,AGE_003,여행 기념품으로 인지도가 높고 가볍게 구매하기 좋아 20대에게 적합
PRD_1059,AGE_005,전통적인 맛과 지역성이 있어 40대 선물·간식 취향에 잘 맞음
PRD_1059,AGE_006,해산물·발효·조미 식품 계열로 50대의 식사용·반찬용 수요에 적합
PRD_1059,AGE_004,직장·가족 선물로 나누기 좋은 구성이라 30대 구매층에 적합
PRD_1060,AGE_003,여행 기념품으로 인지도가 높고 가볍게 구매하기 좋아 20대에게 적합
PRD_1060,AGE_004,품질과 실용성을 함께 고려하는 30대의 선물·간식 수요에 맞음
PRD_1060,AGE_005,인지도와 품질이 안정적인 상품이라 40대의 선물용 구매에 적합
PRD_1060,AGE_002,간편하게 먹기 좋은 대중적인 상품이라 10대에게 추천하기 좋음
PRD_1061,AGE_003,여행 기념품으로 인지도가 높고 가볍게 구매하기 좋아 20대에게 적합
PRD_1061,AGE_004,품질과 실용성을 함께 고려하는 30대의 선물·간식 수요에 맞음
PRD_1061,AGE_005,인지도와 품질이 안정적인 상품이라 40대의 선물용 구매에 적합
PRD_1061,AGE_002,달콤하거나 재미있는 맛의 간식류라 10대 취향에 잘 맞음
PRD_1062,AGE_005,전통적인 맛과 지역성이 있어 40대 선물·간식 취향에 잘 맞음
PRD_1062,AGE_006,해산물·발효·조미 식품 계열로 50대의 식사용·반찬용 수요에 적합
PRD_1062,AGE_003,여행 기념품으로 인지도가 높고 가볍게 구매하기 좋아 20대에게 적합
PRD_1062,AGE_004,직장·가족 선물로 나누기 좋은 구성이라 30대 구매층에 적합
PRD_1063,AGE_005,전통적인 맛과 지역성이 있어 40대 선물·간식 취향에 잘 맞음
PRD_1063,AGE_006,해산물·발효·조미 식품 계열로 50대의 식사용·반찬용 수요에 적합
PRD_1063,AGE_004,품질과 실용성을 함께 고려하는 30대의 선물·간식 수요에 맞음
PRD_1063,AGE_003,맛과 패키지 매력이 있어 20대의 간식·선물 구매에 어울림
PRD_1064,AGE_003,맛과 패키지 매력이 있어 20대의 간식·선물 구매에 어울림
PRD_1064,AGE_004,직장·가족 선물로 나누기 좋은 구성이라 30대 구매층에 적합
PRD_1064,AGE_005,인지도와 품질이 안정적인 상품이라 40대의 선물용 구매에 적합
PRD_1064,AGE_006,해산물·발효·조미 식품 계열로 50대의 식사용·반찬용 수요에 적합
PRD_1065,AGE_003,맛과 패키지 매력이 있어 20대의 간식·선물 구매에 어울림
PRD_1065,AGE_002,달콤하거나 재미있는 맛의 간식류라 10대 취향에 잘 맞음
PRD_1065,AGE_001,달콤한 과자·간식류로 어린이가 부담 없이 즐기기 쉬움
PRD_1065,AGE_004,직장·가족 선물로 나누기 좋은 구성이라 30대 구매층에 적합
PRD_1066,AGE_005,인지도와 품질이 안정적인 상품이라 40대의 선물용 구매에 적합
PRD_1066,AGE_004,품질과 실용성을 함께 고려하는 30대의 선물·간식 수요에 맞음
PRD_1066,AGE_003,여행 기념품으로 인지도가 높고 가볍게 구매하기 좋아 20대에게 적합
PRD_1066,AGE_006,해산물·발효·조미 식품 계열로 50대의 식사용·반찬용 수요에 적합
PRD_1067,AGE_005,인지도와 품질이 안정적인 상품이라 40대의 선물용 구매에 적합
PRD_1067,AGE_004,직장·가족 선물로 나누기 좋은 구성이라 30대 구매층에 적합
PRD_1067,AGE_006,해산물·발효·조미 식품 계열로 50대의 식사용·반찬용 수요에 적합
PRD_1067,AGE_003,맛과 패키지 매력이 있어 20대의 간식·선물 구매에 어울림
PRD_1068,AGE_005,전통적인 맛과 지역성이 있어 40대 선물·간식 취향에 잘 맞음
PRD_1068,AGE_003,여행 기념품으로 인지도가 높고 가볍게 구매하기 좋아 20대에게 적합
PRD_1068,AGE_006,해산물·발효·조미 식품 계열로 50대의 식사용·반찬용 수요에 적합
PRD_1068,AGE_004,직장·가족 선물로 나누기 좋은 구성이라 30대 구매층에 적합
PRD_1069,AGE_005,전통적인 맛과 지역성이 있어 40대 선물·간식 취향에 잘 맞음
PRD_1069,AGE_006,해산물·발효·조미 식품 계열로 50대의 식사용·반찬용 수요에 적합
PRD_1069,AGE_004,품질과 실용성을 함께 고려하는 30대의 선물·간식 수요에 맞음
PRD_1069,AGE_007,전통적이고 익숙한 풍미가 있어 60대 취향에 적합
PRD_1070,AGE_003,여행 기념품으로 인지도가 높고 가볍게 구매하기 좋아 20대에게 적합
PRD_1070,AGE_005,전통적인 맛과 지역성이 있어 40대 선물·간식 취향에 잘 맞음
PRD_1070,AGE_002,달콤하거나 재미있는 맛의 간식류라 10대 취향에 잘 맞음
PRD_1070,AGE_006,해산물·발효·조미 식품 계열로 50대의 식사용·반찬용 수요에 적합
PRD_1071,AGE_003,여행 기념품으로 인지도가 높고 가볍게 구매하기 좋아 20대에게 적합
PRD_1071,AGE_005,전통적인 맛과 지역성이 있어 40대 선물·간식 취향에 잘 맞음
PRD_1071,AGE_004,직장·가족 선물로 나누기 좋은 구성이라 30대 구매층에 적합
PRD_1071,AGE_006,해산물·발효·조미 식품 계열로 50대의 식사용·반찬용 수요에 적합
PRD_1072,AGE_005,전통적인 맛과 지역성이 있어 40대 선물·간식 취향에 잘 맞음
PRD_1072,AGE_003,여행 기념품으로 인지도가 높고 가볍게 구매하기 좋아 20대에게 적합
PRD_1072,AGE_004,직장·가족 선물로 나누기 좋은 구성이라 30대 구매층에 적합
PRD_1072,AGE_006,해산물·발효·조미 식품 계열로 50대의 식사용·반찬용 수요에 적합
PRD_1073,AGE_005,전통적인 맛과 지역성이 있어 40대 선물·간식 취향에 잘 맞음
PRD_1073,AGE_004,품질과 실용성을 함께 고려하는 30대의 선물·간식 수요에 맞음
PRD_1073,AGE_006,해산물·발효·조미 식품 계열로 50대의 식사용·반찬용 수요에 적합
PRD_1073,AGE_003,여행 기념품으로 인지도가 높고 가볍게 구매하기 좋아 20대에게 적합
PRD_1074,AGE_003,여행 기념품으로 인지도가 높고 가볍게 구매하기 좋아 20대에게 적합
PRD_1074,AGE_001,부드럽고 자극이 적은 식감이라 어린이 간식으로 접근성이 좋음
PRD_1074,AGE_002,간편하게 먹기 좋은 대중적인 상품이라 10대에게 추천하기 좋음
PRD_1074,AGE_004,직장·가족 선물로 나누기 좋은 구성이라 30대 구매층에 적합
PRD_1075,AGE_005,인지도와 품질이 안정적인 상품이라 40대의 선물용 구매에 적합
PRD_1075,AGE_003,여행 기념품으로 인지도가 높고 가볍게 구매하기 좋아 20대에게 적합
PRD_1075,AGE_004,품질과 실용성을 함께 고려하는 30대의 선물·간식 수요에 맞음
PRD_1075,AGE_006,해산물·발효·조미 식품 계열로 50대의 식사용·반찬용 수요에 적합
PRD_1076,AGE_005,전통적인 맛과 지역성이 있어 40대 선물·간식 취향에 잘 맞음
PRD_1076,AGE_004,직장·가족 선물로 나누기 좋은 구성이라 30대 구매층에 적합
PRD_1076,AGE_006,해산물·발효·조미 식품 계열로 50대의 식사용·반찬용 수요에 적합
PRD_1076,AGE_003,맛과 패키지 매력이 있어 20대의 간식·선물 구매에 어울림
PRD_1077,AGE_003,맛과 패키지 매력이 있어 20대의 간식·선물 구매에 어울림
PRD_1077,AGE_002,달콤하거나 재미있는 맛의 간식류라 10대 취향에 잘 맞음
PRD_1077,AGE_004,품질과 실용성을 함께 고려하는 30대의 선물·간식 수요에 맞음
PRD_1077,AGE_005,인지도와 품질이 안정적인 상품이라 40대의 선물용 구매에 적합
PRD_1078,AGE_003,여행 기념품으로 인지도가 높고 가볍게 구매하기 좋아 20대에게 적합
PRD_1078,AGE_004,품질과 실용성을 함께 고려하는 30대의 선물·간식 수요에 맞음
PRD_1078,AGE_005,인지도와 품질이 안정적인 상품이라 40대의 선물용 구매에 적합
PRD_1078,AGE_002,간편하게 먹기 좋은 대중적인 상품이라 10대에게 추천하기 좋음
PRD_1079,AGE_004,직장·가족 선물로 나누기 좋은 구성이라 30대 구매층에 적합
PRD_1079,AGE_005,인지도와 품질이 안정적인 상품이라 40대의 선물용 구매에 적합
PRD_1079,AGE_003,맛과 패키지 매력이 있어 20대의 간식·선물 구매에 어울림
PRD_1079,AGE_006,해산물·발효·조미 식품 계열로 50대의 식사용·반찬용 수요에 적합
PRD_1080,AGE_005,전통적인 맛과 지역성이 있어 40대 선물·간식 취향에 잘 맞음
PRD_1080,AGE_003,맛과 패키지 매력이 있어 20대의 간식·선물 구매에 어울림
PRD_1080,AGE_006,해산물·발효·조미 식품 계열로 50대의 식사용·반찬용 수요에 적합
PRD_1080,AGE_001,부드럽고 자극이 적은 식감이라 어린이 간식으로 접근성이 좋음
PRD_1081,AGE_003,여행 기념품으로 인지도가 높고 가볍게 구매하기 좋아 20대에게 적합
PRD_1081,AGE_002,간편하게 먹기 좋은 대중적인 상품이라 10대에게 추천하기 좋음
PRD_1081,AGE_004,직장·가족 선물로 나누기 좋은 구성이라 30대 구매층에 적합
PRD_1081,AGE_005,인지도와 품질이 안정적인 상품이라 40대의 선물용 구매에 적합
PRD_1082,AGE_003,맛과 패키지 매력이 있어 20대의 간식·선물 구매에 어울림
PRD_1082,AGE_002,달콤하거나 재미있는 맛의 간식류라 10대 취향에 잘 맞음
PRD_1082,AGE_005,전통적인 맛과 지역성이 있어 40대 선물·간식 취향에 잘 맞음
PRD_1082,AGE_006,해산물·발효·조미 식품 계열로 50대의 식사용·반찬용 수요에 적합
PRD_1083,AGE_005,전통적인 맛과 지역성이 있어 40대 선물·간식 취향에 잘 맞음
PRD_1083,AGE_006,해산물·발효·조미 식품 계열로 50대의 식사용·반찬용 수요에 적합
PRD_1083,AGE_004,품질과 실용성을 함께 고려하는 30대의 선물·간식 수요에 맞음
PRD_1083,AGE_007,전통적이고 익숙한 풍미가 있어 60대 취향에 적합
PRD_1084,AGE_003,맛과 패키지 매력이 있어 20대의 간식·선물 구매에 어울림
PRD_1084,AGE_005,인지도와 품질이 안정적인 상품이라 40대의 선물용 구매에 적합
PRD_1084,AGE_004,품질과 실용성을 함께 고려하는 30대의 선물·간식 수요에 맞음
PRD_1084,AGE_006,해산물·발효·조미 식품 계열로 50대의 식사용·반찬용 수요에 적합
PRD_1085,AGE_003,여행 기념품으로 인지도가 높고 가볍게 구매하기 좋아 20대에게 적합
PRD_1085,AGE_004,직장·가족 선물로 나누기 좋은 구성이라 30대 구매층에 적합
PRD_1085,AGE_002,간편하게 먹기 좋은 대중적인 상품이라 10대에게 추천하기 좋음
PRD_1085,AGE_005,인지도와 품질이 안정적인 상품이라 40대의 선물용 구매에 적합
PRD_1086,AGE_005,전통적인 맛과 지역성이 있어 40대 선물·간식 취향에 잘 맞음
PRD_1086,AGE_003,여행 기념품으로 인지도가 높고 가볍게 구매하기 좋아 20대에게 적합
PRD_1086,AGE_006,해산물·발효·조미 식품 계열로 50대의 식사용·반찬용 수요에 적합
PRD_1086,AGE_004,품질과 실용성을 함께 고려하는 30대의 선물·간식 수요에 맞음
PRD_1087,AGE_003,여행 기념품으로 인지도가 높고 가볍게 구매하기 좋아 20대에게 적합
PRD_1087,AGE_004,직장·가족 선물로 나누기 좋은 구성이라 30대 구매층에 적합
PRD_1087,AGE_005,인지도와 품질이 안정적인 상품이라 40대의 선물용 구매에 적합
PRD_1087,AGE_006,해산물·발효·조미 식품 계열로 50대의 식사용·반찬용 수요에 적합
PRD_1088,AGE_005,전통적인 맛과 지역성이 있어 40대 선물·간식 취향에 잘 맞음
PRD_1088,AGE_006,해산물·발효·조미 식품 계열로 50대의 식사용·반찬용 수요에 적합
PRD_1088,AGE_004,직장·가족 선물로 나누기 좋은 구성이라 30대 구매층에 적합
PRD_1088,AGE_007,전통적이고 익숙한 풍미가 있어 60대 취향에 적합
PRD_1089,AGE_005,전통적인 맛과 지역성이 있어 40대 선물·간식 취향에 잘 맞음
PRD_1089,AGE_003,여행 기념품으로 인지도가 높고 가볍게 구매하기 좋아 20대에게 적합
PRD_1089,AGE_006,해산물·발효·조미 식품 계열로 50대의 식사용·반찬용 수요에 적합
PRD_1089,AGE_004,품질과 실용성을 함께 고려하는 30대의 선물·간식 수요에 맞음
PRD_1090,AGE_003,여행 기념품으로 인지도가 높고 가볍게 구매하기 좋아 20대에게 적합
PRD_1090,AGE_004,직장·가족 선물로 나누기 좋은 구성이라 30대 구매층에 적합
PRD_1090,AGE_002,간편하게 먹기 좋은 대중적인 상품이라 10대에게 추천하기 좋음
PRD_1090,AGE_005,인지도와 품질이 안정적인 상품이라 40대의 선물용 구매에 적합
PRD_1091,AGE_002,간편하게 먹기 좋은 대중적인 상품이라 10대에게 추천하기 좋음
PRD_1091,AGE_003,맛과 패키지 매력이 있어 20대의 간식·선물 구매에 어울림
PRD_1091,AGE_001,달콤한 과자·간식류로 어린이가 부담 없이 즐기기 쉬움
PRD_1091,AGE_004,품질과 실용성을 함께 고려하는 30대의 선물·간식 수요에 맞음
PRD_1092,AGE_003,여행 기념품으로 인지도가 높고 가볍게 구매하기 좋아 20대에게 적합
PRD_1092,AGE_002,간편하게 먹기 좋은 대중적인 상품이라 10대에게 추천하기 좋음
PRD_1092,AGE_001,부드럽고 자극이 적은 식감이라 어린이 간식으로 접근성이 좋음
PRD_1092,AGE_004,품질과 실용성을 함께 고려하는 30대의 선물·간식 수요에 맞음
PRD_1093,AGE_005,전통적인 맛과 지역성이 있어 40대 선물·간식 취향에 잘 맞음
PRD_1093,AGE_004,품질과 실용성을 함께 고려하는 30대의 선물·간식 수요에 맞음
PRD_1093,AGE_006,해산물·발효·조미 식품 계열로 50대의 식사용·반찬용 수요에 적합
PRD_1093,AGE_003,맛과 패키지 매력이 있어 20대의 간식·선물 구매에 어울림
PRD_1094,AGE_005,인지도와 품질이 안정적인 상품이라 40대의 선물용 구매에 적합
PRD_1094,AGE_004,품질과 실용성을 함께 고려하는 30대의 선물·간식 수요에 맞음
PRD_1094,AGE_006,해산물·발효·조미 식품 계열로 50대의 식사용·반찬용 수요에 적합
PRD_1094,AGE_003,맛과 패키지 매력이 있어 20대의 간식·선물 구매에 어울림
PRD_1095,AGE_005,인지도와 품질이 안정적인 상품이라 40대의 선물용 구매에 적합
PRD_1095,AGE_004,품질과 실용성을 함께 고려하는 30대의 선물·간식 수요에 맞음
PRD_1095,AGE_006,해산물·발효·조미 식품 계열로 50대의 식사용·반찬용 수요에 적합
PRD_1095,AGE_003,맛과 패키지 매력이 있어 20대의 간식·선물 구매에 어울림
PRD_1096,AGE_005,전통적인 맛과 지역성이 있어 40대 선물·간식 취향에 잘 맞음
PRD_1096,AGE_003,맛과 패키지 매력이 있어 20대의 간식·선물 구매에 어울림
PRD_1096,AGE_006,해산물·발효·조미 식품 계열로 50대의 식사용·반찬용 수요에 적합
PRD_1096,AGE_001,달콤한 과자·간식류로 어린이가 부담 없이 즐기기 쉬움
PRD_1097,AGE_003,맛과 패키지 매력이 있어 20대의 간식·선물 구매에 어울림
PRD_1097,AGE_004,품질과 실용성을 함께 고려하는 30대의 선물·간식 수요에 맞음
PRD_1097,AGE_005,인지도와 품질이 안정적인 상품이라 40대의 선물용 구매에 적합
PRD_1097,AGE_002,간편하게 먹기 좋은 대중적인 상품이라 10대에게 추천하기 좋음
PRD_1098,AGE_005,전통적인 맛과 지역성이 있어 40대 선물·간식 취향에 잘 맞음
PRD_1098,AGE_006,해산물·발효·조미 식품 계열로 50대의 식사용·반찬용 수요에 적합
PRD_1098,AGE_007,부드러운 식감과 익숙한 맛이라 60대도 부담 없이 즐기기 좋음
PRD_1098,AGE_008,부드럽고 먹기 편한 상품이라 70대 이상에게도 부담이 적음
PRD_1099,AGE_005,전통적인 맛과 지역성이 있어 40대 선물·간식 취향에 잘 맞음
PRD_1099,AGE_006,해산물·발효·조미 식품 계열로 50대의 식사용·반찬용 수요에 적합
PRD_1099,AGE_004,직장·가족 선물로 나누기 좋은 구성이라 30대 구매층에 적합
PRD_1099,AGE_007,부드러운 식감과 익숙한 맛이라 60대도 부담 없이 즐기기 좋음
PRD_1100,AGE_005,전통적인 맛과 지역성이 있어 40대 선물·간식 취향에 잘 맞음
PRD_1100,AGE_004,품질과 실용성을 함께 고려하는 30대의 선물·간식 수요에 맞음
PRD_1100,AGE_006,해산물·발효·조미 식품 계열로 50대의 식사용·반찬용 수요에 적합
PRD_1100,AGE_003,여행 기념품으로 인지도가 높고 가볍게 구매하기 좋아 20대에게 적합
PRD_1101,AGE_005,인지도와 품질이 안정적인 상품이라 40대의 선물용 구매에 적합
PRD_1101,AGE_004,직장·가족 선물로 나누기 좋은 구성이라 30대 구매층에 적합
PRD_1101,AGE_006,해산물·발효·조미 식품 계열로 50대의 식사용·반찬용 수요에 적합
PRD_1101,AGE_003,맛과 패키지 매력이 있어 20대의 간식·선물 구매에 어울림
PRD_1102,AGE_005,전통적인 맛과 지역성이 있어 40대 선물·간식 취향에 잘 맞음
PRD_1102,AGE_006,해산물·발효·조미 식품 계열로 50대의 식사용·반찬용 수요에 적합
PRD_1102,AGE_004,품질과 실용성을 함께 고려하는 30대의 선물·간식 수요에 맞음
PRD_1102,AGE_007,전통적이고 익숙한 풍미가 있어 60대 취향에 적합
PRD_1103,AGE_004,직장·가족 선물로 나누기 좋은 구성이라 30대 구매층에 적합
PRD_1103,AGE_005,인지도와 품질이 안정적인 상품이라 40대의 선물용 구매에 적합
PRD_1103,AGE_003,맛과 패키지 매력이 있어 20대의 간식·선물 구매에 어울림
PRD_1103,AGE_006,해산물·발효·조미 식품 계열로 50대의 식사용·반찬용 수요에 적합
PRD_1104,AGE_003,맛과 패키지 매력이 있어 20대의 간식·선물 구매에 어울림
PRD_1104,AGE_002,간편하게 먹기 좋은 대중적인 상품이라 10대에게 추천하기 좋음
PRD_1104,AGE_004,품질과 실용성을 함께 고려하는 30대의 선물·간식 수요에 맞음
PRD_1104,AGE_005,인지도와 품질이 안정적인 상품이라 40대의 선물용 구매에 적합
PRD_1105,AGE_004,품질과 실용성을 함께 고려하는 30대의 선물·간식 수요에 맞음
PRD_1105,AGE_005,인지도와 품질이 안정적인 상품이라 40대의 선물용 구매에 적합
PRD_1105,AGE_003,여행 기념품으로 인지도가 높고 가볍게 구매하기 좋아 20대에게 적합
PRD_1105,AGE_006,해산물·발효·조미 식품 계열로 50대의 식사용·반찬용 수요에 적합
PRD_1106,AGE_003,맛과 패키지 매력이 있어 20대의 간식·선물 구매에 어울림
PRD_1106,AGE_002,간편하게 먹기 좋은 대중적인 상품이라 10대에게 추천하기 좋음
PRD_1106,AGE_004,품질과 실용성을 함께 고려하는 30대의 선물·간식 수요에 맞음
PRD_1106,AGE_001,달콤한 과자·간식류로 어린이가 부담 없이 즐기기 쉬움
PRD_1107,AGE_004,직장·가족 선물로 나누기 좋은 구성이라 30대 구매층에 적합
PRD_1107,AGE_005,인지도와 품질이 안정적인 상품이라 40대의 선물용 구매에 적합
PRD_1107,AGE_003,맛과 패키지 매력이 있어 20대의 간식·선물 구매에 어울림
PRD_1107,AGE_006,해산물·발효·조미 식품 계열로 50대의 식사용·반찬용 수요에 적합
PRD_1108,AGE_004,품질과 실용성을 함께 고려하는 30대의 선물·간식 수요에 맞음
PRD_1108,AGE_003,여행 기념품으로 인지도가 높고 가볍게 구매하기 좋아 20대에게 적합
PRD_1108,AGE_005,인지도와 품질이 안정적인 상품이라 40대의 선물용 구매에 적합
PRD_1108,AGE_002,간편하게 먹기 좋은 대중적인 상품이라 10대에게 추천하기 좋음
PRD_1109,AGE_004,품질과 실용성을 함께 고려하는 30대의 선물·간식 수요에 맞음
PRD_1109,AGE_003,여행 기념품으로 인지도가 높고 가볍게 구매하기 좋아 20대에게 적합
PRD_1109,AGE_005,인지도와 품질이 안정적인 상품이라 40대의 선물용 구매에 적합
PRD_1109,AGE_002,간편하게 먹기 좋은 대중적인 상품이라 10대에게 추천하기 좋음
PRD_1110,AGE_003,맛과 패키지 매력이 있어 20대의 간식·선물 구매에 어울림
PRD_1110,AGE_004,직장·가족 선물로 나누기 좋은 구성이라 30대 구매층에 적합
PRD_1110,AGE_005,인지도와 품질이 안정적인 상품이라 40대의 선물용 구매에 적합
PRD_1110,AGE_002,간편하게 먹기 좋은 대중적인 상품이라 10대에게 추천하기 좋음
PRD_1111,AGE_003,여행 기념품으로 인지도가 높고 가볍게 구매하기 좋아 20대에게 적합
PRD_1111,AGE_004,품질과 실용성을 함께 고려하는 30대의 선물·간식 수요에 맞음
PRD_1111,AGE_002,간편하게 먹기 좋은 대중적인 상품이라 10대에게 추천하기 좋음
PRD_1111,AGE_005,인지도와 품질이 안정적인 상품이라 40대의 선물용 구매에 적합
PRD_1112,AGE_003,맛과 패키지 매력이 있어 20대의 간식·선물 구매에 어울림
PRD_1112,AGE_004,직장·가족 선물로 나누기 좋은 구성이라 30대 구매층에 적합
PRD_1112,AGE_005,인지도와 품질이 안정적인 상품이라 40대의 선물용 구매에 적합
PRD_1112,AGE_006,해산물·발효·조미 식품 계열로 50대의 식사용·반찬용 수요에 적합
PRD_1113,AGE_005,전통적인 맛과 지역성이 있어 40대 선물·간식 취향에 잘 맞음
PRD_1113,AGE_006,해산물·발효·조미 식품 계열로 50대의 식사용·반찬용 수요에 적합
PRD_1113,AGE_004,품질과 실용성을 함께 고려하는 30대의 선물·간식 수요에 맞음
PRD_1113,AGE_007,부드러운 식감과 익숙한 맛이라 60대도 부담 없이 즐기기 좋음
PRD_1114,AGE_004,품질과 실용성을 함께 고려하는 30대의 선물·간식 수요에 맞음
PRD_1114,AGE_003,여행 기념품으로 인지도가 높고 가볍게 구매하기 좋아 20대에게 적합
PRD_1114,AGE_005,인지도와 품질이 안정적인 상품이라 40대의 선물용 구매에 적합
PRD_1114,AGE_002,간편하게 먹기 좋은 대중적인 상품이라 10대에게 추천하기 좋음
PRD_1115,AGE_004,품질과 실용성을 함께 고려하는 30대의 선물·간식 수요에 맞음
PRD_1115,AGE_005,인지도와 품질이 안정적인 상품이라 40대의 선물용 구매에 적합
PRD_1115,AGE_003,여행 기념품으로 인지도가 높고 가볍게 구매하기 좋아 20대에게 적합
PRD_1115,AGE_006,해산물·발효·조미 식품 계열로 50대의 식사용·반찬용 수요에 적합
PRD_1116,AGE_004,직장·가족 선물로 나누기 좋은 구성이라 30대 구매층에 적합
PRD_1116,AGE_005,인지도와 품질이 안정적인 상품이라 40대의 선물용 구매에 적합
PRD_1116,AGE_003,여행 기념품으로 인지도가 높고 가볍게 구매하기 좋아 20대에게 적합
PRD_1116,AGE_006,해산물·발효·조미 식품 계열로 50대의 식사용·반찬용 수요에 적합
PRD_1117,AGE_004,직장·가족 선물로 나누기 좋은 구성이라 30대 구매층에 적합
PRD_1117,AGE_005,인지도와 품질이 안정적인 상품이라 40대의 선물용 구매에 적합
PRD_1117,AGE_003,여행 기념품으로 인지도가 높고 가볍게 구매하기 좋아 20대에게 적합
PRD_1117,AGE_006,해산물·발효·조미 식품 계열로 50대의 식사용·반찬용 수요에 적합
PRD_1118,AGE_004,품질과 실용성을 함께 고려하는 30대의 선물·간식 수요에 맞음
PRD_1118,AGE_005,인지도와 품질이 안정적인 상품이라 40대의 선물용 구매에 적합
PRD_1118,AGE_003,여행 기념품으로 인지도가 높고 가볍게 구매하기 좋아 20대에게 적합
PRD_1118,AGE_006,해산물·발효·조미 식품 계열로 50대의 식사용·반찬용 수요에 적합
PRD_1119,AGE_004,품질과 실용성을 함께 고려하는 30대의 선물·간식 수요에 맞음
PRD_1119,AGE_003,여행 기념품으로 인지도가 높고 가볍게 구매하기 좋아 20대에게 적합
PRD_1119,AGE_005,인지도와 품질이 안정적인 상품이라 40대의 선물용 구매에 적합
PRD_1119,AGE_002,간편하게 먹기 좋은 대중적인 상품이라 10대에게 추천하기 좋음
PRD_1120,AGE_004,직장·가족 선물로 나누기 좋은 구성이라 30대 구매층에 적합
PRD_1120,AGE_005,인지도와 품질이 안정적인 상품이라 40대의 선물용 구매에 적합
PRD_1120,AGE_003,맛과 패키지 매력이 있어 20대의 간식·선물 구매에 어울림
PRD_1120,AGE_006,해산물·발효·조미 식품 계열로 50대의 식사용·반찬용 수요에 적합
PRD_1121,AGE_004,직장·가족 선물로 나누기 좋은 구성이라 30대 구매층에 적합
PRD_1121,AGE_003,여행 기념품으로 인지도가 높고 가볍게 구매하기 좋아 20대에게 적합
PRD_1121,AGE_005,인지도와 품질이 안정적인 상품이라 40대의 선물용 구매에 적합
PRD_1121,AGE_002,간편하게 먹기 좋은 대중적인 상품이라 10대에게 추천하기 좋음
PRD_1122,AGE_004,직장·가족 선물로 나누기 좋은 구성이라 30대 구매층에 적합
PRD_1122,AGE_005,인지도와 품질이 안정적인 상품이라 40대의 선물용 구매에 적합
PRD_1122,AGE_003,맛과 패키지 매력이 있어 20대의 간식·선물 구매에 어울림
PRD_1122,AGE_006,해산물·발효·조미 식품 계열로 50대의 식사용·반찬용 수요에 적합
PRD_1123,AGE_003,여행 기념품으로 인지도가 높고 가볍게 구매하기 좋아 20대에게 적합
PRD_1123,AGE_004,품질과 실용성을 함께 고려하는 30대의 선물·간식 수요에 맞음
PRD_1123,AGE_005,인지도와 품질이 안정적인 상품이라 40대의 선물용 구매에 적합
PRD_1123,AGE_006,해산물·발효·조미 식품 계열로 50대의 식사용·반찬용 수요에 적합
PRD_1124,AGE_001,부드럽고 자극이 적은 식감이라 어린이 간식으로 접근성이 좋음
PRD_1124,AGE_002,간편하게 먹기 좋은 대중적인 상품이라 10대에게 추천하기 좋음
PRD_1124,AGE_003,맛과 패키지 매력이 있어 20대의 간식·선물 구매에 어울림
PRD_1124,AGE_005,전통적인 맛과 지역성이 있어 40대 선물·간식 취향에 잘 맞음
PRD_1125,AGE_003,맛과 패키지 매력이 있어 20대의 간식·선물 구매에 어울림
PRD_1125,AGE_004,품질과 실용성을 함께 고려하는 30대의 선물·간식 수요에 맞음
PRD_1125,AGE_005,인지도와 품질이 안정적인 상품이라 40대의 선물용 구매에 적합
PRD_1125,AGE_001,달콤한 과자·간식류로 어린이가 부담 없이 즐기기 쉬움
PRD_1126,AGE_005,전통적인 맛과 지역성이 있어 40대 선물·간식 취향에 잘 맞음
PRD_1126,AGE_004,품질과 실용성을 함께 고려하는 30대의 선물·간식 수요에 맞음
PRD_1126,AGE_006,해산물·발효·조미 식품 계열로 50대의 식사용·반찬용 수요에 적합
PRD_1126,AGE_003,여행 기념품으로 인지도가 높고 가볍게 구매하기 좋아 20대에게 적합
PRD_1127,AGE_005,전통적인 맛과 지역성이 있어 40대 선물·간식 취향에 잘 맞음
PRD_1127,AGE_004,품질과 실용성을 함께 고려하는 30대의 선물·간식 수요에 맞음
PRD_1127,AGE_006,해산물·발효·조미 식품 계열로 50대의 식사용·반찬용 수요에 적합
PRD_1127,AGE_003,맛과 패키지 매력이 있어 20대의 간식·선물 구매에 어울림
PRD_1128,AGE_005,전통적인 맛과 지역성이 있어 40대 선물·간식 취향에 잘 맞음
PRD_1128,AGE_004,직장·가족 선물로 나누기 좋은 구성이라 30대 구매층에 적합
PRD_1128,AGE_006,해산물·발효·조미 식품 계열로 50대의 식사용·반찬용 수요에 적합
PRD_1128,AGE_003,맛과 패키지 매력이 있어 20대의 간식·선물 구매에 어울림
PRD_1129,AGE_004,직장·가족 선물로 나누기 좋은 구성이라 30대 구매층에 적합
PRD_1129,AGE_005,인지도와 품질이 안정적인 상품이라 40대의 선물용 구매에 적합
PRD_1129,AGE_003,맛과 패키지 매력이 있어 20대의 간식·선물 구매에 어울림
PRD_1129,AGE_006,해산물·발효·조미 식품 계열로 50대의 식사용·반찬용 수요에 적합
PRD_1130,AGE_003,여행 기념품으로 인지도가 높고 가볍게 구매하기 좋아 20대에게 적합
PRD_1130,AGE_004,품질과 실용성을 함께 고려하는 30대의 선물·간식 수요에 맞음
PRD_1130,AGE_002,달콤하거나 재미있는 맛의 간식류라 10대 취향에 잘 맞음
PRD_1130,AGE_005,인지도와 품질이 안정적인 상품이라 40대의 선물용 구매에 적합
PRD_1131,AGE_005,전통적인 맛과 지역성이 있어 40대 선물·간식 취향에 잘 맞음
PRD_1131,AGE_006,해산물·발효·조미 식품 계열로 50대의 식사용·반찬용 수요에 적합
PRD_1131,AGE_003,맛과 패키지 매력이 있어 20대의 간식·선물 구매에 어울림
PRD_1131,AGE_004,품질과 실용성을 함께 고려하는 30대의 선물·간식 수요에 맞음
PRD_1132,AGE_004,품질과 실용성을 함께 고려하는 30대의 선물·간식 수요에 맞음
PRD_1132,AGE_003,맛과 패키지 매력이 있어 20대의 간식·선물 구매에 어울림
PRD_1132,AGE_005,인지도와 품질이 안정적인 상품이라 40대의 선물용 구매에 적합
PRD_1132,AGE_006,해산물·발효·조미 식품 계열로 50대의 식사용·반찬용 수요에 적합
PRD_1133,AGE_003,여행 기념품으로 인지도가 높고 가볍게 구매하기 좋아 20대에게 적합
PRD_1133,AGE_004,품질과 실용성을 함께 고려하는 30대의 선물·간식 수요에 맞음
PRD_1133,AGE_002,달콤하거나 재미있는 맛의 간식류라 10대 취향에 잘 맞음
PRD_1133,AGE_005,인지도와 품질이 안정적인 상품이라 40대의 선물용 구매에 적합
PRD_1134,AGE_004,직장·가족 선물로 나누기 좋은 구성이라 30대 구매층에 적합
PRD_1134,AGE_005,인지도와 품질이 안정적인 상품이라 40대의 선물용 구매에 적합
PRD_1134,AGE_006,해산물·발효·조미 식품 계열로 50대의 식사용·반찬용 수요에 적합
PRD_1134,AGE_003,맛과 패키지 매력이 있어 20대의 간식·선물 구매에 어울림
PRD_1135,AGE_005,인지도와 품질이 안정적인 상품이라 40대의 선물용 구매에 적합
PRD_1135,AGE_006,해산물·발효·조미 식품 계열로 50대의 식사용·반찬용 수요에 적합
PRD_1135,AGE_004,품질과 실용성을 함께 고려하는 30대의 선물·간식 수요에 맞음
PRD_1135,AGE_003,맛과 패키지 매력이 있어 20대의 간식·선물 구매에 어울림
PRD_1136,AGE_004,직장·가족 선물로 나누기 좋은 구성이라 30대 구매층에 적합
PRD_1136,AGE_005,인지도와 품질이 안정적인 상품이라 40대의 선물용 구매에 적합
PRD_1136,AGE_006,해산물·발효·조미 식품 계열로 50대의 식사용·반찬용 수요에 적합
PRD_1136,AGE_003,여행 기념품으로 인지도가 높고 가볍게 구매하기 좋아 20대에게 적합
PRD_1137,AGE_005,전통적인 맛과 지역성이 있어 40대 선물·간식 취향에 잘 맞음
PRD_1137,AGE_006,해산물·발효·조미 식품 계열로 50대의 식사용·반찬용 수요에 적합
PRD_1137,AGE_004,직장·가족 선물로 나누기 좋은 구성이라 30대 구매층에 적합
PRD_1137,AGE_003,맛과 패키지 매력이 있어 20대의 간식·선물 구매에 어울림
PRD_1138,AGE_005,전통적인 맛과 지역성이 있어 40대 선물·간식 취향에 잘 맞음
PRD_1138,AGE_006,해산물·발효·조미 식품 계열로 50대의 식사용·반찬용 수요에 적합
PRD_1138,AGE_004,품질과 실용성을 함께 고려하는 30대의 선물·간식 수요에 맞음
PRD_1138,AGE_007,전통적이고 익숙한 풍미가 있어 60대 취향에 적합
PRD_1139,AGE_005,전통적인 맛과 지역성이 있어 40대 선물·간식 취향에 잘 맞음
PRD_1139,AGE_003,여행 기념품으로 인지도가 높고 가볍게 구매하기 좋아 20대에게 적합
PRD_1139,AGE_006,해산물·발효·조미 식품 계열로 50대의 식사용·반찬용 수요에 적합
PRD_1139,AGE_001,달콤한 과자·간식류로 어린이가 부담 없이 즐기기 쉬움
PRD_1140,AGE_005,전통적인 맛과 지역성이 있어 40대 선물·간식 취향에 잘 맞음
PRD_1140,AGE_006,해산물·발효·조미 식품 계열로 50대의 식사용·반찬용 수요에 적합
PRD_1140,AGE_007,부드러운 식감과 익숙한 맛이라 60대도 부담 없이 즐기기 좋음
PRD_1140,AGE_008,부드럽고 먹기 편한 상품이라 70대 이상에게도 부담이 적음
PRD_1141,AGE_003,여행 기념품으로 인지도가 높고 가볍게 구매하기 좋아 20대에게 적합
PRD_1141,AGE_005,전통적인 맛과 지역성이 있어 40대 선물·간식 취향에 잘 맞음
PRD_1141,AGE_004,직장·가족 선물로 나누기 좋은 구성이라 30대 구매층에 적합
PRD_1141,AGE_006,해산물·발효·조미 식품 계열로 50대의 식사용·반찬용 수요에 적합
PRD_1142,AGE_005,전통적인 맛과 지역성이 있어 40대 선물·간식 취향에 잘 맞음
PRD_1142,AGE_004,품질과 실용성을 함께 고려하는 30대의 선물·간식 수요에 맞음
PRD_1142,AGE_006,해산물·발효·조미 식품 계열로 50대의 식사용·반찬용 수요에 적합
PRD_1142,AGE_003,여행 기념품으로 인지도가 높고 가볍게 구매하기 좋아 20대에게 적합
PRD_1143,AGE_004,품질과 실용성을 함께 고려하는 30대의 선물·간식 수요에 맞음
PRD_1143,AGE_003,맛과 패키지 매력이 있어 20대의 간식·선물 구매에 어울림
PRD_1143,AGE_005,인지도와 품질이 안정적인 상품이라 40대의 선물용 구매에 적합
PRD_1143,AGE_006,해산물·발효·조미 식품 계열로 50대의 식사용·반찬용 수요에 적합
PRD_1144,AGE_005,인지도와 품질이 안정적인 상품이라 40대의 선물용 구매에 적합
PRD_1144,AGE_006,해산물·발효·조미 식품 계열로 50대의 식사용·반찬용 수요에 적합
PRD_1144,AGE_004,품질과 실용성을 함께 고려하는 30대의 선물·간식 수요에 맞음
PRD_1144,AGE_003,맛과 패키지 매력이 있어 20대의 간식·선물 구매에 어울림
PRD_1145,AGE_004,품질과 실용성을 함께 고려하는 30대의 선물·간식 수요에 맞음
PRD_1145,AGE_003,여행 기념품으로 인지도가 높고 가볍게 구매하기 좋아 20대에게 적합
PRD_1145,AGE_005,인지도와 품질이 안정적인 상품이라 40대의 선물용 구매에 적합
PRD_1145,AGE_002,간편하게 먹기 좋은 대중적인 상품이라 10대에게 추천하기 좋음
PRD_1146,AGE_004,품질과 실용성을 함께 고려하는 30대의 선물·간식 수요에 맞음
PRD_1146,AGE_005,인지도와 품질이 안정적인 상품이라 40대의 선물용 구매에 적합
PRD_1146,AGE_003,여행 기념품으로 인지도가 높고 가볍게 구매하기 좋아 20대에게 적합
PRD_1146,AGE_006,해산물·발효·조미 식품 계열로 50대의 식사용·반찬용 수요에 적합
PRD_1147,AGE_003,여행 기념품으로 인지도가 높고 가볍게 구매하기 좋아 20대에게 적합
PRD_1147,AGE_005,전통적인 맛과 지역성이 있어 40대 선물·간식 취향에 잘 맞음
PRD_1147,AGE_006,해산물·발효·조미 식품 계열로 50대의 식사용·반찬용 수요에 적합
PRD_1147,AGE_004,품질과 실용성을 함께 고려하는 30대의 선물·간식 수요에 맞음
PRD_1148,AGE_005,전통적인 맛과 지역성이 있어 40대 선물·간식 취향에 잘 맞음
PRD_1148,AGE_004,품질과 실용성을 함께 고려하는 30대의 선물·간식 수요에 맞음
PRD_1148,AGE_006,해산물·발효·조미 식품 계열로 50대의 식사용·반찬용 수요에 적합
PRD_1148,AGE_003,맛과 패키지 매력이 있어 20대의 간식·선물 구매에 어울림
PRD_1149,AGE_005,전통적인 맛과 지역성이 있어 40대 선물·간식 취향에 잘 맞음
PRD_1149,AGE_003,여행 기념품으로 인지도가 높고 가볍게 구매하기 좋아 20대에게 적합
PRD_1149,AGE_006,해산물·발효·조미 식품 계열로 50대의 식사용·반찬용 수요에 적합
PRD_1149,AGE_004,직장·가족 선물로 나누기 좋은 구성이라 30대 구매층에 적합
PRD_1150,AGE_004,품질과 실용성을 함께 고려하는 30대의 선물·간식 수요에 맞음
PRD_1150,AGE_005,인지도와 품질이 안정적인 상품이라 40대의 선물용 구매에 적합
PRD_1150,AGE_003,여행 기념품으로 인지도가 높고 가볍게 구매하기 좋아 20대에게 적합
PRD_1150,AGE_006,해산물·발효·조미 식품 계열로 50대의 식사용·반찬용 수요에 적합
PRD_1151,AGE_004,직장·가족 선물로 나누기 좋은 구성이라 30대 구매층에 적합
PRD_1151,AGE_003,맛과 패키지 매력이 있어 20대의 간식·선물 구매에 어울림
PRD_1151,AGE_005,인지도와 품질이 안정적인 상품이라 40대의 선물용 구매에 적합
PRD_1151,AGE_002,간편하게 먹기 좋은 대중적인 상품이라 10대에게 추천하기 좋음
PRD_1152,AGE_005,전통적인 맛과 지역성이 있어 40대 선물·간식 취향에 잘 맞음
PRD_1152,AGE_006,해산물·발효·조미 식품 계열로 50대의 식사용·반찬용 수요에 적합
PRD_1152,AGE_004,품질과 실용성을 함께 고려하는 30대의 선물·간식 수요에 맞음
PRD_1152,AGE_007,전통적이고 익숙한 풍미가 있어 60대 취향에 적합
PRD_1153,AGE_005,전통적인 맛과 지역성이 있어 40대 선물·간식 취향에 잘 맞음
PRD_1153,AGE_006,해산물·발효·조미 식품 계열로 50대의 식사용·반찬용 수요에 적합
PRD_1153,AGE_007,전통적이고 익숙한 풍미가 있어 60대 취향에 적합
PRD_1153,AGE_003,맛과 패키지 매력이 있어 20대의 간식·선물 구매에 어울림
PRD_1154,AGE_005,전통적인 맛과 지역성이 있어 40대 선물·간식 취향에 잘 맞음
PRD_1154,AGE_006,해산물·발효·조미 식품 계열로 50대의 식사용·반찬용 수요에 적합
PRD_1154,AGE_007,전통적이고 익숙한 풍미가 있어 60대 취향에 적합
PRD_1154,AGE_003,맛과 패키지 매력이 있어 20대의 간식·선물 구매에 어울림
PRD_1155,AGE_003,여행 기념품으로 인지도가 높고 가볍게 구매하기 좋아 20대에게 적합
PRD_1155,AGE_004,품질과 실용성을 함께 고려하는 30대의 선물·간식 수요에 맞음
PRD_1155,AGE_005,인지도와 품질이 안정적인 상품이라 40대의 선물용 구매에 적합
PRD_1155,AGE_002,간편하게 먹기 좋은 대중적인 상품이라 10대에게 추천하기 좋음
PRD_1156,AGE_005,인지도와 품질이 안정적인 상품이라 40대의 선물용 구매에 적합
PRD_1156,AGE_004,직장·가족 선물로 나누기 좋은 구성이라 30대 구매층에 적합
PRD_1156,AGE_006,해산물·발효·조미 식품 계열로 50대의 식사용·반찬용 수요에 적합
PRD_1156,AGE_003,맛과 패키지 매력이 있어 20대의 간식·선물 구매에 어울림
PRD_1157,AGE_005,전통적인 맛과 지역성이 있어 40대 선물·간식 취향에 잘 맞음
PRD_1157,AGE_006,해산물·발효·조미 식품 계열로 50대의 식사용·반찬용 수요에 적합
PRD_1157,AGE_007,부드러운 식감과 익숙한 맛이라 60대도 부담 없이 즐기기 좋음
PRD_1157,AGE_008,부드럽고 먹기 편한 상품이라 70대 이상에게도 부담이 적음
PRD_1158,AGE_005,전통적인 맛과 지역성이 있어 40대 선물·간식 취향에 잘 맞음
PRD_1158,AGE_006,해산물·발효·조미 식품 계열로 50대의 식사용·반찬용 수요에 적합
PRD_1158,AGE_004,품질과 실용성을 함께 고려하는 30대의 선물·간식 수요에 맞음
PRD_1158,AGE_003,맛과 패키지 매력이 있어 20대의 간식·선물 구매에 어울림
PRD_1159,AGE_004,품질과 실용성을 함께 고려하는 30대의 선물·간식 수요에 맞음
PRD_1159,AGE_005,인지도와 품질이 안정적인 상품이라 40대의 선물용 구매에 적합
PRD_1159,AGE_003,여행 기념품으로 인지도가 높고 가볍게 구매하기 좋아 20대에게 적합
PRD_1159,AGE_006,해산물·발효·조미 식품 계열로 50대의 식사용·반찬용 수요에 적합
PRD_1160,AGE_003,여행 기념품으로 인지도가 높고 가볍게 구매하기 좋아 20대에게 적합
PRD_1160,AGE_002,간편하게 먹기 좋은 대중적인 상품이라 10대에게 추천하기 좋음
PRD_1160,AGE_001,부드럽고 자극이 적은 식감이라 어린이 간식으로 접근성이 좋음
PRD_1160,AGE_004,직장·가족 선물로 나누기 좋은 구성이라 30대 구매층에 적합
PRD_1161,AGE_003,여행 기념품으로 인지도가 높고 가볍게 구매하기 좋아 20대에게 적합
PRD_1161,AGE_004,품질과 실용성을 함께 고려하는 30대의 선물·간식 수요에 맞음
PRD_1161,AGE_005,인지도와 품질이 안정적인 상품이라 40대의 선물용 구매에 적합
PRD_1161,AGE_002,간편하게 먹기 좋은 대중적인 상품이라 10대에게 추천하기 좋음
PRD_1162,AGE_004,품질과 실용성을 함께 고려하는 30대의 선물·간식 수요에 맞음
PRD_1162,AGE_005,인지도와 품질이 안정적인 상품이라 40대의 선물용 구매에 적합
PRD_1162,AGE_003,맛과 패키지 매력이 있어 20대의 간식·선물 구매에 어울림
PRD_1162,AGE_006,해산물·발효·조미 식품 계열로 50대의 식사용·반찬용 수요에 적합
PRD_1163,AGE_003,여행 기념품으로 인지도가 높고 가볍게 구매하기 좋아 20대에게 적합
PRD_1163,AGE_005,전통적인 맛과 지역성이 있어 40대 선물·간식 취향에 잘 맞음
PRD_1163,AGE_004,직장·가족 선물로 나누기 좋은 구성이라 30대 구매층에 적합
PRD_1163,AGE_006,해산물·발효·조미 식품 계열로 50대의 식사용·반찬용 수요에 적합
PRD_1164,AGE_004,품질과 실용성을 함께 고려하는 30대의 선물·간식 수요에 맞음
PRD_1164,AGE_005,인지도와 품질이 안정적인 상품이라 40대의 선물용 구매에 적합
PRD_1164,AGE_003,맛과 패키지 매력이 있어 20대의 간식·선물 구매에 어울림
PRD_1164,AGE_006,해산물·발효·조미 식품 계열로 50대의 식사용·반찬용 수요에 적합
PRD_1165,AGE_004,품질과 실용성을 함께 고려하는 30대의 선물·간식 수요에 맞음
PRD_1165,AGE_005,인지도와 품질이 안정적인 상품이라 40대의 선물용 구매에 적합
PRD_1165,AGE_003,여행 기념품으로 인지도가 높고 가볍게 구매하기 좋아 20대에게 적합
PRD_1165,AGE_006,해산물·발효·조미 식품 계열로 50대의 식사용·반찬용 수요에 적합
PRD_1166,AGE_004,직장·가족 선물로 나누기 좋은 구성이라 30대 구매층에 적합
PRD_1166,AGE_005,인지도와 품질이 안정적인 상품이라 40대의 선물용 구매에 적합
PRD_1166,AGE_003,여행 기념품으로 인지도가 높고 가볍게 구매하기 좋아 20대에게 적합
PRD_1166,AGE_006,해산물·발효·조미 식품 계열로 50대의 식사용·반찬용 수요에 적합
PRD_1167,AGE_003,여행 기념품으로 인지도가 높고 가볍게 구매하기 좋아 20대에게 적합
PRD_1167,AGE_004,품질과 실용성을 함께 고려하는 30대의 선물·간식 수요에 맞음
PRD_1167,AGE_005,인지도와 품질이 안정적인 상품이라 40대의 선물용 구매에 적합
PRD_1167,AGE_002,간편하게 먹기 좋은 대중적인 상품이라 10대에게 추천하기 좋음
PRD_1168,AGE_004,직장·가족 선물로 나누기 좋은 구성이라 30대 구매층에 적합
PRD_1168,AGE_003,맛과 패키지 매력이 있어 20대의 간식·선물 구매에 어울림
PRD_1168,AGE_005,인지도와 품질이 안정적인 상품이라 40대의 선물용 구매에 적합
PRD_1168,AGE_002,간편하게 먹기 좋은 대중적인 상품이라 10대에게 추천하기 좋음
PRD_1169,AGE_005,전통적인 맛과 지역성이 있어 40대 선물·간식 취향에 잘 맞음
PRD_1169,AGE_004,직장·가족 선물로 나누기 좋은 구성이라 30대 구매층에 적합
PRD_1169,AGE_006,해산물·발효·조미 식품 계열로 50대의 식사용·반찬용 수요에 적합
PRD_1169,AGE_003,맛과 패키지 매력이 있어 20대의 간식·선물 구매에 어울림
PRD_1170,AGE_003,여행 기념품으로 인지도가 높고 가볍게 구매하기 좋아 20대에게 적합
PRD_1170,AGE_004,직장·가족 선물로 나누기 좋은 구성이라 30대 구매층에 적합
PRD_1170,AGE_005,인지도와 품질이 안정적인 상품이라 40대의 선물용 구매에 적합
PRD_1170,AGE_006,해산물·발효·조미 식품 계열로 50대의 식사용·반찬용 수요에 적합
PRD_1171,AGE_005,전통적인 맛과 지역성이 있어 40대 선물·간식 취향에 잘 맞음
PRD_1171,AGE_006,해산물·발효·조미 식품 계열로 50대의 식사용·반찬용 수요에 적합
PRD_1171,AGE_004,직장·가족 선물로 나누기 좋은 구성이라 30대 구매층에 적합
PRD_1171,AGE_007,부드러운 식감과 익숙한 맛이라 60대도 부담 없이 즐기기 좋음
PRD_1172,AGE_004,직장·가족 선물로 나누기 좋은 구성이라 30대 구매층에 적합
PRD_1172,AGE_005,인지도와 품질이 안정적인 상품이라 40대의 선물용 구매에 적합
PRD_1172,AGE_003,맛과 패키지 매력이 있어 20대의 간식·선물 구매에 어울림
PRD_1172,AGE_006,해산물·발효·조미 식품 계열로 50대의 식사용·반찬용 수요에 적합
PRD_1173,AGE_001,부드럽고 자극이 적은 식감이라 어린이 간식으로 접근성이 좋음
PRD_1173,AGE_003,맛과 패키지 매력이 있어 20대의 간식·선물 구매에 어울림
PRD_1173,AGE_002,간편하게 먹기 좋은 대중적인 상품이라 10대에게 추천하기 좋음
PRD_1173,AGE_008,부드럽고 먹기 편한 상품이라 70대 이상에게도 부담이 적음
PRD_1174,AGE_005,전통적인 맛과 지역성이 있어 40대 선물·간식 취향에 잘 맞음
PRD_1174,AGE_006,해산물·발효·조미 식품 계열로 50대의 식사용·반찬용 수요에 적합
PRD_1174,AGE_007,전통적이고 익숙한 풍미가 있어 60대 취향에 적합
PRD_1174,AGE_003,맛과 패키지 매력이 있어 20대의 간식·선물 구매에 어울림
PRD_1175,AGE_004,직장·가족 선물로 나누기 좋은 구성이라 30대 구매층에 적합
PRD_1175,AGE_005,인지도와 품질이 안정적인 상품이라 40대의 선물용 구매에 적합
PRD_1175,AGE_003,맛과 패키지 매력이 있어 20대의 간식·선물 구매에 어울림
PRD_1175,AGE_006,해산물·발효·조미 식품 계열로 50대의 식사용·반찬용 수요에 적합
PRD_1176,AGE_004,품질과 실용성을 함께 고려하는 30대의 선물·간식 수요에 맞음
PRD_1176,AGE_005,인지도와 품질이 안정적인 상품이라 40대의 선물용 구매에 적합
PRD_1176,AGE_003,맛과 패키지 매력이 있어 20대의 간식·선물 구매에 어울림
PRD_1176,AGE_006,해산물·발효·조미 식품 계열로 50대의 식사용·반찬용 수요에 적합
PRD_1177,AGE_003,맛과 패키지 매력이 있어 20대의 간식·선물 구매에 어울림
PRD_1177,AGE_002,간편하게 먹기 좋은 대중적인 상품이라 10대에게 추천하기 좋음
PRD_1177,AGE_004,품질과 실용성을 함께 고려하는 30대의 선물·간식 수요에 맞음
PRD_1177,AGE_005,인지도와 품질이 안정적인 상품이라 40대의 선물용 구매에 적합
PRD_1178,AGE_004,직장·가족 선물로 나누기 좋은 구성이라 30대 구매층에 적합
PRD_1178,AGE_005,인지도와 품질이 안정적인 상품이라 40대의 선물용 구매에 적합
PRD_1178,AGE_003,여행 기념품으로 인지도가 높고 가볍게 구매하기 좋아 20대에게 적합
PRD_1178,AGE_006,해산물·발효·조미 식품 계열로 50대의 식사용·반찬용 수요에 적합
PRD_1179,AGE_003,맛과 패키지 매력이 있어 20대의 간식·선물 구매에 어울림
PRD_1179,AGE_002,간편하게 먹기 좋은 대중적인 상품이라 10대에게 추천하기 좋음
PRD_1179,AGE_004,품질과 실용성을 함께 고려하는 30대의 선물·간식 수요에 맞음
PRD_1179,AGE_005,인지도와 품질이 안정적인 상품이라 40대의 선물용 구매에 적합
PRD_1180,AGE_004,직장·가족 선물로 나누기 좋은 구성이라 30대 구매층에 적합
PRD_1180,AGE_005,인지도와 품질이 안정적인 상품이라 40대의 선물용 구매에 적합
PRD_1180,AGE_003,맛과 패키지 매력이 있어 20대의 간식·선물 구매에 어울림
PRD_1180,AGE_006,해산물·발효·조미 식품 계열로 50대의 식사용·반찬용 수요에 적합
PRD_1181,AGE_003,맛과 패키지 매력이 있어 20대의 간식·선물 구매에 어울림
PRD_1181,AGE_004,품질과 실용성을 함께 고려하는 30대의 선물·간식 수요에 맞음
PRD_1181,AGE_005,인지도와 품질이 안정적인 상품이라 40대의 선물용 구매에 적합
PRD_1181,AGE_001,달콤한 과자·간식류로 어린이가 부담 없이 즐기기 쉬움
PRD_1182,AGE_005,전통적인 맛과 지역성이 있어 40대 선물·간식 취향에 잘 맞음
PRD_1182,AGE_004,품질과 실용성을 함께 고려하는 30대의 선물·간식 수요에 맞음
PRD_1182,AGE_006,해산물·발효·조미 식품 계열로 50대의 식사용·반찬용 수요에 적합
PRD_1182,AGE_003,여행 기념품으로 인지도가 높고 가볍게 구매하기 좋아 20대에게 적합
PRD_1183,AGE_004,품질과 실용성을 함께 고려하는 30대의 선물·간식 수요에 맞음
PRD_1183,AGE_003,여행 기념품으로 인지도가 높고 가볍게 구매하기 좋아 20대에게 적합
PRD_1183,AGE_005,인지도와 품질이 안정적인 상품이라 40대의 선물용 구매에 적합
PRD_1183,AGE_006,해산물·발효·조미 식품 계열로 50대의 식사용·반찬용 수요에 적합
PRD_1184,AGE_004,품질과 실용성을 함께 고려하는 30대의 선물·간식 수요에 맞음
PRD_1184,AGE_003,여행 기념품으로 인지도가 높고 가볍게 구매하기 좋아 20대에게 적합
PRD_1184,AGE_005,인지도와 품질이 안정적인 상품이라 40대의 선물용 구매에 적합
PRD_1184,AGE_002,간편하게 먹기 좋은 대중적인 상품이라 10대에게 추천하기 좋음
PRD_1185,AGE_003,여행 기념품으로 인지도가 높고 가볍게 구매하기 좋아 20대에게 적합
PRD_1185,AGE_004,품질과 실용성을 함께 고려하는 30대의 선물·간식 수요에 맞음
PRD_1185,AGE_005,인지도와 품질이 안정적인 상품이라 40대의 선물용 구매에 적합
PRD_1185,AGE_002,간편하게 먹기 좋은 대중적인 상품이라 10대에게 추천하기 좋음
PRD_1536,AGE_003,20대(트렌디하고 가벼운 선물 선호)
PRD_1536,AGE_004,30대(실용성과 지역성을 함께 봄)
PRD_1536,AGE_005,40대(전통성과 품질을 중시함)
PRD_1537,AGE_002,10대(간식·캐주얼 선물 선호)
PRD_1537,AGE_003,20대(트렌디하고 가벼운 선물 선호)
PRD_1537,AGE_004,30대(실용성과 지역성을 함께 봄)
PRD_1538,AGE_002,10대(간식·캐주얼 선물 선호)
PRD_1538,AGE_003,20대(트렌디하고 가벼운 선물 선호)
PRD_1538,AGE_004,30대(실용성과 지역성을 함께 봄)
PRD_1539,AGE_002,10대(간식·캐주얼 선물 선호)
PRD_1539,AGE_003,20대(트렌디하고 가벼운 선물 선호)
PRD_1539,AGE_004,30대(실용성과 지역성을 함께 봄)
PRD_1540,AGE_002,10대(간식·캐주얼 선물 선호)
PRD_1540,AGE_003,20대(트렌디하고 가벼운 선물 선호)
PRD_1540,AGE_004,30대(실용성과 지역성을 함께 봄)
PRD_1541,AGE_004,30대(실용성과 지역성을 함께 봄)
PRD_1541,AGE_005,40대(전통성과 품질을 중시함)
PRD_1541,AGE_006,50대(차분하고 격식 있는 선물에 적합)
PRD_1542,AGE_004,30대(실용성과 지역성을 함께 봄)
PRD_1542,AGE_005,40대(전통성과 품질을 중시함)
PRD_1542,AGE_006,50대(차분하고 격식 있는 선물에 적합)
PRD_1543,AGE_004,30대(실용성과 지역성을 함께 봄)
PRD_1543,AGE_005,40대(전통성과 품질을 중시함)
PRD_1543,AGE_006,50대(차분하고 격식 있는 선물에 적합)
PRD_1544,AGE_004,30대(실용성과 지역성을 함께 봄)
PRD_1544,AGE_005,40대(전통성과 품질을 중시함)
PRD_1544,AGE_006,50대(차분하고 격식 있는 선물에 적합)
PRD_1545,AGE_002,10대(간식·캐주얼 선물 선호)
PRD_1545,AGE_003,20대(트렌디하고 가벼운 선물 선호)
PRD_1545,AGE_004,30대(실용성과 지역성을 함께 봄)
PRD_1546,AGE_004,30대(실용성과 지역성을 함께 봄)
PRD_1546,AGE_005,40대(전통성과 품질을 중시함)
PRD_1546,AGE_006,50대(차분하고 격식 있는 선물에 적합)
PRD_1547,AGE_003,20대(트렌디하고 가벼운 선물 선호)
PRD_1547,AGE_004,30대(실용성과 지역성을 함께 봄)
PRD_1547,AGE_005,40대(전통성과 품질을 중시함)
PRD_1548,AGE_004,30대(실용성과 지역성을 함께 봄)
PRD_1548,AGE_005,40대(전통성과 품질을 중시함)
PRD_1548,AGE_006,50대(차분하고 격식 있는 선물에 적합)
PRD_1549,AGE_002,10대(간식·캐주얼 선물 선호)
PRD_1549,AGE_003,20대(트렌디하고 가벼운 선물 선호)
PRD_1549,AGE_004,30대(실용성과 지역성을 함께 봄)
PRD_1550,AGE_003,20대(트렌디하고 가벼운 선물 선호)
PRD_1550,AGE_004,30대(실용성과 지역성을 함께 봄)
PRD_1550,AGE_005,40대(전통성과 품질을 중시함)
PRD_1551,AGE_002,10대(간식·캐주얼 선물 선호)
PRD_1551,AGE_003,20대(트렌디하고 가벼운 선물 선호)
PRD_1551,AGE_004,30대(실용성과 지역성을 함께 봄)
PRD_1552,AGE_003,20대(트렌디하고 가벼운 선물 선호)
PRD_1552,AGE_004,30대(실용성과 지역성을 함께 봄)
PRD_1552,AGE_005,40대(전통성과 품질을 중시함)
PRD_1553,AGE_003,20대(트렌디하고 가벼운 선물 선호)
PRD_1553,AGE_004,30대(실용성과 지역성을 함께 봄)
PRD_1553,AGE_005,40대(전통성과 품질을 중시함)
PRD_1554,AGE_004,30대(실용성과 지역성을 함께 봄)
PRD_1554,AGE_005,40대(전통성과 품질을 중시함)
PRD_1554,AGE_006,50대(차분하고 격식 있는 선물에 적합)
PRD_1555,AGE_004,30대(실용성과 지역성을 함께 봄)
PRD_1555,AGE_005,40대(전통성과 품질을 중시함)
PRD_1555,AGE_006,50대(차분하고 격식 있는 선물에 적합)
PRD_1556,AGE_003,20대(교토 흑칠미 조미료에 관심을 가질 가능성이 높음)
PRD_1556,AGE_004,30대(교토 흑칠미 조미료에 관심을 가질 가능성이 높음)
PRD_1556,AGE_005,40대(교토 흑칠미 조미료에 관심을 가질 가능성이 높음)
PRD_1557,AGE_003,20대(교토 칠미 조미료에 관심을 가질 가능성이 높음)
PRD_1557,AGE_004,30대(교토 칠미 조미료에 관심을 가질 가능성이 높음)
PRD_1557,AGE_005,40대(교토 칠미 조미료에 관심을 가질 가능성이 높음)
PRD_1558,AGE_003,20대(교토 전통 식초에 관심을 가질 가능성이 높음)
PRD_1558,AGE_004,30대(교토 전통 식초에 관심을 가질 가능성이 높음)
PRD_1558,AGE_005,40대(교토 전통 식초에 관심을 가질 가능성이 높음)
PRD_1559,AGE_002,10대(아이디어형 교토 화과자에 관심을 가질 가능성이 높음)
PRD_1559,AGE_003,20대(아이디어형 교토 화과자에 관심을 가질 가능성이 높음)
PRD_1559,AGE_004,30대(아이디어형 교토 화과자에 관심을 가질 가능성이 높음)
PRD_1560,AGE_002,10대(교토 노포 화과자에 관심을 가질 가능성이 높음)
PRD_1560,AGE_003,20대(교토 노포 화과자에 관심을 가질 가능성이 높음)
PRD_1560,AGE_004,30대(교토 노포 화과자에 관심을 가질 가능성이 높음)
PRD_1561,AGE_002,10대(유자 화과자에 관심을 가질 가능성이 높음)
PRD_1561,AGE_003,20대(유자 화과자에 관심을 가질 가능성이 높음)
PRD_1561,AGE_004,30대(유자 화과자에 관심을 가질 가능성이 높음)
PRD_1562,AGE_003,20대(고급 교토 양갱에 관심을 가질 가능성이 높음)
PRD_1562,AGE_004,30대(고급 교토 양갱에 관심을 가질 가능성이 높음)
PRD_1562,AGE_005,40대(고급 교토 양갱에 관심을 가질 가능성이 높음)
PRD_1563,AGE_002,10대(기간 한정 교토 도라야키에 관심을 가질 가능성이 높음)
PRD_1563,AGE_003,20대(기간 한정 교토 도라야키에 관심을 가질 가능성이 높음)
PRD_1563,AGE_004,30대(기간 한정 교토 도라야키에 관심을 가질 가능성이 높음)
PRD_1564,AGE_003,20대(교토 조림 반찬에 관심을 가질 가능성이 높음)
PRD_1564,AGE_004,30대(교토 조림 반찬에 관심을 가질 가능성이 높음)
PRD_1564,AGE_005,40대(교토 조림 반찬에 관심을 가질 가능성이 높음)
PRD_1565,AGE_003,20대(교토 생麩 반찬에 관심을 가질 가능성이 높음)
PRD_1565,AGE_004,30대(교토 생麩 반찬에 관심을 가질 가능성이 높음)
PRD_1565,AGE_005,40대(교토 생麩 반찬에 관심을 가질 가능성이 높음)
PRD_1566,AGE_002,10대(생야쓰하시 미니팩에 관심을 가질 가능성이 높음)
PRD_1566,AGE_003,20대(생야쓰하시 미니팩에 관심을 가질 가능성이 높음)
PRD_1566,AGE_004,30대(생야쓰하시 미니팩에 관심을 가질 가능성이 높음)
PRD_1567,AGE_002,10대(교토 생야쓰하시에 관심을 가질 가능성이 높음)
PRD_1567,AGE_003,20대(교토 생야쓰하시에 관심을 가질 가능성이 높음)
PRD_1567,AGE_004,30대(교토 생야쓰하시에 관심을 가질 가능성이 높음)
PRD_1568,AGE_002,10대(고대 교토 전통과자에 관심을 가질 가능성이 높음)
PRD_1568,AGE_003,20대(고대 교토 전통과자에 관심을 가질 가능성이 높음)
PRD_1568,AGE_004,30대(고대 교토 전통과자에 관심을 가질 가능성이 높음)
PRD_1569,AGE_003,20대(교토 금평당에 관심을 가질 가능성이 높음)
PRD_1569,AGE_004,30대(교토 금평당에 관심을 가질 가능성이 높음)
PRD_1569,AGE_005,40대(교토 금평당에 관심을 가질 가능성이 높음)
PRD_1570,AGE_003,20대(교토 디자인 주방소품에 관심을 가질 가능성이 높음)
PRD_1570,AGE_004,30대(교토 디자인 주방소품에 관심을 가질 가능성이 높음)
PRD_1570,AGE_005,40대(교토 디자인 주방소품에 관심을 가질 가능성이 높음)
PRD_1571,AGE_003,20대(교토 향낭에 관심을 가질 가능성이 높음)
PRD_1571,AGE_004,30대(교토 향낭에 관심을 가질 가능성이 높음)
PRD_1571,AGE_005,40대(교토 향낭에 관심을 가질 가능성이 높음)
PRD_1572,AGE_003,20대(교토 향 소품에 관심을 가질 가능성이 높음)
PRD_1572,AGE_004,30대(교토 향 소품에 관심을 가질 가능성이 높음)
PRD_1572,AGE_005,40대(교토 향 소품에 관심을 가질 가능성이 높음)
PRD_1573,AGE_003,20대(교토 전통 손수건에 관심을 가질 가능성이 높음)
PRD_1573,AGE_004,30대(교토 전통 손수건에 관심을 가질 가능성이 높음)
PRD_1573,AGE_005,40대(교토 전통 손수건에 관심을 가질 가능성이 높음)
PRD_1574,AGE_004,30대(교토 염주 장신구에 관심을 가질 가능성이 높음)
PRD_1574,AGE_005,40대(교토 염주 장신구에 관심을 가질 가능성이 높음)
PRD_1574,AGE_006,50대(교토 염주 장신구에 관심을 가질 가능성이 높음)
PRD_1575,AGE_003,20대(교토 젓가락에 관심을 가질 가능성이 높음)
PRD_1575,AGE_004,30대(교토 젓가락에 관심을 가질 가능성이 높음)
PRD_1575,AGE_005,40대(교토 젓가락에 관심을 가질 가능성이 높음)
PRD_1576,AGE_004,30대(교토 금속공예 차통에 관심을 가질 가능성이 높음)
PRD_1576,AGE_005,40대(교토 금속공예 차통에 관심을 가질 가능성이 높음)
PRD_1576,AGE_006,50대(교토 금속공예 차통에 관심을 가질 가능성이 높음)
PRD_1577,AGE_004,30대(교토 금망 공예에 관심을 가질 가능성이 높음)
PRD_1577,AGE_005,40대(교토 금망 공예에 관심을 가질 가능성이 높음)
PRD_1577,AGE_006,50대(교토 금망 공예에 관심을 가질 가능성이 높음)
PRD_1578,AGE_003,20대(교토 말차에 관심을 가질 가능성이 높음)
PRD_1578,AGE_004,30대(교토 말차에 관심을 가질 가능성이 높음)
PRD_1578,AGE_005,40대(교토 말차에 관심을 가질 가능성이 높음)
PRD_1579,AGE_003,20대(교토 시바즈케 절임에 관심을 가질 가능성이 높음)
PRD_1579,AGE_004,30대(교토 시바즈케 절임에 관심을 가질 가능성이 높음)
PRD_1579,AGE_005,40대(교토 시바즈케 절임에 관심을 가질 가능성이 높음)
PRD_1580,AGE_003,20대(교토 스구키 절임에 관심을 가질 가능성이 높음)
PRD_1580,AGE_004,30대(교토 스구키 절임에 관심을 가질 가능성이 높음)
PRD_1580,AGE_005,40대(교토 스구키 절임에 관심을 가질 가능성이 높음)
PRD_1581,AGE_003,20대(교토 백미소에 관심을 가질 가능성이 높음)
PRD_1581,AGE_004,30대(교토 백미소에 관심을 가질 가능성이 높음)
PRD_1581,AGE_005,40대(교토 백미소에 관심을 가질 가능성이 높음)
PRD_1582,AGE_003,20대(교토 일본주에 관심을 가질 가능성이 높음)
PRD_1582,AGE_004,30대(교토 일본주에 관심을 가질 가능성이 높음)
PRD_1582,AGE_005,40대(교토 일본주에 관심을 가질 가능성이 높음)
PRD_1583,AGE_003,20대(매운 교토 후리카케에 관심을 가질 가능성이 높음)
PRD_1583,AGE_004,30대(매운 교토 후리카케에 관심을 가질 가능성이 높음)
PRD_1583,AGE_005,40대(매운 교토 후리카케에 관심을 가질 가능성이 높음)
PRD_1584,AGE_003,20대(교토 도자기 찻잔에 관심을 가질 가능성이 높음)
PRD_1584,AGE_004,30대(교토 도자기 찻잔에 관심을 가질 가능성이 높음)
PRD_1584,AGE_005,40대(교토 도자기 찻잔에 관심을 가질 가능성이 높음)
PRD_1585,AGE_003,20대(유자향 교토 조미료에 관심을 가질 가능성이 높음)
PRD_1585,AGE_004,30대(유자향 교토 조미료에 관심을 가질 가능성이 높음)
PRD_1585,AGE_005,40대(유자향 교토 조미료에 관심을 가질 가능성이 높음)