product_code,keyword_code
PRD_001,KEY_046
PRD_001,KEY_059
PRD_001,KEY_058
PRD_001,KEY_006
PRD_002,KEY_045
PRD_002,KEY_059
PRD_002,KEY_067
PRD_003,KEY_046
PRD_003,KEY_058
PRD_003,KEY_067
PRD_004,KEY_001
PRD_004,KEY_004
PRD_004,KEY_047
PRD_004,KEY_009
PRD_005,KEY_045
PRD_005,KEY_023
PRD_005,KEY_044
PRD_006,KEY_008
PRD_006,KEY_068
PRD_007,KEY_003
PRD_007,KEY_005
PRD_007,KEY_061
PRD_008,KEY_046
PRD_008,KEY_053
PRD_008,KEY_004
PRD_009,KEY_031
PRD_009,KEY_030
PRD_009,KEY_062
PRD_010,KEY_051
PRD_010,KEY_061
PRD_010,KEY_062
PRD_021,KEY_052
PRD_021,KEY_066
PRD_021,KEY_065
PRD_022,KEY_034
PRD_022,KEY_065
PRD_022,KEY_053
PRD_023,KEY_001
PRD_023,KEY_020
PRD_023,KEY_069
PRD_024,KEY_046
PRD_024,KEY_004
PRD_024,KEY_070
PRD_025,KEY_044
PRD_025,KEY_058
PRD_025,KEY_065
PRD_026,KEY_001
PRD_026,KEY_004
PRD_026,KEY_068
PRD_027,KEY_051
PRD_027,KEY_031
PRD_027,KEY_043
PRD_028,KEY_001
PRD_028,KEY_065
PRD_028,KEY_039
PRD_029,KEY_045
PRD_029,KEY_023
PRD_029,KEY_053
PRD_030,KEY_001
PRD_030,KEY_064
PRD_030,KEY_024
PRD_031,KEY_045
PRD_031,KEY_010
PRD_031,KEY_064
PRD_032,KEY_046
PRD_032,KEY_010
PRD_032,KEY_004
PRD_033,KEY_008
PRD_033,KEY_012
PRD_033,KEY_064
PRD_034,KEY_045
PRD_034,KEY_058
PRD_034,KEY_067
PRD_035,KEY_051
PRD_035,KEY_012
PRD_035,KEY_065
PRD_036,KEY_007
PRD_036,KEY_063
PRD_036,KEY_038
PRD_037,KEY_045
PRD_037,KEY_012
PRD_037,KEY_026
PRD_038,KEY_046
PRD_038,KEY_010
PRD_038,KEY_068
PRD_039,KEY_006
PRD_039,KEY_064
PRD_039,KEY_010
PRD_040,KEY_054
PRD_040,KEY_012
PRD_040,KEY_065
PRD_041,KEY_046
PRD_041,KEY_010
PRD_041,KEY_068
PRD_042,KEY_019
PRD_042,KEY_031
PRD_042,KEY_065
PRD_043,KEY_048
PRD_043,KEY_010
PRD_043,KEY_061
PRD_044,KEY_048
PRD_044,KEY_038
PRD_044,KEY_010
PRD_045,KEY_049
PRD_045,KEY_003
PRD_045,KEY_068
PRD_046,KEY_046
PRD_046,KEY_023
PRD_047,KEY_050
PRD_047,KEY_037
PRD_048,KEY_046
PRD_048,KEY_058
PRD_048,KEY_068
PRD_049,KEY_049
PRD_049,KEY_039
PRD_049,KEY_064
PRD_050,KEY_050
PRD_050,KEY_061
PRD_051,KEY_002
PRD_051,KEY_038
PRD_051,KEY_065
PRD_052,KEY_008
PRD_052,KEY_066
PRD_052,KEY_065
PRD_053,KEY_051
PRD_053,KEY_066
PRD_053,KEY_062
PRD_054,KEY_016
PRD_054,KEY_066
PRD_054,KEY_026
PRD_055,KEY_043
PRD_055,KEY_066
PRD_055,KEY_065
PRD_056,KEY_001
PRD_056,KEY_006
PRD_056,KEY_010
PRD_056,KEY_057
PRD_056,KEY_060
PRD_056,KEY_064
PRD_056,KEY_068
PRD_057,KEY_001
PRD_057,KEY_005
PRD_057,KEY_006
PRD_057,KEY_010
PRD_057,KEY_061
PRD_057,KEY_064
PRD_057,KEY_068
PRD_058,KEY_001
PRD_058,KEY_004
PRD_058,KEY_005
PRD_058,KEY_010
PRD_058,KEY_039
PRD_058,KEY_064
PRD_058,KEY_068
PRD_059,KEY_001
PRD_059,KEY_006
PRD_059,KEY_010
PRD_059,KEY_038
PRD_059,KEY_061
PRD_059,KEY_064
PRD_059,KEY_068
PRD_060,KEY_001
PRD_060,KEY_006
PRD_060,KEY_010
PRD_060,KEY_012
PRD_060,KEY_026
PRD_060,KEY_053
PRD_060,KEY_068
PRD_061,KEY_001
PRD_061,KEY_006
PRD_061,KEY_010
PRD_061,KEY_020
PRD_061,KEY_046
PRD_061,KEY_064
PRD_062,KEY_001
PRD_062,KEY_006
PRD_062,KEY_010
PRD_062,KEY_038
PRD_062,KEY_058
PRD_062,KEY_068
PRD_063,KEY_001
PRD_063,KEY_006
PRD_063,KEY_010
PRD_063,KEY_067
PRD_063,KEY_068
PRD_064,KEY_001
PRD_064,KEY_006
PRD_064,KEY_010
PRD_064,KEY_045
PRD_064,KEY_058
PRD_064,KEY_068
PRD_065,KEY_001
PRD_065,KEY_004
PRD_065,KEY_010
PRD_065,KEY_045
PRD_065,KEY_067
PRD_065,KEY_068
PRD_066,KEY_001
PRD_066,KEY_006
PRD_066,KEY_010
PRD_066,KEY_046
PRD_066,KEY_058
PRD_066,KEY_068
PRD_067,KEY_001
PRD_067,KEY_004
PRD_067,KEY_009
PRD_067,KEY_011
PRD_067,KEY_042
PRD_067,KEY_047
PRD_067,KEY_068
PRD_068,KEY_001
PRD_068,KEY_010
PRD_068,KEY_012
PRD_068,KEY_015
PRD_068,KEY_026
PRD_068,KEY_027
PRD_068,KEY_068
PRD_069,KEY_001
PRD_069,KEY_004
PRD_069,KEY_009
PRD_069,KEY_039
PRD_069,KEY_042
PRD_069,KEY_047
PRD_069,KEY_068
PRD_070,KEY_001
PRD_070,KEY_004
PRD_070,KEY_009
PRD_070,KEY_039
PRD_070,KEY_042
PRD_070,KEY_047
PRD_071,KEY_001
PRD_071,KEY_010
PRD_071,KEY_020
PRD_071,KEY_039
PRD_072,KEY_001
PRD_072,KEY_009
PRD_072,KEY_010
PRD_072,KEY_037
PRD_072,KEY_039
PRD_072,KEY_020
PRD_073,KEY_003
PRD_073,KEY_049
PRD_073,KEY_023
PRD_073,KEY_068
PRD_074,KEY_003
PRD_074,KEY_049
PRD_074,KEY_023
PRD_074,KEY_068
PRD_075,KEY_003
PRD_075,KEY_020
PRD_075,KEY_049
PRD_075,KEY_068
PRD_076,KEY_003
PRD_076,KEY_049
PRD_076,KEY_063
PRD_076,KEY_068
PRD_077,KEY_012
PRD_077,KEY_015
PRD_077,KEY_016
PRD_077,KEY_024
PRD_077,KEY_026
PRD_077,KEY_068
PRD_078,KEY_012
PRD_078,KEY_015
PRD_078,KEY_026
PRD_078,KEY_043
PRD_078,KEY_052
PRD_078,KEY_068
PRD_079,KEY_015
PRD_079,KEY_020
PRD_079,KEY_030
PRD_079,KEY_041
PRD_079,KEY_052
PRD_079,KEY_068
PRD_080,KEY_012
PRD_080,KEY_015
PRD_080,KEY_024
PRD_080,KEY_029
PRD_080,KEY_043
PRD_080,KEY_051
PRD_080,KEY_068
PRD_081,KEY_012
PRD_081,KEY_015
PRD_081,KEY_018
PRD_081,KEY_043
PRD_081,KEY_054
PRD_081,KEY_068
PRD_082,KEY_012
PRD_082,KEY_015
PRD_082,KEY_029
PRD_082,KEY_043
PRD_082,KEY_051
PRD_082,KEY_068
PRD_083,KEY_001
PRD_083,KEY_006
PRD_083,KEY_010
PRD_083,KEY_023
PRD_083,KEY_046
PRD_083,KEY_067
PRD_083,KEY_068
PRD_084,KEY_001
PRD_084,KEY_006
PRD_084,KEY_010
PRD_084,KEY_046
PRD_084,KEY_058
PRD_084,KEY_068
PRD_085,KEY_001
PRD_085,KEY_006
PRD_085,KEY_010
PRD_085,KEY_037
PRD_085,KEY_046
PRD_085,KEY_058
PRD_085,KEY_068
PRD_086,KEY_001
PRD_086,KEY_006
PRD_086,KEY_010
PRD_086,KEY_038
PRD_086,KEY_058
PRD_086,KEY_068
PRD_087,KEY_001
PRD_087,KEY_006
PRD_087,KEY_010
PRD_087,KEY_058
PRD_087,KEY_063
PRD_088,KEY_001
PRD_088,KEY_006
PRD_088,KEY_010
PRD_088,KEY_041
PRD_088,KEY_058
PRD_088,KEY_063
PRD_089,KEY_001
PRD_089,KEY_006
PRD_089,KEY_010
PRD_089,KEY_038
PRD_089,KEY_044
PRD_089,KEY_023
PRD_090,KEY_001
PRD_090,KEY_006
PRD_090,KEY_010
PRD_090,KEY_046
PRD_090,KEY_058
PRD_090,KEY_059
PRD_091,KEY_001
PRD_091,KEY_006
PRD_091,KEY_010
PRD_091,KEY_044
PRD_091,KEY_046
PRD_091,KEY_058
PRD_092,KEY_001
PRD_092,KEY_006
PRD_092,KEY_010
PRD_092,KEY_046
PRD_092,KEY_057
PRD_092,KEY_058
PRD_092,KEY_059
PRD_093,KEY_001
PRD_093,KEY_006
PRD_093,KEY_010
PRD_093,KEY_046
PRD_093,KEY_058
PRD_093,KEY_059
PRD_094,KEY_001
PRD_094,KEY_006
PRD_094,KEY_010
PRD_094,KEY_044
PRD_094,KEY_045
PRD_094,KEY_061
PRD_094,KEY_067
PRD_095,KEY_001
PRD_095,KEY_004
PRD_095,KEY_006
PRD_095,KEY_010
PRD_095,KEY_023
PRD_095,KEY_045
PRD_095,KEY_064
PRD_096,KEY_001
PRD_096,KEY_004
PRD_096,KEY_006
PRD_096,KEY_010
PRD_096,KEY_041
PRD_096,KEY_045
PRD_096,KEY_053
PRD_097,KEY_001
PRD_097,KEY_004
PRD_097,KEY_006
PRD_097,KEY_010
PRD_097,KEY_045
PRD_097,KEY_067
PRD_098,KEY_001
PRD_098,KEY_006
PRD_098,KEY_010
PRD_098,KEY_045
PRD_098,KEY_061
PRD_099,KEY_001
PRD_099,KEY_004
PRD_099,KEY_006
PRD_099,KEY_010
PRD_099,KEY_023
PRD_099,KEY_045
PRD_099,KEY_064
PRD_100,KEY_001
PRD_100,KEY_004
PRD_100,KEY_006
PRD_100,KEY_010
PRD_100,KEY_039
PRD_100,KEY_045
PRD_101,KEY_001
PRD_101,KEY_004
PRD_101,KEY_006
PRD_101,KEY_010
PRD_101,KEY_044
PRD_101,KEY_045
PRD_102,KEY_001
PRD_102,KEY_006
PRD_102,KEY_010
PRD_102,KEY_044
PRD_102,KEY_045
PRD_102,KEY_061
PRD_103,KEY_001
PRD_103,KEY_006
PRD_103,KEY_010
PRD_103,KEY_045
PRD_103,KEY_067
PRD_103,KEY_068
PRD_104,KEY_001
PRD_104,KEY_006
PRD_104,KEY_010
PRD_104,KEY_039
PRD_104,KEY_044
PRD_104,KEY_045
PRD_104,KEY_023
PRD_105,KEY_001
PRD_105,KEY_006
PRD_105,KEY_010
PRD_105,KEY_039
PRD_105,KEY_045
PRD_105,KEY_023
PRD_106,KEY_001
PRD_106,KEY_006
PRD_106,KEY_010
PRD_106,KEY_020
PRD_106,KEY_044
PRD_106,KEY_045
PRD_107,KEY_001
PRD_107,KEY_006
PRD_107,KEY_010
PRD_107,KEY_045
PRD_107,KEY_053
PRD_107,KEY_068
PRD_108,KEY_001
PRD_108,KEY_006
PRD_108,KEY_010
PRD_108,KEY_044
PRD_108,KEY_053
PRD_108,KEY_068
PRD_109,KEY_001
PRD_109,KEY_006
PRD_109,KEY_010
PRD_109,KEY_044
PRD_109,KEY_045
PRD_109,KEY_053
PRD_109,KEY_068
PRD_110,KEY_001
PRD_110,KEY_004
PRD_110,KEY_006
PRD_110,KEY_010
PRD_110,KEY_044
PRD_110,KEY_053
PRD_110,KEY_068
PRD_111,KEY_001
PRD_111,KEY_004
PRD_111,KEY_006
PRD_111,KEY_010
PRD_111,KEY_044
PRD_111,KEY_045
PRD_111,KEY_061
PRD_112,KEY_001
PRD_112,KEY_006
PRD_112,KEY_010
PRD_112,KEY_039
PRD_112,KEY_044
PRD_112,KEY_045
PRD_112,KEY_061
PRD_113,KEY_001
PRD_113,KEY_006
PRD_113,KEY_010
PRD_113,KEY_020
PRD_113,KEY_041
PRD_113,KEY_044
PRD_113,KEY_067
PRD_114,KEY_001
PRD_114,KEY_006
PRD_114,KEY_010
PRD_114,KEY_021
PRD_114,KEY_044
PRD_114,KEY_053
PRD_114,KEY_061
PRD_115,KEY_001
PRD_115,KEY_006
PRD_115,KEY_010
PRD_115,KEY_024
PRD_115,KEY_046
PRD_115,KEY_062
PRD_115,KEY_068
PRD_116,KEY_001
PRD_116,KEY_006
PRD_116,KEY_010
PRD_116,KEY_039
PRD_116,KEY_045
PRD_116,KEY_062
PRD_116,KEY_068
PRD_117,KEY_001
PRD_117,KEY_006
PRD_117,KEY_010
PRD_117,KEY_046
PRD_117,KEY_058
PRD_117,KEY_059
PRD_117,KEY_063
PRD_117,KEY_068
PRD_118,KEY_001
PRD_118,KEY_006
PRD_118,KEY_010
PRD_118,KEY_038
PRD_118,KEY_046
PRD_118,KEY_058
PRD_118,KEY_068
PRD_119,KEY_001
PRD_119,KEY_006
PRD_119,KEY_010
PRD_119,KEY_039
PRD_119,KEY_044
PRD_119,KEY_045
PRD_119,KEY_068
PRD_120,KEY_003
PRD_120,KEY_009
PRD_120,KEY_043
PRD_120,KEY_048
PRD_120,KEY_068
PRD_121,KEY_003
PRD_121,KEY_009
PRD_121,KEY_010
PRD_121,KEY_037
PRD_121,KEY_042
PRD_121,KEY_047
PRD_121,KEY_064
PRD_121,KEY_068
PRD_122,KEY_001
PRD_122,KEY_004
PRD_122,KEY_006
PRD_122,KEY_010
PRD_122,KEY_064
PRD_122,KEY_068
PRD_123,KEY_001
PRD_123,KEY_004
PRD_123,KEY_006
PRD_123,KEY_010
PRD_123,KEY_045
PRD_123,KEY_064
PRD_123,KEY_068
PRD_124,KEY_007
PRD_124,KEY_010
PRD_124,KEY_038
PRD_124,KEY_040
PRD_124,KEY_068
PRD_125,KEY_003
PRD_125,KEY_009
PRD_125,KEY_011
PRD_125,KEY_042
PRD_125,KEY_048
PRD_125,KEY_050
PRD_125,KEY_064
PRD_125,KEY_068
PRD_126,KEY_003
PRD_126,KEY_011
PRD_126,KEY_038
PRD_126,KEY_043
PRD_126,KEY_048
PRD_126,KEY_068
PRD_127,KEY_008
PRD_127,KEY_021
PRD_127,KEY_061
PRD_127,KEY_068
PRD_128,KEY_008
PRD_128,KEY_020
PRD_128,KEY_061
PRD_128,KEY_068
PRD_129,KEY_008
PRD_129,KEY_021
PRD_129,KEY_061
PRD_129,KEY_068
PRD_130,KEY_008
PRD_130,KEY_058
PRD_130,KEY_061
PRD_130,KEY_068
PRD_131,KEY_008
PRD_131,KEY_038
PRD_131,KEY_061
PRD_131,KEY_068
PRD_132,KEY_008
PRD_132,KEY_022
PRD_132,KEY_043
PRD_132,KEY_068
PRD_133,KEY_015
PRD_133,KEY_019
PRD_133,KEY_026
PRD_133,KEY_043
PRD_133,KEY_068
PRD_134,KEY_021
PRD_134,KEY_052
PRD_134,KEY_061
PRD_134,KEY_068
PRD_135,KEY_015
PRD_135,KEY_030
PRD_135,KEY_033
PRD_135,KEY_063
PRD_135,KEY_068
PRD_136,KEY_001
PRD_136,KEY_010
PRD_136,KEY_044
PRD_136,KEY_063
PRD_136,KEY_067
PRD_136,KEY_068
PRD_137,KEY_001
PRD_137,KEY_010
PRD_137,KEY_044
PRD_137,KEY_053
PRD_137,KEY_061
PRD_137,KEY_063
PRD_137,KEY_068
PRD_138,KEY_001
PRD_138,KEY_010
PRD_138,KEY_027
PRD_138,KEY_044
PRD_138,KEY_063
PRD_138,KEY_068
PRD_139,KEY_001
PRD_139,KEY_004
PRD_139,KEY_026
PRD_139,KEY_045
PRD_139,KEY_063
PRD_139,KEY_068
PRD_140,KEY_001
PRD_140,KEY_004
PRD_140,KEY_026
PRD_140,KEY_045
PRD_140,KEY_063
PRD_140,KEY_068
PRD_141,KEY_001
PRD_141,KEY_004
PRD_141,KEY_026
PRD_141,KEY_045
PRD_141,KEY_063
PRD_141,KEY_068
PRD_142,KEY_001
PRD_142,KEY_004
PRD_142,KEY_045
PRD_142,KEY_063
PRD_142,KEY_068
PRD_143,KEY_001
PRD_143,KEY_004
PRD_143,KEY_045
PRD_143,KEY_061
PRD_143,KEY_063
PRD_143,KEY_068
PRD_144,KEY_001
PRD_144,KEY_004
PRD_144,KEY_046
PRD_144,KEY_063
PRD_144,KEY_064
PRD_144,KEY_068
PRD_145,KEY_001
PRD_145,KEY_004
PRD_145,KEY_023
PRD_145,KEY_046
PRD_145,KEY_064
PRD_145,KEY_068
PRD_146,KEY_001
PRD_146,KEY_010
PRD_146,KEY_006
PRD_146,KEY_064
PRD_146,KEY_068
PRD_147,KEY_001
PRD_147,KEY_006
PRD_147,KEY_010
PRD_147,KEY_024
PRD_147,KEY_064
PRD_147,KEY_068
PRD_148,KEY_001
PRD_148,KEY_004
PRD_148,KEY_046
PRD_148,KEY_053
PRD_148,KEY_063
PRD_148,KEY_068
PRD_149,KEY_001
PRD_149,KEY_004
PRD_149,KEY_025
PRD_149,KEY_027
PRD_149,KEY_053
PRD_149,KEY_063
PRD_149,KEY_068
PRD_150,KEY_001
PRD_150,KEY_006
PRD_150,KEY_010
PRD_150,KEY_023
PRD_150,KEY_064
PRD_150,KEY_068
PRD_151,KEY_001
PRD_151,KEY_004
PRD_151,KEY_006
PRD_151,KEY_045
PRD_151,KEY_061
PRD_151,KEY_068
PRD_152,KEY_001
PRD_152,KEY_006
PRD_152,KEY_010
PRD_152,KEY_021
PRD_152,KEY_061
PRD_152,KEY_064
PRD_152,KEY_068
PRD_153,KEY_001
PRD_153,KEY_006
PRD_153,KEY_039
PRD_153,KEY_061
PRD_153,KEY_064
PRD_153,KEY_068
PRD_154,KEY_001
PRD_154,KEY_006
PRD_154,KEY_010
PRD_154,KEY_058
PRD_154,KEY_068
PRD_155,KEY_001
PRD_155,KEY_006
PRD_155,KEY_010
PRD_155,KEY_040
PRD_155,KEY_046
PRD_155,KEY_068
PRD_156,KEY_001
PRD_156,KEY_006
PRD_156,KEY_041
PRD_156,KEY_063
PRD_156,KEY_068
PRD_157,KEY_001
PRD_157,KEY_006
PRD_157,KEY_010
PRD_157,KEY_020
PRD_157,KEY_026
PRD_157,KEY_046
PRD_158,KEY_001
PRD_158,KEY_006
PRD_158,KEY_010
PRD_158,KEY_064
PRD_158,KEY_068
PRD_159,KEY_001
PRD_159,KEY_006
PRD_159,KEY_061
PRD_159,KEY_067
PRD_159,KEY_068
PRD_160,KEY_001
PRD_160,KEY_006
PRD_160,KEY_020
PRD_160,KEY_067
PRD_160,KEY_068
PRD_161,KEY_001
PRD_161,KEY_006
PRD_161,KEY_010
PRD_161,KEY_064
PRD_161,KEY_068
PRD_162,KEY_001
PRD_162,KEY_006
PRD_162,KEY_010
PRD_162,KEY_061
PRD_162,KEY_064
PRD_162,KEY_068
PRD_163,KEY_001
PRD_163,KEY_006
PRD_163,KEY_010
PRD_163,KEY_038
PRD_163,KEY_063
PRD_163,KEY_064
PRD_163,KEY_068
PRD_164,KEY_001
PRD_164,KEY_010
PRD_164,KEY_044
PRD_164,KEY_041
PRD_164,KEY_063
PRD_164,KEY_068
PRD_165,KEY_003
PRD_165,KEY_011
PRD_165,KEY_043
PRD_165,KEY_048
PRD_165,KEY_058
PRD_165,KEY_068
PRD_166,KEY_003
PRD_166,KEY_009
PRD_166,KEY_011
PRD_166,KEY_037
PRD_166,KEY_048
PRD_166,KEY_068
PRD_167,KEY_003
PRD_167,KEY_011
PRD_167,KEY_040
PRD_167,KEY_043
PRD_167,KEY_048
PRD_167,KEY_068
PRD_168,KEY_003
PRD_168,KEY_011
PRD_168,KEY_043
PRD_168,KEY_048
PRD_168,KEY_068
PRD_169,KEY_003
PRD_169,KEY_011
PRD_169,KEY_043
PRD_169,KEY_048
PRD_169,KEY_057
PRD_169,KEY_063
PRD_169,KEY_068
PRD_170,KEY_003
PRD_170,KEY_009
PRD_170,KEY_043
PRD_170,KEY_049
PRD_170,KEY_068
PRD_171,KEY_003
PRD_171,KEY_009
PRD_171,KEY_043
PRD_171,KEY_049
PRD_171,KEY_068
PRD_172,KEY_003
PRD_172,KEY_020
PRD_172,KEY_043
PRD_172,KEY_049
PRD_172,KEY_068
PRD_173,KEY_003
PRD_173,KEY_020
PRD_173,KEY_043
PRD_173,KEY_049
PRD_173,KEY_068
PRD_174,KEY_003
PRD_174,KEY_009
PRD_174,KEY_037
PRD_174,KEY_042
PRD_174,KEY_047
PRD_174,KEY_068
PRD_175,KEY_003
PRD_175,KEY_009
PRD_175,KEY_011
PRD_175,KEY_042
PRD_175,KEY_047
PRD_175,KEY_068
PRD_176,KEY_003
PRD_176,KEY_009
PRD_176,KEY_011
PRD_176,KEY_042
PRD_176,KEY_047
PRD_176,KEY_068
PRD_177,KEY_003
PRD_177,KEY_009
PRD_177,KEY_043
PRD_177,KEY_050
PRD_177,KEY_064
PRD_178,KEY_003
PRD_178,KEY_009
PRD_178,KEY_011
PRD_178,KEY_042
PRD_178,KEY_047
PRD_178,KEY_043
PRD_179,KEY_003
PRD_179,KEY_009
PRD_179,KEY_038
PRD_179,KEY_042
PRD_179,KEY_050
PRD_179,KEY_043
PRD_179,KEY_068
PRD_180,KEY_003
PRD_180,KEY_009
PRD_180,KEY_043
PRD_180,KEY_063
PRD_180,KEY_064
PRD_180,KEY_068
PRD_181,KEY_003
PRD_181,KEY_038
PRD_181,KEY_043
PRD_181,KEY_061
PRD_181,KEY_064
PRD_182,KEY_003
PRD_182,KEY_021
PRD_182,KEY_038
PRD_182,KEY_061
PRD_182,KEY_064
PRD_183,KEY_003
PRD_183,KEY_006
PRD_183,KEY_010
PRD_183,KEY_038
PRD_183,KEY_043
PRD_183,KEY_048
PRD_183,KEY_068
PRD_184,KEY_007
PRD_184,KEY_010
PRD_184,KEY_038
PRD_184,KEY_043
PRD_184,KEY_048
PRD_184,KEY_068
PRD_185,KEY_015
PRD_185,KEY_019
PRD_185,KEY_040
PRD_185,KEY_043
PRD_185,KEY_068
PRD_186,KEY_001
PRD_186,KEY_006
PRD_186,KEY_010
PRD_186,KEY_023
PRD_186,KEY_046
PRD_186,KEY_058
PRD_186,KEY_064
PRD_186,KEY_068
PRD_187,KEY_001
PRD_187,KEY_006
PRD_187,KEY_010
PRD_187,KEY_039
PRD_187,KEY_044
PRD_187,KEY_046
PRD_187,KEY_063
PRD_187,KEY_068
PRD_188,KEY_001
PRD_188,KEY_006
PRD_188,KEY_010
PRD_188,KEY_020
PRD_188,KEY_026
PRD_188,KEY_046
PRD_188,KEY_067
PRD_188,KEY_068
PRD_189,KEY_001
PRD_189,KEY_004
PRD_189,KEY_006
PRD_189,KEY_010
PRD_189,KEY_064
PRD_189,KEY_068
PRD_190,KEY_001
PRD_190,KEY_006
PRD_190,KEY_010
PRD_190,KEY_023
PRD_190,KEY_046
PRD_190,KEY_058
PRD_190,KEY_064
PRD_190,KEY_068
PRD_191,KEY_001
PRD_191,KEY_006
PRD_191,KEY_010
PRD_191,KEY_039
PRD_191,KEY_046
PRD_191,KEY_064
PRD_191,KEY_068
PRD_192,KEY_001
PRD_192,KEY_006
PRD_192,KEY_010
PRD_192,KEY_023
PRD_192,KEY_046
PRD_192,KEY_061
PRD_192,KEY_067
PRD_192,KEY_068
PRD_193,KEY_001
PRD_193,KEY_006
PRD_193,KEY_010
PRD_193,KEY_021
PRD_193,KEY_046
PRD_193,KEY_058
PRD_193,KEY_061
PRD_193,KEY_064
PRD_193,KEY_068
PRD_194,KEY_001
PRD_194,KEY_006
PRD_194,KEY_010
PRD_194,KEY_046
PRD_194,KEY_058
PRD_194,KEY_064
PRD_194,KEY_068
PRD_195,KEY_001
PRD_195,KEY_006
PRD_195,KEY_010
PRD_195,KEY_044
PRD_195,KEY_046
PRD_195,KEY_063
PRD_195,KEY_068
PRD_196,KEY_001
PRD_196,KEY_006
PRD_196,KEY_010
PRD_196,KEY_012
PRD_196,KEY_026
PRD_196,KEY_046
PRD_196,KEY_063
PRD_196,KEY_068
PRD_197,KEY_001
PRD_197,KEY_006
PRD_197,KEY_010
PRD_197,KEY_024
PRD_197,KEY_046
PRD_197,KEY_057
PRD_197,KEY_060
PRD_197,KEY_068
PRD_198,KEY_001
PRD_198,KEY_006
PRD_198,KEY_010
PRD_198,KEY_024
PRD_198,KEY_026
PRD_198,KEY_046
PRD_198,KEY_064
PRD_198,KEY_068
PRD_199,KEY_001
PRD_199,KEY_006
PRD_199,KEY_010
PRD_199,KEY_046
PRD_199,KEY_058
PRD_199,KEY_063
PRD_199,KEY_068
PRD_200,KEY_001
PRD_200,KEY_006
PRD_200,KEY_010
PRD_200,KEY_020
PRD_200,KEY_046
PRD_200,KEY_058
PRD_200,KEY_068
PRD_201,KEY_001
PRD_201,KEY_006
PRD_201,KEY_010
PRD_201,KEY_044
PRD_201,KEY_046
PRD_201,KEY_063
PRD_201,KEY_068
PRD_202,KEY_001
PRD_202,KEY_006
PRD_202,KEY_010
PRD_202,KEY_046
PRD_202,KEY_067
PRD_202,KEY_068
PRD_203,KEY_001
PRD_203,KEY_006
PRD_203,KEY_010
PRD_203,KEY_039
PRD_203,KEY_046
PRD_203,KEY_064
PRD_203,KEY_068
PRD_204,KEY_001
PRD_204,KEY_006
PRD_204,KEY_010
PRD_204,KEY_039
PRD_204,KEY_046
PRD_204,KEY_064
PRD_204,KEY_068
PRD_205,KEY_001
PRD_205,KEY_006
PRD_205,KEY_010
PRD_205,KEY_046
PRD_205,KEY_067
PRD_205,KEY_068
PRD_206,KEY_001
PRD_206,KEY_006
PRD_206,KEY_010
PRD_206,KEY_024
PRD_206,KEY_026
PRD_206,KEY_046
PRD_206,KEY_061
PRD_206,KEY_068
PRD_207,KEY_001
PRD_207,KEY_006
PRD_207,KEY_010
PRD_207,KEY_026
PRD_207,KEY_044
PRD_207,KEY_046
PRD_207,KEY_068
PRD_208,KEY_001
PRD_208,KEY_004
PRD_208,KEY_006
PRD_208,KEY_010
PRD_208,KEY_020
PRD_208,KEY_044
PRD_208,KEY_045
PRD_208,KEY_068
PRD_209,KEY_001
PRD_209,KEY_004
PRD_209,KEY_006
PRD_209,KEY_010
PRD_209,KEY_045
PRD_209,KEY_057
PRD_209,KEY_068
PRD_210,KEY_001
PRD_210,KEY_004
PRD_210,KEY_006
PRD_210,KEY_010
PRD_210,KEY_040
PRD_210,KEY_045
PRD_210,KEY_053
PRD_210,KEY_068
PRD_211,KEY_001
PRD_211,KEY_004
PRD_211,KEY_006
PRD_211,KEY_010
PRD_211,KEY_041
PRD_211,KEY_045
PRD_211,KEY_053
PRD_211,KEY_068
PRD_212,KEY_001
PRD_212,KEY_004
PRD_212,KEY_006
PRD_212,KEY_010
PRD_212,KEY_038
PRD_212,KEY_045
PRD_212,KEY_063
PRD_212,KEY_068
PRD_213,KEY_001
PRD_213,KEY_004
PRD_213,KEY_006
PRD_213,KEY_010
PRD_213,KEY_045
PRD_213,KEY_067
PRD_213,KEY_068
PRD_214,KEY_001
PRD_214,KEY_006
PRD_214,KEY_010
PRD_214,KEY_023
PRD_214,KEY_046
PRD_214,KEY_058
PRD_214,KEY_067
PRD_214,KEY_068
PRD_215,KEY_001
PRD_215,KEY_004
PRD_215,KEY_006
PRD_215,KEY_010
PRD_215,KEY_041
PRD_215,KEY_045
PRD_215,KEY_068
PRD_216,KEY_001
PRD_216,KEY_006
PRD_216,KEY_010
PRD_216,KEY_023
PRD_216,KEY_045
PRD_216,KEY_046
PRD_216,KEY_061
PRD_216,KEY_068
PRD_217,KEY_006
PRD_217,KEY_010
PRD_217,KEY_021
PRD_217,KEY_044
PRD_217,KEY_061
PRD_217,KEY_063
PRD_217,KEY_068
PRD_218,KEY_006
PRD_218,KEY_010
PRD_218,KEY_021
PRD_218,KEY_046
PRD_218,KEY_058
PRD_218,KEY_063
PRD_219,KEY_001
PRD_219,KEY_006
PRD_219,KEY_010
PRD_219,KEY_026
PRD_219,KEY_038
PRD_219,KEY_046
PRD_219,KEY_068
PRD_220,KEY_001
PRD_220,KEY_004
PRD_220,KEY_006
PRD_220,KEY_010
PRD_220,KEY_026
PRD_220,KEY_038
PRD_220,KEY_045
PRD_220,KEY_068
PRD_221,KEY_001
PRD_221,KEY_004
PRD_221,KEY_006
PRD_221,KEY_010
PRD_221,KEY_023
PRD_221,KEY_064
PRD_221,KEY_068
PRD_222,KEY_001
PRD_222,KEY_004
PRD_222,KEY_006
PRD_222,KEY_039
PRD_222,KEY_063
PRD_222,KEY_064
PRD_222,KEY_068
PRD_223,KEY_003
PRD_223,KEY_006
PRD_223,KEY_009
PRD_223,KEY_046
PRD_223,KEY_058
PRD_223,KEY_063
PRD_223,KEY_068
PRD_224,KEY_003
PRD_224,KEY_009
PRD_224,KEY_046
PRD_224,KEY_058
PRD_224,KEY_063
PRD_224,KEY_068
PRD_225,KEY_003
PRD_225,KEY_009
PRD_225,KEY_046
PRD_225,KEY_058
PRD_225,KEY_059
PRD_225,KEY_063
PRD_225,KEY_068
PRD_226,KEY_003
PRD_226,KEY_009
PRD_226,KEY_011
PRD_226,KEY_046
PRD_226,KEY_063
PRD_226,KEY_068
PRD_227,KEY_003
PRD_227,KEY_009
PRD_227,KEY_021
PRD_227,KEY_046
PRD_227,KEY_058
PRD_227,KEY_061
PRD_227,KEY_068
PRD_228,KEY_003
PRD_228,KEY_009
PRD_228,KEY_043
PRD_228,KEY_048
PRD_228,KEY_063
PRD_228,KEY_068
PRD_229,KEY_003
PRD_229,KEY_009
PRD_229,KEY_043
PRD_229,KEY_049
PRD_229,KEY_063
PRD_229,KEY_068
PRD_230,KEY_003
PRD_230,KEY_004
PRD_230,KEY_009
PRD_230,KEY_043
PRD_230,KEY_049
PRD_230,KEY_068
PRD_231,KEY_003
PRD_231,KEY_009
PRD_231,KEY_043
PRD_231,KEY_049
PRD_231,KEY_061
PRD_231,KEY_068
PRD_232,KEY_003
PRD_232,KEY_006
PRD_232,KEY_009
PRD_232,KEY_043
PRD_232,KEY_046
PRD_232,KEY_068
PRD_233,KEY_003
PRD_233,KEY_009
PRD_233,KEY_039
PRD_233,KEY_043
PRD_233,KEY_068
PRD_234,KEY_009
PRD_234,KEY_039
PRD_234,KEY_042
PRD_234,KEY_047
PRD_234,KEY_050
PRD_234,KEY_068
PRD_235,KEY_003
PRD_235,KEY_006
PRD_235,KEY_009
PRD_235,KEY_043
PRD_235,KEY_046
PRD_235,KEY_063
PRD_235,KEY_068
PRD_236,KEY_001
PRD_236,KEY_004
PRD_236,KEY_009
PRD_236,KEY_024
PRD_236,KEY_053
PRD_236,KEY_068
PRD_237,KEY_001
PRD_237,KEY_004
PRD_237,KEY_009
PRD_237,KEY_067
PRD_238,KEY_001
PRD_238,KEY_004
PRD_238,KEY_009
PRD_239,KEY_001
PRD_239,KEY_004
PRD_239,KEY_009
PRD_239,KEY_067
PRD_240,KEY_001
PRD_240,KEY_005
PRD_240,KEY_006
PRD_240,KEY_010
PRD_240,KEY_060
PRD_240,KEY_064
PRD_240,KEY_067
PRD_240,KEY_068
PRD_241,KEY_001
PRD_241,KEY_006
PRD_241,KEY_010
PRD_241,KEY_012
PRD_241,KEY_026
PRD_241,KEY_041
PRD_242,KEY_001
PRD_242,KEY_006
PRD_242,KEY_010
PRD_242,KEY_045
PRD_242,KEY_068
PRD_243,KEY_001
PRD_243,KEY_005
PRD_243,KEY_006
PRD_243,KEY_025
PRD_243,KEY_026
PRD_243,KEY_041
PRD_243,KEY_068
PRD_244,KEY_001
PRD_244,KEY_005
PRD_244,KEY_006
PRD_244,KEY_010
PRD_244,KEY_064
PRD_244,KEY_067
PRD_244,KEY_068
PRD_245,KEY_003
PRD_245,KEY_043
PRD_245,KEY_049
PRD_245,KEY_064
PRD_245,KEY_068
PRD_246,KEY_003
PRD_246,KEY_009
PRD_246,KEY_043
PRD_246,KEY_049
PRD_246,KEY_064
PRD_246,KEY_068
PRD_247,KEY_001
PRD_247,KEY_005
PRD_247,KEY_006
PRD_247,KEY_010
PRD_247,KEY_058
PRD_247,KEY_064
PRD_248,KEY_001
PRD_248,KEY_005
PRD_248,KEY_006
PRD_248,KEY_010
PRD_248,KEY_058
PRD_248,KEY_064
PRD_248,KEY_068
PRD_249,KEY_001
PRD_249,KEY_005
PRD_249,KEY_006
PRD_249,KEY_010
PRD_249,KEY_039
PRD_249,KEY_061
PRD_249,KEY_064
PRD_249,KEY_068
PRD_250,KEY_001
PRD_250,KEY_006
PRD_250,KEY_010
PRD_250,KEY_046
PRD_250,KEY_058
PRD_250,KEY_068
PRD_251,KEY_001
PRD_251,KEY_005
PRD_251,KEY_006
PRD_251,KEY_010
PRD_251,KEY_020
PRD_251,KEY_064
PRD_252,KEY_001
PRD_252,KEY_006
PRD_252,KEY_010
PRD_252,KEY_061
PRD_252,KEY_064
PRD_252,KEY_067
PRD_252,KEY_068
PRD_253,KEY_001
PRD_253,KEY_006
PRD_253,KEY_010
PRD_253,KEY_061
PRD_253,KEY_064
PRD_253,KEY_067
PRD_254,KEY_001
PRD_254,KEY_006
PRD_254,KEY_010
PRD_254,KEY_064
PRD_254,KEY_067
PRD_255,KEY_001
PRD_255,KEY_006
PRD_255,KEY_010
PRD_255,KEY_061
PRD_255,KEY_064
PRD_255,KEY_067
PRD_256,KEY_001
PRD_256,KEY_006
PRD_256,KEY_010
PRD_256,KEY_061
PRD_256,KEY_064
PRD_256,KEY_067
PRD_257,KEY_001
PRD_257,KEY_006
PRD_257,KEY_010
PRD_257,KEY_023
PRD_257,KEY_061
PRD_257,KEY_064
PRD_258,KEY_001
PRD_258,KEY_006
PRD_258,KEY_010
PRD_258,KEY_025
PRD_258,KEY_061
PRD_258,KEY_064
PRD_258,KEY_067
PRD_259,KEY_001
PRD_259,KEY_006
PRD_259,KEY_010
PRD_259,KEY_046
PRD_259,KEY_058
PRD_259,KEY_023
PRD_259,KEY_068
PRD_260,KEY_001
PRD_260,KEY_006
PRD_260,KEY_010
PRD_260,KEY_046
PRD_260,KEY_058
PRD_260,KEY_068
PRD_261,KEY_001
PRD_261,KEY_006
PRD_261,KEY_010
PRD_261,KEY_012
PRD_261,KEY_026
PRD_261,KEY_041
PRD_261,KEY_068
PRD_262,KEY_001
PRD_262,KEY_006
PRD_262,KEY_010
PRD_262,KEY_012
PRD_262,KEY_020
PRD_262,KEY_026
PRD_262,KEY_041
PRD_263,KEY_001
PRD_263,KEY_005
PRD_263,KEY_006
PRD_263,KEY_010
PRD_263,KEY_045
PRD_263,KEY_063
PRD_263,KEY_067
PRD_263,KEY_068
PRD_264,KEY_001
PRD_264,KEY_005
PRD_264,KEY_006
PRD_264,KEY_010
PRD_264,KEY_045
PRD_264,KEY_063
PRD_264,KEY_068
PRD_265,KEY_001
PRD_265,KEY_005
PRD_265,KEY_006
PRD_265,KEY_010
PRD_265,KEY_060
PRD_265,KEY_063
PRD_265,KEY_068
PRD_266,KEY_001
PRD_266,KEY_006
PRD_266,KEY_039
PRD_266,KEY_045
PRD_266,KEY_061
PRD_266,KEY_067
PRD_267,KEY_001
PRD_267,KEY_006
PRD_267,KEY_010
PRD_267,KEY_046
PRD_267,KEY_064
PRD_267,KEY_068
PRD_268,KEY_001
PRD_268,KEY_006
PRD_268,KEY_010
PRD_268,KEY_026
PRD_268,KEY_067
PRD_268,KEY_068
PRD_269,KEY_001
PRD_269,KEY_006
PRD_269,KEY_010
PRD_269,KEY_039
PRD_269,KEY_020
PRD_269,KEY_064
PRD_270,KEY_001
PRD_270,KEY_004
PRD_270,KEY_006
PRD_270,KEY_038
PRD_270,KEY_045
PRD_270,KEY_060
PRD_270,KEY_067
PRD_270,KEY_068
PRD_271,KEY_001
PRD_271,KEY_004
PRD_271,KEY_006
PRD_271,KEY_010
PRD_271,KEY_023
PRD_271,KEY_045
PRD_271,KEY_068
PRD_272,KEY_001
PRD_272,KEY_004
PRD_272,KEY_006
PRD_272,KEY_044
PRD_272,KEY_045
PRD_272,KEY_061
PRD_272,KEY_068
PRD_273,KEY_001
PRD_273,KEY_004
PRD_273,KEY_006
PRD_273,KEY_012
PRD_273,KEY_026
PRD_273,KEY_041
PRD_273,KEY_045
PRD_273,KEY_068
PRD_274,KEY_012
PRD_274,KEY_015
PRD_274,KEY_016
PRD_274,KEY_026
PRD_274,KEY_041
PRD_274,KEY_068
PRD_275,KEY_012
PRD_275,KEY_015
PRD_275,KEY_020
PRD_275,KEY_026
PRD_275,KEY_041
PRD_275,KEY_052
PRD_275,KEY_068
PRD_276,KEY_012
PRD_276,KEY_015
PRD_276,KEY_026
PRD_276,KEY_041
PRD_276,KEY_043
PRD_276,KEY_054
PRD_276,KEY_068
PRD_277,KEY_012
PRD_277,KEY_015
PRD_277,KEY_026
PRD_277,KEY_041
PRD_277,KEY_052
PRD_277,KEY_068
PRD_278,KEY_001
PRD_278,KEY_004
PRD_278,KEY_006
PRD_278,KEY_024
PRD_278,KEY_045
PRD_278,KEY_061
PRD_278,KEY_068
PRD_279,KEY_001
PRD_279,KEY_006
PRD_279,KEY_010
PRD_279,KEY_012
PRD_279,KEY_026
PRD_279,KEY_039
PRD_279,KEY_045
PRD_279,KEY_041
PRD_280,KEY_001
PRD_280,KEY_006
PRD_280,KEY_010
PRD_280,KEY_040
PRD_280,KEY_020
PRD_280,KEY_063
PRD_280,KEY_068
PRD_281,KEY_001
PRD_281,KEY_006
PRD_281,KEY_026
PRD_281,KEY_040
PRD_281,KEY_041
PRD_281,KEY_053
PRD_281,KEY_068
PRD_282,KEY_001
PRD_282,KEY_005
PRD_282,KEY_006
PRD_282,KEY_010
PRD_282,KEY_026
PRD_282,KEY_041
PRD_282,KEY_063
PRD_282,KEY_068
PRD_283,KEY_003
PRD_283,KEY_009
PRD_283,KEY_043
PRD_283,KEY_049
PRD_283,KEY_064
PRD_283,KEY_068
PRD_284,KEY_003
PRD_284,KEY_011
PRD_284,KEY_043
PRD_284,KEY_049
PRD_284,KEY_063
PRD_284,KEY_068
PRD_285,KEY_003
PRD_285,KEY_009
PRD_285,KEY_042
PRD_285,KEY_047
PRD_285,KEY_043
PRD_285,KEY_068
PRD_286,KEY_001
PRD_286,KEY_005
PRD_286,KEY_006
PRD_286,KEY_010
PRD_286,KEY_064
PRD_286,KEY_068
PRD_287,KEY_001
PRD_287,KEY_005
PRD_287,KEY_006
PRD_287,KEY_010
PRD_287,KEY_058
PRD_287,KEY_068
PRD_288,KEY_001
PRD_288,KEY_005
PRD_288,KEY_006
PRD_288,KEY_010
PRD_288,KEY_039
PRD_288,KEY_064
PRD_288,KEY_068
PRD_289,KEY_001
PRD_289,KEY_004
PRD_289,KEY_009
PRD_289,KEY_039
PRD_289,KEY_068
PRD_290,KEY_001
PRD_290,KEY_004
PRD_290,KEY_009
PRD_290,KEY_011
PRD_290,KEY_023
PRD_290,KEY_068
PRD_291,KEY_001
PRD_291,KEY_004
PRD_291,KEY_009
PRD_291,KEY_011
PRD_291,KEY_023
PRD_291,KEY_053
PRD_291,KEY_068
PRD_292,KEY_001
PRD_292,KEY_004
PRD_292,KEY_009
PRD_292,KEY_039
PRD_292,KEY_067
PRD_292,KEY_068
PRD_293,KEY_001
PRD_293,KEY_004
PRD_293,KEY_009
PRD_293,KEY_024
PRD_293,KEY_063
PRD_293,KEY_068
PRD_294,KEY_001
PRD_294,KEY_004
PRD_294,KEY_009
PRD_294,KEY_024
PRD_294,KEY_039
PRD_294,KEY_068
PRD_295,KEY_001
PRD_295,KEY_004
PRD_295,KEY_009
PRD_295,KEY_024
PRD_295,KEY_063
PRD_295,KEY_068
PRD_296,KEY_001
PRD_296,KEY_004
PRD_296,KEY_009
PRD_296,KEY_023
PRD_296,KEY_063
PRD_296,KEY_068
PRD_297,KEY_001
PRD_297,KEY_004
PRD_297,KEY_009
PRD_297,KEY_020
PRD_297,KEY_068
PRD_298,KEY_001
PRD_298,KEY_004
PRD_298,KEY_009
PRD_298,KEY_039
PRD_298,KEY_068
PRD_299,KEY_001
PRD_299,KEY_004
PRD_299,KEY_009
PRD_299,KEY_063
PRD_299,KEY_068
PRD_300,KEY_001
PRD_300,KEY_004
PRD_300,KEY_010
PRD_300,KEY_037
PRD_300,KEY_024
PRD_300,KEY_068
PRD_301,KEY_001
PRD_301,KEY_004
PRD_301,KEY_009
PRD_301,KEY_067
PRD_301,KEY_068
PRD_302,KEY_001
PRD_302,KEY_004
PRD_302,KEY_009
PRD_302,KEY_042
PRD_302,KEY_063
PRD_302,KEY_068
PRD_303,KEY_001
PRD_303,KEY_004
PRD_303,KEY_009
PRD_303,KEY_020
PRD_303,KEY_068
PRD_304,KEY_001
PRD_304,KEY_004
PRD_304,KEY_058
PRD_304,KEY_023
PRD_304,KEY_068
PRD_305,KEY_001
PRD_305,KEY_004
PRD_305,KEY_009
PRD_305,KEY_024
PRD_305,KEY_063
PRD_305,KEY_068
PRD_306,KEY_001
PRD_306,KEY_004
PRD_306,KEY_010
PRD_306,KEY_037
PRD_306,KEY_024
PRD_306,KEY_039
PRD_306,KEY_068
PRD_307,KEY_003
PRD_307,KEY_011
PRD_307,KEY_047
PRD_307,KEY_048
PRD_307,KEY_063
PRD_307,KEY_068
PRD_308,KEY_001
PRD_308,KEY_004
PRD_308,KEY_009
PRD_308,KEY_039
PRD_308,KEY_064
PRD_308,KEY_068
PRD_309,KEY_001
PRD_309,KEY_004
PRD_309,KEY_009
PRD_309,KEY_011
PRD_309,KEY_064
PRD_309,KEY_068
PRD_310,KEY_001
PRD_310,KEY_004
PRD_310,KEY_009
PRD_310,KEY_042
PRD_310,KEY_047
PRD_310,KEY_063
PRD_310,KEY_068
PRD_311,KEY_001
PRD_311,KEY_006
PRD_311,KEY_010
PRD_311,KEY_060
PRD_311,KEY_061
PRD_311,KEY_064
PRD_311,KEY_068
PRD_312,KEY_001
PRD_312,KEY_006
PRD_312,KEY_010
PRD_312,KEY_026
PRD_312,KEY_063
PRD_312,KEY_068
PRD_313,KEY_001
PRD_313,KEY_006
PRD_313,KEY_010
PRD_313,KEY_038
PRD_313,KEY_020
PRD_313,KEY_064
PRD_313,KEY_068
PRD_314,KEY_001
PRD_314,KEY_005
PRD_314,KEY_006
PRD_314,KEY_010
PRD_314,KEY_038
PRD_314,KEY_044
PRD_314,KEY_068
PRD_315,KEY_001
PRD_315,KEY_006
PRD_315,KEY_010
PRD_315,KEY_038
PRD_315,KEY_061
PRD_315,KEY_068
PRD_316,KEY_001
PRD_316,KEY_006
PRD_316,KEY_010
PRD_316,KEY_046
PRD_316,KEY_058
PRD_316,KEY_059
PRD_316,KEY_068
PRD_317,KEY_001
PRD_317,KEY_004
PRD_317,KEY_006
PRD_317,KEY_010
PRD_317,KEY_045
PRD_317,KEY_068
PRD_318,KEY_001
PRD_318,KEY_004
PRD_318,KEY_006
PRD_318,KEY_010
PRD_318,KEY_045
PRD_318,KEY_068
PRD_319,KEY_001
PRD_319,KEY_004
PRD_319,KEY_006
PRD_319,KEY_010
PRD_319,KEY_045
PRD_319,KEY_067
PRD_319,KEY_068
PRD_320,KEY_001
PRD_320,KEY_006
PRD_320,KEY_010
PRD_320,KEY_046
PRD_320,KEY_064
PRD_320,KEY_068
PRD_321,KEY_001
PRD_321,KEY_004
PRD_321,KEY_006
PRD_321,KEY_010
PRD_321,KEY_038
PRD_321,KEY_045
PRD_321,KEY_024
PRD_321,KEY_068
PRD_322,KEY_001
PRD_322,KEY_006
PRD_322,KEY_010
PRD_322,KEY_044
PRD_322,KEY_057
PRD_322,KEY_061
PRD_322,KEY_068
PRD_323,KEY_001
PRD_323,KEY_006
PRD_323,KEY_010
PRD_323,KEY_026
PRD_323,KEY_053
PRD_323,KEY_061
PRD_323,KEY_068
PRD_324,KEY_001
PRD_324,KEY_006
PRD_324,KEY_010
PRD_324,KEY_063
PRD_324,KEY_068
PRD_325,KEY_001
PRD_325,KEY_006
PRD_325,KEY_010
PRD_325,KEY_039
PRD_325,KEY_061
PRD_325,KEY_068
PRD_326,KEY_001
PRD_326,KEY_006
PRD_326,KEY_010
PRD_326,KEY_038
PRD_326,KEY_068
PRD_327,KEY_001
PRD_327,KEY_006
PRD_327,KEY_010
PRD_327,KEY_026
PRD_327,KEY_067
PRD_327,KEY_068
PRD_328,KEY_001
PRD_328,KEY_006
PRD_328,KEY_010
PRD_328,KEY_046
PRD_328,KEY_023
PRD_328,KEY_068
PRD_329,KEY_001
PRD_329,KEY_006
PRD_329,KEY_010
PRD_329,KEY_058
PRD_329,KEY_064
PRD_329,KEY_068
PRD_330,KEY_001
PRD_330,KEY_006
PRD_330,KEY_010
PRD_330,KEY_046
PRD_330,KEY_061
PRD_330,KEY_064
PRD_330,KEY_068
PRD_331,KEY_003
PRD_331,KEY_009
PRD_331,KEY_043
PRD_331,KEY_047
PRD_331,KEY_061
PRD_331,KEY_068
PRD_332,KEY_003
PRD_332,KEY_009
PRD_332,KEY_043
PRD_332,KEY_047
PRD_332,KEY_061
PRD_332,KEY_068
PRD_333,KEY_003
PRD_333,KEY_009
PRD_333,KEY_043
PRD_333,KEY_047
PRD_333,KEY_064
PRD_333,KEY_068
PRD_334,KEY_003
PRD_334,KEY_043
PRD_334,KEY_061
PRD_334,KEY_063
PRD_334,KEY_068
PRD_335,KEY_003
PRD_335,KEY_009
PRD_335,KEY_043
PRD_335,KEY_050
PRD_335,KEY_068
PRD_336,KEY_003
PRD_336,KEY_011
PRD_336,KEY_049
PRD_336,KEY_043
PRD_336,KEY_068
PRD_337,KEY_003
PRD_337,KEY_049
PRD_337,KEY_043
PRD_337,KEY_068
PRD_338,KEY_003
PRD_338,KEY_005
PRD_338,KEY_049
PRD_338,KEY_043
PRD_338,KEY_068
PRD_339,KEY_003
PRD_339,KEY_026
PRD_339,KEY_049
PRD_339,KEY_043
PRD_339,KEY_068
PRD_340,KEY_003
PRD_340,KEY_023
PRD_340,KEY_049
PRD_340,KEY_043
PRD_340,KEY_068
PRD_341,KEY_003
PRD_341,KEY_048
PRD_341,KEY_043
PRD_341,KEY_068
PRD_342,KEY_048
PRD_342,KEY_061
PRD_342,KEY_064
PRD_342,KEY_043
PRD_342,KEY_068
PRD_343,KEY_048
PRD_343,KEY_009
PRD_343,KEY_061
PRD_343,KEY_064
PRD_343,KEY_068
PRD_344,KEY_048
PRD_344,KEY_038
PRD_344,KEY_043
PRD_344,KEY_068
PRD_345,KEY_003
PRD_345,KEY_048
PRD_345,KEY_009
PRD_345,KEY_064
PRD_345,KEY_043
PRD_345,KEY_068
PRD_346,KEY_048
PRD_346,KEY_012
PRD_346,KEY_015
PRD_346,KEY_026
PRD_346,KEY_043
PRD_346,KEY_068
PRD_347,KEY_048
PRD_347,KEY_009
PRD_347,KEY_043
PRD_347,KEY_068
PRD_348,KEY_048
PRD_348,KEY_009
PRD_348,KEY_043
PRD_348,KEY_068
PRD_349,KEY_048
PRD_349,KEY_043
PRD_349,KEY_068
PRD_350,KEY_048
PRD_350,KEY_064
PRD_350,KEY_020
PRD_350,KEY_043
PRD_350,KEY_068
PRD_351,KEY_003
PRD_351,KEY_009
PRD_351,KEY_020
PRD_351,KEY_064
PRD_351,KEY_068
PRD_352,KEY_003
PRD_352,KEY_011
PRD_352,KEY_048
PRD_352,KEY_043
PRD_352,KEY_068
PRD_353,KEY_003
PRD_353,KEY_036
PRD_353,KEY_042
PRD_353,KEY_047
PRD_353,KEY_050
PRD_353,KEY_068
PRD_354,KEY_009
PRD_354,KEY_039
PRD_354,KEY_020
PRD_354,KEY_042
PRD_354,KEY_047
PRD_354,KEY_068
PRD_355,KEY_003
PRD_355,KEY_050
PRD_355,KEY_043
PRD_355,KEY_068
PRD_356,KEY_003
PRD_356,KEY_010
PRD_356,KEY_043
PRD_356,KEY_068
PRD_357,KEY_003
PRD_357,KEY_011
PRD_357,KEY_042
PRD_357,KEY_047
PRD_357,KEY_068
PRD_358,KEY_003
PRD_358,KEY_009
PRD_358,KEY_020
PRD_358,KEY_064
PRD_358,KEY_068
PRD_359,KEY_003
PRD_359,KEY_009
PRD_359,KEY_043
PRD_359,KEY_063
PRD_359,KEY_068
PRD_360,KEY_003
PRD_360,KEY_050
PRD_360,KEY_043
PRD_360,KEY_068
PRD_361,KEY_003
PRD_361,KEY_012
PRD_361,KEY_015
PRD_361,KEY_026
PRD_361,KEY_048
PRD_361,KEY_043
PRD_361,KEY_068
PRD_362,KEY_003
PRD_362,KEY_006
PRD_362,KEY_010
PRD_362,KEY_063
PRD_362,KEY_064
PRD_362,KEY_068
PRD_363,KEY_003
PRD_363,KEY_011
PRD_363,KEY_043
PRD_363,KEY_063
PRD_363,KEY_068
PRD_364,KEY_003
PRD_364,KEY_009
PRD_364,KEY_043
PRD_364,KEY_064
PRD_364,KEY_068
PRD_365,KEY_001
PRD_365,KEY_004
PRD_365,KEY_010
PRD_365,KEY_012
PRD_365,KEY_015
PRD_365,KEY_026
PRD_365,KEY_037
PRD_365,KEY_059
PRD_365,KEY_068
PRD_366,KEY_001
PRD_366,KEY_010
PRD_366,KEY_020
PRD_366,KEY_044
PRD_366,KEY_064
PRD_366,KEY_068
PRD_367,KEY_001
PRD_367,KEY_006
PRD_367,KEY_010
PRD_367,KEY_060
PRD_367,KEY_061
PRD_367,KEY_064
PRD_367,KEY_068
PRD_368,KEY_001
PRD_368,KEY_010
PRD_368,KEY_012
PRD_368,KEY_015
PRD_368,KEY_026
PRD_368,KEY_038
PRD_368,KEY_045
PRD_368,KEY_068
PRD_369,KEY_001
PRD_369,KEY_004
PRD_369,KEY_010
PRD_369,KEY_043
PRD_369,KEY_064
PRD_370,KEY_001
PRD_370,KEY_004
PRD_370,KEY_010
PRD_370,KEY_064
PRD_370,KEY_068
PRD_371,KEY_001
PRD_371,KEY_004
PRD_371,KEY_050
PRD_371,KEY_061
PRD_371,KEY_063
PRD_371,KEY_064
PRD_371,KEY_068
PRD_372,KEY_001
PRD_372,KEY_010
PRD_372,KEY_038
PRD_372,KEY_043
PRD_372,KEY_044
PRD_373,KEY_001
PRD_373,KEY_006
PRD_373,KEY_010
PRD_373,KEY_061
PRD_373,KEY_064
PRD_373,KEY_068
PRD_374,KEY_001
PRD_374,KEY_006
PRD_374,KEY_010
PRD_374,KEY_038
PRD_374,KEY_046
PRD_374,KEY_068
PRD_375,KEY_012
PRD_375,KEY_015
PRD_375,KEY_019
PRD_375,KEY_026
PRD_375,KEY_031
PRD_375,KEY_043
PRD_375,KEY_062
PRD_375,KEY_068
PRD_376,KEY_012
PRD_376,KEY_015
PRD_376,KEY_021
PRD_376,KEY_029
PRD_376,KEY_031
PRD_376,KEY_051
PRD_376,KEY_061
PRD_376,KEY_064
PRD_376,KEY_068
PRD_377,KEY_021
PRD_377,KEY_029
PRD_377,KEY_030
PRD_377,KEY_031
PRD_377,KEY_051
PRD_377,KEY_061
PRD_377,KEY_064
PRD_377,KEY_068
PRD_378,KEY_012
PRD_378,KEY_015
PRD_378,KEY_021
PRD_378,KEY_026
PRD_378,KEY_029
PRD_378,KEY_031
PRD_378,KEY_051
PRD_378,KEY_068
PRD_379,KEY_029
PRD_379,KEY_031
PRD_379,KEY_043
PRD_379,KEY_051
PRD_379,KEY_061
PRD_379,KEY_064
PRD_379,KEY_068
PRD_380,KEY_029
PRD_380,KEY_031
PRD_380,KEY_043
PRD_380,KEY_051
PRD_380,KEY_061
PRD_380,KEY_064
PRD_380,KEY_068
PRD_381,KEY_015
PRD_381,KEY_024
PRD_381,KEY_031
PRD_381,KEY_041
PRD_381,KEY_052
PRD_381,KEY_062
PRD_381,KEY_068
PRD_382,KEY_012
PRD_382,KEY_015
PRD_382,KEY_019
PRD_382,KEY_026
PRD_382,KEY_031
PRD_382,KEY_043
PRD_382,KEY_068
PRD_383,KEY_030
PRD_383,KEY_031
PRD_383,KEY_063
PRD_383,KEY_064
PRD_383,KEY_068
PRD_384,KEY_015
PRD_384,KEY_032
PRD_384,KEY_040
PRD_384,KEY_043
PRD_384,KEY_068
PRD_385,KEY_001
PRD_385,KEY_004
PRD_385,KEY_020
PRD_385,KEY_039
PRD_385,KEY_040
PRD_386,KEY_001
PRD_386,KEY_006
PRD_386,KEY_010
PRD_386,KEY_038
PRD_386,KEY_044
PRD_386,KEY_020
PRD_386,KEY_028
PRD_386,KEY_068
PRD_387,KEY_001
PRD_387,KEY_006
PRD_387,KEY_010
PRD_387,KEY_038
PRD_387,KEY_045
PRD_387,KEY_067
PRD_387,KEY_068
PRD_388,KEY_001
PRD_388,KEY_004
PRD_388,KEY_006
PRD_388,KEY_010
PRD_388,KEY_038
PRD_388,KEY_045
PRD_388,KEY_020
PRD_388,KEY_068
PRD_389,KEY_001
PRD_389,KEY_006
PRD_389,KEY_010
PRD_389,KEY_038
PRD_389,KEY_044
PRD_389,KEY_028
PRD_389,KEY_068
PRD_390,KEY_001
PRD_390,KEY_006
PRD_390,KEY_010
PRD_390,KEY_012
PRD_390,KEY_026
PRD_390,KEY_045
PRD_390,KEY_067
PRD_390,KEY_068
PRD_391,KEY_001
PRD_391,KEY_004
PRD_391,KEY_009
PRD_391,KEY_038
PRD_391,KEY_024
PRD_391,KEY_042
PRD_391,KEY_047
PRD_391,KEY_068
PRD_392,KEY_002
PRD_392,KEY_007
PRD_392,KEY_038
PRD_392,KEY_043
PRD_392,KEY_068
PRD_393,KEY_048
PRD_393,KEY_038
PRD_393,KEY_043
PRD_393,KEY_068
PRD_394,KEY_048
PRD_394,KEY_009
PRD_394,KEY_038
PRD_394,KEY_039
PRD_394,KEY_043
PRD_394,KEY_068
PRD_395,KEY_048
PRD_395,KEY_038
PRD_395,KEY_039
PRD_395,KEY_043
PRD_395,KEY_068
PRD_396,KEY_006
PRD_396,KEY_010
PRD_396,KEY_038
PRD_396,KEY_057
PRD_396,KEY_043
PRD_396,KEY_068
PRD_397,KEY_003
PRD_397,KEY_038
PRD_397,KEY_043
PRD_397,KEY_049
PRD_397,KEY_068
PRD_398,KEY_001
PRD_398,KEY_006
PRD_398,KEY_010
PRD_398,KEY_045
PRD_398,KEY_058
PRD_398,KEY_067
PRD_398,KEY_068
PRD_399,KEY_001
PRD_399,KEY_004
PRD_399,KEY_006
PRD_399,KEY_010
PRD_399,KEY_045
PRD_399,KEY_020
PRD_399,KEY_068
PRD_400,KEY_001
PRD_400,KEY_006
PRD_400,KEY_009
PRD_400,KEY_010
PRD_400,KEY_037
PRD_400,KEY_045
PRD_400,KEY_061
PRD_400,KEY_068
PRD_401,KEY_001
PRD_401,KEY_006
PRD_401,KEY_010
PRD_401,KEY_045
PRD_401,KEY_061
PRD_401,KEY_068
PRD_402,KEY_001
PRD_402,KEY_006
PRD_402,KEY_010
PRD_402,KEY_044
PRD_402,KEY_045
PRD_402,KEY_067
PRD_402,KEY_068
PRD_403,KEY_001
PRD_403,KEY_006
PRD_403,KEY_010
PRD_403,KEY_046
PRD_403,KEY_058
PRD_403,KEY_061
PRD_403,KEY_068
PRD_404,KEY_001
PRD_404,KEY_006
PRD_404,KEY_010
PRD_404,KEY_044
PRD_404,KEY_023
PRD_404,KEY_064
PRD_404,KEY_068
PRD_405,KEY_001
PRD_405,KEY_006
PRD_405,KEY_010
PRD_405,KEY_021
PRD_405,KEY_061
PRD_405,KEY_064
PRD_405,KEY_068
PRD_406,KEY_001
PRD_406,KEY_006
PRD_406,KEY_010
PRD_406,KEY_021
PRD_406,KEY_020
PRD_406,KEY_064
PRD_406,KEY_068
PRD_407,KEY_001
PRD_407,KEY_006
PRD_407,KEY_010
PRD_407,KEY_046
PRD_407,KEY_058
PRD_407,KEY_028
PRD_407,KEY_068
PRD_408,KEY_001
PRD_408,KEY_006
PRD_408,KEY_010
PRD_408,KEY_064
PRD_408,KEY_068
PRD_409,KEY_001
PRD_409,KEY_005
PRD_409,KEY_006
PRD_409,KEY_010
PRD_409,KEY_064
PRD_409,KEY_068
PRD_410,KEY_001
PRD_410,KEY_005
PRD_410,KEY_006
PRD_410,KEY_010
PRD_410,KEY_020
PRD_410,KEY_043
PRD_410,KEY_068
PRD_411,KEY_001
PRD_411,KEY_006
PRD_411,KEY_010
PRD_411,KEY_046
PRD_411,KEY_028
PRD_411,KEY_068
PRD_412,KEY_001
PRD_412,KEY_004
PRD_412,KEY_010
PRD_412,KEY_028
PRD_412,KEY_068
PRD_413,KEY_001
PRD_413,KEY_004
PRD_413,KEY_006
PRD_413,KEY_010
PRD_413,KEY_045
PRD_413,KEY_068
PRD_414,KEY_001
PRD_414,KEY_006
PRD_414,KEY_010
PRD_414,KEY_045
PRD_414,KEY_058
PRD_414,KEY_061
PRD_414,KEY_068
PRD_415,KEY_001
PRD_415,KEY_005
PRD_415,KEY_006
PRD_415,KEY_010
PRD_415,KEY_064
PRD_415,KEY_068
PRD_416,KEY_001
PRD_416,KEY_005
PRD_416,KEY_006
PRD_416,KEY_010
PRD_416,KEY_064
PRD_416,KEY_068
PRD_417,KEY_001
PRD_417,KEY_005
PRD_417,KEY_006
PRD_417,KEY_010
PRD_417,KEY_064
PRD_417,KEY_068
PRD_418,KEY_001
PRD_418,KEY_005
PRD_418,KEY_006
PRD_418,KEY_010
PRD_418,KEY_064
PRD_418,KEY_068
PRD_419,KEY_001
PRD_419,KEY_006
PRD_419,KEY_010
PRD_419,KEY_021
PRD_419,KEY_061
PRD_419,KEY_064
PRD_419,KEY_068
PRD_420,KEY_001
PRD_420,KEY_006
PRD_420,KEY_010
PRD_420,KEY_063
PRD_420,KEY_064
PRD_420,KEY_068
PRD_421,KEY_001
PRD_421,KEY_005
PRD_421,KEY_006
PRD_421,KEY_010
PRD_421,KEY_040
PRD_421,KEY_064
PRD_421,KEY_068
PRD_422,KEY_001
PRD_422,KEY_006
PRD_422,KEY_010
PRD_422,KEY_021
PRD_422,KEY_061
PRD_422,KEY_064
PRD_422,KEY_068
PRD_423,KEY_001
PRD_423,KEY_006
PRD_423,KEY_010
PRD_423,KEY_061
PRD_423,KEY_064
PRD_423,KEY_068
PRD_424,KEY_001
PRD_424,KEY_006
PRD_424,KEY_010
PRD_424,KEY_041
PRD_424,KEY_053
PRD_424,KEY_061
PRD_424,KEY_064
PRD_424,KEY_068
PRD_425,KEY_003
PRD_425,KEY_009
PRD_425,KEY_043
PRD_425,KEY_050
PRD_425,KEY_068
PRD_426,KEY_003
PRD_426,KEY_009
PRD_426,KEY_043
PRD_426,KEY_050
PRD_426,KEY_068
PRD_427,KEY_003
PRD_427,KEY_011
PRD_427,KEY_042
PRD_427,KEY_047
PRD_427,KEY_068
PRD_428,KEY_003
PRD_428,KEY_011
PRD_428,KEY_043
PRD_428,KEY_068
PRD_429,KEY_003
PRD_429,KEY_043
PRD_429,KEY_049
PRD_429,KEY_064
PRD_429,KEY_068
PRD_430,KEY_002
PRD_430,KEY_007
PRD_430,KEY_043
PRD_430,KEY_057
PRD_430,KEY_064
PRD_430,KEY_068
PRD_431,KEY_003
PRD_431,KEY_043
PRD_431,KEY_048
PRD_431,KEY_064
PRD_431,KEY_068
PRD_432,KEY_019
PRD_432,KEY_031
PRD_432,KEY_043
PRD_432,KEY_061
PRD_432,KEY_062
PRD_432,KEY_064
PRD_432,KEY_068
PRD_433,KEY_029
PRD_433,KEY_030
PRD_433,KEY_031
PRD_433,KEY_051
PRD_433,KEY_061
PRD_433,KEY_064
PRD_433,KEY_068
PRD_434,KEY_015
PRD_434,KEY_019
PRD_434,KEY_026
PRD_434,KEY_043
PRD_434,KEY_068
PRD_435,KEY_003
PRD_435,KEY_042
PRD_435,KEY_047
PRD_435,KEY_064
PRD_435,KEY_068
PRD_436,KEY_046
PRD_436,KEY_003
PRD_436,KEY_004
PRD_436,KEY_038
PRD_436,KEY_010
PRD_437,KEY_003
PRD_437,KEY_038
PRD_437,KEY_010
PRD_437,KEY_055
PRD_437,KEY_067
PRD_438,KEY_045
PRD_438,KEY_003
PRD_438,KEY_004
PRD_438,KEY_038
PRD_438,KEY_010
PRD_439,KEY_048
PRD_439,KEY_012
PRD_439,KEY_009
PRD_439,KEY_055
PRD_439,KEY_026
PRD_440,KEY_048
PRD_440,KEY_003
PRD_440,KEY_038
PRD_440,KEY_010
PRD_440,KEY_009
PRD_441,KEY_055
PRD_441,KEY_068
PRD_441,KEY_043
PRD_442,KEY_051
PRD_442,KEY_029
PRD_442,KEY_030
PRD_442,KEY_062
PRD_442,KEY_031
PRD_443,KEY_030
PRD_443,KEY_062
PRD_443,KEY_003
PRD_443,KEY_055
PRD_443,KEY_064
PRD_444,KEY_048
PRD_444,KEY_034
PRD_444,KEY_033
PRD_444,KEY_056
PRD_444,KEY_065
PRD_445,KEY_056
PRD_445,KEY_067
PRD_445,KEY_053
PRD_445,KEY_068
PRD_446,KEY_003
PRD_446,KEY_011
PRD_446,KEY_056
PRD_446,KEY_068
PRD_447,KEY_048
PRD_447,KEY_010
PRD_447,KEY_065
PRD_447,KEY_068
PRD_448,KEY_007
PRD_448,KEY_003
PRD_448,KEY_038
PRD_448,KEY_010
PRD_449,KEY_018
PRD_449,KEY_052
PRD_449,KEY_062
PRD_449,KEY_054
PRD_449,KEY_064
PRD_450,KEY_045
PRD_450,KEY_048
PRD_450,KEY_004
PRD_450,KEY_055
PRD_450,KEY_056
PRD_451,KEY_008
PRD_451,KEY_003
PRD_451,KEY_038
PRD_451,KEY_010
PRD_451,KEY_067
PRD_452,KEY_029
PRD_452,KEY_062
PRD_452,KEY_043
PRD_452,KEY_064
PRD_453,KEY_029
PRD_453,KEY_030
PRD_453,KEY_062
PRD_453,KEY_003
PRD_453,KEY_038
PRD_454,KEY_036
PRD_454,KEY_068
PRD_454,KEY_003
PRD_455,KEY_005
PRD_455,KEY_036
PRD_455,KEY_068
PRD_456,KEY_046
PRD_456,KEY_045
PRD_456,KEY_003
PRD_456,KEY_004
PRD_456,KEY_038
PRD_457,KEY_046
PRD_457,KEY_048
PRD_457,KEY_003
PRD_457,KEY_005
PRD_457,KEY_038
PRD_458,KEY_029
PRD_458,KEY_007
PRD_458,KEY_012
PRD_458,KEY_003
PRD_458,KEY_038
PRD_459,KEY_029
PRD_459,KEY_062
PRD_459,KEY_043
PRD_459,KEY_064
PRD_459,KEY_061
PRD_460,KEY_051
PRD_460,KEY_062
PRD_460,KEY_031
PRD_460,KEY_064
PRD_460,KEY_061
PRD_461,KEY_029
PRD_461,KEY_030
PRD_461,KEY_062
PRD_461,KEY_003
PRD_461,KEY_038
PRD_462,KEY_045
PRD_462,KEY_003
PRD_462,KEY_004
PRD_462,KEY_038
PRD_462,KEY_010
PRD_463,KEY_048
PRD_463,KEY_003
PRD_463,KEY_038
PRD_463,KEY_010
PRD_463,KEY_055
PRD_464,KEY_002
PRD_464,KEY_056
PRD_464,KEY_068
PRD_465,KEY_049
PRD_465,KEY_048
PRD_465,KEY_003
PRD_465,KEY_038
PRD_465,KEY_010
PRD_466,KEY_048
PRD_466,KEY_003
PRD_466,KEY_038
PRD_466,KEY_010
PRD_466,KEY_039
PRD_467,KEY_003
PRD_467,KEY_004
PRD_467,KEY_038
PRD_467,KEY_010
PRD_467,KEY_067
PRD_468,KEY_046
PRD_468,KEY_005
PRD_468,KEY_039
PRD_468,KEY_006
PRD_468,KEY_040
PRD_469,KEY_045
PRD_469,KEY_004
PRD_469,KEY_055
PRD_469,KEY_068
PRD_470,KEY_046
PRD_470,KEY_012
PRD_470,KEY_004
PRD_470,KEY_005
PRD_470,KEY_039
PRD_471,KEY_029
PRD_471,KEY_043
PRD_471,KEY_056
PRD_471,KEY_068
PRD_472,KEY_034
PRD_472,KEY_003
PRD_472,KEY_056
PRD_472,KEY_067
PRD_472,KEY_068
PRD_473,KEY_015
PRD_473,KEY_052
PRD_473,KEY_062
PRD_473,KEY_003
PRD_473,KEY_038
PRD_474,KEY_050
PRD_474,KEY_055
PRD_474,KEY_047
PRD_474,KEY_068
PRD_475,KEY_068
PRD_475,KEY_043
PRD_475,KEY_061
PRD_476,KEY_044
PRD_476,KEY_062
PRD_476,KEY_003
PRD_476,KEY_038
PRD_476,KEY_010
PRD_477,KEY_048
PRD_477,KEY_012
PRD_477,KEY_009
PRD_477,KEY_055
PRD_477,KEY_026
PRD_478,KEY_034
PRD_478,KEY_003
PRD_478,KEY_056
PRD_478,KEY_068
PRD_479,KEY_029
PRD_479,KEY_007
PRD_479,KEY_012
PRD_479,KEY_003
PRD_479,KEY_038
PRD_480,KEY_034
PRD_480,KEY_035
PRD_480,KEY_012
PRD_480,KEY_056
PRD_480,KEY_026
PRD_481,KEY_007
PRD_481,KEY_012
PRD_481,KEY_003
PRD_481,KEY_038
PRD_481,KEY_010
PRD_482,KEY_007
PRD_482,KEY_003
PRD_482,KEY_038
PRD_482,KEY_010
PRD_482,KEY_067
PRD_483,KEY_045
PRD_483,KEY_004
PRD_483,KEY_040
PRD_483,KEY_068
PRD_484,KEY_045
PRD_484,KEY_004
PRD_484,KEY_039
PRD_484,KEY_055
PRD_484,KEY_040
PRD_485,KEY_045
PRD_485,KEY_003
PRD_485,KEY_004
PRD_485,KEY_039
PRD_485,KEY_067
PRD_486,KEY_046
PRD_486,KEY_045
PRD_486,KEY_004
PRD_486,KEY_038
PRD_486,KEY_006
PRD_487,KEY_048
PRD_487,KEY_038
PRD_487,KEY_011
PRD_487,KEY_055
PRD_487,KEY_056
PRD_488,KEY_048
PRD_488,KEY_003
PRD_488,KEY_055
PRD_489,KEY_046
PRD_489,KEY_005
PRD_489,KEY_038
PRD_489,KEY_006
PRD_489,KEY_056
PRD_490,KEY_045
PRD_490,KEY_004
PRD_490,KEY_038
PRD_490,KEY_039
PRD_490,KEY_056
PRD_491,KEY_048
PRD_491,KEY_038
PRD_491,KEY_011
PRD_491,KEY_009
PRD_491,KEY_055
PRD_492,KEY_062
PRD_492,KEY_067
PRD_492,KEY_064
PRD_492,KEY_068
PRD_493,KEY_049
PRD_493,KEY_048
PRD_493,KEY_009
PRD_493,KEY_055
PRD_493,KEY_067
PRD_494,KEY_002
PRD_494,KEY_056
PRD_494,KEY_068
PRD_495,KEY_055
PRD_495,KEY_065
PRD_495,KEY_068
PRD_496,KEY_044
PRD_496,KEY_038
PRD_496,KEY_010
PRD_496,KEY_056
PRD_496,KEY_068
PRD_497,KEY_048
PRD_497,KEY_004
PRD_497,KEY_038
PRD_497,KEY_009
PRD_497,KEY_056
PRD_498,KEY_015
PRD_498,KEY_012
PRD_498,KEY_026
PRD_498,KEY_068
PRD_499,KEY_007
PRD_499,KEY_056
PRD_499,KEY_067
PRD_499,KEY_053
PRD_499,KEY_068
PRD_500,KEY_048
PRD_500,KEY_003
PRD_500,KEY_038
PRD_500,KEY_009
PRD_500,KEY_055
PRD_501,KEY_048
PRD_501,KEY_009
PRD_501,KEY_055
PRD_501,KEY_068
PRD_502,KEY_046
PRD_502,KEY_048
PRD_502,KEY_004
PRD_502,KEY_038
PRD_502,KEY_010
PRD_503,KEY_050
PRD_503,KEY_011
PRD_503,KEY_055
PRD_503,KEY_047
PRD_503,KEY_056
PRD_504,KEY_003
PRD_504,KEY_068
PRD_504,KEY_043
PRD_505,KEY_048
PRD_505,KEY_038
PRD_505,KEY_011
PRD_505,KEY_009
PRD_505,KEY_056
PRD_506,KEY_048
PRD_506,KEY_003
PRD_506,KEY_009
PRD_506,KEY_055
PRD_506,KEY_068
PRD_507,KEY_046
PRD_507,KEY_004
PRD_507,KEY_038
PRD_507,KEY_010
PRD_507,KEY_006
PRD_508,KEY_050
PRD_508,KEY_038
PRD_508,KEY_009
PRD_508,KEY_055
PRD_508,KEY_047
PRD_509,KEY_044
PRD_509,KEY_038
PRD_509,KEY_010
PRD_509,KEY_055
PRD_509,KEY_056
PRD_510,KEY_048
PRD_510,KEY_038
PRD_510,KEY_009
PRD_510,KEY_055
PRD_510,KEY_056
PRD_511,KEY_045
PRD_511,KEY_004
PRD_511,KEY_038
PRD_511,KEY_055
PRD_511,KEY_056
PRD_512,KEY_051
PRD_512,KEY_031
PRD_512,KEY_068
PRD_513,KEY_030
PRD_513,KEY_062
PRD_513,KEY_064
PRD_513,KEY_061
PRD_513,KEY_068
PRD_514,KEY_008
PRD_514,KEY_038
PRD_514,KEY_056
PRD_514,KEY_068
PRD_515,KEY_018
PRD_515,KEY_062
PRD_515,KEY_054
PRD_515,KEY_064
PRD_515,KEY_061
PRD_516,KEY_029
PRD_516,KEY_030
PRD_516,KEY_062
PRD_516,KEY_043
PRD_516,KEY_064
PRD_517,KEY_008
PRD_517,KEY_048
PRD_517,KEY_009
PRD_517,KEY_055
PRD_517,KEY_067
PRD_518,KEY_048
PRD_518,KEY_038
PRD_518,KEY_011
PRD_518,KEY_009
PRD_518,KEY_056
PRD_519,KEY_051
PRD_519,KEY_029
PRD_519,KEY_062
PRD_519,KEY_031
PRD_519,KEY_043
PRD_520,KEY_062
PRD_520,KEY_064
PRD_520,KEY_068
PRD_521,KEY_015
PRD_521,KEY_067
PRD_521,KEY_068
PRD_522,KEY_067
PRD_522,KEY_068
PRD_522,KEY_003
PRD_523,KEY_038
PRD_523,KEY_067
PRD_523,KEY_068
PRD_524,KEY_045
PRD_524,KEY_048
PRD_524,KEY_004
PRD_524,KEY_038
PRD_524,KEY_011
PRD_525,KEY_056
PRD_525,KEY_067
PRD_525,KEY_068
PRD_526,KEY_003
PRD_526,KEY_039
PRD_526,KEY_056
PRD_526,KEY_068
PRD_527,KEY_068
PRD_527,KEY_003
PRD_527,KEY_061
PRD_528,KEY_044
PRD_528,KEY_038
PRD_528,KEY_010
PRD_528,KEY_056
PRD_528,KEY_067
PRD_529,KEY_003
PRD_529,KEY_055
PRD_529,KEY_067
PRD_529,KEY_068
PRD_530,KEY_048
PRD_530,KEY_050
PRD_530,KEY_010
PRD_530,KEY_009
PRD_530,KEY_055
PRD_531,KEY_048
PRD_531,KEY_055
PRD_531,KEY_056
PRD_531,KEY_068
PRD_532,KEY_048
PRD_532,KEY_003
PRD_532,KEY_004
PRD_532,KEY_055
PRD_532,KEY_068
PRD_533,KEY_003
PRD_533,KEY_004
PRD_533,KEY_055
PRD_533,KEY_068
PRD_534,KEY_048
PRD_534,KEY_003
PRD_534,KEY_009
PRD_534,KEY_055
PRD_534,KEY_068
PRD_535,KEY_048
PRD_535,KEY_003
PRD_535,KEY_055
PRD_535,KEY_068
PRD_536,KEY_012
PRD_536,KEY_026
PRD_536,KEY_067
PRD_536,KEY_040
PRD_536,KEY_068
PRD_537,KEY_046
PRD_537,KEY_005
PRD_537,KEY_039
PRD_537,KEY_006
PRD_537,KEY_056
PRD_538,KEY_039
PRD_538,KEY_067
PRD_538,KEY_068
PRD_539,KEY_046
PRD_539,KEY_003
PRD_539,KEY_005
PRD_539,KEY_006
PRD_539,KEY_068
PRD_540,KEY_009
PRD_540,KEY_056
PRD_540,KEY_067
PRD_540,KEY_061
PRD_540,KEY_068
PRD_541,KEY_009
PRD_541,KEY_056
PRD_541,KEY_068
PRD_542,KEY_049
PRD_542,KEY_068
PRD_542,KEY_003
PRD_543,KEY_049
PRD_543,KEY_055
PRD_543,KEY_067
PRD_543,KEY_068
PRD_544,KEY_004
PRD_544,KEY_039
PRD_544,KEY_068
PRD_545,KEY_044
PRD_545,KEY_010
PRD_545,KEY_039
PRD_545,KEY_068
PRD_546,KEY_045
PRD_546,KEY_004
PRD_546,KEY_040
PRD_546,KEY_068
PRD_547,KEY_044
PRD_547,KEY_003
PRD_547,KEY_010
PRD_547,KEY_039
PRD_547,KEY_055
PRD_548,KEY_068
PRD_548,KEY_043
PRD_548,KEY_061
PRD_549,KEY_045
PRD_549,KEY_004
PRD_549,KEY_038
PRD_549,KEY_056
PRD_549,KEY_068
PRD_550,KEY_046
PRD_550,KEY_006
PRD_550,KEY_067
PRD_550,KEY_068
PRD_551,KEY_046
PRD_551,KEY_048
PRD_551,KEY_003
PRD_551,KEY_004
PRD_551,KEY_011
PRD_552,KEY_049
PRD_552,KEY_048
PRD_552,KEY_010
PRD_552,KEY_009
PRD_552,KEY_055
PRD_553,KEY_048
PRD_553,KEY_050
PRD_553,KEY_055
PRD_553,KEY_047
PRD_553,KEY_063
PRD_554,KEY_049
PRD_554,KEY_048
PRD_554,KEY_010
PRD_554,KEY_009
PRD_554,KEY_055
PRD_555,KEY_068
PRD_555,KEY_043
PRD_555,KEY_061
PRD_556,KEY_003
PRD_556,KEY_056
PRD_556,KEY_068
PRD_557,KEY_048
PRD_557,KEY_050
PRD_557,KEY_055
PRD_557,KEY_047
PRD_557,KEY_068
PRD_558,KEY_049
PRD_558,KEY_048
PRD_558,KEY_055
PRD_558,KEY_067
PRD_558,KEY_068
PRD_559,KEY_049
PRD_559,KEY_068
PRD_559,KEY_043
PRD_560,KEY_002
PRD_560,KEY_049
PRD_560,KEY_003
PRD_560,KEY_009
PRD_560,KEY_055
PRD_561,KEY_049
PRD_561,KEY_003
PRD_561,KEY_009
PRD_561,KEY_055
PRD_561,KEY_067
PRD_562,KEY_010
PRD_562,KEY_038
PRD_562,KEY_048
PRD_563,KEY_006
PRD_563,KEY_010
PRD_563,KEY_038
PRD_564,KEY_003
PRD_564,KEY_055
PRD_564,KEY_061
PRD_564,KEY_068
PRD_565,KEY_048
PRD_565,KEY_055
PRD_565,KEY_043
PRD_566,KEY_048
PRD_566,KEY_011
PRD_566,KEY_068
PRD_567,KEY_048
PRD_567,KEY_012
PRD_567,KEY_011
PRD_567,KEY_026
PRD_567,KEY_068
PRD_568,KEY_003
PRD_568,KEY_009
PRD_568,KEY_055
PRD_568,KEY_068
PRD_569,KEY_050
PRD_569,KEY_010
PRD_569,KEY_009
PRD_569,KEY_055
PRD_569,KEY_047
PRD_570,KEY_068
PRD_570,KEY_043
PRD_570,KEY_061
PRD_571,KEY_068
PRD_571,KEY_043
PRD_571,KEY_061
PRD_572,KEY_062
PRD_572,KEY_003
PRD_572,KEY_005
PRD_572,KEY_067
PRD_572,KEY_064
PRD_573,KEY_068
PRD_573,KEY_043
PRD_573,KEY_061
PRD_574,KEY_018
PRD_574,KEY_054
PRD_574,KEY_043
PRD_575,KEY_001
PRD_575,KEY_005
PRD_575,KEY_010
PRD_575,KEY_067
PRD_575,KEY_068
PRD_576,KEY_048
PRD_576,KEY_050
PRD_576,KEY_011
PRD_576,KEY_009
PRD_576,KEY_055
PRD_577,KEY_048
PRD_577,KEY_050
PRD_577,KEY_004
PRD_577,KEY_009
PRD_577,KEY_047
PRD_578,KEY_048
PRD_578,KEY_050
PRD_578,KEY_009
PRD_578,KEY_055
PRD_578,KEY_047
PRD_579,KEY_049
PRD_579,KEY_009
PRD_579,KEY_068
PRD_580,KEY_048
PRD_580,KEY_050
PRD_580,KEY_009
PRD_580,KEY_055
PRD_580,KEY_047
PRD_581,KEY_050
PRD_581,KEY_055
PRD_581,KEY_047
PRD_581,KEY_065
PRD_581,KEY_068
PRD_582,KEY_008
PRD_582,KEY_051
PRD_582,KEY_062
PRD_582,KEY_031
PRD_582,KEY_004
PRD_583,KEY_002
PRD_583,KEY_051
PRD_583,KEY_007
PRD_583,KEY_062
PRD_583,KEY_031
PRD_584,KEY_051
PRD_584,KEY_030
PRD_584,KEY_062
PRD_584,KEY_031
PRD_584,KEY_067
PRD_585,KEY_051
PRD_585,KEY_012
PRD_585,KEY_030
PRD_585,KEY_062
PRD_585,KEY_031
PRD_586,KEY_001
PRD_586,KEY_003
PRD_586,KEY_004
PRD_586,KEY_005
PRD_586,KEY_065
PRD_587,KEY_001
PRD_587,KEY_004
PRD_587,KEY_005
PRD_587,KEY_055
PRD_587,KEY_068
PRD_588,KEY_046
PRD_588,KEY_010
PRD_588,KEY_006
PRD_588,KEY_067
PRD_588,KEY_063
PRD_589,KEY_063
PRD_589,KEY_068
PRD_589,KEY_043
PRD_590,KEY_004
PRD_590,KEY_067
PRD_590,KEY_068
PRD_591,KEY_045
PRD_591,KEY_050
PRD_591,KEY_004
PRD_591,KEY_055
PRD_591,KEY_047
PRD_592,KEY_004
PRD_592,KEY_067
PRD_592,KEY_063
PRD_592,KEY_068
PRD_593,KEY_003
PRD_593,KEY_004
PRD_593,KEY_038
PRD_593,KEY_068
PRD_594,KEY_046
PRD_594,KEY_010
PRD_594,KEY_006
PRD_594,KEY_068
PRD_595,KEY_046
PRD_595,KEY_010
PRD_595,KEY_006
PRD_595,KEY_067
PRD_595,KEY_068
PRD_596,KEY_008
PRD_596,KEY_046
PRD_596,KEY_005
PRD_596,KEY_006
PRD_596,KEY_056
PRD_597,KEY_056
PRD_597,KEY_068
PRD_597,KEY_043
PRD_598,KEY_048
PRD_598,KEY_003
PRD_598,KEY_038
PRD_598,KEY_056
PRD_598,KEY_061
PRD_599,KEY_003
PRD_599,KEY_010
PRD_599,KEY_009
PRD_599,KEY_055
PRD_599,KEY_067
PRD_600,KEY_048
PRD_600,KEY_009
PRD_600,KEY_055
PRD_600,KEY_056
PRD_600,KEY_068
PRD_601,KEY_003
PRD_601,KEY_039
PRD_601,KEY_068
PRD_602,KEY_003
PRD_602,KEY_039
PRD_602,KEY_068
PRD_603,KEY_048
PRD_603,KEY_010
PRD_603,KEY_055
PRD_603,KEY_068
PRD_604,KEY_048
PRD_604,KEY_050
PRD_604,KEY_009
PRD_604,KEY_055
PRD_604,KEY_047
PRD_605,KEY_048
PRD_605,KEY_010
PRD_605,KEY_009
PRD_605,KEY_055
PRD_605,KEY_063
PRD_606,KEY_009
PRD_606,KEY_063
PRD_606,KEY_068
PRD_607,KEY_048
PRD_607,KEY_009
PRD_607,KEY_055
PRD_607,KEY_063
PRD_607,KEY_068
PRD_608,KEY_048
PRD_608,KEY_011
PRD_608,KEY_063
PRD_608,KEY_068
PRD_609,KEY_050
PRD_609,KEY_003
PRD_609,KEY_055
PRD_609,KEY_047
PRD_609,KEY_068
PRD_610,KEY_048
PRD_610,KEY_003
PRD_610,KEY_009
PRD_610,KEY_067
PRD_610,KEY_068
PRD_611,KEY_050
PRD_611,KEY_055
PRD_611,KEY_047
PRD_611,KEY_067
PRD_611,KEY_065
PRD_612,KEY_050
PRD_612,KEY_055
PRD_612,KEY_047
PRD_612,KEY_067
PRD_612,KEY_061
PRD_613,KEY_002
PRD_613,KEY_060
PRD_613,KEY_056
PRD_613,KEY_068
PRD_614,KEY_046
PRD_614,KEY_010
PRD_614,KEY_006
PRD_614,KEY_067
PRD_614,KEY_068
PRD_615,KEY_050
PRD_615,KEY_010
PRD_615,KEY_047
PRD_615,KEY_068
PRD_616,KEY_050
PRD_616,KEY_047
PRD_616,KEY_067
PRD_616,KEY_065
PRD_616,KEY_068
PRD_617,KEY_050
PRD_617,KEY_047
PRD_617,KEY_067
PRD_617,KEY_065
PRD_617,KEY_068
PRD_618,KEY_067
PRD_618,KEY_068
PRD_618,KEY_003
PRD_619,KEY_050
PRD_619,KEY_003
PRD_619,KEY_047
PRD_619,KEY_067
PRD_619,KEY_053
PRD_620,KEY_048
PRD_620,KEY_050
PRD_620,KEY_055
PRD_620,KEY_047
PRD_620,KEY_068
PRD_621,KEY_048
PRD_621,KEY_050
PRD_621,KEY_009
PRD_621,KEY_055
PRD_621,KEY_047
PRD_622,KEY_015
PRD_622,KEY_052
PRD_622,KEY_062
PRD_622,KEY_064
PRD_622,KEY_061
PRD_623,KEY_052
PRD_623,KEY_062
PRD_623,KEY_064
PRD_623,KEY_061
PRD_623,KEY_068
PRD_624,KEY_008
PRD_624,KEY_045
PRD_624,KEY_004
PRD_624,KEY_039
PRD_624,KEY_067
PRD_625,KEY_068
PRD_625,KEY_043
PRD_625,KEY_061
PRD_626,KEY_015
PRD_626,KEY_030
PRD_626,KEY_068
PRD_627,KEY_019
PRD_627,KEY_003
PRD_627,KEY_043
PRD_627,KEY_055
PRD_627,KEY_067
PRD_628,KEY_030
PRD_628,KEY_067
PRD_628,KEY_068
PRD_629,KEY_067
PRD_629,KEY_053
PRD_629,KEY_003
PRD_630,KEY_029
PRD_630,KEY_003
PRD_630,KEY_043
PRD_630,KEY_068
PRD_631,KEY_015
PRD_631,KEY_052
PRD_631,KEY_062
PRD_631,KEY_003
PRD_631,KEY_064
PRD_632,KEY_003
PRD_632,KEY_039
PRD_632,KEY_055
PRD_632,KEY_061
PRD_633,KEY_002
PRD_633,KEY_060
PRD_633,KEY_056
PRD_633,KEY_067
PRD_633,KEY_068
PRD_634,KEY_005
PRD_634,KEY_067
PRD_634,KEY_068
PRD_635,KEY_046
PRD_635,KEY_039
PRD_635,KEY_006
PRD_635,KEY_067
PRD_635,KEY_068
PRD_636,KEY_003
PRD_636,KEY_036
PRD_636,KEY_067
PRD_636,KEY_068
PRD_637,KEY_003
PRD_637,KEY_004
PRD_637,KEY_067
PRD_637,KEY_068
PRD_638,KEY_011
PRD_638,KEY_067
PRD_638,KEY_068
PRD_639,KEY_003
PRD_639,KEY_067
PRD_639,KEY_068
PRD_640,KEY_003
PRD_640,KEY_055
PRD_640,KEY_067
PRD_640,KEY_068
PRD_641,KEY_001
PRD_641,KEY_048
PRD_641,KEY_004
PRD_641,KEY_005
PRD_641,KEY_039
PRD_642,KEY_003
PRD_642,KEY_055
PRD_642,KEY_067
PRD_642,KEY_068
PRD_643,KEY_003
PRD_643,KEY_009
PRD_643,KEY_055
PRD_643,KEY_067
PRD_643,KEY_068
PRD_644,KEY_003
PRD_644,KEY_055
PRD_644,KEY_067
PRD_644,KEY_061
PRD_644,KEY_053
PRD_645,KEY_003
PRD_645,KEY_009
PRD_645,KEY_055
PRD_645,KEY_067
PRD_645,KEY_053
PRD_646,KEY_048
PRD_646,KEY_011
PRD_646,KEY_067
PRD_646,KEY_068
PRD_647,KEY_048
PRD_647,KEY_003
PRD_647,KEY_011
PRD_647,KEY_055
PRD_647,KEY_067
PRD_648,KEY_003
PRD_648,KEY_055
PRD_648,KEY_067
PRD_648,KEY_068
PRD_649,KEY_046
PRD_649,KEY_010
PRD_649,KEY_006
PRD_649,KEY_067
PRD_649,KEY_068
PRD_650,KEY_003
PRD_650,KEY_005
PRD_650,KEY_038
PRD_650,KEY_056
PRD_650,KEY_067
PRD_651,KEY_046
PRD_651,KEY_010
PRD_651,KEY_006
PRD_651,KEY_067
PRD_651,KEY_068
PRD_652,KEY_046
PRD_652,KEY_003
PRD_652,KEY_038
PRD_652,KEY_010
PRD_652,KEY_006
PRD_653,KEY_067
PRD_653,KEY_068
PRD_653,KEY_003
PRD_654,KEY_045
PRD_654,KEY_004
PRD_654,KEY_067
PRD_654,KEY_068
PRD_655,KEY_003
PRD_655,KEY_010
PRD_655,KEY_067
PRD_655,KEY_068
PRD_656,KEY_044
PRD_656,KEY_038
PRD_656,KEY_010
PRD_656,KEY_056
PRD_656,KEY_068
PRD_657,KEY_044
PRD_657,KEY_007
PRD_657,KEY_010
PRD_657,KEY_056
PRD_657,KEY_067
PRD_658,KEY_046
PRD_658,KEY_059
PRD_658,KEY_010
PRD_658,KEY_039
PRD_658,KEY_006
PRD_659,KEY_046
PRD_659,KEY_003
PRD_659,KEY_059
PRD_659,KEY_010
PRD_659,KEY_039
PRD_660,KEY_002
PRD_660,KEY_045
PRD_660,KEY_003
PRD_660,KEY_038
PRD_660,KEY_056
PRD_661,KEY_008
PRD_661,KEY_068
PRD_661,KEY_043
PRD_662,KEY_008
PRD_662,KEY_067
PRD_662,KEY_068
PRD_663,KEY_008
PRD_663,KEY_067
PRD_663,KEY_068
PRD_664,KEY_008
PRD_664,KEY_067
PRD_664,KEY_061
PRD_664,KEY_068
PRD_665,KEY_008
PRD_665,KEY_067
PRD_665,KEY_061
PRD_665,KEY_053
PRD_665,KEY_068
PRD_666,KEY_008
PRD_666,KEY_012
PRD_666,KEY_026
PRD_666,KEY_067
PRD_666,KEY_068
PRD_667,KEY_008
PRD_667,KEY_003
PRD_667,KEY_067
PRD_667,KEY_068
PRD_668,KEY_008
PRD_668,KEY_055
PRD_668,KEY_067
PRD_668,KEY_061
PRD_668,KEY_068
PRD_669,KEY_008
PRD_669,KEY_061
PRD_669,KEY_068
PRD_670,KEY_048
PRD_670,KEY_003
PRD_670,KEY_036
PRD_670,KEY_009
PRD_670,KEY_055
PRD_671,KEY_003
PRD_671,KEY_009
PRD_671,KEY_055
PRD_671,KEY_067
PRD_671,KEY_068
PRD_672,KEY_007
PRD_672,KEY_056
PRD_672,KEY_067
PRD_672,KEY_053
PRD_672,KEY_068
PRD_673,KEY_002
PRD_673,KEY_060
PRD_673,KEY_056
PRD_673,KEY_067
PRD_673,KEY_068
PRD_674,KEY_002
PRD_674,KEY_062
PRD_674,KEY_060
PRD_674,KEY_056
PRD_674,KEY_064
PRD_675,KEY_002
PRD_675,KEY_060
PRD_675,KEY_055
PRD_675,KEY_056
PRD_675,KEY_067
PRD_676,KEY_007
PRD_676,KEY_056
PRD_676,KEY_067
PRD_676,KEY_068
PRD_677,KEY_002
PRD_677,KEY_060
PRD_677,KEY_056
PRD_677,KEY_067
PRD_677,KEY_053
PRD_678,KEY_030
PRD_678,KEY_063
PRD_678,KEY_068
PRD_679,KEY_030
PRD_679,KEY_056
PRD_679,KEY_068
PRD_680,KEY_051
PRD_680,KEY_062
PRD_680,KEY_031
PRD_680,KEY_064
PRD_680,KEY_061
PRD_681,KEY_008
PRD_681,KEY_002
PRD_681,KEY_051
PRD_681,KEY_030
PRD_681,KEY_031
PRD_682,KEY_029
PRD_682,KEY_043
PRD_682,KEY_068
PRD_683,KEY_012
PRD_683,KEY_030
PRD_683,KEY_026
PRD_683,KEY_067
PRD_683,KEY_068
PRD_684,KEY_034
PRD_684,KEY_003
PRD_684,KEY_036
PRD_684,KEY_056
PRD_684,KEY_055
PRD_685,KEY_034
PRD_685,KEY_035
PRD_685,KEY_003
PRD_685,KEY_036
PRD_685,KEY_056
PRD_686,KEY_048
PRD_686,KEY_009
PRD_686,KEY_055
PRD_686,KEY_068
PRD_687,KEY_048
PRD_687,KEY_003
PRD_687,KEY_009
PRD_687,KEY_055
PRD_687,KEY_068
PRD_688,KEY_003
PRD_688,KEY_038
PRD_688,KEY_068
PRD_689,KEY_051
PRD_689,KEY_062
PRD_689,KEY_031
PRD_689,KEY_064
PRD_689,KEY_063
PRD_690,KEY_051
PRD_690,KEY_062
PRD_690,KEY_031
PRD_690,KEY_067
PRD_690,KEY_064
PRD_691,KEY_048
PRD_691,KEY_011
PRD_691,KEY_009
PRD_691,KEY_055
PRD_691,KEY_068
PRD_692,KEY_048
PRD_692,KEY_003
PRD_692,KEY_010
PRD_692,KEY_068
PRD_693,KEY_051
PRD_693,KEY_062
PRD_693,KEY_031
PRD_693,KEY_064
PRD_693,KEY_063
PRD_694,KEY_048
PRD_694,KEY_055
PRD_694,KEY_068
PRD_695,KEY_048
PRD_695,KEY_011
PRD_695,KEY_056
PRD_695,KEY_063
PRD_695,KEY_068
PRD_696,KEY_051
PRD_696,KEY_030
PRD_696,KEY_062
PRD_696,KEY_031
PRD_696,KEY_067
PRD_697,KEY_051
PRD_697,KEY_062
PRD_697,KEY_031
PRD_697,KEY_064
PRD_697,KEY_068
PRD_698,KEY_051
PRD_698,KEY_062
PRD_698,KEY_031
PRD_698,KEY_067
PRD_698,KEY_064
PRD_699,KEY_051
PRD_699,KEY_012
PRD_699,KEY_003
PRD_699,KEY_031
PRD_699,KEY_026
PRD_700,KEY_051
PRD_700,KEY_012
PRD_700,KEY_003
PRD_700,KEY_031
PRD_700,KEY_026
PRD_701,KEY_051
PRD_701,KEY_062
PRD_701,KEY_031
PRD_701,KEY_064
PRD_701,KEY_063
PRD_702,KEY_048
PRD_702,KEY_009
PRD_702,KEY_068
PRD_703,KEY_044
PRD_703,KEY_010
PRD_703,KEY_056
PRD_703,KEY_068
PRD_704,KEY_003
PRD_704,KEY_010
PRD_704,KEY_039
PRD_704,KEY_055
PRD_704,KEY_068
PRD_705,KEY_045
PRD_705,KEY_044
PRD_705,KEY_048
PRD_705,KEY_007
PRD_705,KEY_004
PRD_706,KEY_045
PRD_706,KEY_063
PRD_706,KEY_068
PRD_707,KEY_051
PRD_707,KEY_031
PRD_707,KEY_067
PRD_707,KEY_068
PRD_708,KEY_046
PRD_708,KEY_010
PRD_708,KEY_006
PRD_708,KEY_067
PRD_708,KEY_068
PRD_709,KEY_046
PRD_709,KEY_010
PRD_709,KEY_006
PRD_709,KEY_067
PRD_709,KEY_068
PRD_710,KEY_002
PRD_710,KEY_056
PRD_710,KEY_068
PRD_711,KEY_002
PRD_711,KEY_056
PRD_711,KEY_063
PRD_711,KEY_068
PRD_712,KEY_007
PRD_712,KEY_003
PRD_712,KEY_038
PRD_712,KEY_068
PRD_713,KEY_051
PRD_713,KEY_062
PRD_713,KEY_031
PRD_713,KEY_064
PRD_713,KEY_068
PRD_714,KEY_038
PRD_714,KEY_056
PRD_714,KEY_068
PRD_715,KEY_036
PRD_715,KEY_063
PRD_715,KEY_068
PRD_716,KEY_051
PRD_716,KEY_030
PRD_716,KEY_062
PRD_716,KEY_031
PRD_716,KEY_064
PRD_717,KEY_018
PRD_717,KEY_062
PRD_717,KEY_054
PRD_717,KEY_064
PRD_717,KEY_063
PRD_718,KEY_051
PRD_718,KEY_062
PRD_718,KEY_031
PRD_718,KEY_067
PRD_718,KEY_064
PRD_719,KEY_034
PRD_719,KEY_007
PRD_719,KEY_056
PRD_719,KEY_063
PRD_719,KEY_068
PRD_720,KEY_048
PRD_720,KEY_034
PRD_720,KEY_033
PRD_720,KEY_056
PRD_720,KEY_063
PRD_721,KEY_034
PRD_721,KEY_003
PRD_721,KEY_056
PRD_721,KEY_068
PRD_722,KEY_034
PRD_722,KEY_003
PRD_722,KEY_038
PRD_722,KEY_056
PRD_722,KEY_068
PRD_723,KEY_015
PRD_723,KEY_063
PRD_723,KEY_068
PRD_724,KEY_048
PRD_724,KEY_011
PRD_724,KEY_056
PRD_724,KEY_063
PRD_724,KEY_068
PRD_725,KEY_012
PRD_725,KEY_062
PRD_725,KEY_026
PRD_725,KEY_064
PRD_725,KEY_068
PRD_726,KEY_030
PRD_726,KEY_068
PRD_726,KEY_003
PRD_727,KEY_051
PRD_727,KEY_015
PRD_727,KEY_031
PRD_727,KEY_063
PRD_727,KEY_068
PRD_728,KEY_051
PRD_728,KEY_031
PRD_728,KEY_063
PRD_728,KEY_068
PRD_729,KEY_019
PRD_729,KEY_043
PRD_729,KEY_065
PRD_729,KEY_068
PRD_730,KEY_062
PRD_730,KEY_064
PRD_730,KEY_068
PRD_731,KEY_019
PRD_731,KEY_043
PRD_731,KEY_063
PRD_731,KEY_068
PRD_732,KEY_019
PRD_732,KEY_012
PRD_732,KEY_043
PRD_732,KEY_055
PRD_732,KEY_026
PRD_733,KEY_051
PRD_733,KEY_012
PRD_733,KEY_062
PRD_733,KEY_031
PRD_733,KEY_026
PRD_734,KEY_051
PRD_734,KEY_012
PRD_734,KEY_031
PRD_734,KEY_055
PRD_734,KEY_026
PRD_735,KEY_036
PRD_735,KEY_067
PRD_735,KEY_063
PRD_735,KEY_068
PRD_736,KEY_048
PRD_736,KEY_012
PRD_736,KEY_055
PRD_736,KEY_026
PRD_736,KEY_068
PRD_737,KEY_048
PRD_737,KEY_038
PRD_737,KEY_056
PRD_737,KEY_068
PRD_738,KEY_048
PRD_738,KEY_050
PRD_738,KEY_011
PRD_738,KEY_055
PRD_738,KEY_047
PRD_739,KEY_049
PRD_739,KEY_048
PRD_739,KEY_009
PRD_739,KEY_055
PRD_739,KEY_067
PRD_740,KEY_048
PRD_740,KEY_009
PRD_740,KEY_055
PRD_740,KEY_068
PRD_741,KEY_002
PRD_741,KEY_007
PRD_741,KEY_056
PRD_741,KEY_068
PRD_742,KEY_038
PRD_742,KEY_056
PRD_742,KEY_065
PRD_742,KEY_068
PRD_743,KEY_038
PRD_743,KEY_009
PRD_743,KEY_056
PRD_743,KEY_068
PRD_744,KEY_048
PRD_744,KEY_003
PRD_744,KEY_055
PRD_744,KEY_068
PRD_745,KEY_046
PRD_745,KEY_005
PRD_745,KEY_038
PRD_745,KEY_006
PRD_745,KEY_056
PRD_746,KEY_046
PRD_746,KEY_005
PRD_746,KEY_038
PRD_746,KEY_006
PRD_746,KEY_056
PRD_747,KEY_044
PRD_747,KEY_048
PRD_747,KEY_038
PRD_747,KEY_010
PRD_747,KEY_009
PRD_748,KEY_045
PRD_748,KEY_004
PRD_748,KEY_011
PRD_748,KEY_068
PRD_749,KEY_045
PRD_749,KEY_048
PRD_749,KEY_004
PRD_749,KEY_010
PRD_749,KEY_009
PRD_750,KEY_045
PRD_750,KEY_012
PRD_750,KEY_004
PRD_750,KEY_026
PRD_750,KEY_067
PRD_751,KEY_044
PRD_751,KEY_003
PRD_751,KEY_010
PRD_751,KEY_039
PRD_751,KEY_068
PRD_752,KEY_045
PRD_752,KEY_068
PRD_752,KEY_003
PRD_753,KEY_038
PRD_753,KEY_039
PRD_753,KEY_056
PRD_753,KEY_068
PRD_754,KEY_046
PRD_754,KEY_005
PRD_754,KEY_006
PRD_754,KEY_067
PRD_754,KEY_040
PRD_755,KEY_005
PRD_755,KEY_039
PRD_755,KEY_067
PRD_755,KEY_068
PRD_756,KEY_046
PRD_756,KEY_005
PRD_756,KEY_006
PRD_756,KEY_067
PRD_756,KEY_040
PRD_757,KEY_045
PRD_757,KEY_004
PRD_757,KEY_038
PRD_757,KEY_056
PRD_757,KEY_067
PRD_758,KEY_015
PRD_758,KEY_052
PRD_758,KEY_012
PRD_758,KEY_055
PRD_758,KEY_026
PRD_759,KEY_015
PRD_759,KEY_052
PRD_759,KEY_012
PRD_759,KEY_026
PRD_759,KEY_068
PRD_760,KEY_046
PRD_760,KEY_005
PRD_760,KEY_006
PRD_760,KEY_067
PRD_760,KEY_040
PRD_761,KEY_044
PRD_761,KEY_012
PRD_761,KEY_026
PRD_761,KEY_067
PRD_761,KEY_053
PRD_762,KEY_038
PRD_762,KEY_011
PRD_762,KEY_056
PRD_762,KEY_068
PRD_763,KEY_045
PRD_763,KEY_004
PRD_763,KEY_038
PRD_763,KEY_056
PRD_763,KEY_067
PRD_764,KEY_003
PRD_764,KEY_039
PRD_764,KEY_055
PRD_764,KEY_068
PRD_765,KEY_048
PRD_765,KEY_038
PRD_765,KEY_036
PRD_765,KEY_056
PRD_765,KEY_068
PRD_766,KEY_048
PRD_766,KEY_004
PRD_766,KEY_038
PRD_766,KEY_009
PRD_766,KEY_055
PRD_767,KEY_007
PRD_767,KEY_038
PRD_767,KEY_056
PRD_767,KEY_068
PRD_768,KEY_007
PRD_768,KEY_038
PRD_768,KEY_056
PRD_768,KEY_068
PRD_769,KEY_038
PRD_769,KEY_056
PRD_769,KEY_068
PRD_770,KEY_007
PRD_770,KEY_038
PRD_770,KEY_055
PRD_770,KEY_056
PRD_770,KEY_068
PRD_771,KEY_007
PRD_771,KEY_038
PRD_771,KEY_056
PRD_771,KEY_068
PRD_772,KEY_007
PRD_772,KEY_012
PRD_772,KEY_026
PRD_772,KEY_068
PRD_773,KEY_015
PRD_773,KEY_012
PRD_773,KEY_030
PRD_773,KEY_026
PRD_773,KEY_068
PRD_774,KEY_007
PRD_774,KEY_038
PRD_774,KEY_068
PRD_775,KEY_049
PRD_775,KEY_048
PRD_775,KEY_038
PRD_775,KEY_055
PRD_775,KEY_056
PRD_776,KEY_030
PRD_776,KEY_062
PRD_776,KEY_064
PRD_776,KEY_068
PRD_777,KEY_030
PRD_777,KEY_062
PRD_777,KEY_064
PRD_777,KEY_061
PRD_777,KEY_068
PRD_778,KEY_018
PRD_778,KEY_012
PRD_778,KEY_054
PRD_778,KEY_055
PRD_778,KEY_026
PRD_779,KEY_015
PRD_779,KEY_052
PRD_779,KEY_012
PRD_779,KEY_062
PRD_779,KEY_026
PRD_780,KEY_015
PRD_780,KEY_052
PRD_780,KEY_012
PRD_780,KEY_062
PRD_780,KEY_026
PRD_781,KEY_046
PRD_781,KEY_006
PRD_781,KEY_067
PRD_781,KEY_053
PRD_781,KEY_068
PRD_782,KEY_046
PRD_782,KEY_006
PRD_782,KEY_068
PRD_783,KEY_015
PRD_783,KEY_052
PRD_783,KEY_012
PRD_783,KEY_003
PRD_783,KEY_026
PRD_784,KEY_015
PRD_784,KEY_012
PRD_784,KEY_055
PRD_784,KEY_026
PRD_784,KEY_068
PRD_785,KEY_044
PRD_785,KEY_048
PRD_785,KEY_007
PRD_785,KEY_010
PRD_785,KEY_039
PRD_786,KEY_045
PRD_786,KEY_004
PRD_786,KEY_039
PRD_786,KEY_067
PRD_786,KEY_040
PRD_787,KEY_045
PRD_787,KEY_044
PRD_787,KEY_004
PRD_787,KEY_010
PRD_787,KEY_067
PRD_788,KEY_048
PRD_788,KEY_003
PRD_788,KEY_068
PRD_789,KEY_003
PRD_789,KEY_068
PRD_789,KEY_061
PRD_790,KEY_003
PRD_790,KEY_043
PRD_790,KEY_068
PRD_791,KEY_003
PRD_791,KEY_039
PRD_791,KEY_055
PRD_791,KEY_068
PRD_792,KEY_003
PRD_792,KEY_039
PRD_792,KEY_063
PRD_792,KEY_068
PRD_793,KEY_003
PRD_793,KEY_068
PRD_793,KEY_061
PRD_794,KEY_003
PRD_794,KEY_009
PRD_794,KEY_055
PRD_794,KEY_068
PRD_795,KEY_050
PRD_795,KEY_055
PRD_795,KEY_047
PRD_796,KEY_003
PRD_796,KEY_039
PRD_796,KEY_055
PRD_796,KEY_067
PRD_797,KEY_062
PRD_797,KEY_059
PRD_797,KEY_039
PRD_797,KEY_064
PRD_797,KEY_068
PRD_798,KEY_046
PRD_798,KEY_048
PRD_798,KEY_003
PRD_798,KEY_004
PRD_798,KEY_011
PRD_799,KEY_003
PRD_799,KEY_068
PRD_799,KEY_043
PRD_800,KEY_046
PRD_800,KEY_044
PRD_800,KEY_010
PRD_800,KEY_006
PRD_800,KEY_068
PRD_801,KEY_039
PRD_801,KEY_067
PRD_801,KEY_068
PRD_802,KEY_003
PRD_802,KEY_055
PRD_802,KEY_068
PRD_803,KEY_059
PRD_803,KEY_039
PRD_803,KEY_055
PRD_803,KEY_068
PRD_804,KEY_003
PRD_804,KEY_009
PRD_804,KEY_055
PRD_805,KEY_003
PRD_805,KEY_039
PRD_805,KEY_055
PRD_806,KEY_039
PRD_806,KEY_068
PRD_806,KEY_003
PRD_807,KEY_051
PRD_807,KEY_031
PRD_807,KEY_038
PRD_807,KEY_039
PRD_807,KEY_068
PRD_808,KEY_048
PRD_808,KEY_003
PRD_808,KEY_009
PRD_808,KEY_055
PRD_808,KEY_056
PRD_809,KEY_003
PRD_809,KEY_009
PRD_809,KEY_055
PRD_809,KEY_056
PRD_809,KEY_068
PRD_810,KEY_039
PRD_810,KEY_055
PRD_810,KEY_068
PRD_811,KEY_062
PRD_811,KEY_059
PRD_811,KEY_039
PRD_811,KEY_055
PRD_811,KEY_056
PRD_812,KEY_003
PRD_812,KEY_039
PRD_812,KEY_068
PRD_813,KEY_003
PRD_813,KEY_059
PRD_813,KEY_039
PRD_813,KEY_055
PRD_813,KEY_068
PRD_814,KEY_059
PRD_814,KEY_039
PRD_814,KEY_068
PRD_815,KEY_048
PRD_815,KEY_010
PRD_815,KEY_039
PRD_815,KEY_068
PRD_816,KEY_048
PRD_816,KEY_010
PRD_816,KEY_039
PRD_816,KEY_056
PRD_816,KEY_068
PRD_817,KEY_003
PRD_817,KEY_039
PRD_817,KEY_055
PRD_818,KEY_002
PRD_818,KEY_044
PRD_818,KEY_003
PRD_818,KEY_010
PRD_818,KEY_039
PRD_819,KEY_048
PRD_819,KEY_003
PRD_819,KEY_009
PRD_819,KEY_055
PRD_819,KEY_068
PRD_820,KEY_049
PRD_820,KEY_067
PRD_820,KEY_068
PRD_821,KEY_003
PRD_821,KEY_039
PRD_821,KEY_055
PRD_822,KEY_003
PRD_822,KEY_009
PRD_822,KEY_055
PRD_823,KEY_002
PRD_823,KEY_059
PRD_823,KEY_039
PRD_823,KEY_056
PRD_823,KEY_068
PRD_824,KEY_048
PRD_824,KEY_003
PRD_824,KEY_055
PRD_825,KEY_003
PRD_825,KEY_005
PRD_825,KEY_039
PRD_825,KEY_055
PRD_825,KEY_063
PRD_826,KEY_046
PRD_826,KEY_051
PRD_826,KEY_003
PRD_826,KEY_031
PRD_826,KEY_004
PRD_827,KEY_048
PRD_827,KEY_003
PRD_827,KEY_010
PRD_827,KEY_009
PRD_827,KEY_055
PRD_828,KEY_048
PRD_828,KEY_003
PRD_828,KEY_055
PRD_828,KEY_068
PRD_829,KEY_048
PRD_829,KEY_003
PRD_829,KEY_055
PRD_829,KEY_067
PRD_829,KEY_068
PRD_830,KEY_008
PRD_830,KEY_056
PRD_830,KEY_043
PRD_831,KEY_008
PRD_831,KEY_043
PRD_831,KEY_068
PRD_832,KEY_046
PRD_832,KEY_010
PRD_832,KEY_006
PRD_832,KEY_068
PRD_833,KEY_002
PRD_833,KEY_044
PRD_833,KEY_003
PRD_833,KEY_010
PRD_833,KEY_039
PRD_834,KEY_049
PRD_834,KEY_003
PRD_834,KEY_056
PRD_834,KEY_068
PRD_835,KEY_048
PRD_835,KEY_003
PRD_835,KEY_009
PRD_835,KEY_055
PRD_835,KEY_056
PRD_574,KEY_068
PRD_006,KEY_042
PRD_046,KEY_001
PRD_047,KEY_003
PRD_050,KEY_003
PRD_1236,KEY_006
PRD_1236,KEY_010
PRD_1236,KEY_068
PRD_1237,KEY_001
PRD_1237,KEY_006
PRD_1237,KEY_010
PRD_1237,KEY_067
PRD_1238,KEY_001
PRD_1238,KEY_005
PRD_1238,KEY_010
PRD_1238,KEY_068
PRD_1239,KEY_003
PRD_1239,KEY_005
PRD_1239,KEY_040
PRD_1239,KEY_068
PRD_1240,KEY_006
PRD_1240,KEY_038
PRD_1240,KEY_058
PRD_1240,KEY_068
PRD_1241,KEY_003
PRD_1241,KEY_049
PRD_1241,KEY_064
PRD_1241,KEY_068
PRD_1242,KEY_008
PRD_1242,KEY_042
PRD_1242,KEY_055
PRD_1242,KEY_068
PRD_1243,KEY_019
PRD_1243,KEY_043
PRD_1243,KEY_064
PRD_1243,KEY_068
PRD_1244,KEY_031
PRD_1244,KEY_051
PRD_1244,KEY_062
PRD_1244,KEY_064
PRD_1245,KEY_006
PRD_1245,KEY_038
PRD_1245,KEY_007
PRD_1245,KEY_068
PRD_1247,KEY_001
PRD_1247,KEY_004
PRD_1247,KEY_045
PRD_1247,KEY_067
PRD_1247,KEY_068
PRD_1248,KEY_001
PRD_1248,KEY_010
PRD_1248,KEY_044
PRD_1248,KEY_040
PRD_1248,KEY_068
PRD_1249,KEY_007
PRD_1249,KEY_038
PRD_1249,KEY_056
PRD_1249,KEY_068
PRD_1250,KEY_048
PRD_1250,KEY_010
PRD_1250,KEY_038
PRD_1250,KEY_043
PRD_1250,KEY_068
PRD_1251,KEY_007
PRD_1251,KEY_038
PRD_1251,KEY_056
PRD_1251,KEY_068
PRD_1252,KEY_002
PRD_1252,KEY_007
PRD_1252,KEY_056
PRD_1252,KEY_067
PRD_1252,KEY_068
PRD_1253,KEY_008
PRD_1253,KEY_038
PRD_1253,KEY_055
PRD_1253,KEY_068
PRD_1254,KEY_003
PRD_1254,KEY_038
PRD_1254,KEY_063
PRD_1254,KEY_068
PRD_1255,KEY_003
PRD_1255,KEY_038
PRD_1255,KEY_063
PRD_1255,KEY_068
PRD_1256,KEY_006
PRD_1256,KEY_038
PRD_1256,KEY_067
PRD_1256,KEY_068
PRD_1257,KEY_003
PRD_1257,KEY_038
PRD_1257,KEY_063
PRD_1257,KEY_068
PRD_1258,KEY_019
PRD_1258,KEY_043
PRD_1258,KEY_065
PRD_1258,KEY_068
PRD_1259,KEY_019
PRD_1259,KEY_043
PRD_1259,KEY_065
PRD_1259,KEY_068
PRD_1260,KEY_019
PRD_1260,KEY_043
PRD_1260,KEY_065
PRD_1260,KEY_068
PRD_1261,KEY_048
PRD_1261,KEY_055
PRD_1261,KEY_043
PRD_1261,KEY_068
PRD_1262,KEY_034
PRD_1262,KEY_043
PRD_1262,KEY_063
PRD_1262,KEY_068
PRD_1263,KEY_007
PRD_1263,KEY_038
PRD_1263,KEY_056
PRD_1263,KEY_068
PRD_1264,KEY_001
PRD_1264,KEY_010
PRD_1264,KEY_044
PRD_1264,KEY_040
PRD_1264,KEY_068
PRD_1265,KEY_048
PRD_1265,KEY_055
PRD_1265,KEY_043
PRD_1265,KEY_068
PRD_1266,KEY_001
PRD_1266,KEY_006
PRD_1266,KEY_010
PRD_1266,KEY_067
PRD_1266,KEY_068
PRD_1267,KEY_001
PRD_1267,KEY_006
PRD_1267,KEY_010
PRD_1267,KEY_067
PRD_1267,KEY_068
PRD_1268,KEY_001
PRD_1268,KEY_006
PRD_1268,KEY_010
PRD_1268,KEY_067
PRD_1268,KEY_068
PRD_1269,KEY_001
PRD_1269,KEY_006
PRD_1269,KEY_010
PRD_1269,KEY_067
PRD_1269,KEY_068
PRD_1270,KEY_001
PRD_1270,KEY_004
PRD_1270,KEY_045
PRD_1270,KEY_067
PRD_1270,KEY_068
PRD_1271,KEY_001
PRD_1271,KEY_006
PRD_1271,KEY_010
PRD_1271,KEY_067
PRD_1271,KEY_068
PRD_1272,KEY_001
PRD_1272,KEY_004
PRD_1272,KEY_045
PRD_1272,KEY_038
PRD_1272,KEY_068
PRD_1273,KEY_001
PRD_1273,KEY_006
PRD_1273,KEY_061
PRD_1273,KEY_064
PRD_1273,KEY_068
PRD_1274,KEY_001
PRD_1274,KEY_006
PRD_1274,KEY_061
PRD_1274,KEY_064
PRD_1274,KEY_068
PRD_1275,KEY_001
PRD_1275,KEY_005
PRD_1275,KEY_010
PRD_1275,KEY_064
PRD_1275,KEY_068
PRD_1276,KEY_001
PRD_1276,KEY_005
PRD_1276,KEY_026
PRD_1276,KEY_064
PRD_1276,KEY_068
PRD_1277,KEY_001
PRD_1277,KEY_006
PRD_1277,KEY_010
PRD_1277,KEY_067
PRD_1277,KEY_068
PRD_1278,KEY_001
PRD_1278,KEY_044
PRD_1278,KEY_057
PRD_1278,KEY_024
PRD_1278,KEY_068
PRD_1279,KEY_007
PRD_1279,KEY_038
PRD_1279,KEY_056
PRD_1279,KEY_068
PRD_1280,KEY_006
PRD_1280,KEY_038
PRD_1280,KEY_067
PRD_1280,KEY_068
PRD_1281,KEY_048
PRD_1281,KEY_010
PRD_1281,KEY_038
PRD_1281,KEY_043
PRD_1281,KEY_068
PRD_1282,KEY_003
PRD_1282,KEY_055
PRD_1282,KEY_043
PRD_1282,KEY_068
PRD_1283,KEY_031
PRD_1283,KEY_062
PRD_1283,KEY_043
PRD_1283,KEY_068
PRD_1284,KEY_034
PRD_1284,KEY_056
PRD_1284,KEY_065
PRD_1284,KEY_070
PRD_1284,KEY_068
PRD_1285,KEY_031
PRD_1285,KEY_062
PRD_1285,KEY_043
PRD_1285,KEY_068
PRD_1286,KEY_001
PRD_1286,KEY_006
PRD_1286,KEY_010
PRD_1286,KEY_038
PRD_1286,KEY_067
PRD_1287,KEY_001
PRD_1287,KEY_045
PRD_1287,KEY_006
PRD_1287,KEY_067
PRD_1288,KEY_001
PRD_1288,KEY_006
PRD_1288,KEY_058
PRD_1288,KEY_038
PRD_1289,KEY_006
PRD_1289,KEY_038
PRD_1289,KEY_058
PRD_1289,KEY_067
PRD_1290,KEY_001
PRD_1290,KEY_006
PRD_1290,KEY_067
PRD_1290,KEY_020
PRD_1291,KEY_001
PRD_1291,KEY_045
PRD_1291,KEY_037
PRD_1291,KEY_039
PRD_1292,KEY_001
PRD_1292,KEY_046
PRD_1292,KEY_058
PRD_1292,KEY_023
PRD_1293,KEY_001
PRD_1293,KEY_004
PRD_1293,KEY_038
PRD_1293,KEY_067
PRD_1294,KEY_001
PRD_1294,KEY_004
PRD_1294,KEY_023
PRD_1294,KEY_064
PRD_1295,KEY_001
PRD_1295,KEY_010
PRD_1295,KEY_038
PRD_1295,KEY_068
PRD_1296,KEY_003
PRD_1296,KEY_055
PRD_1296,KEY_058
PRD_1296,KEY_068
PRD_1297,KEY_003
PRD_1297,KEY_055
PRD_1297,KEY_048
PRD_1297,KEY_068
PRD_1298,KEY_003
PRD_1298,KEY_055
PRD_1298,KEY_063
PRD_1298,KEY_068
PRD_1299,KEY_003
PRD_1299,KEY_047
PRD_1299,KEY_055
PRD_1299,KEY_068
PRD_1300,KEY_003
PRD_1300,KEY_047
PRD_1300,KEY_055
PRD_1300,KEY_068
PRD_1301,KEY_003
PRD_1301,KEY_011
PRD_1301,KEY_049
PRD_1301,KEY_063
PRD_1302,KEY_003
PRD_1302,KEY_055
PRD_1302,KEY_058
PRD_1302,KEY_068
PRD_1303,KEY_003
PRD_1303,KEY_055
PRD_1303,KEY_020
PRD_1303,KEY_068
PRD_1304,KEY_003
PRD_1304,KEY_055
PRD_1304,KEY_061
PRD_1304,KEY_068
PRD_1305,KEY_001
PRD_1305,KEY_005
PRD_1305,KEY_010
PRD_1305,KEY_063
PRD_1305,KEY_023
PRD_1306,KEY_003
PRD_1306,KEY_001
PRD_1306,KEY_046
PRD_1307,KEY_003
PRD_1307,KEY_001
PRD_1307,KEY_046
PRD_1308,KEY_003
PRD_1308,KEY_001
PRD_1308,KEY_046
PRD_1308,KEY_068
PRD_1309,KEY_001
PRD_1309,KEY_067
PRD_1309,KEY_020
PRD_1310,KEY_001
PRD_1310,KEY_068
PRD_1310,KEY_020
PRD_1310,KEY_067
PRD_1311,KEY_001
PRD_1311,KEY_067
PRD_1311,KEY_020
PRD_1312,KEY_001
PRD_1312,KEY_068
PRD_1312,KEY_020
PRD_1312,KEY_067
PRD_1313,KEY_001
PRD_1313,KEY_038
PRD_1313,KEY_056
PRD_1313,KEY_068
PRD_1313,KEY_067
PRD_1314,KEY_001
PRD_1314,KEY_046
PRD_1314,KEY_038
PRD_1314,KEY_056
PRD_1314,KEY_068
PRD_1315,KEY_001
PRD_1315,KEY_067
PRD_1315,KEY_020
PRD_1316,KEY_001
PRD_1316,KEY_045
PRD_1316,KEY_038
PRD_1316,KEY_056
PRD_1316,KEY_068
PRD_1317,KEY_001
PRD_1317,KEY_046
PRD_1317,KEY_038
PRD_1317,KEY_056
PRD_1317,KEY_067
PRD_1318,KEY_003
PRD_1318,KEY_055
PRD_1318,KEY_020
PRD_1319,KEY_003
PRD_1319,KEY_011
PRD_1319,KEY_020
PRD_1320,KEY_003
PRD_1320,KEY_055
PRD_1320,KEY_020
PRD_1321,KEY_003
PRD_1321,KEY_020
PRD_1321,KEY_068
PRD_1322,KEY_003
PRD_1322,KEY_055
PRD_1322,KEY_020
PRD_1323,KEY_003
PRD_1323,KEY_055
PRD_1323,KEY_020
PRD_1324,KEY_003
PRD_1324,KEY_011
PRD_1324,KEY_020
PRD_1325,KEY_047
PRD_1325,KEY_042
PRD_1325,KEY_009
PRD_1326,KEY_047
PRD_1326,KEY_042
PRD_1326,KEY_009
PRD_1327,KEY_047
PRD_1327,KEY_042
PRD_1327,KEY_009
PRD_1328,KEY_003
PRD_1328,KEY_001
PRD_1328,KEY_005
PRD_1328,KEY_055
PRD_1328,KEY_067
PRD_1329,KEY_003
PRD_1329,KEY_055
PRD_1329,KEY_020
PRD_1330,KEY_003
PRD_1330,KEY_055
PRD_1330,KEY_020
PRD_1331,KEY_048
PRD_1331,KEY_043
PRD_1331,KEY_020
PRD_1332,KEY_038
PRD_1332,KEY_056
PRD_1332,KEY_048
PRD_1332,KEY_043
PRD_1332,KEY_068
PRD_1333,KEY_048
PRD_1333,KEY_043
PRD_1333,KEY_020
PRD_1334,KEY_038
PRD_1334,KEY_056
PRD_1334,KEY_007
PRD_1334,KEY_068
PRD_1334,KEY_067
PRD_1335,KEY_031
PRD_1335,KEY_030
PRD_1335,KEY_064
PRD_1336,KEY_001
PRD_1336,KEY_006
PRD_1336,KEY_010
PRD_1336,KEY_067
PRD_1336,KEY_068
PRD_1337,KEY_007
PRD_1337,KEY_038
PRD_1337,KEY_026
PRD_1337,KEY_068
PRD_1338,KEY_044
PRD_1338,KEY_010
PRD_1338,KEY_038
PRD_1338,KEY_067
PRD_1339,KEY_044
PRD_1339,KEY_010
PRD_1339,KEY_038
PRD_1339,KEY_067
PRD_1340,KEY_001
PRD_1340,KEY_009
PRD_1340,KEY_004
PRD_1340,KEY_042
PRD_1340,KEY_068
PRD_1341,KEY_001
PRD_1341,KEY_006
PRD_1341,KEY_010
PRD_1341,KEY_067
PRD_1341,KEY_068
PRD_1342,KEY_001
PRD_1342,KEY_006
PRD_1342,KEY_010
PRD_1342,KEY_067
PRD_1342,KEY_068
PRD_1343,KEY_001
PRD_1343,KEY_006
PRD_1343,KEY_010
PRD_1343,KEY_067
PRD_1343,KEY_068
PRD_1344,KEY_034
PRD_1344,KEY_036
PRD_1344,KEY_043
PRD_1344,KEY_065
PRD_1344,KEY_068
PRD_1345,KEY_015
PRD_1345,KEY_026
PRD_1345,KEY_041
PRD_1345,KEY_043
PRD_1345,KEY_068
PRD_1346,KEY_048
PRD_1346,KEY_043
PRD_1346,KEY_055
PRD_1346,KEY_068
PRD_1346,KEY_065
PRD_1347,KEY_048
PRD_1347,KEY_043
PRD_1347,KEY_055
PRD_1347,KEY_068
PRD_1347,KEY_065
PRD_1348,KEY_048
PRD_1348,KEY_043
PRD_1348,KEY_055
PRD_1348,KEY_068
PRD_1348,KEY_065
PRD_1349,KEY_048
PRD_1349,KEY_043
PRD_1349,KEY_055
PRD_1349,KEY_068
PRD_1349,KEY_065
PRD_1350,KEY_001
PRD_1350,KEY_006
PRD_1350,KEY_038
PRD_1350,KEY_058
PRD_1350,KEY_067
PRD_1351,KEY_046
PRD_1351,KEY_010
PRD_1351,KEY_040
PRD_1351,KEY_068
PRD_1352,KEY_001
PRD_1352,KEY_006
PRD_1352,KEY_010
PRD_1352,KEY_067
PRD_1352,KEY_068
PRD_1353,KEY_001
PRD_1353,KEY_009
PRD_1353,KEY_004
PRD_1353,KEY_042
PRD_1353,KEY_068
PRD_1354,KEY_008
PRD_1354,KEY_021
PRD_1354,KEY_061
PRD_1354,KEY_068
PRD_1355,KEY_008
PRD_1355,KEY_021
PRD_1355,KEY_061
PRD_1355,KEY_068
PRD_1356,KEY_034
PRD_1356,KEY_043
PRD_1356,KEY_068
PRD_1357,KEY_034
PRD_1357,KEY_043
PRD_1357,KEY_068
PRD_1358,KEY_034
PRD_1358,KEY_043
PRD_1358,KEY_068
PRD_1359,KEY_034
PRD_1359,KEY_043
PRD_1359,KEY_068
PRD_1360,KEY_034
PRD_1360,KEY_043
PRD_1360,KEY_068
PRD_1361,KEY_034
PRD_1361,KEY_043
PRD_1361,KEY_068
PRD_1362,KEY_015
PRD_1362,KEY_041
PRD_1362,KEY_068
PRD_1363,KEY_015
PRD_1363,KEY_041
PRD_1363,KEY_068
PRD_1364,KEY_015
PRD_1364,KEY_041
PRD_1364,KEY_068
PRD_1365,KEY_032
PRD_1365,KEY_041
PRD_1365,KEY_068
PRD_1366,KEY_015
PRD_1366,KEY_041
PRD_1366,KEY_068
PRD_1367,KEY_048
PRD_1367,KEY_043
PRD_1367,KEY_068
PRD_1367,KEY_055
PRD_1368,KEY_048
PRD_1368,KEY_043
PRD_1368,KEY_068
PRD_1368,KEY_055
PRD_1369,KEY_048
PRD_1369,KEY_043
PRD_1369,KEY_068
PRD_1369,KEY_055
PRD_1370,KEY_048
PRD_1370,KEY_043
PRD_1370,KEY_068
PRD_1370,KEY_055
PRD_1371,KEY_048
PRD_1371,KEY_043
PRD_1371,KEY_068
PRD_1371,KEY_055
PRD_1372,KEY_048
PRD_1372,KEY_043
PRD_1372,KEY_068
PRD_1372,KEY_055
PRD_1373,KEY_048
PRD_1373,KEY_043
PRD_1373,KEY_068
PRD_1373,KEY_055
PRD_1374,KEY_048
PRD_1374,KEY_043
PRD_1374,KEY_068
PRD_1374,KEY_055
PRD_1375,KEY_048
PRD_1375,KEY_043
PRD_1375,KEY_068
PRD_1375,KEY_055
PRD_1376,KEY_048
PRD_1376,KEY_043
PRD_1376,KEY_068
PRD_1376,KEY_055
PRD_1377,KEY_001
PRD_1377,KEY_010
PRD_1377,KEY_067
PRD_1377,KEY_068
PRD_1378,KEY_001
PRD_1378,KEY_010
PRD_1378,KEY_067
PRD_1378,KEY_068
PRD_1379,KEY_001
PRD_1379,KEY_010
PRD_1379,KEY_067
PRD_1379,KEY_068
PRD_1380,KEY_001
PRD_1380,KEY_010
PRD_1380,KEY_067
PRD_1380,KEY_068
PRD_1381,KEY_008
PRD_1381,KEY_061
PRD_1381,KEY_064
PRD_1381,KEY_068
PRD_1382,KEY_008
PRD_1382,KEY_061
PRD_1382,KEY_064
PRD_1382,KEY_068
PRD_1383,KEY_008
PRD_1383,KEY_061
PRD_1383,KEY_064
PRD_1383,KEY_068
PRD_1384,KEY_008
PRD_1384,KEY_061
PRD_1384,KEY_064
PRD_1384,KEY_068
PRD_1385,KEY_008
PRD_1385,KEY_061
PRD_1385,KEY_064
PRD_1385,KEY_068
PRD_1386,KEY_001
PRD_1386,KEY_006
PRD_1386,KEY_010
PRD_1386,KEY_023
PRD_1386,KEY_067
PRD_1387,KEY_001
PRD_1387,KEY_006
PRD_1387,KEY_010
PRD_1387,KEY_020
PRD_1387,KEY_067
PRD_1388,KEY_001
PRD_1388,KEY_045
PRD_1388,KEY_010
PRD_1388,KEY_067
PRD_1389,KEY_001
PRD_1389,KEY_046
PRD_1389,KEY_006
PRD_1389,KEY_058
PRD_1389,KEY_061
PRD_1390,KEY_001
PRD_1390,KEY_005
PRD_1390,KEY_010
PRD_1390,KEY_038
PRD_1390,KEY_068
PRD_1391,KEY_001
PRD_1391,KEY_005
PRD_1391,KEY_006
PRD_1391,KEY_068
PRD_1392,KEY_001
PRD_1392,KEY_006
PRD_1392,KEY_010
PRD_1392,KEY_058
PRD_1392,KEY_068
PRD_1393,KEY_001
PRD_1393,KEY_006
PRD_1393,KEY_010
PRD_1393,KEY_004
PRD_1393,KEY_068
PRD_1394,KEY_001
PRD_1394,KEY_006
PRD_1394,KEY_005
PRD_1394,KEY_060
PRD_1394,KEY_067
PRD_1395,KEY_001
PRD_1395,KEY_005
PRD_1395,KEY_010
PRD_1395,KEY_020
PRD_1395,KEY_068
PRD_1396,KEY_001
PRD_1396,KEY_006
PRD_1396,KEY_005
PRD_1396,KEY_067
PRD_1397,KEY_001
PRD_1397,KEY_006
PRD_1397,KEY_005
PRD_1397,KEY_068
PRD_1398,KEY_001
PRD_1398,KEY_006
PRD_1398,KEY_058
PRD_1398,KEY_067
PRD_1399,KEY_003
PRD_1399,KEY_047
PRD_1399,KEY_055
PRD_1399,KEY_042
PRD_1400,KEY_003
PRD_1400,KEY_047
PRD_1400,KEY_059
PRD_1400,KEY_043
PRD_1401,KEY_003
PRD_1401,KEY_047
PRD_1401,KEY_055
PRD_1401,KEY_061
PRD_1402,KEY_003
PRD_1402,KEY_047
PRD_1402,KEY_055
PRD_1402,KEY_061
PRD_1403,KEY_003
PRD_1403,KEY_047
PRD_1403,KEY_055
PRD_1403,KEY_037
PRD_1404,KEY_003
PRD_1404,KEY_048
PRD_1404,KEY_055
PRD_1404,KEY_011
PRD_1405,KEY_001
PRD_1405,KEY_010
PRD_1405,KEY_063
PRD_1405,KEY_024
PRD_1405,KEY_061
PRD_1406,KEY_001
PRD_1406,KEY_010
PRD_1406,KEY_023
PRD_1406,KEY_061
PRD_1407,KEY_001
PRD_1407,KEY_010
PRD_1407,KEY_020
PRD_1407,KEY_067
PRD_1408,KEY_001
PRD_1408,KEY_010
PRD_1408,KEY_064
PRD_1408,KEY_061
PRD_1409,KEY_001
PRD_1409,KEY_045
PRD_1409,KEY_039
PRD_1409,KEY_067
PRD_1410,KEY_001
PRD_1410,KEY_045
PRD_1410,KEY_067
PRD_1410,KEY_061
PRD_1411,KEY_007
PRD_1411,KEY_002
PRD_1411,KEY_056
PRD_1411,KEY_064
PRD_1412,KEY_007
PRD_1412,KEY_058
PRD_1412,KEY_061
PRD_1412,KEY_064
PRD_1413,KEY_001
PRD_1413,KEY_005
PRD_1413,KEY_039
PRD_1413,KEY_064
PRD_1414,KEY_001
PRD_1414,KEY_010
PRD_1414,KEY_039
PRD_1414,KEY_061
PRD_1415,KEY_001
PRD_1415,KEY_010
PRD_1415,KEY_058
PRD_1415,KEY_067
PRD_1416,KEY_003
PRD_1416,KEY_055
PRD_1416,KEY_011
PRD_1416,KEY_043
PRD_1417,KEY_003
PRD_1417,KEY_055
PRD_1417,KEY_058
PRD_1417,KEY_043
PRD_1418,KEY_003
PRD_1418,KEY_028
PRD_1418,KEY_058
PRD_1418,KEY_020
PRD_1419,KEY_003
PRD_1419,KEY_009
PRD_1419,KEY_055
PRD_1419,KEY_047
PRD_1420,KEY_003
PRD_1420,KEY_055
PRD_1420,KEY_009
PRD_1420,KEY_047
PRD_1421,KEY_003
PRD_1421,KEY_055
PRD_1421,KEY_058
PRD_1421,KEY_043
PRD_1422,KEY_003
PRD_1422,KEY_011
PRD_1422,KEY_055
PRD_1422,KEY_043
PRD_1423,KEY_003
PRD_1423,KEY_009
PRD_1423,KEY_055
PRD_1423,KEY_047
PRD_1424,KEY_003
PRD_1424,KEY_009
PRD_1424,KEY_055
PRD_1424,KEY_061
PRD_1425,KEY_003
PRD_1425,KEY_009
PRD_1425,KEY_055
PRD_1425,KEY_061
PRD_1426,KEY_003
PRD_1426,KEY_024
PRD_1426,KEY_009
PRD_1426,KEY_055
PRD_1427,KEY_003
PRD_1427,KEY_039
PRD_1427,KEY_043
PRD_1427,KEY_055
PRD_1428,KEY_001
PRD_1428,KEY_039
PRD_1428,KEY_004
PRD_1428,KEY_020
PRD_1429,KEY_001
PRD_1429,KEY_039
PRD_1429,KEY_067
PRD_1429,KEY_020
PRD_1430,KEY_015
PRD_1430,KEY_031
PRD_1430,KEY_041
PRD_1430,KEY_068
PRD_1431,KEY_031
PRD_1431,KEY_030
PRD_1431,KEY_064
PRD_1431,KEY_068
PRD_1432,KEY_031
PRD_1432,KEY_030
PRD_1432,KEY_026
PRD_1432,KEY_020
PRD_1433,KEY_031
PRD_1433,KEY_032
PRD_1433,KEY_043
PRD_1433,KEY_061
PRD_1434,KEY_031
PRD_1434,KEY_043
PRD_1434,KEY_052
PRD_1434,KEY_061
PRD_1435,KEY_015
PRD_1435,KEY_031
PRD_1435,KEY_026
PRD_1435,KEY_063
PRD_1436,KEY_001
PRD_1436,KEY_045
PRD_1436,KEY_010
PRD_1436,KEY_067
PRD_1436,KEY_068
PRD_1437,KEY_001
PRD_1437,KEY_045
PRD_1437,KEY_010
PRD_1437,KEY_067
PRD_1437,KEY_068
PRD_1438,KEY_001
PRD_1438,KEY_045
PRD_1438,KEY_010
PRD_1438,KEY_067
PRD_1438,KEY_068
PRD_1439,KEY_001
PRD_1439,KEY_046
PRD_1439,KEY_058
PRD_1439,KEY_068
PRD_1439,KEY_023
PRD_1440,KEY_001
PRD_1440,KEY_045
PRD_1440,KEY_058
PRD_1440,KEY_067
PRD_1440,KEY_068
PRD_1441,KEY_001
PRD_1441,KEY_045
PRD_1441,KEY_058
PRD_1441,KEY_067
PRD_1441,KEY_068
PRD_1442,KEY_001
PRD_1442,KEY_045
PRD_1442,KEY_058
PRD_1442,KEY_067
PRD_1442,KEY_068
PRD_1443,KEY_001
PRD_1443,KEY_045
PRD_1443,KEY_058
PRD_1443,KEY_067
PRD_1443,KEY_068
PRD_1444,KEY_001
PRD_1444,KEY_058
PRD_1444,KEY_010
PRD_1444,KEY_041
PRD_1444,KEY_068
PRD_1445,KEY_046
PRD_1445,KEY_059
PRD_1445,KEY_058
PRD_1445,KEY_006
PRD_1445,KEY_068
PRD_1446,KEY_001
PRD_1446,KEY_010
PRD_1446,KEY_064
PRD_1446,KEY_058
PRD_1446,KEY_061
PRD_1447,KEY_001
PRD_1447,KEY_038
PRD_1447,KEY_045
PRD_1447,KEY_010
PRD_1447,KEY_068
PRD_1448,KEY_001
PRD_1448,KEY_039
PRD_1448,KEY_040
PRD_1448,KEY_064
PRD_1448,KEY_068
PRD_1449,KEY_001
PRD_1449,KEY_039
PRD_1449,KEY_040
PRD_1449,KEY_064
PRD_1449,KEY_068
PRD_1450,KEY_001
PRD_1450,KEY_044
PRD_1450,KEY_063
PRD_1450,KEY_068
PRD_1450,KEY_045
PRD_1451,KEY_008
PRD_1451,KEY_068
PRD_1451,KEY_061
PRD_1451,KEY_057
PRD_1451,KEY_064
PRD_1452,KEY_008
PRD_1452,KEY_068
PRD_1452,KEY_061
PRD_1452,KEY_057
PRD_1452,KEY_064
PRD_1453,KEY_008
PRD_1453,KEY_068
PRD_1453,KEY_061
PRD_1453,KEY_057
PRD_1453,KEY_064
PRD_1454,KEY_016
PRD_1454,KEY_026
PRD_1454,KEY_015
PRD_1454,KEY_041
PRD_1454,KEY_043
PRD_1455,KEY_016
PRD_1455,KEY_012
PRD_1455,KEY_015
PRD_1455,KEY_026
PRD_1455,KEY_068
PRD_1456,KEY_001
PRD_1456,KEY_006
PRD_1456,KEY_010
PRD_1456,KEY_045
PRD_1456,KEY_068
PRD_1457,KEY_001
PRD_1457,KEY_006
PRD_1457,KEY_010
PRD_1457,KEY_045
PRD_1457,KEY_068
PRD_1458,KEY_001
PRD_1458,KEY_006
PRD_1458,KEY_010
PRD_1458,KEY_045
PRD_1458,KEY_068
PRD_1459,KEY_001
PRD_1459,KEY_006
PRD_1459,KEY_010
PRD_1459,KEY_045
PRD_1459,KEY_068
PRD_1460,KEY_001
PRD_1460,KEY_006
PRD_1460,KEY_010
PRD_1460,KEY_045
PRD_1460,KEY_068
PRD_1461,KEY_001
PRD_1461,KEY_006
PRD_1461,KEY_010
PRD_1461,KEY_045
PRD_1461,KEY_068
PRD_1462,KEY_001
PRD_1462,KEY_006
PRD_1462,KEY_010
PRD_1462,KEY_045
PRD_1462,KEY_068
PRD_1463,KEY_001
PRD_1463,KEY_006
PRD_1463,KEY_010
PRD_1463,KEY_045
PRD_1463,KEY_068
PRD_1464,KEY_001
PRD_1464,KEY_006
PRD_1464,KEY_044
PRD_1464,KEY_061
PRD_1464,KEY_068
PRD_1465,KEY_001
PRD_1465,KEY_006
PRD_1465,KEY_044
PRD_1465,KEY_061
PRD_1465,KEY_068
PRD_1466,KEY_001
PRD_1466,KEY_006
PRD_1466,KEY_044
PRD_1466,KEY_061
PRD_1466,KEY_068
PRD_1467,KEY_001
PRD_1467,KEY_006
PRD_1467,KEY_044
PRD_1467,KEY_061
PRD_1467,KEY_068
PRD_1468,KEY_001
PRD_1468,KEY_006
PRD_1468,KEY_010
PRD_1468,KEY_067
PRD_1468,KEY_068
PRD_1469,KEY_001
PRD_1469,KEY_006
PRD_1469,KEY_010
PRD_1469,KEY_067
PRD_1469,KEY_068
PRD_1470,KEY_001
PRD_1470,KEY_006
PRD_1470,KEY_010
PRD_1470,KEY_067
PRD_1470,KEY_068
PRD_1471,KEY_001
PRD_1471,KEY_006
PRD_1471,KEY_010
PRD_1471,KEY_067
PRD_1471,KEY_068
PRD_1472,KEY_001
PRD_1472,KEY_006
PRD_1472,KEY_010
PRD_1472,KEY_067
PRD_1472,KEY_068
PRD_1473,KEY_001
PRD_1473,KEY_006
PRD_1473,KEY_010
PRD_1473,KEY_067
PRD_1473,KEY_068
PRD_1474,KEY_001
PRD_1474,KEY_006
PRD_1474,KEY_010
PRD_1474,KEY_067
PRD_1474,KEY_068
PRD_1475,KEY_001
PRD_1475,KEY_006
PRD_1475,KEY_010
PRD_1475,KEY_067
PRD_1475,KEY_068
PRD_1476,KEY_030
PRD_1476,KEY_043
PRD_1476,KEY_062
PRD_1476,KEY_031
PRD_1476,KEY_068
PRD_1477,KEY_030
PRD_1477,KEY_043
PRD_1477,KEY_062
PRD_1477,KEY_031
PRD_1477,KEY_068
PRD_1478,KEY_030
PRD_1478,KEY_043
PRD_1478,KEY_062
PRD_1478,KEY_031
PRD_1478,KEY_068
PRD_1479,KEY_030
PRD_1479,KEY_043
PRD_1479,KEY_062
PRD_1479,KEY_031
PRD_1479,KEY_068
PRD_1480,KEY_030
PRD_1480,KEY_043
PRD_1480,KEY_062
PRD_1480,KEY_031
PRD_1480,KEY_068
PRD_1481,KEY_003
PRD_1481,KEY_049
PRD_1481,KEY_055
PRD_1481,KEY_068
PRD_1482,KEY_003
PRD_1482,KEY_049
PRD_1482,KEY_055
PRD_1482,KEY_068
PRD_1483,KEY_003
PRD_1483,KEY_049
PRD_1483,KEY_055
PRD_1483,KEY_068
PRD_1484,KEY_008
PRD_1484,KEY_061
PRD_1484,KEY_064
PRD_1484,KEY_068
PRD_1485,KEY_008
PRD_1485,KEY_061
PRD_1485,KEY_064
PRD_1485,KEY_068
PRD_1486,KEY_006
PRD_1486,KEY_058
PRD_1486,KEY_068
PRD_1486,KEY_023
PRD_1487,KEY_001
PRD_1487,KEY_064
PRD_1487,KEY_068
PRD_1487,KEY_023
PRD_1488,KEY_001
PRD_1488,KEY_064
PRD_1488,KEY_068
PRD_1488,KEY_023
PRD_1489,KEY_007
PRD_1489,KEY_038
PRD_1489,KEY_068
PRD_1489,KEY_023
PRD_1490,KEY_002
PRD_1490,KEY_060
PRD_1490,KEY_003
PRD_1490,KEY_068
PRD_1491,KEY_002
PRD_1491,KEY_060
PRD_1491,KEY_068
PRD_1491,KEY_023
PRD_1492,KEY_002
PRD_1492,KEY_060
PRD_1492,KEY_068
PRD_1492,KEY_023
PRD_1493,KEY_068
PRD_1493,KEY_023
PRD_1493,KEY_067
PRD_1493,KEY_020
PRD_1494,KEY_001
PRD_1494,KEY_004
PRD_1494,KEY_055
PRD_1494,KEY_068
PRD_1495,KEY_001
PRD_1495,KEY_004
PRD_1495,KEY_055
PRD_1495,KEY_068
PRD_1496,KEY_001
PRD_1496,KEY_064
PRD_1496,KEY_068
PRD_1496,KEY_023
PRD_1497,KEY_001
PRD_1497,KEY_064
PRD_1497,KEY_068
PRD_1497,KEY_023
PRD_1498,KEY_048
PRD_1498,KEY_011
PRD_1498,KEY_068
PRD_1498,KEY_023
PRD_1499,KEY_002
PRD_1499,KEY_060
PRD_1499,KEY_048
PRD_1499,KEY_011
PRD_1500,KEY_003
PRD_1500,KEY_048
PRD_1500,KEY_011
PRD_1500,KEY_068
PRD_1501,KEY_048
PRD_1501,KEY_011
PRD_1501,KEY_068
PRD_1501,KEY_023
PRD_1502,KEY_048
PRD_1502,KEY_011
PRD_1502,KEY_001
PRD_1502,KEY_004
PRD_1503,KEY_044
PRD_1503,KEY_068
PRD_1503,KEY_023
PRD_1503,KEY_067
PRD_1504,KEY_001
PRD_1504,KEY_064
PRD_1504,KEY_068
PRD_1504,KEY_023
PRD_1505,KEY_001
PRD_1505,KEY_064
PRD_1505,KEY_068
PRD_1505,KEY_023
PRD_1506,KEY_002
PRD_1506,KEY_060
PRD_1506,KEY_068
PRD_1506,KEY_023
PRD_1507,KEY_001
PRD_1507,KEY_064
PRD_1507,KEY_068
PRD_1507,KEY_023
PRD_1508,KEY_001
PRD_1508,KEY_004
PRD_1508,KEY_068
PRD_1508,KEY_023
PRD_1509,KEY_006
PRD_1509,KEY_058
PRD_1509,KEY_068
PRD_1509,KEY_023
PRD_1510,KEY_001
PRD_1510,KEY_064
PRD_1510,KEY_006
PRD_1510,KEY_058
PRD_1511,KEY_001
PRD_1511,KEY_004
PRD_1511,KEY_064
PRD_1511,KEY_068
PRD_1512,KEY_002
PRD_1512,KEY_060
PRD_1512,KEY_044
PRD_1512,KEY_068
PRD_1513,KEY_002
PRD_1513,KEY_060
PRD_1513,KEY_044
PRD_1513,KEY_068
PRD_1514,KEY_002
PRD_1514,KEY_060
PRD_1514,KEY_044
PRD_1514,KEY_068
PRD_1515,KEY_002
PRD_1515,KEY_060
PRD_1515,KEY_048
PRD_1515,KEY_011
PRD_1516,KEY_001
PRD_1516,KEY_064
PRD_1516,KEY_068
PRD_1516,KEY_023
PRD_1517,KEY_001
PRD_1517,KEY_004
PRD_1517,KEY_068
PRD_1517,KEY_023
PRD_1518,KEY_003
PRD_1518,KEY_068
PRD_1518,KEY_023
PRD_1518,KEY_067
PRD_1519,KEY_003
PRD_1519,KEY_050
PRD_1519,KEY_055
PRD_1519,KEY_068
PRD_1520,KEY_003
PRD_1520,KEY_050
PRD_1520,KEY_055
PRD_1520,KEY_068
PRD_1521,KEY_002
PRD_1521,KEY_060
PRD_1521,KEY_044
PRD_1521,KEY_001
PRD_1522,KEY_002
PRD_1522,KEY_060
PRD_1522,KEY_006
PRD_1522,KEY_058
PRD_1523,KEY_001
PRD_1523,KEY_064
PRD_1523,KEY_068
PRD_1523,KEY_023
PRD_1524,KEY_001
PRD_1524,KEY_004
PRD_1524,KEY_050
PRD_1524,KEY_055
PRD_1525,KEY_001
PRD_1525,KEY_004
PRD_1525,KEY_050
PRD_1525,KEY_055
PRD_1526,KEY_001
PRD_1526,KEY_004
PRD_1526,KEY_050
PRD_1526,KEY_055
PRD_1527,KEY_001
PRD_1527,KEY_004
PRD_1527,KEY_050
PRD_1527,KEY_055
PRD_1528,KEY_007
PRD_1528,KEY_038
PRD_1528,KEY_068
PRD_1528,KEY_023
PRD_1529,KEY_003
PRD_1529,KEY_068
PRD_1529,KEY_023
PRD_1529,KEY_067
PRD_1530,KEY_003
PRD_1530,KEY_055
PRD_1530,KEY_068
PRD_1530,KEY_023
PRD_1531,KEY_031
PRD_1531,KEY_043
PRD_1531,KEY_062
PRD_1531,KEY_068
PRD_1532,KEY_031
PRD_1532,KEY_043
PRD_1532,KEY_062
PRD_1532,KEY_068
PRD_1533,KEY_031
PRD_1533,KEY_043
PRD_1533,KEY_062
PRD_1533,KEY_068
PRD_1534,KEY_031
PRD_1534,KEY_043
PRD_1534,KEY_062
PRD_1534,KEY_068
PRD_1535,KEY_031
PRD_1535,KEY_043
PRD_1535,KEY_062
PRD_1535,KEY_068
PRD_836,KEY_046
PRD_836,KEY_006
PRD_836,KEY_010
PRD_836,KEY_058
PRD_836,KEY_068
PRD_837,KEY_006
PRD_837,KEY_010
PRD_837,KEY_058
PRD_837,KEY_068
PRD_837,KEY_024
PRD_838,KEY_001
PRD_838,KEY_045
PRD_838,KEY_004
PRD_838,KEY_039
PRD_838,KEY_068
PRD_839,KEY_001
PRD_839,KEY_045
PRD_839,KEY_046
PRD_839,KEY_004
PRD_839,KEY_039
PRD_840,KEY_046
PRD_840,KEY_004
PRD_840,KEY_039
PRD_840,KEY_058
PRD_840,KEY_068
PRD_841,KEY_001
PRD_841,KEY_045
PRD_841,KEY_004
PRD_841,KEY_010
PRD_841,KEY_039
PRD_842,KEY_003
PRD_842,KEY_048
PRD_842,KEY_001
PRD_842,KEY_045
PRD_842,KEY_004
PRD_843,KEY_044
PRD_843,KEY_006
PRD_843,KEY_010
PRD_843,KEY_056
PRD_843,KEY_057
PRD_844,KEY_046
PRD_844,KEY_006
PRD_844,KEY_010
PRD_844,KEY_058
PRD_844,KEY_068
PRD_845,KEY_001
PRD_845,KEY_044
PRD_845,KEY_046
PRD_845,KEY_006
PRD_845,KEY_010
PRD_846,KEY_001
PRD_846,KEY_044
PRD_846,KEY_006
PRD_846,KEY_010
PRD_846,KEY_057
PRD_847,KEY_001
PRD_847,KEY_004
PRD_847,KEY_039
PRD_847,KEY_068
PRD_847,KEY_023
PRD_848,KEY_001
PRD_848,KEY_045
PRD_848,KEY_004
PRD_848,KEY_039
PRD_848,KEY_068
PRD_849,KEY_001
PRD_849,KEY_006
PRD_849,KEY_010
PRD_849,KEY_068
PRD_849,KEY_064
PRD_850,KEY_006
PRD_850,KEY_005
PRD_850,KEY_010
PRD_850,KEY_056
PRD_850,KEY_058
PRD_851,KEY_001
PRD_851,KEY_045
PRD_851,KEY_004
PRD_851,KEY_010
PRD_851,KEY_039
PRD_852,KEY_001
PRD_852,KEY_045
PRD_852,KEY_044
PRD_852,KEY_006
PRD_852,KEY_004
PRD_853,KEY_001
PRD_853,KEY_006
PRD_853,KEY_005
PRD_853,KEY_010
PRD_853,KEY_068
PRD_854,KEY_001
PRD_854,KEY_045
PRD_854,KEY_044
PRD_854,KEY_006
PRD_854,KEY_004
PRD_855,KEY_006
PRD_855,KEY_036
PRD_855,KEY_010
PRD_855,KEY_058
PRD_855,KEY_068
PRD_856,KEY_046
PRD_856,KEY_038
PRD_856,KEY_039
PRD_856,KEY_058
PRD_856,KEY_067
PRD_857,KEY_001
PRD_857,KEY_045
PRD_857,KEY_004
PRD_857,KEY_039
PRD_857,KEY_068
PRD_858,KEY_001
PRD_858,KEY_004
PRD_858,KEY_068
PRD_858,KEY_024
PRD_858,KEY_023
PRD_859,KEY_001
PRD_859,KEY_045
PRD_859,KEY_044
PRD_859,KEY_006
PRD_859,KEY_004
PRD_860,KEY_006
PRD_860,KEY_068
PRD_860,KEY_061
PRD_861,KEY_046
PRD_861,KEY_006
PRD_861,KEY_058
PRD_861,KEY_059
PRD_861,KEY_068
PRD_862,KEY_001
PRD_862,KEY_045
PRD_862,KEY_044
PRD_862,KEY_006
PRD_862,KEY_004
PRD_863,KEY_001
PRD_863,KEY_004
PRD_863,KEY_039
PRD_863,KEY_068
PRD_863,KEY_020
PRD_864,KEY_044
PRD_864,KEY_046
PRD_864,KEY_006
PRD_864,KEY_010
PRD_864,KEY_057
PRD_865,KEY_046
PRD_865,KEY_006
PRD_865,KEY_010
PRD_865,KEY_056
PRD_865,KEY_058
PRD_866,KEY_001
PRD_866,KEY_006
PRD_866,KEY_005
PRD_866,KEY_039
PRD_866,KEY_068
PRD_867,KEY_002
PRD_867,KEY_056
PRD_867,KEY_057
PRD_867,KEY_060
PRD_867,KEY_068
PRD_868,KEY_045
PRD_868,KEY_046
PRD_868,KEY_006
PRD_868,KEY_010
PRD_868,KEY_056
PRD_869,KEY_001
PRD_869,KEY_045
PRD_869,KEY_004
PRD_869,KEY_068
PRD_869,KEY_024
PRD_870,KEY_046
PRD_870,KEY_010
PRD_870,KEY_056
PRD_870,KEY_058
PRD_870,KEY_068
PRD_871,KEY_046
PRD_871,KEY_006
PRD_871,KEY_038
PRD_871,KEY_056
PRD_871,KEY_058
PRD_872,KEY_046
PRD_872,KEY_006
PRD_872,KEY_010
PRD_872,KEY_058
PRD_872,KEY_068
PRD_873,KEY_006
PRD_873,KEY_010
PRD_873,KEY_058
PRD_873,KEY_068
PRD_873,KEY_024
PRD_874,KEY_044
PRD_874,KEY_006
PRD_874,KEY_010
PRD_874,KEY_057
PRD_874,KEY_068
PRD_875,KEY_003
PRD_875,KEY_001
PRD_875,KEY_045
PRD_875,KEY_006
PRD_875,KEY_004
PRD_876,KEY_007
PRD_876,KEY_068
PRD_876,KEY_064
PRD_876,KEY_020
PRD_877,KEY_048
PRD_877,KEY_044
PRD_877,KEY_006
PRD_877,KEY_010
PRD_877,KEY_058
PRD_878,KEY_046
PRD_878,KEY_067
PRD_878,KEY_068
PRD_878,KEY_026
PRD_878,KEY_041
PRD_879,KEY_012
PRD_879,KEY_016
PRD_879,KEY_068
PRD_879,KEY_026
PRD_880,KEY_012
PRD_880,KEY_016
PRD_880,KEY_068
PRD_880,KEY_024
PRD_880,KEY_026
PRD_881,KEY_012
PRD_881,KEY_015
PRD_881,KEY_018
PRD_881,KEY_054
PRD_881,KEY_068
PRD_882,KEY_051
PRD_882,KEY_029
PRD_882,KEY_031
PRD_882,KEY_062
PRD_882,KEY_068
PRD_883,KEY_032
PRD_883,KEY_052
PRD_883,KEY_068
PRD_883,KEY_023
PRD_884,KEY_032
PRD_884,KEY_068
PRD_884,KEY_024
PRD_885,KEY_030
PRD_885,KEY_036
PRD_885,KEY_068
PRD_885,KEY_020
PRD_886,KEY_046
PRD_886,KEY_005
PRD_886,KEY_055
PRD_886,KEY_068
PRD_886,KEY_020
PRD_887,KEY_001
PRD_887,KEY_045
PRD_887,KEY_044
PRD_887,KEY_006
PRD_887,KEY_004
PRD_888,KEY_046
PRD_888,KEY_006
PRD_888,KEY_058
PRD_888,KEY_059
PRD_888,KEY_068
PRD_889,KEY_001
PRD_889,KEY_045
PRD_889,KEY_006
PRD_889,KEY_004
PRD_889,KEY_059
PRD_890,KEY_046
PRD_890,KEY_006
PRD_890,KEY_010
PRD_890,KEY_058
PRD_890,KEY_068
PRD_891,KEY_006
PRD_891,KEY_012
PRD_891,KEY_010
PRD_891,KEY_058
PRD_891,KEY_068
PRD_892,KEY_048
PRD_892,KEY_001
PRD_892,KEY_045
PRD_892,KEY_004
PRD_892,KEY_009
PRD_893,KEY_001
PRD_893,KEY_004
PRD_893,KEY_009
PRD_893,KEY_056
PRD_893,KEY_068
PRD_894,KEY_001
PRD_894,KEY_004
PRD_894,KEY_009
PRD_894,KEY_068
PRD_894,KEY_024
PRD_895,KEY_001
PRD_895,KEY_004
PRD_895,KEY_009
PRD_895,KEY_039
PRD_895,KEY_067
PRD_896,KEY_003
PRD_896,KEY_048
PRD_896,KEY_055
PRD_896,KEY_068
PRD_896,KEY_061
PRD_897,KEY_003
PRD_897,KEY_048
PRD_897,KEY_050
PRD_897,KEY_047
PRD_897,KEY_042
PRD_898,KEY_007
PRD_898,KEY_003
PRD_898,KEY_056
PRD_898,KEY_057
PRD_898,KEY_068
PRD_899,KEY_008
PRD_899,KEY_068
PRD_899,KEY_024
PRD_899,KEY_020
PRD_900,KEY_001
PRD_900,KEY_044
PRD_900,KEY_046
PRD_900,KEY_006
PRD_900,KEY_010
PRD_901,KEY_003
PRD_901,KEY_055
PRD_901,KEY_068
PRD_901,KEY_024
PRD_901,KEY_020
PRD_902,KEY_001
PRD_902,KEY_004
PRD_902,KEY_009
PRD_902,KEY_039
PRD_902,KEY_067
PRD_903,KEY_012
PRD_903,KEY_016
PRD_903,KEY_068
PRD_903,KEY_023
PRD_903,KEY_026
PRD_904,KEY_012
PRD_904,KEY_016
PRD_904,KEY_068
PRD_904,KEY_020
PRD_905,KEY_019
PRD_905,KEY_030
PRD_905,KEY_068
PRD_905,KEY_064
PRD_905,KEY_043
PRD_906,KEY_012
PRD_906,KEY_015
PRD_906,KEY_068
PRD_906,KEY_024
PRD_906,KEY_023
PRD_907,KEY_051
PRD_907,KEY_029
PRD_907,KEY_031
PRD_907,KEY_062
PRD_907,KEY_058
PRD_908,KEY_012
PRD_908,KEY_016
PRD_908,KEY_068
PRD_908,KEY_024
PRD_908,KEY_023
PRD_909,KEY_015
PRD_909,KEY_052
PRD_909,KEY_068
PRD_909,KEY_020
PRD_910,KEY_012
PRD_910,KEY_017
PRD_910,KEY_068
PRD_910,KEY_023
PRD_910,KEY_026
PRD_911,KEY_012
PRD_911,KEY_015
PRD_911,KEY_030
PRD_911,KEY_068
PRD_911,KEY_020
PRD_912,KEY_015
PRD_912,KEY_032
PRD_912,KEY_068
PRD_912,KEY_026
PRD_912,KEY_027
PRD_913,KEY_015
PRD_913,KEY_032
PRD_913,KEY_030
PRD_913,KEY_068
PRD_913,KEY_020
PRD_914,KEY_009
PRD_914,KEY_068
PRD_914,KEY_024
PRD_914,KEY_043
PRD_914,KEY_020
PRD_915,KEY_019
PRD_915,KEY_009
PRD_915,KEY_068
PRD_915,KEY_023
PRD_915,KEY_061
PRD_916,KEY_012
PRD_916,KEY_015
PRD_916,KEY_032
PRD_916,KEY_068
PRD_916,KEY_020
PRD_917,KEY_048
PRD_917,KEY_050
PRD_917,KEY_055
PRD_917,KEY_068
PRD_917,KEY_061
PRD_918,KEY_032
PRD_918,KEY_009
PRD_918,KEY_068
PRD_918,KEY_020
PRD_919,KEY_014
PRD_919,KEY_013
PRD_919,KEY_015
PRD_919,KEY_052
PRD_919,KEY_009
PRD_920,KEY_012
PRD_920,KEY_015
PRD_920,KEY_018
PRD_920,KEY_054
PRD_920,KEY_030
PRD_921,KEY_007
PRD_921,KEY_068
PRD_921,KEY_024
PRD_921,KEY_023
PRD_921,KEY_020
PRD_922,KEY_009
PRD_922,KEY_068
PRD_922,KEY_024
PRD_923,KEY_049
PRD_923,KEY_003
PRD_923,KEY_051
PRD_923,KEY_029
PRD_923,KEY_055
PRD_924,KEY_007
PRD_924,KEY_001
PRD_924,KEY_045
PRD_924,KEY_006
PRD_924,KEY_004
PRD_925,KEY_044
PRD_925,KEY_006
PRD_925,KEY_012
PRD_925,KEY_010
PRD_925,KEY_009
PRD_926,KEY_049
PRD_926,KEY_003
PRD_926,KEY_055
PRD_926,KEY_068
PRD_926,KEY_020
PRD_927,KEY_006
PRD_927,KEY_004
PRD_927,KEY_010
PRD_927,KEY_058
PRD_927,KEY_068
PRD_928,KEY_068
PRD_928,KEY_024
PRD_928,KEY_023
PRD_929,KEY_049
PRD_929,KEY_003
PRD_929,KEY_048
PRD_929,KEY_055
PRD_929,KEY_068
PRD_930,KEY_046
PRD_930,KEY_010
PRD_930,KEY_058
PRD_930,KEY_068
PRD_930,KEY_023
PRD_931,KEY_046
PRD_931,KEY_006
PRD_931,KEY_010
PRD_931,KEY_058
PRD_931,KEY_068
PRD_932,KEY_003
PRD_932,KEY_012
PRD_932,KEY_068
PRD_932,KEY_023
PRD_932,KEY_027
PRD_933,KEY_012
PRD_933,KEY_016
PRD_933,KEY_068
PRD_933,KEY_026
PRD_934,KEY_017
PRD_934,KEY_068
PRD_934,KEY_023
PRD_935,KEY_003
PRD_935,KEY_014
PRD_935,KEY_013
PRD_935,KEY_030
PRD_935,KEY_068
PRD_936,KEY_001
PRD_936,KEY_045
PRD_936,KEY_006
PRD_936,KEY_010
PRD_936,KEY_068
PRD_937,KEY_001
PRD_937,KEY_004
PRD_937,KEY_039
PRD_937,KEY_056
PRD_937,KEY_068
PRD_938,KEY_012
PRD_938,KEY_031
PRD_938,KEY_062
PRD_938,KEY_030
PRD_938,KEY_068
PRD_939,KEY_049
PRD_939,KEY_003
PRD_939,KEY_055
PRD_939,KEY_056
PRD_939,KEY_068
PRD_940,KEY_051
PRD_940,KEY_029
PRD_940,KEY_031
PRD_940,KEY_062
PRD_940,KEY_039
PRD_941,KEY_007
PRD_941,KEY_036
PRD_941,KEY_010
PRD_941,KEY_056
PRD_941,KEY_057
PRD_942,KEY_038
PRD_942,KEY_056
PRD_942,KEY_068
PRD_942,KEY_024
PRD_942,KEY_020
PRD_943,KEY_008
PRD_943,KEY_049
PRD_943,KEY_048
PRD_943,KEY_011
PRD_943,KEY_055
PRD_944,KEY_048
PRD_944,KEY_010
PRD_944,KEY_009
PRD_944,KEY_068
PRD_944,KEY_024
PRD_945,KEY_048
PRD_945,KEY_050
PRD_945,KEY_001
PRD_945,KEY_045
PRD_945,KEY_004
PRD_946,KEY_008
PRD_946,KEY_039
PRD_946,KEY_056
PRD_946,KEY_068
PRD_946,KEY_064
PRD_947,KEY_049
PRD_947,KEY_003
PRD_947,KEY_055
PRD_947,KEY_068
PRD_947,KEY_043
PRD_948,KEY_046
PRD_948,KEY_006
PRD_948,KEY_038
PRD_948,KEY_058
PRD_948,KEY_067
PRD_949,KEY_015
PRD_949,KEY_052
PRD_949,KEY_068
PRD_949,KEY_026
PRD_949,KEY_041
PRD_950,KEY_019
PRD_950,KEY_018
PRD_950,KEY_054
PRD_950,KEY_031
PRD_950,KEY_062
PRD_951,KEY_008
PRD_951,KEY_056
PRD_951,KEY_058
PRD_951,KEY_068
PRD_951,KEY_024
PRD_952,KEY_048
PRD_952,KEY_047
PRD_952,KEY_042
PRD_952,KEY_039
PRD_952,KEY_068
PRD_953,KEY_015
PRD_953,KEY_052
PRD_953,KEY_068
PRD_953,KEY_023
PRD_953,KEY_026
PRD_954,KEY_034
PRD_954,KEY_035
PRD_954,KEY_036
PRD_954,KEY_068
PRD_954,KEY_065
PRD_955,KEY_003
PRD_955,KEY_048
PRD_955,KEY_055
PRD_955,KEY_068
PRD_955,KEY_023
PRD_956,KEY_007
PRD_956,KEY_048
PRD_956,KEY_038
PRD_956,KEY_068
PRD_956,KEY_020
PRD_957,KEY_068
PRD_957,KEY_064
PRD_957,KEY_041
PRD_958,KEY_017
PRD_958,KEY_032
PRD_958,KEY_068
PRD_959,KEY_003
PRD_959,KEY_068
PRD_959,KEY_023
PRD_959,KEY_020
PRD_960,KEY_051
PRD_960,KEY_029
PRD_960,KEY_031
PRD_960,KEY_062
PRD_960,KEY_068
PRD_961,KEY_047
PRD_961,KEY_042
PRD_961,KEY_056
PRD_961,KEY_068
PRD_961,KEY_023
PRD_962,KEY_048
PRD_962,KEY_005
PRD_962,KEY_010
PRD_962,KEY_009
PRD_962,KEY_056
PRD_963,KEY_002
PRD_963,KEY_036
PRD_963,KEY_068
PRD_963,KEY_020
PRD_964,KEY_003
PRD_964,KEY_034
PRD_964,KEY_035
PRD_964,KEY_038
PRD_964,KEY_056
PRD_965,KEY_048
PRD_965,KEY_009
PRD_965,KEY_037
PRD_965,KEY_068
PRD_965,KEY_064
PRD_966,KEY_050
PRD_966,KEY_034
PRD_966,KEY_035
PRD_966,KEY_036
PRD_966,KEY_056
PRD_967,KEY_001
PRD_967,KEY_004
PRD_967,KEY_010
PRD_967,KEY_039
PRD_967,KEY_068
PRD_968,KEY_006
PRD_968,KEY_051
PRD_968,KEY_029
PRD_968,KEY_010
PRD_968,KEY_058
PRD_969,KEY_048
PRD_969,KEY_036
PRD_969,KEY_009
PRD_969,KEY_068
PRD_969,KEY_061
PRD_970,KEY_044
PRD_970,KEY_068
PRD_970,KEY_024
PRD_970,KEY_023
PRD_970,KEY_020
PRD_971,KEY_008
PRD_971,KEY_014
PRD_971,KEY_030
PRD_971,KEY_068
PRD_971,KEY_026
PRD_972,KEY_068
PRD_972,KEY_064
PRD_972,KEY_043
PRD_972,KEY_020
PRD_973,KEY_051
PRD_973,KEY_029
PRD_973,KEY_031
PRD_973,KEY_062
PRD_973,KEY_030
PRD_974,KEY_012
PRD_974,KEY_016
PRD_974,KEY_068
PRD_974,KEY_024
PRD_974,KEY_023
PRD_975,KEY_051
PRD_975,KEY_029
PRD_975,KEY_031
PRD_975,KEY_062
PRD_975,KEY_030
PRD_976,KEY_048
PRD_976,KEY_001
PRD_976,KEY_009
PRD_976,KEY_068
PRD_976,KEY_043
PRD_977,KEY_046
PRD_977,KEY_010
PRD_977,KEY_056
PRD_977,KEY_068
PRD_977,KEY_061
PRD_978,KEY_001
PRD_978,KEY_044
PRD_978,KEY_006
PRD_978,KEY_004
PRD_978,KEY_010
PRD_979,KEY_048
PRD_979,KEY_050
PRD_979,KEY_036
PRD_979,KEY_055
PRD_979,KEY_068
PRD_980,KEY_001
PRD_980,KEY_045
PRD_980,KEY_006
PRD_980,KEY_004
PRD_980,KEY_068
PRD_981,KEY_018
PRD_981,KEY_054
PRD_981,KEY_031
PRD_981,KEY_062
PRD_981,KEY_052
PRD_982,KEY_017
PRD_982,KEY_068
PRD_982,KEY_024
PRD_983,KEY_048
PRD_983,KEY_009
PRD_983,KEY_037
PRD_983,KEY_055
PRD_983,KEY_056
PRD_984,KEY_007
PRD_984,KEY_056
PRD_984,KEY_057
PRD_984,KEY_068
PRD_984,KEY_024
PRD_985,KEY_012
PRD_985,KEY_030
PRD_985,KEY_068
PRD_985,KEY_026
PRD_985,KEY_041
PRD_986,KEY_001
PRD_986,KEY_045
PRD_986,KEY_044
PRD_986,KEY_006
PRD_986,KEY_004
PRD_987,KEY_045
PRD_987,KEY_044
PRD_987,KEY_006
PRD_987,KEY_010
PRD_987,KEY_039
PRD_988,KEY_001
PRD_988,KEY_004
PRD_988,KEY_068
PRD_988,KEY_023
PRD_988,KEY_043
PRD_989,KEY_008
PRD_989,KEY_047
PRD_989,KEY_042
PRD_989,KEY_001
PRD_989,KEY_004
PRD_990,KEY_006
PRD_990,KEY_005
PRD_990,KEY_010
PRD_990,KEY_058
PRD_990,KEY_068
PRD_991,KEY_046
PRD_991,KEY_006
PRD_991,KEY_037
PRD_991,KEY_058
PRD_991,KEY_059
PRD_992,KEY_008
PRD_992,KEY_068
PRD_992,KEY_024
PRD_992,KEY_023
PRD_992,KEY_020
PRD_993,KEY_001
PRD_993,KEY_045
PRD_993,KEY_006
PRD_993,KEY_004
PRD_993,KEY_059
PRD_994,KEY_044
PRD_994,KEY_046
PRD_994,KEY_006
PRD_994,KEY_010
PRD_994,KEY_057
PRD_995,KEY_001
PRD_995,KEY_046
PRD_995,KEY_006
PRD_995,KEY_010
PRD_995,KEY_039
PRD_996,KEY_001
PRD_996,KEY_045
PRD_996,KEY_044
PRD_996,KEY_006
PRD_996,KEY_051
PRD_997,KEY_049
PRD_997,KEY_055
PRD_997,KEY_068
PRD_998,KEY_003
PRD_998,KEY_001
PRD_998,KEY_045
PRD_998,KEY_006
PRD_998,KEY_059
PRD_999,KEY_050
PRD_999,KEY_047
PRD_999,KEY_042
PRD_999,KEY_055
PRD_999,KEY_068
PRD_1000,KEY_003
PRD_1000,KEY_055
PRD_1000,KEY_056
PRD_1000,KEY_058
PRD_1000,KEY_068
PRD_1001,KEY_039
PRD_1001,KEY_058
PRD_1001,KEY_068
PRD_1001,KEY_041
PRD_1001,KEY_043
PRD_1002,KEY_002
PRD_1002,KEY_044
PRD_1002,KEY_006
PRD_1002,KEY_010
PRD_1002,KEY_057
PRD_1003,KEY_046
PRD_1003,KEY_006
PRD_1003,KEY_010
PRD_1003,KEY_058
PRD_1003,KEY_059
PRD_1004,KEY_048
PRD_1004,KEY_001
PRD_1004,KEY_004
PRD_1004,KEY_009
PRD_1004,KEY_039
PRD_1005,KEY_010
PRD_1005,KEY_039
PRD_1005,KEY_068
PRD_1006,KEY_039
PRD_1006,KEY_068
PRD_1006,KEY_061
PRD_1006,KEY_064
PRD_1007,KEY_008
PRD_1007,KEY_068
PRD_1007,KEY_055
PRD_1008,KEY_001
PRD_1008,KEY_044
PRD_1008,KEY_006
PRD_1008,KEY_004
PRD_1008,KEY_010
PRD_1009,KEY_048
PRD_1009,KEY_068
PRD_1009,KEY_061
PRD_1009,KEY_043
PRD_1010,KEY_006
PRD_1010,KEY_010
PRD_1010,KEY_039
PRD_1010,KEY_058
PRD_1010,KEY_068
PRD_1011,KEY_010
PRD_1011,KEY_039
PRD_1011,KEY_068
PRD_1011,KEY_020
PRD_1012,KEY_008
PRD_1012,KEY_056
PRD_1012,KEY_057
PRD_1012,KEY_068
PRD_1012,KEY_020
PRD_1013,KEY_049
PRD_1013,KEY_048
PRD_1013,KEY_039
PRD_1013,KEY_055
PRD_1013,KEY_068
PRD_1014,KEY_002
PRD_1014,KEY_039
PRD_1014,KEY_068
PRD_1014,KEY_043
PRD_1014,KEY_020
PRD_1015,KEY_003
PRD_1015,KEY_055
PRD_1015,KEY_068
PRD_1015,KEY_024
PRD_1015,KEY_043
PRD_1016,KEY_008
PRD_1016,KEY_050
PRD_1016,KEY_047
PRD_1016,KEY_042
PRD_1016,KEY_005
PRD_1017,KEY_001
PRD_1017,KEY_045
PRD_1017,KEY_004
PRD_1017,KEY_068
PRD_1017,KEY_024
PRD_1018,KEY_016
PRD_1018,KEY_031
PRD_1018,KEY_062
PRD_1018,KEY_068
PRD_1018,KEY_023
PRD_1019,KEY_018
PRD_1019,KEY_054
PRD_1019,KEY_068
PRD_1019,KEY_064
PRD_1020,KEY_051
PRD_1020,KEY_029
PRD_1020,KEY_030
PRD_1020,KEY_056
PRD_1020,KEY_068
PRD_1021,KEY_008
PRD_1021,KEY_003
PRD_1021,KEY_068
PRD_1021,KEY_024
PRD_1021,KEY_061
PRD_1022,KEY_012
PRD_1022,KEY_015
PRD_1022,KEY_052
PRD_1022,KEY_068
PRD_1022,KEY_026
PRD_1023,KEY_012
PRD_1023,KEY_016
PRD_1023,KEY_068
PRD_1023,KEY_026
PRD_1024,KEY_032
PRD_1024,KEY_068
PRD_1024,KEY_061
PRD_1025,KEY_016
PRD_1025,KEY_068
PRD_1025,KEY_023
PRD_1025,KEY_026
PRD_1026,KEY_034
PRD_1026,KEY_035
PRD_1026,KEY_056
PRD_1026,KEY_068
PRD_1027,KEY_015
PRD_1027,KEY_032
PRD_1027,KEY_068
PRD_1027,KEY_020
PRD_1028,KEY_032
PRD_1028,KEY_010
PRD_1028,KEY_068
PRD_1028,KEY_024
PRD_1028,KEY_027
PRD_1029,KEY_006
PRD_1029,KEY_034
PRD_1029,KEY_035
PRD_1029,KEY_010
PRD_1029,KEY_058
PRD_1030,KEY_012
PRD_1030,KEY_018
PRD_1030,KEY_054
PRD_1030,KEY_068
PRD_1030,KEY_026
PRD_1031,KEY_019
PRD_1031,KEY_030
PRD_1031,KEY_068
PRD_1031,KEY_064
PRD_1031,KEY_020
PRD_1032,KEY_001
PRD_1032,KEY_045
PRD_1032,KEY_015
PRD_1032,KEY_004
PRD_1032,KEY_068
PRD_1033,KEY_012
PRD_1033,KEY_016
PRD_1033,KEY_010
PRD_1033,KEY_068
PRD_1033,KEY_023
PRD_1034,KEY_034
PRD_1034,KEY_036
PRD_1034,KEY_068
PRD_1034,KEY_043
PRD_1034,KEY_020
PRD_1035,KEY_014
PRD_1035,KEY_030
PRD_1035,KEY_068
PRD_1035,KEY_026
PRD_1035,KEY_041
PRD_1036,KEY_048
PRD_1036,KEY_050
PRD_1036,KEY_047
PRD_1036,KEY_009
PRD_1036,KEY_055
PRD_1037,KEY_006
PRD_1037,KEY_010
PRD_1037,KEY_039
PRD_1037,KEY_058
PRD_1037,KEY_068
PRD_1038,KEY_001
PRD_1038,KEY_006
PRD_1038,KEY_010
PRD_1038,KEY_058
PRD_1038,KEY_068
PRD_1039,KEY_016
PRD_1039,KEY_031
PRD_1039,KEY_062
PRD_1039,KEY_068
PRD_1039,KEY_061
PRD_1040,KEY_049
PRD_1040,KEY_003
PRD_1040,KEY_005
PRD_1040,KEY_055
PRD_1040,KEY_068
PRD_1041,KEY_050
PRD_1041,KEY_047
PRD_1041,KEY_001
PRD_1041,KEY_004
PRD_1041,KEY_009
PRD_1042,KEY_031
PRD_1042,KEY_062
PRD_1042,KEY_052
PRD_1042,KEY_068
PRD_1042,KEY_061
PRD_1043,KEY_006
PRD_1043,KEY_005
PRD_1043,KEY_010
PRD_1043,KEY_039
PRD_1043,KEY_058
PRD_1044,KEY_046
PRD_1044,KEY_006
PRD_1044,KEY_010
PRD_1044,KEY_058
PRD_1044,KEY_068
PRD_1045,KEY_001
PRD_1045,KEY_039
PRD_1045,KEY_058
PRD_1045,KEY_067
PRD_1045,KEY_068
PRD_1046,KEY_001
PRD_1046,KEY_006
PRD_1046,KEY_005
PRD_1046,KEY_039
PRD_1046,KEY_058
PRD_1047,KEY_002
PRD_1047,KEY_007
PRD_1047,KEY_001
PRD_1047,KEY_046
PRD_1047,KEY_006
PRD_1048,KEY_018
PRD_1048,KEY_054
PRD_1048,KEY_031
PRD_1048,KEY_062
PRD_1048,KEY_068
PRD_1049,KEY_008
PRD_1049,KEY_050
PRD_1049,KEY_047
PRD_1049,KEY_042
PRD_1049,KEY_001
PRD_1050,KEY_006
PRD_1050,KEY_010
PRD_1050,KEY_058
PRD_1050,KEY_067
PRD_1050,KEY_068
PRD_1051,KEY_003
PRD_1051,KEY_009
PRD_1051,KEY_056
PRD_1051,KEY_068
PRD_1051,KEY_023
PRD_1052,KEY_006
PRD_1052,KEY_005
PRD_1052,KEY_010
PRD_1052,KEY_038
PRD_1052,KEY_058
PRD_1053,KEY_019
PRD_1053,KEY_031
PRD_1053,KEY_062
PRD_1053,KEY_068
PRD_1053,KEY_064
PRD_1054,KEY_051
PRD_1054,KEY_029
PRD_1054,KEY_031
PRD_1054,KEY_062
PRD_1054,KEY_068
PRD_1055,KEY_001
PRD_1055,KEY_045
PRD_1055,KEY_044
PRD_1055,KEY_006
PRD_1055,KEY_004
PRD_1056,KEY_001
PRD_1056,KEY_044
PRD_1056,KEY_006
PRD_1056,KEY_004
PRD_1056,KEY_010
PRD_1057,KEY_002
PRD_1057,KEY_055
PRD_1057,KEY_056
PRD_1057,KEY_057
PRD_1057,KEY_060
PRD_1058,KEY_031
PRD_1058,KEY_062
PRD_1058,KEY_068
PRD_1058,KEY_061
PRD_1058,KEY_064
PRD_1059,KEY_001
PRD_1059,KEY_010
PRD_1059,KEY_068
PRD_1059,KEY_023
PRD_1059,KEY_061
PRD_1060,KEY_006
PRD_1060,KEY_010
PRD_1060,KEY_058
PRD_1060,KEY_068
PRD_1060,KEY_061
PRD_1061,KEY_044
PRD_1061,KEY_046
PRD_1061,KEY_006
PRD_1061,KEY_010
PRD_1061,KEY_057
PRD_1062,KEY_008
PRD_1062,KEY_050
PRD_1062,KEY_047
PRD_1062,KEY_042
PRD_1062,KEY_001
PRD_1063,KEY_051
PRD_1063,KEY_029
PRD_1063,KEY_030
PRD_1063,KEY_056
PRD_1063,KEY_068
PRD_1064,KEY_049
PRD_1064,KEY_003
PRD_1064,KEY_005
PRD_1064,KEY_055
PRD_1064,KEY_068
PRD_1065,KEY_001
PRD_1065,KEY_045
PRD_1065,KEY_006
PRD_1065,KEY_004
PRD_1065,KEY_010
PRD_1066,KEY_050
PRD_1066,KEY_047
PRD_1066,KEY_009
PRD_1066,KEY_055
PRD_1066,KEY_068
PRD_1067,KEY_003
PRD_1067,KEY_050
PRD_1067,KEY_047
PRD_1067,KEY_009
PRD_1067,KEY_039
PRD_1068,KEY_001
PRD_1068,KEY_006
PRD_1068,KEY_005
PRD_1068,KEY_010
PRD_1068,KEY_039
PRD_1069,KEY_016
PRD_1069,KEY_031
PRD_1069,KEY_062
PRD_1069,KEY_068
PRD_1069,KEY_064
PRD_1070,KEY_007
PRD_1070,KEY_001
PRD_1070,KEY_044
PRD_1070,KEY_006
PRD_1070,KEY_004
PRD_1071,KEY_001
PRD_1071,KEY_004
PRD_1071,KEY_068
PRD_1071,KEY_061
PRD_1071,KEY_064
PRD_1072,KEY_008
PRD_1072,KEY_039
PRD_1072,KEY_056
PRD_1072,KEY_058
PRD_1072,KEY_068
PRD_1073,KEY_013
PRD_1073,KEY_031
PRD_1073,KEY_062
PRD_1073,KEY_030
PRD_1073,KEY_068
PRD_1074,KEY_046
PRD_1074,KEY_006
PRD_1074,KEY_010
PRD_1074,KEY_058
PRD_1074,KEY_068
PRD_1075,KEY_050
PRD_1075,KEY_047
PRD_1075,KEY_046
PRD_1075,KEY_009
PRD_1075,KEY_011
PRD_1076,KEY_031
PRD_1076,KEY_062
PRD_1076,KEY_068
PRD_1076,KEY_041
PRD_1076,KEY_064
PRD_1077,KEY_006
PRD_1077,KEY_010
PRD_1077,KEY_056
PRD_1077,KEY_068
PRD_1077,KEY_020
PRD_1078,KEY_049
PRD_1078,KEY_003
PRD_1078,KEY_055
PRD_1078,KEY_068
PRD_1078,KEY_023
PRD_1079,KEY_008
PRD_1079,KEY_039
PRD_1079,KEY_056
PRD_1079,KEY_068
PRD_1080,KEY_002
PRD_1080,KEY_001
PRD_1080,KEY_046
PRD_1080,KEY_006
PRD_1080,KEY_056
PRD_1081,KEY_001
PRD_1081,KEY_045
PRD_1081,KEY_004
PRD_1081,KEY_039
PRD_1081,KEY_068
PRD_1082,KEY_002
PRD_1082,KEY_001
PRD_1082,KEY_045
PRD_1082,KEY_006
PRD_1082,KEY_004
PRD_1083,KEY_051
PRD_1083,KEY_029
PRD_1083,KEY_031
PRD_1083,KEY_062
PRD_1083,KEY_068
PRD_1084,KEY_049
PRD_1084,KEY_003
PRD_1084,KEY_048
PRD_1084,KEY_047
PRD_1084,KEY_009
PRD_1085,KEY_046
PRD_1085,KEY_006
PRD_1085,KEY_010
PRD_1085,KEY_058
PRD_1085,KEY_068
PRD_1086,KEY_001
PRD_1086,KEY_006
PRD_1086,KEY_005
PRD_1086,KEY_010
PRD_1086,KEY_039
PRD_1087,KEY_068
PRD_1087,KEY_023
PRD_1087,KEY_061
PRD_1088,KEY_047
PRD_1088,KEY_004
PRD_1088,KEY_068
PRD_1088,KEY_061
PRD_1088,KEY_064
PRD_1089,KEY_008
PRD_1089,KEY_010
PRD_1089,KEY_068
PRD_1089,KEY_023
PRD_1089,KEY_064
PRD_1090,KEY_001
PRD_1090,KEY_046
PRD_1090,KEY_006
PRD_1090,KEY_010
PRD_1090,KEY_058
PRD_1091,KEY_050
PRD_1091,KEY_068
PRD_1091,KEY_043
PRD_1091,KEY_020
PRD_1092,KEY_046
PRD_1092,KEY_006
PRD_1092,KEY_010
PRD_1092,KEY_058
PRD_1092,KEY_068
PRD_1093,KEY_002
PRD_1093,KEY_056
PRD_1093,KEY_057
PRD_1093,KEY_060
PRD_1093,KEY_068
PRD_1094,KEY_003
PRD_1094,KEY_047
PRD_1094,KEY_042
PRD_1094,KEY_004
PRD_1094,KEY_055
PRD_1095,KEY_048
PRD_1095,KEY_047
PRD_1095,KEY_055
PRD_1095,KEY_068
PRD_1095,KEY_023
PRD_1096,KEY_006
PRD_1096,KEY_051
PRD_1096,KEY_029
PRD_1096,KEY_010
PRD_1096,KEY_056
PRD_1097,KEY_003
PRD_1097,KEY_050
PRD_1097,KEY_047
PRD_1097,KEY_042
PRD_1097,KEY_055
PRD_1098,KEY_006
PRD_1098,KEY_005
PRD_1098,KEY_039
PRD_1098,KEY_068
PRD_1098,KEY_064
PRD_1099,KEY_031
PRD_1099,KEY_062
PRD_1099,KEY_068
PRD_1099,KEY_024
PRD_1099,KEY_061
PRD_1100,KEY_031
PRD_1100,KEY_062
PRD_1100,KEY_052
PRD_1100,KEY_068
PRD_1100,KEY_061
PRD_1101,KEY_031
PRD_1101,KEY_062
PRD_1101,KEY_056
PRD_1101,KEY_068
PRD_1101,KEY_024
PRD_1102,KEY_051
PRD_1102,KEY_029
PRD_1102,KEY_031
PRD_1102,KEY_062
PRD_1102,KEY_056
PRD_1103,KEY_036
PRD_1103,KEY_068
PRD_1103,KEY_061
PRD_1103,KEY_064
PRD_1103,KEY_043
PRD_1104,KEY_034
PRD_1104,KEY_035
PRD_1104,KEY_036
PRD_1104,KEY_068
PRD_1104,KEY_065
PRD_1105,KEY_007
PRD_1105,KEY_051
PRD_1105,KEY_029
PRD_1105,KEY_068
PRD_1106,KEY_007
PRD_1106,KEY_056
PRD_1106,KEY_057
PRD_1106,KEY_068
PRD_1106,KEY_064
PRD_1107,KEY_003
PRD_1107,KEY_055
PRD_1107,KEY_056
PRD_1107,KEY_068
PRD_1107,KEY_061
PRD_1108,KEY_012
PRD_1108,KEY_015
PRD_1108,KEY_052
PRD_1108,KEY_068
PRD_1108,KEY_026
PRD_1109,KEY_014
PRD_1109,KEY_015
PRD_1109,KEY_030
PRD_1109,KEY_068
PRD_1109,KEY_026
PRD_1110,KEY_003
PRD_1110,KEY_055
PRD_1110,KEY_068
PRD_1110,KEY_023
PRD_1110,KEY_061
PRD_1111,KEY_038
PRD_1111,KEY_058
PRD_1111,KEY_068
PRD_1111,KEY_023
PRD_1111,KEY_043
PRD_1112,KEY_049
PRD_1112,KEY_055
PRD_1112,KEY_068
PRD_1112,KEY_023
PRD_1112,KEY_061
PRD_1113,KEY_048
PRD_1113,KEY_006
PRD_1113,KEY_005
PRD_1113,KEY_010
PRD_1113,KEY_009
PRD_1114,KEY_007
PRD_1114,KEY_010
PRD_1114,KEY_038
PRD_1114,KEY_056
PRD_1114,KEY_068
PRD_1115,KEY_031
PRD_1115,KEY_062
PRD_1115,KEY_052
PRD_1115,KEY_056
PRD_1115,KEY_068
PRD_1116,KEY_017
PRD_1116,KEY_032
PRD_1116,KEY_068
PRD_1116,KEY_027
PRD_1117,KEY_019
PRD_1117,KEY_031
PRD_1117,KEY_062
PRD_1117,KEY_068
PRD_1117,KEY_043
PRD_1118,KEY_017
PRD_1118,KEY_019
PRD_1118,KEY_068
PRD_1118,KEY_061
PRD_1119,KEY_012
PRD_1119,KEY_015
PRD_1119,KEY_018
PRD_1119,KEY_054
PRD_1119,KEY_052
PRD_1120,KEY_034
PRD_1120,KEY_036
PRD_1120,KEY_068
PRD_1120,KEY_064
PRD_1120,KEY_043
PRD_1121,KEY_015
PRD_1121,KEY_032
PRD_1121,KEY_068
PRD_1121,KEY_041
PRD_1121,KEY_020
PRD_1122,KEY_014
PRD_1122,KEY_030
PRD_1122,KEY_068
PRD_1122,KEY_024
PRD_1122,KEY_026
PRD_1123,KEY_034
PRD_1123,KEY_035
PRD_1123,KEY_036
PRD_1123,KEY_068
PRD_1123,KEY_043
PRD_1124,KEY_002
PRD_1124,KEY_006
PRD_1124,KEY_010
PRD_1124,KEY_056
PRD_1124,KEY_057
PRD_1125,KEY_007
PRD_1125,KEY_056
PRD_1125,KEY_057
PRD_1125,KEY_068
PRD_1125,KEY_024
PRD_1126,KEY_015
PRD_1126,KEY_031
PRD_1126,KEY_062
PRD_1126,KEY_030
PRD_1126,KEY_068
PRD_1127,KEY_018
PRD_1127,KEY_054
PRD_1127,KEY_031
PRD_1127,KEY_062
PRD_1127,KEY_068
PRD_1128,KEY_048
PRD_1128,KEY_036
PRD_1128,KEY_068
PRD_1128,KEY_064
PRD_1128,KEY_043
PRD_1129,KEY_003
PRD_1129,KEY_050
PRD_1129,KEY_055
PRD_1129,KEY_068
PRD_1129,KEY_026
PRD_1130,KEY_017
PRD_1130,KEY_068
PRD_1130,KEY_024
PRD_1130,KEY_023
PRD_1130,KEY_041
PRD_1131,KEY_050
PRD_1131,KEY_001
PRD_1131,KEY_004
PRD_1131,KEY_009
PRD_1131,KEY_039
PRD_1132,KEY_003
PRD_1132,KEY_047
PRD_1132,KEY_042
PRD_1132,KEY_055
PRD_1132,KEY_068
PRD_1133,KEY_014
PRD_1133,KEY_013
PRD_1133,KEY_068
PRD_1133,KEY_024
PRD_1133,KEY_023
PRD_1134,KEY_008
PRD_1134,KEY_010
PRD_1134,KEY_056
PRD_1134,KEY_058
PRD_1134,KEY_068
PRD_1135,KEY_003
PRD_1135,KEY_048
PRD_1135,KEY_047
PRD_1135,KEY_042
PRD_1135,KEY_009
PRD_1136,KEY_049
PRD_1136,KEY_003
PRD_1136,KEY_055
PRD_1136,KEY_056
PRD_1136,KEY_068
PRD_1137,KEY_006
PRD_1137,KEY_005
PRD_1137,KEY_010
PRD_1137,KEY_039
PRD_1137,KEY_068
PRD_1138,KEY_051
PRD_1138,KEY_029
PRD_1138,KEY_031
PRD_1138,KEY_062
PRD_1138,KEY_068
PRD_1139,KEY_006
PRD_1139,KEY_036
PRD_1139,KEY_005
PRD_1139,KEY_039
PRD_1139,KEY_058
PRD_1140,KEY_046
PRD_1140,KEY_039
PRD_1140,KEY_068
PRD_1140,KEY_020
PRD_1141,KEY_001
PRD_1141,KEY_004
PRD_1141,KEY_039
PRD_1141,KEY_068
PRD_1141,KEY_023
PRD_1142,KEY_015
PRD_1142,KEY_031
PRD_1142,KEY_062
PRD_1142,KEY_052
PRD_1142,KEY_068
PRD_1143,KEY_003
PRD_1143,KEY_050
PRD_1143,KEY_047
PRD_1143,KEY_042
PRD_1143,KEY_055
PRD_1144,KEY_003
PRD_1144,KEY_050
PRD_1144,KEY_047
PRD_1144,KEY_042
PRD_1144,KEY_068
PRD_1145,KEY_002
PRD_1145,KEY_039
PRD_1145,KEY_056
PRD_1145,KEY_060
PRD_1145,KEY_068
PRD_1146,KEY_051
PRD_1146,KEY_029
PRD_1146,KEY_031
PRD_1146,KEY_062
PRD_1146,KEY_068
PRD_1147,KEY_046
PRD_1147,KEY_006
PRD_1147,KEY_068
PRD_1147,KEY_020
PRD_1148,KEY_008
PRD_1148,KEY_039
PRD_1148,KEY_068
PRD_1148,KEY_061
PRD_1148,KEY_064
PRD_1149,KEY_006
PRD_1149,KEY_036
PRD_1149,KEY_058
PRD_1149,KEY_068
PRD_1149,KEY_023
PRD_1150,KEY_019
PRD_1150,KEY_068
PRD_1150,KEY_024
PRD_1150,KEY_061
PRD_1150,KEY_020
PRD_1151,KEY_048
PRD_1151,KEY_036
PRD_1151,KEY_009
PRD_1151,KEY_068
PRD_1151,KEY_061
PRD_1152,KEY_008
PRD_1152,KEY_039
PRD_1152,KEY_068
PRD_1152,KEY_061
PRD_1153,KEY_003
PRD_1153,KEY_031
PRD_1153,KEY_062
PRD_1153,KEY_068
PRD_1153,KEY_024
PRD_1154,KEY_001
PRD_1154,KEY_010
PRD_1154,KEY_068
PRD_1155,KEY_049
PRD_1155,KEY_003
PRD_1155,KEY_055
PRD_1155,KEY_068
PRD_1155,KEY_023
PRD_1156,KEY_051
PRD_1156,KEY_029
PRD_1156,KEY_031
PRD_1156,KEY_062
PRD_1156,KEY_030
PRD_1157,KEY_001
PRD_1157,KEY_010
PRD_1157,KEY_068
PRD_1158,KEY_068
PRD_1158,KEY_064
PRD_1158,KEY_055
PRD_1158,KEY_043
PRD_1159,KEY_015
PRD_1159,KEY_017
PRD_1159,KEY_018
PRD_1159,KEY_054
PRD_1159,KEY_032
PRD_1160,KEY_046
PRD_1160,KEY_058
PRD_1160,KEY_068
PRD_1160,KEY_023
PRD_1160,KEY_061
PRD_1161,KEY_003
PRD_1161,KEY_055
PRD_1161,KEY_068
PRD_1161,KEY_020
PRD_1162,KEY_051
PRD_1162,KEY_029
PRD_1162,KEY_031
PRD_1162,KEY_062
PRD_1162,KEY_030
PRD_1163,KEY_002
PRD_1163,KEY_006
PRD_1163,KEY_010
PRD_1163,KEY_039
PRD_1163,KEY_068
PRD_1164,KEY_031
PRD_1164,KEY_062
PRD_1164,KEY_052
PRD_1164,KEY_068
PRD_1164,KEY_061
PRD_1165,KEY_003
PRD_1165,KEY_036
PRD_1165,KEY_058
PRD_1165,KEY_068
PRD_1165,KEY_064
PRD_1166,KEY_015
PRD_1166,KEY_031
PRD_1166,KEY_062
PRD_1166,KEY_030
PRD_1166,KEY_068
PRD_1167,KEY_049
PRD_1167,KEY_003
PRD_1167,KEY_055
PRD_1167,KEY_068
PRD_1167,KEY_061
PRD_1168,KEY_015
PRD_1168,KEY_032
PRD_1168,KEY_068
PRD_1168,KEY_020
PRD_1169,KEY_008
PRD_1169,KEY_068
PRD_1169,KEY_061
PRD_1169,KEY_064
PRD_1170,KEY_014
PRD_1170,KEY_030
PRD_1170,KEY_068
PRD_1170,KEY_024
PRD_1170,KEY_023
PRD_1171,KEY_001
PRD_1171,KEY_068
PRD_1171,KEY_061
PRD_1172,KEY_015
PRD_1172,KEY_018
PRD_1172,KEY_054
PRD_1172,KEY_031
PRD_1172,KEY_062
PRD_1173,KEY_001
PRD_1173,KEY_046
PRD_1173,KEY_006
PRD_1173,KEY_010
PRD_1173,KEY_058
PRD_1174,KEY_039
PRD_1174,KEY_068
PRD_1174,KEY_055
PRD_1174,KEY_043
PRD_1175,KEY_015
PRD_1175,KEY_032
PRD_1175,KEY_031
PRD_1175,KEY_062
PRD_1175,KEY_030
PRD_1176,KEY_047
PRD_1176,KEY_055
PRD_1176,KEY_068
PRD_1176,KEY_023
PRD_1176,KEY_061
PRD_1177,KEY_002
PRD_1177,KEY_007
PRD_1177,KEY_056
PRD_1177,KEY_060
PRD_1177,KEY_068
PRD_1178,KEY_014
PRD_1178,KEY_013
PRD_1178,KEY_030
PRD_1178,KEY_068
PRD_1178,KEY_024
PRD_1179,KEY_008
PRD_1179,KEY_057
PRD_1179,KEY_068
PRD_1179,KEY_061
PRD_1179,KEY_020
PRD_1180,KEY_051
PRD_1180,KEY_029
PRD_1180,KEY_031
PRD_1180,KEY_062
PRD_1180,KEY_068
PRD_1181,KEY_003
PRD_1181,KEY_068
PRD_1181,KEY_024
PRD_1181,KEY_064
PRD_1182,KEY_001
PRD_1182,KEY_004
PRD_1182,KEY_068
PRD_1183,KEY_002
PRD_1183,KEY_056
PRD_1183,KEY_057
PRD_1183,KEY_068
PRD_1183,KEY_064
PRD_1184,KEY_007
PRD_1184,KEY_036
PRD_1184,KEY_068
PRD_1184,KEY_064
PRD_1184,KEY_020
PRD_1185,KEY_003
PRD_1185,KEY_055
PRD_1185,KEY_068
PRD_1185,KEY_024
PRD_1185,KEY_061
PRD_1536,KEY_001
PRD_1536,KEY_005
PRD_1536,KEY_010
PRD_1536,KEY_023
PRD_1536,KEY_068
PRD_1537,KEY_001
PRD_1537,KEY_005
PRD_1537,KEY_010
PRD_1537,KEY_060
PRD_1537,KEY_068
PRD_1538,KEY_001
PRD_1538,KEY_006
PRD_1538,KEY_046
PRD_1538,KEY_060
PRD_1538,KEY_068
PRD_1539,KEY_001
PRD_1539,KEY_045
PRD_1539,KEY_060
PRD_1539,KEY_067
PRD_1539,KEY_068
PRD_1540,KEY_001
PRD_1540,KEY_004
PRD_1540,KEY_060
PRD_1540,KEY_067
PRD_1540,KEY_023
PRD_1541,KEY_048
PRD_1541,KEY_011
PRD_1541,KEY_056
PRD_1541,KEY_064
PRD_1541,KEY_068
PRD_1542,KEY_048
PRD_1542,KEY_011
PRD_1542,KEY_056
PRD_1542,KEY_063
PRD_1542,KEY_068
PRD_1543,KEY_002
PRD_1543,KEY_056
PRD_1543,KEY_057
PRD_1543,KEY_061
PRD_1543,KEY_064
PRD_1544,KEY_003
PRD_1544,KEY_009
PRD_1544,KEY_055
PRD_1544,KEY_064
PRD_1544,KEY_068
PRD_1545,KEY_001
PRD_1545,KEY_004
PRD_1545,KEY_006
PRD_1545,KEY_067
PRD_1545,KEY_023
PRD_1546,KEY_001
PRD_1546,KEY_010
PRD_1546,KEY_064
PRD_1546,KEY_061
PRD_1546,KEY_068
PRD_1547,KEY_035
PRD_1547,KEY_043
PRD_1547,KEY_041
PRD_1547,KEY_061
PRD_1547,KEY_068
PRD_1548,KEY_030
PRD_1548,KEY_033
PRD_1548,KEY_056
PRD_1548,KEY_061
PRD_1548,KEY_064
PRD_1549,KEY_017
PRD_1549,KEY_043
PRD_1549,KEY_026
PRD_1549,KEY_041
PRD_1549,KEY_068
PRD_1550,KEY_019
PRD_1550,KEY_031
PRD_1550,KEY_043
PRD_1550,KEY_064
PRD_1550,KEY_068
PRD_1551,KEY_001
PRD_1551,KEY_004
PRD_1551,KEY_044
PRD_1551,KEY_060
PRD_1551,KEY_067
PRD_1552,KEY_048
PRD_1552,KEY_011
PRD_1552,KEY_055
PRD_1552,KEY_063
PRD_1552,KEY_068
PRD_1553,KEY_001
PRD_1553,KEY_037
PRD_1553,KEY_039
PRD_1553,KEY_061
PRD_1553,KEY_068
PRD_1554,KEY_029
PRD_1554,KEY_051
PRD_1554,KEY_031
PRD_1554,KEY_061
PRD_1554,KEY_064
PRD_1555,KEY_031
PRD_1555,KEY_030
PRD_1555,KEY_062
PRD_1555,KEY_064
PRD_1555,KEY_068
PRD_1556,KEY_048
PRD_1556,KEY_011
PRD_1556,KEY_056
PRD_1556,KEY_064
PRD_1556,KEY_068
PRD_1557,KEY_048
PRD_1557,KEY_011
PRD_1557,KEY_056
PRD_1557,KEY_023
PRD_1557,KEY_068
PRD_1558,KEY_048
PRD_1558,KEY_043
PRD_1558,KEY_055
PRD_1558,KEY_064
PRD_1558,KEY_068
PRD_1559,KEY_001
PRD_1559,KEY_006
PRD_1559,KEY_010
PRD_1559,KEY_063
PRD_1559,KEY_068
PRD_1560,KEY_001
PRD_1560,KEY_006
PRD_1560,KEY_010
PRD_1560,KEY_023
PRD_1560,KEY_068
PRD_1561,KEY_001
PRD_1561,KEY_006
PRD_1561,KEY_056
PRD_1561,KEY_058
PRD_1561,KEY_068
PRD_1562,KEY_001
PRD_1562,KEY_006
PRD_1562,KEY_061
PRD_1562,KEY_064
PRD_1562,KEY_068
PRD_1563,KEY_001
PRD_1563,KEY_006
PRD_1563,KEY_063
PRD_1563,KEY_024
PRD_1563,KEY_068
PRD_1564,KEY_003
PRD_1564,KEY_009
PRD_1564,KEY_055
PRD_1564,KEY_043
PRD_1564,KEY_068
PRD_1565,KEY_003
PRD_1565,KEY_005
PRD_1565,KEY_055
PRD_1565,KEY_064
PRD_1565,KEY_068
PRD_1566,KEY_001
PRD_1566,KEY_006
PRD_1566,KEY_005
PRD_1566,KEY_010
PRD_1566,KEY_068
PRD_1567,KEY_001
PRD_1567,KEY_006
PRD_1567,KEY_005
PRD_1567,KEY_023
PRD_1567,KEY_068
PRD_1568,KEY_001
PRD_1568,KEY_006
PRD_1568,KEY_063
PRD_1568,KEY_064
PRD_1568,KEY_068
PRD_1569,KEY_001
PRD_1569,KEY_044
PRD_1569,KEY_010
PRD_1569,KEY_041
PRD_1569,KEY_068
PRD_1570,KEY_029
PRD_1570,KEY_043
PRD_1570,KEY_065
PRD_1570,KEY_068
PRD_1570,KEY_041
PRD_1571,KEY_033
PRD_1571,KEY_043
PRD_1571,KEY_064
PRD_1571,KEY_061
PRD_1571,KEY_068
PRD_1572,KEY_033
PRD_1572,KEY_043
PRD_1572,KEY_056
PRD_1572,KEY_064
PRD_1572,KEY_068
PRD_1573,KEY_019
PRD_1573,KEY_043
PRD_1573,KEY_031
PRD_1573,KEY_064
PRD_1573,KEY_068
PRD_1574,KEY_052
PRD_1574,KEY_031
PRD_1574,KEY_062
PRD_1574,KEY_064
PRD_1574,KEY_068
PRD_1575,KEY_029
PRD_1575,KEY_043
PRD_1575,KEY_031
PRD_1575,KEY_062
PRD_1575,KEY_068
PRD_1576,KEY_031
PRD_1576,KEY_062
PRD_1576,KEY_021
PRD_1576,KEY_030
PRD_1576,KEY_068
PRD_1577,KEY_029
PRD_1577,KEY_031
PRD_1577,KEY_062
PRD_1577,KEY_061
PRD_1577,KEY_068
PRD_1578,KEY_002
PRD_1578,KEY_060
PRD_1578,KEY_056
PRD_1578,KEY_064
PRD_1578,KEY_068
PRD_1579,KEY_003
PRD_1579,KEY_009
PRD_1579,KEY_055
PRD_1579,KEY_064
PRD_1579,KEY_068
PRD_1580,KEY_003
PRD_1580,KEY_009
PRD_1580,KEY_055
PRD_1580,KEY_043
PRD_1580,KEY_068
PRD_1581,KEY_048
PRD_1581,KEY_055
PRD_1581,KEY_043
PRD_1581,KEY_064
PRD_1581,KEY_068
PRD_1582,KEY_008
PRD_1582,KEY_042
PRD_1582,KEY_056
PRD_1582,KEY_061
PRD_1582,KEY_068
PRD_1583,KEY_048
PRD_1583,KEY_011
PRD_1583,KEY_003
PRD_1583,KEY_043
PRD_1583,KEY_068
PRD_1584,KEY_051
PRD_1584,KEY_031
PRD_1584,KEY_061
PRD_1584,KEY_043
PRD_1584,KEY_068
PRD_1585,KEY_048
PRD_1585,KEY_011
PRD_1585,KEY_038
PRD_1585,KEY_056
PRD_1585,KEY_068