product_code,name_ko,name_jp,brand_name,primary_region_code,price_range_code,price,description,purchase_tip,is_region_limited,image_url,source_note
PRD_001,드브르 프로마쥬,ドゥーブルフロマージュ,루타오 (LeTAO),REG_002,PRC_03,2376,"루타오 드브르 프로마쥬는 레어 치즈층과 베이크드 치즈층을 겹친 홋카이도 치즈케이크입니다. 생크림과 치즈의 우유 풍미가 진하고, 해동 정도에 따라 녹는 식감과 반냉동의 사각한 식감을 다르게 즐길 수 있습니다. 오타루를 대표하는 루타오의 시그니처 케이크로 선물성이 높은 냉동 디저트입니다.","냉동 상태로 판매되므로 보냉백이 필요하며, 해동 후에는 48시간 이내에 섭취하는 것이 가장 맛있음.",0,https://thumbnail.image.rakuten.co.jp/@0_mall/letao/cabinet/item/f808_/202505/f808_01_new.jpg?_ex=1024x1024,https://hb.afl.rakuten.co.jp/hgc/g00rjikn.16t5ub7e.g00rjikn.16t5v42a/?pc=https%3A%2F%2Fitem.rakuten.co.jp%2Fletao%2Ff808%2F&m=http%3A%2F%2Fm.rakuten.co.jp%2Fletao%2Fi%2F10000923%2F&rafcid=wsc_i_is_b93111dd-e085-46a2-a75f-28c1ee5d2de6
PRD_002,오타루 이로나이도리 프로마쥬,小樽色内通りフロ마쥬,루타오 (LeTAO),REG_002,PRC_02,1296,"오타루 산나이 거리 프로마주는 루타오의 더블 프로마주 이미지를 쿠키로 풀어낸 홋카이도 기념 과자입니다. 치즈와 마스카르포네, 생크림, 버터, 초콜릿 풍미가 어우러진 랑그드샤 타입 쿠키입니다. 한 조각에서도 치즈케이크 같은 깊고 부드러운 맛을 느끼도록 구성된 디저트 상품입니다.",상온 보관이 가능하고 개별 포장이 되어 있어 직장 동료나 친구들에게 대량으로 선물하기 적합함.,0,https://thumbnail.image.rakuten.co.jp/@0_mall/letao/cabinet/item/k068/202603/k068_01_sp.jpg?_ex=1024x1024,https://hb.afl.rakuten.co.jp/hgc/53033622.7bbb75b6.53033623.c98a76f0/?pc=https%3A%2F%2Fitem.rakuten.co.jp%2Ftidoriya%2F4952336316095%2F&m=https%3A%2F%2Fitem.rakuten.co.jp%2Ftidoriya%2F4952336316095%2F
PRD_003,요정의 숲 (바움쿠헨),妖精の森,기타카로 (北菓楼),REG_002,PRC_02,1458,"기타카로의 바움쿠헨 요정의 숲은 촉촉한 식감으로 알려진 홋카이도 구움과자입니다. 홋카이도산 밀, 생크림, 달걀을 사용해 부드럽고 풍미 있는 맛을 냅니다. 컷 포장 세트와 높이 4센티미터 단품 등으로 구성되는 대표 바움쿠헨 상품입니다.","높이에 따라 다양한 가격대가 있으며, 8개입 컷 제품은 개별 포장되어 있어 나눠 먹기 편리함.",0,https://thumbnail.image.rakuten.co.jp/@0_mall/hokkaido-omiyage/cabinet/hori/hori036-pack03.jpg?_ex=1024x1024,https://hb.afl.rakuten.co.jp/hgc/g00pm4tn.16t5uf55.g00pm4tn.16t5vab0/?pc=https%3A%2F%2Fitem.rakuten.co.jp%2Fhokkaido-omiyage%2Fhori036%2F&m=http%3A%2F%2Fm.rakuten.co.jp%2Fhokkaido-omiyage%2Fi%2F10004718%2F&rafcid=wsc_i_is_b93111dd-e085-46a2-a75f-28c1ee5d2de6
PRD_004,홋카이도 개척 오카키,北海道開拓おかき,기타카로 (北菓楼),REG_002,PRC_01,490,"홋카이도 개척 오카키는 장인이 쌀을 씻고, 찌고, 떡을 치며 숙성, 건조, 기름에 튀기고 양념하는 복잡한 과정을 거쳐 총 7일이라는 긴 시간과 정성을 들여 만들어집니다. 이처럼 한 알 한 알 세심하게 공들인 수작업 덕분에 특별한 맛과 식감을 자랑합니다. 특히 오카키 특유의 독특한 식감은 이 전용 찹쌀로만 구현할 수 있습니다. 선물이나 기념품으로 인기가 높으며, 다양한 계절 및 지역 특산물을 활용한 한정판 제품도 출시되어 꾸준히 사랑받고 있습니다.","맥주 안주로 인기가 높으며, 가리비맛과 단새우맛이 가장 대중적으로 추천되는 베스트셀러임.",0,https://thumbnail.image.rakuten.co.jp/@0_mall/tricotbyyamasanfujiya/cabinet/04407484/item_kitakarou/imgrc0138817564.jpg?_ex=1024x1024,https://hb.afl.rakuten.co.jp/hgc/g00s3qqn.16t5u556.g00s3qqn.16t5v8e5/?pc=https%3A%2F%2Fitem.rakuten.co.jp%2Ftricotbyyamasanfujiya%2F4589505932024%2F&m=http%3A%2F%2Fm.rakuten.co.jp%2Ftricotbyyamasanfujiya%2Fi%2F10001121%2F&rafcid=wsc_i_is_b93111dd-e085-46a2-a75f-28c1ee5d2de6
PRD_005,마론 코론,マロンコロン,아마토 (あまとう),REG_002,PRC_02,1502,"아마토의 마론 코론은 오타루를 대표하는 쿠키형 과자입니다. 카카오, 치즈, 아몬드, 월넛을 기본 맛으로 하며 딸기, 홍차, 말차, 레몬 같은 변형 맛도 구성됩니다. 여러 맛을 조합한 상자 구성이 있어 바삭한 쿠키와 초콜릿 코팅의 풍미를 다양하게 담은 상품입니다.","아몬드, 치즈, 카카오, 호두 4가지 맛이 있으며 오타루 시민들에게 오랜 시간 사랑받은 전통의 맛임.",1,https://thumbnail.image.rakuten.co.jp/@0_mall/946kitchen/cabinet/kihon3/08514887/maronnkoronnnn1.jpg?_ex=1024x1024,https://hb.afl.rakuten.co.jp/hgc/g00qmn4n.16t5ue4b.g00qmn4n.16t5v8de/?pc=https%3A%2F%2Fitem.rakuten.co.jp%2F946kitchen%2F10000239%2F&m=http%3A%2F%2Fm.rakuten.co.jp%2F946kitchen%2Fi%2F10000239%2F&rafcid=wsc_i_is_b93111dd-e085-46a2-a75f-28c1ee5d2de6
PRD_006,오타루 맥주 (필스너),小樽ビール (ピルスナー),오타루 맥주,REG_002,PRC_01,368,"깊은 색상과 달리 가볍게 넘어가는 목넘김이 특징이며, 그 안에는 깊고 풍부한 맛을 느낄 수 있는 맥주입니다. 유기 보리 및 유기 홉을 사용하여 깔끔하고 상쾌한 맛을 자랑하며, 유기 보리의 사용 비율이 50%에 달해 오가닉 비어로도 분류됩니다. 이 맥주는 바이마르 북부 프랑켄 지역의 스타일을 지니고 있습니다. 또한, 하부 발효 효모를 이용해 5~10도의 저온에서 장기간 숙성시키는 방식으로 정성껏 만들어졌습니다.","필스너, 바이첸 등 종류가 다양하며 오타루 운하를 산책하며 마시거나 선물용 병으로 구매 가능함.",1,https://thumbnail.image.rakuten.co.jp/@0_mall/koukyourin/cabinet/sake/opiru20020002.jpg?_ex=1024x1024,https://hb.afl.rakuten.co.jp/hgc/g00qjqkn.16t5ucfb.g00qjqkn.16t5v304/?pc=https%3A%2F%2Fitem.rakuten.co.jp%2Fkoukyourin%2Fbeer05%2F&m=http%3A%2F%2Fm.rakuten.co.jp%2Fkoukyourin%2Fi%2F10000451%2F&rafcid=wsc_i_is_b93111dd-e085-46a2-a75f-28c1ee5d2de6
PRD_007,가마에이 어묵 5종 세트,かま栄 かまぼこ,가마에이 (かま栄),REG_002,PRC_06,12000,"가마에이 어묵 오종 세트는 오타루의 가마보코 전문점 가마에이가 만든 어묵 모둠입니다. 메이지 시대 창업점의 전통을 바탕으로 생선살을 탄력 있게 빚어 내며, 감자와 옥수수, 치즈가 들어간 제품처럼 여러 맛을 비교할 수 있습니다. 그대로 먹거나 가볍게 데우면 해산물의 감칠맛과 부드러운 식감이 살아나는 홋카이도식 수산 가공품입니다.","오타루 본점 팩토리에서 갓 튀긴 어묵을 맛볼 수 있으며, 세트 상품은 격식 있는 선물로 인기가 높음.",1,https://thumbnail.image.rakuten.co.jp/@0_mall/f012033-otaru/cabinet/frp_goods/frp007/17052959.jpg?_ex=1024x1024,https://hb.afl.rakuten.co.jp/hgc/53033622.7bbb75b6.53033623.c98a76f0/?pc=https%3A%2F%2Fitem.rakuten.co.jp%2Ff012033-otaru%2Fcr002%2F&m=https%3A%2F%2Fitem.rakuten.co.jp%2Ff012033-otaru%2Fcr002%2F
PRD_008,오타루 가와라야키 바움,小樽瓦焼バウム,UNGA↑ (웅가플러스),REG_002,PRC_02,1400,"숙련된 장인이 만든 전통적인 바움쿠헨입니다. 이 제품은 오타루의 기와지붕을 형상화하여, 쌓아 올린 기와의 모습을 바움쿠헨의 층과 바삭한 캐러멜 식감으로 표현했습니다. 바움쿠헨을 두 번 구워내고 캐러멜 파우더를 입혀 다시 굽는 과정을 거쳐 완성되었습니다. 이 독특한 공정을 통해 바삭하고 고소한 식감을 자랑하며, 선물용으로도 인기가 높습니다.",오타루의 역사를 담은 세련된 패키지 디자인 덕분에 기념비적인 선물로 선택하기 매우 좋음.,1,https://thumbnail.image.rakuten.co.jp/@0_mall/f012033-otaru/cabinet/frp_goods/frp001/3690762.jpg?_ex=1024x1024,https://hb.afl.rakuten.co.jp/hgc/g00ttxhn.16t5u36c.g00ttxhn.16t5v30e/?pc=https%3A%2F%2Fitem.rakuten.co.jp%2Ff012033-otaru%2Fbj004%2F&m=http%3A%2F%2Fm.rakuten.co.jp%2Ff012033-otaru%2Fi%2F10000982%2F&rafcid=wsc_i_is_b93111dd-e085-46a2-a75f-28c1ee5d2de6
PRD_009,오타루 목제 오르골,小樽オルゴール,오타루 오르골당,REG_002,PRC_05,4000,"오타루 오르골당 본관에서 만날 수 있는 목제 오르골은 특별한 추억을 선물합니다. 특히 증기시계가 장식된 오르골은 그 자체로 아름다운 볼거리입니다. 사카이마치도오리 상점가와 메르헨 사거리에 위치한 이곳에서, 여행의 소중한 순간들을 오래도록 간직할 수 있습니다.","원하는 곡을 선택하여 커스터마이징 할 수 있으며, 영구적으로 소장 가능한 높은 가치를 지님.",1,https://dzwpvqehwr7zl.cloudfront.net/omios/products/generated/_review/PRD_009/PRD_009_packshot_v1.png,https://livejapan.com/ko/in-hokkaido/in-pref-hokkaido/in-otaru/article-a1000545/
PRD_010,오타루 유리잔 (달맞이 시리즈),小樽ガラス (月見),다이쇼 유리관,REG_002,PRC_04,3300,"달맞이 시리즈인 '츠키미 우사기 글라스'는 달밤의 아름다움을 담은 디자인입니다. 유리잔 측면의 달맞이 장면을 들여다보면, 마치 달 속에 있는 듯한 귀여운 토끼들을 발견할 수 있습니다. 이 제품은 행운을 부르는 '달맞이 토끼' 시리즈 중 하나로, 특히 달이 아름다운 가을밤에 즐기는 집 시간을 위한 아이템입니다.","술이나 차를 담았을 때 문양이 더욱 돋보이며, 여성 관광객들에게 특히 인기가 많은 고품격 선물임.",1,https://thumbnail.image.rakuten.co.jp/@0_mall/shikisaido/cabinet/10092874/4589964828968.jpg?_ex=1024x1024,https://hb.afl.rakuten.co.jp/hgc/53033622.7bbb75b6.53033623.c98a76f0/?pc=https%3A%2F%2Fitem.rakuten.co.jp%2Fshikisaido%2F4589964828968%2F&m=https%3A%2F%2Fitem.rakuten.co.jp%2Fshikisaido%2F4589964828968%2F
PRD_021,리노 드롭스 씨글래스,Lino Drops 鎌倉,리노 드롭스,REG_003,PRC_04,3000,리노 드롭스 카마쿠라는 가마쿠라 유이가하마에서 채취한 사쿠라가이를 주재료로 액세서리를 수공예 제작하는 전문점입니다. 이곳은 이 방식으로 액세서리를 만드는 일본 국내 유일의 전문점이라는 특징을 가지고 있습니다. 사쿠라가이 액세서리는 가마쿠라 근처 바다를 연상시키는 매력적인 아이템으로 인기가 높습니다.,수작업 제품으로 모양이 모두 다르니 현장에서 직접 선택 추천.,1,https://thumbnail.image.rakuten.co.jp/@0_mall/f142042-kamakura/cabinet/frp_goods/frp004/5002417.jpg?_ex=1024x1024,https://hb.afl.rakuten.co.jp/hgc/53033622.7bbb75b6.53033623.c98a76f0/?pc=https%3A%2F%2Fitem.rakuten.co.jp%2Fbenjaminstyle%2Flino003%2F&m=https%3A%2F%2Fitem.rakuten.co.jp%2Fbenjaminstyle%2Flino003%2F
PRD_022,가마쿠라 곤약 비누,鎌倉蒟蒻しゃぼん,가마쿠라 곤약 비누,REG_003,PRC_03,2000,"건성 및 민감성 피부를 위한 가마쿠라 곤약 비누입니다. 이 제품은 아이리스 추출물이 함유되어 있어 세안할 때마다 피부가 건강한 상태로 돌아갈 수 있도록 도와줍니다. 특히 피부 트러블 관리에 도움을 주며, 카보스 향으로 은은하게 향을 더했습니다. 순하고 자극이 적어 민감한 피부도 안심하고 사용할 수 있는 비누입니다.",가마쿠라 한정판 패키지는 선물용으로 인기가 높음.,1,https://thumbnail.image.rakuten.co.jp/@0_mall/konnyaku-shabon-shop/cabinet/kamakura/imgrc0163549050.jpg?_ex=1024x1024,https://hb.afl.rakuten.co.jp/hgc/g00ut4dn.16t5u051.g00ut4dn.16t5vbc3/?pc=https%3A%2F%2Fitem.rakuten.co.jp%2Fkonnyaku-shabon-shop%2F4582183324068-kamakura%2F&m=http%3A%2F%2Fm.rakuten.co.jp%2Fkonnyaku-shabon-shop%2Fi%2F10000074%2F&rafcid=wsc_i_is_b93111dd-e085-46a2-a75f-28c1ee5d2de6
PRD_023,쿠루밋코 키리오토시,クルミッ子 切り落とし,가마쿠라 벤야,REG_003,PRC_02,1242,이 제품은 가마쿠라 베니타니의 대표적인 명과 쿠루밋코입니다. 호두를 주재료로 사용하여 만든 전통 과자류에 속합니다. 선물용이나 도쿄 여행 기념품으로 활용하기 좋은 인기 상품입니다. 5개입 세트로 구성되어 있어 어머니의 날 선물 등으로도 어울립니다.,품절이 매우 빠르므로 오전 중 본점 방문 필수.,1,https://thumbnail.image.rakuten.co.jp/@0_mall/pandacn/cabinet/12581693/imgrc0099756103.jpg?_ex=1024x1024,https://hb.afl.rakuten.co.jp/hgc/53033622.7bbb75b6.53033623.c98a76f0/?pc=https%3A%2F%2Fitem.rakuten.co.jp%2Fpandacn%2Ffacebook%2F&m=https%3A%2F%2Fitem.rakuten.co.jp%2Fpandacn%2Ffacebook%2F
PRD_024,가마쿠라야마 러스크,鎌倉山ラスク,가마쿠라야마 러스크,REG_003,PRC_04,3300,"가마쿠라야마 러스크는 국내산 밀가루를 사용한 구운 과자(베이커리)입니다. '과일 샐러드', '스트로베리 쇼트케이크', '하트 메이플&초콜릿' 등 다양한 맛으로 구성되어 있습니다. 달콤하고 간편하게 즐길 수 있는 스위츠 제품이며, 개별 포장되어 있어 선물이나 답례품으로 활용하기 좋습니다. 남녀노소 누구나 좋아할 만한 인기 과자입니다.",가벼운 무게로 기내 반출 및 대량 구매에 적합함,1,https://thumbnail.image.rakuten.co.jp/@0_gold/haba-design/data/images/thumb01/rusk_blue_24.jpg?_ex=1024x1024,https://hb.afl.rakuten.co.jp/hgc/g00rvwqn.16t5ud3b.g00rvwqn.16t5v9f2/?pc=https%3A%2F%2Fitem.rakuten.co.jp%2Fhaba-design%2Fp02808se01o%2F&m=http%3A%2F%2Fm.rakuten.co.jp%2Fhaba-design%2Fi%2F10003531%2F&rafcid=wsc_i_is_b93111dd-e085-46a2-a75f-28c1ee5d2de6
PRD_025,아로마 생초콜릿,アロマ生チョコレート,메종 카카오,REG_003,PRC_03,2808,메종 카카오는 가마쿠라에서 시작된 아로마 생초콜릿 브랜드입니다. 이 초콜릿은 그들이 추구하는 독특하고 유일무이한 맛을 오롯이 담아냈습니다. 마치 특별한 풍미를 초콜릿에 깊이 스며들게 한 듯한 매력을 느낄 수 있습니다.,신선도가 중요하므로 구매 후 즉시 냉장 보관 권장.,0,https://thumbnail.image.rakuten.co.jp/@0_mall/macaron-store/cabinet/img6/a-ib-068-1.jpg?_ex=1024x1024,https://hb.afl.rakuten.co.jp/hgc/g00rxxjn.16t5u976.g00rxxjn.16t5vbb4/?pc=https%3A%2F%2Fitem.rakuten.co.jp%2Fmacaron-store%2Fa-ib-068-1%2F&m=http%3A%2F%2Fm.rakuten.co.jp%2Fmacaron-store%2Fi%2F10016086%2F&rafcid=wsc_i_is_b93111dd-e085-46a2-a75f-28c1ee5d2de6
PRD_026,쇼난 시라스 센베이,湘南しらすせんべい,토비쵸,REG_003,PRC_01,880,"쇼난의 바다에서 온 특별한 선물 같은 시라스 센베이입니다. 쇼난 특유의 얇고 사삭한 식감이 특징이며, 신선한 시라스를 가득 담았습니다. 매우 바삭하여 노년층부터 어린아이까지 누구나 맛있게 즐길 수 있습니다. 다만, 제조 과정상 오센베이 크기에 크고 작은 차이가 있을 수 있습니다.",유통기한이 넉넉해 한국으로 가져오는 오미야게로 적합함.,1,https://thumbnail.image.rakuten.co.jp/@0_mall/shonantrend/cabinet/compass1653964041.jpg?_ex=1024x1024,https://hb.afl.rakuten.co.jp/hgc/g00siryn.16t5u336.g00siryn.16t5vdec/?pc=https%3A%2F%2Fitem.rakuten.co.jp%2Fshonantrend%2F10001041%2F&m=http%3A%2F%2Fm.rakuten.co.jp%2Fshonantrend%2Fi%2F10001041%2F&rafcid=wsc_i_is_b93111dd-e085-46a2-a75f-28c1ee5d2de6
PRD_027,가마쿠라보리 젓가락,鎌倉彫 箸,가마쿠라보리 회관,REG_003,PRC_04,3300,"가마쿠라보리 젓가락은 나무 표면에 문양을 새기고 그 위에 옻칠을 한 후 광택을 내는 전통 기법으로 제작되었습니다. 이 작품은 전통 공예 장인 하세가와 사노부 씨에 의해 정성을 다해 만들어진 고급스러운 목젓가락입니다. 섬세하게 조각된 문양이 특징이며, 시간이 지날수록 깊어지는 멋이 느껴집니다. 가마쿠라보리 특유의 아름다운 예술 작품을 일상에서 경험할 수 있습니다.",기가 닿아도 내구성이 강해 대를 이어 사용 가능함.,1,https://thumbnail.image.rakuten.co.jp/@0_mall/f142042-kamakura/cabinet/itemimg/2107_2/cs33_01.jpg?_ex=1024x1024,https://hb.afl.rakuten.co.jp/hgc/g00u1xmn.16t5u063.g00u1xmn.16t5ve28/?pc=https%3A%2F%2Fitem.rakuten.co.jp%2Ff142042-kamakura%2Fcs33%2F&m=http%3A%2F%2Fm.rakuten.co.jp%2Ff142042-kamakura%2Fi%2F10000034%2F&rafcid=wsc_i_is_b93111dd-e085-46a2-a75f-28c1ee5d2de6
PRD_028,가마쿠라 콩과자,鎌倉まめや,가마쿠라 마메야,REG_003,PRC_01,500,가마쿠라 마메야는 계절과 월에 따라 다양한 콩 과자를 선보이는 곳입니다. 매달 바뀌는 시즌별 간식들을 즐길 수 있습니다. 이 제품은 전통적인 콩을 활용하여 다채로운 맛의 간식거리로 즐길 수 있습니다.,한 봉지 단위로 구매가 가능해 여러 맛을 섞어 선물하기 좋음.,1,https://thumbnail.image.rakuten.co.jp/@0_mall/f142077-chigasaki/cabinet/d_202201/56310577_01_web_s.jpg?_ex=1024x1024,https://hb.afl.rakuten.co.jp/hgc/g00u086n.16t5u1e6.g00u086n.16t5v347/?pc=https%3A%2F%2Fitem.rakuten.co.jp%2Ff142077-chigasaki%2F56310577%2F&m=http%3A%2F%2Fm.rakuten.co.jp%2Ff142077-chigasaki%2Fi%2F10000293%2F&rafcid=wsc_i_is_b93111dd-e085-46a2-a75f-28c1ee5d2de6
PRD_029,하토사브레,鳩サブレー,토시마야,REG_003,PRC_02,1398,"하토사브레는 가마쿠라 토시마야를 대표하는 비둘기 모양의 사브레 과자입니다. 메이지 시대에 탄생한 버터 풍미의 구움과자로, 바삭하고 가벼운 식감과 고소한 맛이 특징입니다. 가마쿠라를 상징하는 정갈한 선물 과자로 오래 사랑받아 왔으며, 개별 포장되어 나누어 먹기에도 좋습니다.",캔 패키지는 견고하여 쿠키 파손 없이 한국 반출 가능함.,1,https://thumbnail.image.rakuten.co.jp/@0_mall/kyostu/cabinet/okasi/hatosabure-matome/1.jpg?_ex=1024x1024,https://hb.afl.rakuten.co.jp/hgc/g00ur07n.16t5u3e0.g00ur07n.16t5v5c8/?pc=https%3A%2F%2Fitem.rakuten.co.jp%2Fkyostu%2Fhatosabure-matome%2F&m=http%3A%2F%2Fm.rakuten.co.jp%2Fkyostu%2Fi%2F10000263%2F&rafcid=wsc_i_is_b93111dd-e085-46a2-a75f-28c1ee5d2de6
PRD_030,가마쿠라 반게츠,鎌倉半月,가마쿠라 고로 본점,REG_003,PRC_02,1296,"가마쿠라 반게츠는 녹차와 달콤한 팥앙금 두 가지 풍미를 즐길 수 있는 간식입니다. 국내산 밀가루를 주재료로 사용하여 부드러운 식감을 자랑하며, 진한 말차 가루의 향이 느껴지는 말차 맛은 깊고 고소한 매력을 선사합니다. 또 다른 맛인 팥앙금 풍미는 달콤하고 깊은 맛의 팥앙금을 넣어 만들었으며, 재료 본연의 풍미가 살아있습니다. 선물용이나 가족과 함께 즐기는 다과로 품격 있는 시간을 만들어 줄 것입니다.",계절별 한정 맛이 출시되니 방문 시 확인 요망.,1,https://thumbnail.image.rakuten.co.jp/@0_mall/shaddy/cabinet/item3/1692643.jpg?_ex=1024x1024,https://hb.afl.rakuten.co.jp/hgc/g00q4h8n.16t5u490.g00q4h8n.16t5vd53/?pc=https%3A%2F%2Fitem.rakuten.co.jp%2Fshaddy%2F001692643%2F&m=http%3A%2F%2Fm.rakuten.co.jp%2Fshaddy%2Fi%2F10412421%2F&rafcid=wsc_i_is_b93111dd-e085-46a2-a75f-28c1ee5d2de6
PRD_031,무샤가에시,武者がえし,오카시노 코토부키야,REG_005,PRC_02,1966,"무샤가에시는 오카시노 고바이가 만드는 구마모토 명과로, 부드럽게 손질한 팥앙금을 파이 반죽으로 감싸 구운 과자입니다. 팥 껍질을 정성스럽게 제거해 만든 앙금은 매끄럽고 은은한 단맛을 내며, 버터 향이 살아 있는 겹겹의 파이와 잘 어울립니다. 구마모토성의 석축을 떠올리게 하는 이름과 함께, 일본식 앙금 과자와 서양식 파이의 조화를 즐길 수 있는 제품입니다.",차가운 우유나 커피와 궁합 최고,1,https://thumbnail.image.rakuten.co.jp/@0_mall/jrk-shoji/cabinet/st_kumamoto/i81g11_22_01.jpg?_ex=1024x1024,https://hb.afl.rakuten.co.jp/hgc/g00ptaln.16t5u528.g00ptaln.16t5v3fb/?pc=https%3A%2F%2Fitem.rakuten.co.jp%2Fjrk-shoji%2F10001928%2F&m=http%3A%2F%2Fm.rakuten.co.jp%2Fjrk-shoji%2Fi%2F10001928%2F&rafcid=wsc_i_is_b93111dd-e085-46a2-a75f-28c1ee5d2de6
PRD_032,코쿠토 도너츠 봉,黒糖ドーナツ棒,フジバンビ,REG_005,PRC_01,550,"오키나와산 흑당을 사용하여 만든 코쿠토 도너츠 봉은 깊고 달콤한 흑당의 풍미가 특징인 구운 도넛 스틱입니다. 은은하게 단맛과 함께 씹는 재미를 주는 쫄깃함과 바삭한 식감이 조화를 이룹니다. 간편하고 맛있는 간식으로 즐기기 좋으며, 선물이나 사무실에서 여러 사람들과 나누어 먹기 좋은 인기 스위츠로 알려져 있습니다.","오키나와현산 흑설탕과 100% 일본산 밀가루를 사용하고, 신선한 식물성 기름으로 튀겨 지역의 특색이 드러남",1,https://thumbnail.image.rakuten.co.jp/@0_mall/psj1/cabinet/2025/2025_06/31004val_0.jpg?_ex=1024x1024,https://hb.afl.rakuten.co.jp/hgc/g00tg47n.16t5u38e.g00tg47n.16t5v7a2/?pc=https%3A%2F%2Fitem.rakuten.co.jp%2Fpsj1%2Fcs31004-4902469510419-br30%2F&m=http%3A%2F%2Fm.rakuten.co.jp%2Fpsj1%2Fi%2F10007299%2F&rafcid=wsc_i_is_b93111dd-e085-46a2-a75f-28c1ee5d2de6
PRD_033,구마모토 소주,熊本焼酎,高橋酒造,REG_005,PRC_04,3267,"메이지 33년(1900년)부터 본격적인 쌀 소주를 만들어 온 오랜 역사를 지닌 술입니다. 고품질의 쌀과 히토요시-구마모토의 맑은 물, 그리고 장인의 기술이 만나 깨끗한 목 넘김과 우아하고 깊은 향을 자랑하는 본격 쌀 소주가 특징입니다. 또한, 500년 전통 방식을 이어받아 엄선된 '황금천관' 고구마로 만든 구마 지역의 이모 소주도 구성되어 있습니다. 제품에 따라 백고지나 검은 누룩 등을 사용하며 저온 발효와 숙성 과정을 거쳐 깊고 풍부한 맛을 완성했습니다.",기내 반입 규정을 확인,1,https://thumbnail.image.rakuten.co.jp/@0_mall/kurastyle/cabinet/05148898/imgrc0072602280.jpg?_ex=1024x1024,https://hb.afl.rakuten.co.jp/hgc/53033622.7bbb75b6.53033623.c98a76f0/?pc=https%3A%2F%2Fitem.rakuten.co.jp%2Fkuma-shochu%2F01-389%2F&m=https%3A%2F%2Fitem.rakuten.co.jp%2Fkuma-shochu%2F01-389%2F
PRD_034,아소 저지 밀크 샌드,阿蘇ジャージーミルクサンド,아소 밀크 (阿蘇ミルク),REG_005,PRC_03,2245,"아소 지역의 특산물인 저지 우유를 활용하여 만든 명물 샌드 과자입니다. 화이트 초콜릿과 콘플레이크가 주재료로 들어가, 부드러움과 바삭함이 어우러진 독특한 식감을 즐길 수 있습니다. 아소 및 주변 지역의 고품질 저지 우유만을 사용하여 맛과 품질을 자랑하는 간식입니다. 개별 포장되어 있어 부담 없이 즐기기 좋으며, 선물용으로도 안성맞춤입니다.",직장 동료들에게 돌리기 좋은 개별 포장형.,1,https://thumbnail.image.rakuten.co.jp/@0_mall/kimusato/cabinet/03614326/03620591/10214404/tkrsand02.jpg?_ex=1024x1024,https://hb.afl.rakuten.co.jp/hgc/g00pxoin.16t5uc91.g00pxoin.16t5v0a9/?pc=https%3A%2F%2Fitem.rakuten.co.jp%2Fkimusato%2Ftkrjerseysand%2F&m=http%3A%2F%2Fm.rakuten.co.jp%2Fkimusato%2Fi%2F10001429%2F&rafcid=wsc_i_is_b93111dd-e085-46a2-a75f-28c1ee5d2de6
PRD_035,쿠마몬 대나무 젓가락,熊本 竹箸,전통공예관,REG_005,PRC_01,930,쿠마몬 대나무 젓가락은 구마모토현의 대나무 젓가락 전문 업체와 협업해 만든 캐릭터 생활용품입니다. 대나무 소재의 가벼운 촉감과 쿠마몬 디자인을 함께 담아 어린이용 성장 젓가락 콘셉트를 살렸습니다. 실사용 식기이면서 구마모토 지역성과 캐릭터성을 함께 남길 수 있는 기념품입니다.,천연 소재인 대나무를 사용하여 환경 친환적 상품,0,https://thumbnail.image.rakuten.co.jp/@0_mall/horiku/cabinet/0142/2b28xn1gq4_0.jpg?_ex=1024x1024,https://hb.afl.rakuten.co.jp/hgc/53033622.7bbb75b6.53033623.c98a76f0/?pc=https%3A%2F%2Fitem.rakuten.co.jp%2Fhoriku%2F2b28xn1gq4%2F&m=https%3A%2F%2Fitem.rakuten.co.jp%2Fhoriku%2F2b28xn1gq4%2F
PRD_036,구마모토 토마토 콜라,熊本トマトコーラ,아소 건강 농원,REG_005,PRC_01,302,"남아소촌에서 생산된 완숙 토마토를 주재료로 만든 탄산음료입니다. 구마모토의 대표 작물인 토마토가 깊고 풍부한 맛을 더해줍니다. 청량감 넘치는 탄산이 목넘김을 상쾌하게 하며, 입안 가득 퍼지는 토마토의 풍미가 특징입니다. 맛과 색감이 모두 뛰어난 진하고 상큼한 탄산음료를 즐겨보세요.",상온보관이 가능해서 선물용으로도 좋다.,1,https://thumbnail.image.rakuten.co.jp/@0_mall/fujimatsuwine/cabinet/11866715/420044_1.jpg?_ex=1024x1024,https://hb.afl.rakuten.co.jp/hgc/g00ryegn.16t5u5ba.g00ryegn.16t5v9b9/?pc=https%3A%2F%2Fitem.rakuten.co.jp%2Ffujimatsuwine%2F420044%2F&m=http%3A%2F%2Fm.rakuten.co.jp%2Ffujimatsuwine%2Fi%2F10040991%2F&rafcid=wsc_i_is_b93111dd-e085-46a2-a75f-28c1ee5d2de6
PRD_037,쿠마몬 쿠키,くまモンクッキー,フジバンビ,REG_005,PRC_03,2007,"쿠마몬 캐릭터 모양의 쿠키 세트입니다. 총 24개의 쿠키가 담겨 있으며, 버터쿠키와 초콜릿쿠키가 각각 12개씩 구성되어 있습니다. 개별 포장된 형태로 되어 있어 선물용이나 기념품으로 좋습니다.",버터맛과 초코맛으로 구성되어있다. 24개입,1,https://thumbnail.image.rakuten.co.jp/@0_mall/kimusato/cabinet/03614326/03620591/kcbcs000b24.jpg?_ex=1024x1024,https://hb.afl.rakuten.co.jp/hgc/53033622.7bbb75b6.53033623.c98a76f0/?pc=https%3A%2F%2Fitem.rakuten.co.jp%2Fkimusato%2Fkumamoncoockies2%2F&m=https%3A%2F%2Fitem.rakuten.co.jp%2Fkimusato%2Fkumamoncoockies2%2F
PRD_038,쿠리센리,栗千里,후쿠다야 (福田屋),REG_005,PRC_02,1210,"구마모토산 일본 밤의 부드러운 풍미를 담아낸 촉촉한 식감의 베이크드 몽블랑입니다. 이전보다 단맛을 줄이고 밤 본연의 맛이 더욱 살아나도록 정성껏 완성했습니다. 주재료로는 구마모토산 밤과 하얀 앙금, 그리고 쿠키와 아몬드 파우더 등이 사용되었습니다. 부드러운 식감과 깊은 밤 향이 조화로운 고급 과자입니다.",2018년 ‘일본 전국 지역 디저트 랭킹’에서 전국 1위. ,1,https://thumbnail.image.rakuten.co.jp/@0_mall/f431001-kumamoto/cabinet/fukudaya/r_024-0073_01.jpg?_ex=1024x1024,https://hb.afl.rakuten.co.jp/hgc/g00twhjn.16t5uf44.g00twhjn.16t5v678/?pc=https%3A%2F%2Fitem.rakuten.co.jp%2Ff431001-kumamoto%2F024-806%2F&m=http%3A%2F%2Fm.rakuten.co.jp%2Ff431001-kumamoto%2Fi%2F10000807%2F&rafcid=wsc_i_is_b93111dd-e085-46a2-a75f-28c1ee5d2de6
PRD_039,호마레노 진다이코,誉の陣太鼓,お菓子の香梅,REG_005,PRC_02,1782,"호마레노 진다이코는 쿠마모토를 대표하는 지역 특산 과자입니다. 전통 한과와 떡류에 속하며, 부드러운 식감의 양갱으로 즐길 수 있습니다. 이 화과는 순수하고 아름다운 단맛 속에 깊고 풍부한 맛이 느껴지는 것이 특징입니다. 이러한 뛰어난 풍미는 최고급 품질을 자랑하는 홋카이도산 대나고 팥을 사용하여 만들어졌습니다.",차갑게 해서 드시면 더욱 맛있습니다.,1,https://thumbnail.image.rakuten.co.jp/@0_mall/jrk-shoji/cabinet/st_kumamoto/i81g06_th.jpg?_ex=1024x1024,https://hb.afl.rakuten.co.jp/hgc/g00ptaln.16t5u528.g00ptaln.16t5v3fb/?pc=https%3A%2F%2Fitem.rakuten.co.jp%2Fjrk-shoji%2F10003339%2F&m=http%3A%2F%2Fm.rakuten.co.jp%2Fjrk-shoji%2Fi%2F10003339%2F&rafcid=wsc_i_is_b93111dd-e085-46a2-a75f-28c1ee5d2de6
PRD_040,쿠마몬 에코백,くまモン エコバッグ,쿠마몬 스퀘어,REG_005,PRC_02,1380,"일상적인 쇼핑에 유용한 에코백으로, 귀여운 쿠마몬 캐릭터가 기분까지 좋게 만들어 줍니다. 쿠마몬이 구마모토현의 영업부장 겸 행복부장으로 사랑받는다는 스토리를 담은 에코백 시리즈입니다. 가방을 보관할 때도 애교 넘치는 쿠마몬의 표정을 즐길 수 있으며, 심지어 가방 속에서 인형 같은 쿠마몬의 얼굴이 보이는 것만으로도 미소를 짓게 합니다. 또한, 카라비너가 부착되어 있어 쿠마몬의 다른 가방에도 걸어 사용할 수 있습니다.",귀여운 쿠마몬과 함께 일회용품 줄이기에 동참해보세요!,1,https://thumbnail.image.rakuten.co.jp/@0_mall/iiidea/cabinet/syouhin1/sp_800x800/sp500x500_859.jpg?_ex=1024x1024,https://hb.afl.rakuten.co.jp/hgc/g00ujwun.16t5u6bf.g00ujwun.16t5v1dc/?pc=https%3A%2F%2Fitem.rakuten.co.jp%2Fiiidea%2Fac4994643700426x01%2F&m=http%3A%2F%2Fm.rakuten.co.jp%2Fiiidea%2Fi%2F10002266%2F&rafcid=wsc_i_is_b93111dd-e085-46a2-a75f-28c1ee5d2de6
PRD_041,나루토 킨토키 타르트,なると金時タルト,하타다 본점 (畑田本舗),REG_001,PRC_02,1296,"하타다 본점은 창업 이래 90년 이상의 역사를 지닌 곳으로, 시코쿠와 세토 내해의 식재료와 문화를 소중히 여기며 오랫동안 어학 문화 발전에 힘써왔습니다. 이곳에서는 '하타다 타르트'나 인기 상품인 '도라이치'를 비롯하여 다양한 일본 및 서양 과자를 기획, 제조, 선보이고 있습니다. 특히 에히메의 명과로 알려진 '타르트' 문화를 전파하며 지역 발전에도 힘쓰고 있습니다. 오랜 역사와 이용자들의 신뢰를 바탕으로, 지리적 경계를 넘어 전국에 전통적인 맛을 알리고자 노력하는 브랜드입니다.",도쿠시마 현내 공항 및 주요 역에서만 판매하는 지역 한정 패키지가 인기임.,1,https://thumbnail.image.rakuten.co.jp/@0_mall/hatadakuritaruto/cabinet/lp/samuneiru/narutokintokipoteto.jpg?_ex=1024x1024,https://hb.afl.rakuten.co.jp/hgc/53033622.7bbb75b6.53033623.c98a76f0/?pc=https%3A%2F%2Fitem.rakuten.co.jp%2Fhatadakuritaruto%2Fnarutokintokipoteto3-16%2F%3Fiasid%3D07rpp_10095___33-mnzk6xt0-5q-244e2efd-783e-4bfa-8e00-0f298c4183e9&m=https%3A%2F%2Fitem.rakuten.co.jp%2Fhatadakuritaruto%2Fnarutokintokipoteto3-16%2F%3Fiasid%3D07rpp_10095___33-mnzk6xt0-5q-244e2efd-783e-4bfa-8e00-0f298c4183e9
PRD_042,천연 아와 염색 손수건,天然 藍染めハンカチ(はんかち),도쿠시마 아와염색 공예관 藍染工芸館,REG_001,PRC_02,1800,"도쿠시마 아와 지역의 자연 식물에서 얻은 천연 쪽을 사용하여 염색한 손수건입니다. 100% 면 소재로 제작되었으며, 장인의 수작업으로 여러 번에 걸쳐 정성껏 물들이는 전통 공예품입니다. 이 천연 쪽은 피부에 순하며 면, 실크, 마 등 다양한 천연 소재에 잘 염색됩니다. 특히 오래 사용하거나 세탁할수록 깊고 차분한 색감이 더해지는 것이 특징인 제품입니다.",수작업 특성상 패턴이 모두 다르므로 직접 보고 고르는 것을 추천함.,0,https://thumbnail.image.rakuten.co.jp/@0_mall/tokushima-shop/cabinet/00427918/18_ai/ai_hankachi5a.jpg?_ex=1024x1024,https://hb.afl.rakuten.co.jp/hgc/g00qb1xn.16t5u308.g00qb1xn.16t5vfeb/?pc=https%3A%2F%2Fitem.rakuten.co.jp%2Ftokushima-shop%2F14-51-042%2F&m=http%3A%2F%2Fm.rakuten.co.jp%2Ftokushima-shop%2Fi%2F10001066%2F&rafcid=wsc_i_is_b93111dd-e085-46a2-a75f-28c1ee5d2de6
PRD_043,아와 와산본 설탕 (상자형),阿波和三盆糖,오카다 제당 岡田製糖所,REG_001,PRC_03,2799,아와 와산본 설탕은 도쿠시마의 명물로 알려진 고급 사탕입니다. 이 설탕은 은은한 향과 함께 깔끔하고 부드러우며 풍미가 가득한 단맛이 특징입니다. 특히 뒷맛이 좋고 산뜻하게 마무리되는 것이 매력적입니다. 갓 구운 식빵에 버터를 바르고 아와 와산본 설탕을 뿌려 먹는 등 다양한 방식으로 활용할 수 있습니다.,커피나 홍차에 곁들이거나 다도용 선물로 매우 품격 있는 선택지임.,0,https://thumbnail.image.rakuten.co.jp/@0_mall/tsutsu-uraura/cabinet/productpic_04/okada-1000-402r.jpg?_ex=1024x1024,https://hb.afl.rakuten.co.jp/hgc/g00r7kkn.16t5u9de.g00r7kkn.16t5v244/?pc=https%3A%2F%2Fitem.rakuten.co.jp%2Ftsutsu-uraura%2Fokada-1000-2s%2F&m=http%3A%2F%2Fm.rakuten.co.jp%2Ftsutsu-uraura%2Fi%2F10008898%2F&rafcid=wsc_i_is_b93111dd-e085-46a2-a75f-28c1ee5d2de6
PRD_044,스다치 꿀 시럽,すだちハニーシロップ,AWASUZO,REG_001,PRC_02,1200,"이 시럽은 부드러운 산미와 우아한 향이 특징입니다. 신선한 감귤의 본연의 매력을 그대로 담았으며, 5월에서 6월에 꽃을 피우고 가을에는 상쾌한 향과 깔끔한 산미를 지닌 열매가 익습니다. 초밥이나 전골, 폰즈 소스 등의 숨겨진 맛을 더하는 데 어울립니다. 구운 생선 요리나 전골 등 다양한 음식의 풍미를 한층 끌어올리는 만능 조미료 역할을 합니다.",농축 타입으로 4~5배 희석 권장. 탄산수에 섞어 에이드로 마시거나 요거트에 드레싱으로 곁들이기 좋음.,0,https://thumbnail.image.rakuten.co.jp/@0_mall/awasuzo/cabinet/product03/mys_200_.jpg?_ex=1024x1024,https://hb.afl.rakuten.co.jp/hgc/53033622.7bbb75b6.53033623.c98a76f0/?pc=https%3A%2F%2Fitem.rakuten.co.jp%2Fawasuzo%2Fmys200%2F%3Fiasid%3D07rpp_10095___3h-mo9owwcn-4c-8c8b7f40-fb05-481f-a19f-96b730742df8&m=https%3A%2F%2Fitem.rakuten.co.jp%2Fawasuzo%2Fmys200%2F%3Fiasid%3D07rpp_10095___3h-mo9owwcn-4c-8c8b7f40-fb05-481f-a19f-96b730742df8
PRD_045,도쿠시마 라멘 (3인분),徳島ラーメン,오카다이 본포 岡本製麺,REG_001,PRC_01,626,"도쿠시마 라멘은 도쿠시마 지역을 대표하는 현지 라멘입니다. 이 라멘은 돼지뼈와 진한 간장을 베이스로 한 깊고 진한 국물이 특징이며, 그 위에 달콤하고 매콤하게 양념된 돼지 삼겹살이 올라갑니다. 여기에 생란으로 부드러움을 더해 맛을 더욱 풍부하게 즐길 수 있습니다. 이러한 조합 덕분에 전체적인 맛이 마치 '스키야키'처럼 느껴진다고 합니다. 처음 도쿠시마 라멘을 접하는 분들도 다양한 맛의 차이를 경험하며 즐기기에 좋은 메뉴입니다.",날계란을 하나 톡 터뜨려 넣어 먹으면 현지의 맛을 더욱 가깝게 느낄 수 있음.,0,https://thumbnail.image.rakuten.co.jp/@0_mall/choosefood/cabinet/04945509/men/okamoto_tr10.jpg?_ex=1024x1024,https://hb.afl.rakuten.co.jp/hgc/g00sigsn.16t5u3aa.g00sigsn.16t5v610/?pc=https%3A%2F%2Fitem.rakuten.co.jp%2Fchoosefood%2Fch-food090%2F&m=http%3A%2F%2Fm.rakuten.co.jp%2Fchoosefood%2Fi%2F10000515%2F&rafcid=wsc_i_is_b93111dd-e085-46a2-a75f-28c1ee5d2de6
PRD_046,킨초 만쥬,金長まんじゅう,주식회사 할렐루야 株式会社 ハレルヤ,REG_001,PRC_06,5180,"도쿠시마 지역에서 유명한 만쥬 세트 상품입니다. 이 제품은 킨초 만쥬, 킨초 골드, 그리고 프리미엄 킨초 만쥬의 세 가지 종류로 구성되어 있습니다. 특히 프리미엄 킨초 만쥬는 킨초 만쥬 안에 더욱 진한 초콜릿 크림을 채워 완성했습니다. 전반적으로 추억이 느껴지는 듯한 느낌과 약간 건조한 식감의 앙금이 특징이며, 세 가지 모두 맛이 뛰어나다는 평가가 있습니다.",우유와 함께 먹으면 아이들 간식으로도 좋으며 남녀노소 호불호가 적음.,0,https://thumbnail.image.rakuten.co.jp/@0_mall/tokushima-shop/cabinet/00497881/15_7/kintyou30c500a.jpg?_ex=1024x1024,https://hb.afl.rakuten.co.jp/hgc/53033622.7bbb75b6.53033623.c98a76f0/?pc=https%3A%2F%2Fitem.rakuten.co.jp%2Fprosper-tokushima%2Fkinchoumanjyu5-gold5-premium5%2F&m=https%3A%2F%2Fitem.rakuten.co.jp%2Fprosper-tokushima%2Fkinchoumanjyu5-gold5-premium5%2F
PRD_047,오노 김 (조미김),大野海苔,오노 노리 大野海苔,REG_001,PRC_04,3978,"오노 김은 진하게 구운 김에 달콤함, 매콤함, 알싸한 맛이 어우러진 양념을 더한 조미김입니다. 바삭한 식감과 강한 김 향이 특징이며, 밥반찬이나 간단한 안주로 먹기 좋습니다. 달고 짭조름한 맛에 매운 여운이 더해져 일반 구운 김보다 존재감 있는 풍미를 즐길 수 있습니다.","플라스틱 원통 낱개 포장으로, 호불호 없는 반찬으로서 지인들에게 가볍게 선물하기 최적임.",0,https://thumbnail.image.rakuten.co.jp/@0_mall/choosefood/cabinet/04945509/kanbutsu/ohno_10p.jpg?_ex=1024x1024,https://hb.afl.rakuten.co.jp/hgc/g00sigsn.16t5u3aa.g00sigsn.16t5v610/?pc=https%3A%2F%2Fitem.rakuten.co.jp%2Fchoosefood%2Fch-food054%2F&m=http%3A%2F%2Fm.rakuten.co.jp%2Fchoosefood%2Fi%2F10000477%2F&rafcid=wsc_i_is_b93111dd-e085-46a2-a75f-28c1ee5d2de6
PRD_048,맘마 로사,マンマローザ,일로자스 イルローザ,REG_001,PRC_02,1152,"맘마 로사는 도쿠시마의 과자점 일로자스가 선보이는 우유 풍미의 구움과자입니다. 생크림과 우유를 사용한 부드러운 밀크 앙금이 들어 있어 촉촉하고 순한 단맛을 냅니다. 흰강낭콩 앙금을 계절에 맞춰 정성스럽게 조절해 끓여 만들며, 도쿠시마 선물 과자로 알려진 대표 제품입니다.",계절에 따라 딸기나 말차 등 한정판 맛이 출시되기도 하니 매장을 확인 요망.,0,https://thumbnail.image.rakuten.co.jp/@0_mall/f362018-tokushima/cabinet/frp_goods/frp005/14782549.jpg?_ex=1024x1024,https://hb.afl.rakuten.co.jp/hgc/g00t880n.16t5u4eb.g00t880n.16t5v5f1/?pc=https%3A%2F%2Fitem.rakuten.co.jp%2Ff362018-tokushima%2Fr3d026a%2F&m=http%3A%2F%2Fm.rakuten.co.jp%2Ff362018-tokushima%2Fi%2F10001157%2F&rafcid=wsc_i_is_b93111dd-e085-46a2-a75f-28c1ee5d2de6
PRD_049,이야 소바 (건면),祖谷そば,祖谷そば,REG_001,PRC_02,1090,"겐페이 전쟁 후 패배한 헤이케 일족이 도망친 곳으로 전해지는 이야 지방에서 그 역사를 시작했습니다. 풀(접착제)을 거의 사용하지 않아 끊어지기 쉽고 짧은 면발이지만, 이것이 독특한 식감과 소박한 맛을 만들어냅니다. 먹는 이에게는 쫄깃함과 밀가루의 단맛을 동시에 느낄 수 있게 해줍니다. 자연의 선물과 사람들의 지혜가 담겨 있으며, 일본 삼대 비경에 전해지는 풍미 깊은 전통 소바입니다.",일반 소바보다 면이 굵고 메밀 향이 진해 어르신들 선물용으로 인기가 높음.,0,https://thumbnail.image.rakuten.co.jp/@0_mall/fukiagetei/cabinet/08592039/iyasoba/iyasoba3psamune1.jpg?_ex=1024x1024,https://hb.afl.rakuten.co.jp/hgc/g00u4agn.16t5ua9c.g00u4agn.16t5vc8e/?pc=https%3A%2F%2Fitem.rakuten.co.jp%2Ffukiagetei%2Fiya3%2F&m=http%3A%2F%2Fm.rakuten.co.jp%2Ffukiagetei%2Fi%2F10000421%2F&rafcid=wsc_i_is_b93111dd-e085-46a2-a75f-28c1ee5d2de6
PRD_050,나루토 미역 (염장),生わかめ 鳴門産 金印 海藻 ,潮宝食品,REG_001,PRC_02,1360,"나루토산 미역을 주재료로 하여 만든 염장 미역입니다. 식염과 나루토산 미역으로 구성되었으며, 사용하기 편리하도록 물에 헹구어 바로 맛있게 드실 수 있습니다. 이 제품은 미네랄이 풍부하여 건강한 식품이며, 저칼로리, 저당질 특성을 지녀 다이어트나 아름다움을 관리하는 데 도움을 줄 수 있는 식재료입니다.",소금에 절여진 상태이므로 조리 전 찬물에 담가 염분을 충분히 제거해야 합니다. 장기 보관 시 냉장 보관을 권장합니다.,0,https://thumbnail.image.rakuten.co.jp/@0_mall/giftmiwa/cabinet/06673240/imgrc0074888910.jpg?_ex=1024x1024,https://hb.afl.rakuten.co.jp/hgc/53033622.7bbb75b6.53033623.c98a76f0/?pc=https%3A%2F%2Fitem.rakuten.co.jp%2Fgiftmiwa%2F10000001%2F&m=https%3A%2F%2Fitem.rakuten.co.jp%2Fgiftmiwa%2F10000001%2F
PRD_051,카미카쓰 아와반차,上勝阿波晩茶,하스야 はすや,REG_001,PRC_03,2700,자연이 풍부한 도쿠시마현 상카츠마치에서 만들어진 아와반차입니다. 유산균을 이용해 발효시켜 만든 이 차는 신맛이 느껴지면서도 매우 깊고 풍부한 맛이 특징입니다. 끓인 물 1리터에 차 잎 약 5그램을 넣고 약한 불에서 5분간 우려내어 먹으면 됩니다.,"카페인이 적어 밤에 마시기 좋으며, 따뜻하게 우려내면 특유의 상큼한 향이 극대화됩니다.",1,https://thumbnail.image.rakuten.co.jp/@0_mall/bikenstore/cabinet/compass1756790030.jpg?_ex=1024x1024,https://hb.afl.rakuten.co.jp/hgc/53033622.7bbb75b6.53033623.c98a76f0/?pc=https%3A%2F%2Fitem.rakuten.co.jp%2Fbikenstore%2Fcompass1756790081%2F&m=https%3A%2F%2Fitem.rakuten.co.jp%2Fbikenstore%2Fcompass1756790081%2F
PRD_052,카미카쓰 크래프트 맥주,カミカツビール/クラフトビール,RISE & WIN Brewing Co.,REG_001,PRC_01,798,"본토 미국에서 제조된 독특하고 맛있는 크래프트 맥주입니다. 귤의 상큼한 산미와 과일 향이 어우러져 식욕을 더욱 돋우는 것이 특징인 맥주입니다. 이 브루어리는 버려지던 유자 껍질을 향료로 사용하며, 양조 과정에서 남은 맥아 찌꺼기는 과자나 그래놀라 등으로 재활용하는 제로 웨이스트를 실천합니다. 재미있게 환경 보호의 의미를 되새기며 만든 크래프트 맥주입니다.","매장에서 빈 병을 가져가면 리필이 가능할 정도로 친환경적이며, 과일 향이 강해 여성들에게 인기가 높습니다.",1,https://dzwpvqehwr7zl.cloudfront.net/omios/products/generated/_review/PRD_052/PRD_052_packshot_v1.png,https://item.rakuten.co.jp/tsutaya/10013931/
PRD_053,업사이클 유리 쉘 보울,Shell Bowl（シェルボウル）,RISE & WIN Brewing Co.,REG_001,PRC_03,2750,"업사이클 유리 쉘 보울은 카미카츠 맥주의 빈 병을 재활용해 만든 유리 보울입니다. 조개껍데기를 닮은 곡선 형태가 특징이며, 폐유리병을 생활 오브제로 다시 살린 제품입니다. 맥주병에서 비롯된 소재감과 수공예적인 형태가 어우러져, 지역 브루어리의 업사이클링 스토리를 담은 생활 잡화로 볼 수 있습니다.",수작업으로 제작되어 그릇마다 형태가 조금씩 다른 것이 매력입니다. 깨지기 쉬우니 구매 시 꼼꼼한 포장을 요청하세요.,1,https://thumbnail.image.rakuten.co.jp/@0_mall/glomarket/cabinet/07178412/11513658/imgb07yp5vs4q0.jpg?_ex=1024x1024,https://hb.afl.rakuten.co.jp/hgc/g00thrdn.16t5u51b.g00thrdn.16t5v18a/?pc=https%3A%2F%2Fitem.rakuten.co.jp%2Fglomarket%2F11272666%2F&m=http%3A%2F%2Fm.rakuten.co.jp%2Fglomarket%2Fi%2F11272666%2F&rafcid=wsc_i_is_b93111dd-e085-46a2-a75f-28c1ee5d2de6
PRD_054,코이노보리 쿠루쿠마 곰돌이 인형,くるくまちゃん,쿠루쿠루 공방 くるくる工房,REG_001,PRC_02,1200,코이노보리 쿠루쿠마 곰돌이 인형은 쿠루쿠루 공방의 업사이클링 공예품입니다. 남자아이의 탄생을 축하하던 코이노보리나 소중히 간직했던 옷처럼 추억이 담긴 소재를 새 형태로 되살리는 작업에서 나온 상품입니다. 버려질 수 있는 천과 기념물을 곰돌이 인형으로 바꾸어 기억을 보존하는 스토리가 특징입니다.,작고 귀여운 사이즈로 가방에 달거나 인테리어 소품으로 활용하기 좋습니다. 아이들이나 귀여운 소품을 좋아하는 친구 선물로 제격입니다.,1,https://thumbnail.image.rakuten.co.jp/@0_mall/azair/cabinet/dg20260309145420650/z339vo0wp8ngpd2t.jpg?_ex=1024x1024,https://hb.afl.rakuten.co.jp/hgc/g00utc9n.16t5u4b4.g00utc9n.16t5vc07/?pc=https%3A%2F%2Fitem.rakuten.co.jp%2Fazair%2Fss260698563%2F&m=http%3A%2F%2Fm.rakuten.co.jp%2Fazair%2Fi%2F10018733%2F&rafcid=wsc_i_is_b93111dd-e085-46a2-a75f-28c1ee5d2de6
PRD_055,핸드메이드 누노조리 (천 슬리퍼),布ぞうり,쿠루쿠루 공방 くるくる工房,REG_001,PRC_02,1800,핸드메이드 누노조리는 천을 엮어 만드는 전통 생활 공예품입니다. 쿠루쿠루 공방은 누노조리처럼 오래전부터 쓰여 온 물건을 현대적으로 다시 만드는 작업을 소개합니다. 추억이 담긴 옷감이나 버려질 수 있는 소재를 일상에서 신을 수 있는 천 슬리퍼로 되살리는 점이 특징입니다.,천 소재라 세탁망에 넣어 기계 세탁이 가능하여 위생적입니다. 집에서 신을 편안한 실내화를 찾는 분들께 추천합니다.,1,https://thumbnail.image.rakuten.co.jp/@0_mall/adachi-jozo/cabinet/0530/bnzl_s1a.jpg?_ex=1024x1024,https://hb.afl.rakuten.co.jp/hgc/g00qshtn.16t5ue19.g00qshtn.16t5vb44/?pc=https%3A%2F%2Fitem.rakuten.co.jp%2Fadachi-jozo%2F00011%2F&m=http%3A%2F%2Fm.rakuten.co.jp%2Fadachi-jozo%2Fi%2F10000290%2F&rafcid=wsc_i_is_b93111dd-e085-46a2-a75f-28c1ee5d2de6
PRD_056,특제 진다이코 말차,特製陣太鼓 抹茶,오카시노 고바이(お菓子の香梅),REG_005,PRC_01,994,"구마모토의 특산 재료만을 엄선하여 만든 명과, '특제 진다이코 말차'입니다. 풍미가 깊은 홋카이도산 대나곤 아즈키콩으로 만든 달콤한 팥앙금과 부드러운 식감의 경부(규히)를 기본으로 합니다. 여기에 역사적인 의미를 지닌 야마가시의 진하고 깊은 말차가 조화롭게 어우러졌습니다. 이 녹차는 구마모토 번주였던 호소카와 타다토키 공에게 바쳐진 유서 깊은 명맥을 이어받았습니다. 부드럽고 우아한 단맛 속에 고소하면서도 향긋하고 깊은 쌉싸름함이 감도는 것이 특징입니다.",단맛이 강한 과자보다 쌉싸름한 맛을 좋아하는 사람에게 추천.,1,https://thumbnail.image.rakuten.co.jp/@0_mall/jrk-shoji/cabinet/st_kumamoto/i81g06_th.jpg?_ex=1024x1024,https://hb.afl.rakuten.co.jp/hgc/53033622.7bbb75b6.53033623.c98a76f0/?pc=https%3A%2F%2Fitem.rakuten.co.jp%2Fjrk-shoji%2F10003339%2F&m=https%3A%2F%2Fitem.rakuten.co.jp%2Fjrk-shoji%2F10003339%2F
PRD_057,히고 오십사만석,肥後五十四万石,오카시노 고바이(お菓子の香梅),REG_005,PRC_02,1998,"히고 오십사만석은 오카시노 고바이가 선보이는 구마모토 화과자입니다. 오카시노 고바이는 전통 제법과 아소의 복류수를 활용해 구마모토의 명과와 화과자를 만들어 온 브랜드로 소개됩니다. 이 상품은 연보랏빛 생앙금을 정성껏 반죽한 고운 팥앙금을 사용합니다. 격조 있는 팥앙금 풍미와 산뜻한 단맛, 부드러운 입안 감촉이 특징입니다.",고급스러운 박스형 선물로 상사·부모님용에 적합.,1,https://thumbnail.image.rakuten.co.jp/@0_mall/neowing-r/cabinet/item_img_506/neobk-878910.jpg?_ex=1024x1024,https://hb.afl.rakuten.co.jp/hgc/53033622.7bbb75b6.53033623.c98a76f0/?pc=https%3A%2F%2Fitem.rakuten.co.jp%2Fneowing-r%2Fneobk-878910%2F&m=https%3A%2F%2Fitem.rakuten.co.jp%2Fneowing-r%2Fneobk-878910%2F
PRD_058,명과 혼마루,本丸,오카시노 고바이(お菓子の香梅),REG_005,PRC_02,1674,"명과 혼마루는 검은깨가 들어간 얇은 밀 전병 사이에 고운 팥앙금이 채워진 속재료를 끼워 만든 과자입니다. 바삭하고 향긋하게 구워낸 밀 전병이 촉촉하고 부드러운 식감의 속재료와 만나 독특한 조화를 이룹니다. 또한, 밀 전병 표면에는 일본 전통 문양인 쿠미코 무늬가 장식되어 있어 아름다운 자태를 자랑합니다. 이 제품은 구마모토 지역을 대표하는 명과로, 패키지 디자인에도 웅장하고 화려한 역사가 담겨 있습니다.",구마모토성 이미지를 살린 선물로 좋음.,1,https://thumbnail.image.rakuten.co.jp/@0_mall/mighty-liquors/cabinet/03408995/imgrc0083594987.jpg?_ex=1024x1024,https://hb.afl.rakuten.co.jp/hgc/g00rrxbn.16t5uc92.g00rrxbn.16t5v172/?pc=https%3A%2F%2Fitem.rakuten.co.jp%2Fmighty-liquors%2F10000018%2F&m=http%3A%2F%2Fm.rakuten.co.jp%2Fmighty-liquors%2Fi%2F10000018%2F&rafcid=wsc_i_is_b93111dd-e085-46a2-a75f-28c1ee5d2de6
PRD_059,가세이타,加勢以多,오카시노 고바이(お菓子の香梅),REG_005,PRC_02,1998,"유럽에서 전래된 마르멜로 과실을 사용한 전통 과자입니다. '가세이타'라는 이름은 포르투갈어 ""마멀레이드 상자""의 발음이 변형되어 유래했다고 알려져 있습니다. 이 과자는 비와고국 구마모토 번주인 시노자와 가문의 비밀 레시피를 담고 있으며, 모찌가루로 만든 오보로 피부 사이에 마르멜로 앙금(현재는 커런트잼 사용)을 채워 넣었습니다. 특히 제품 표면에는 시노자와 가문의 가문 문장과 구요몬이 새겨져 있어 역사적 의미와 아름다움을 동시에 지니고 있습니다.",산뜻한 산미가 있어 단 과자를 많이 못 먹는 사람에게 좋음.,1,https://thumbnail.image.rakuten.co.jp/@0_mall/bookfan/cabinet/00951/bk4576210637.jpg?_ex=1024x1024,https://hb.afl.rakuten.co.jp/hgc/g00rk0pn.16t5u621.g00rk0pn.16t5v79f/?pc=https%3A%2F%2Fitem.rakuten.co.jp%2Fbookfan%2Fbk-4576210637%2F&m=http%3A%2F%2Fm.rakuten.co.jp%2Fbookfan%2Fi%2F12511920%2F&rafcid=wsc_i_is_b93111dd-e085-46a2-a75f-28c1ee5d2de6
PRD_060,해피 진다이코 구마몬,ハッピー陣太鼓 くまモン,오카시노 고바이(お菓子の香梅),REG_005,PRC_02,1394,"구마모토의 명과인 특제 진다이코 8개입 상품입니다. 이 제품은 전통 제법을 사용하여 구마모토와 아소 지역에서 얻은 맑고 깨끗한 지하수를 사용하며, 장인이 매일 정성껏 만들어냅니다. 특히 팥앙금에는 풍미가 깊은 홋카이도산 다나고시만두를 사용했습니다. 귀여운 구마몬 패키지가 특징이며, 구마모토 기념품은 물론 출산 축하, 졸업 등 다양한 선물로도 인기가 높습니다.",캐릭터 기념품 느낌을 살리고 싶을 때 좋음.,1,https://thumbnail.image.rakuten.co.jp/@0_mall/jrk-shoji/cabinet/st_kumamoto/i81g06_th.jpg?_ex=1024x1024,https://hb.afl.rakuten.co.jp/hgc/g00ptaln.16t5u528.g00ptaln.16t5v3fb/?pc=https%3A%2F%2Fitem.rakuten.co.jp%2Fjrk-shoji%2F10003339%2F&m=http%3A%2F%2Fm.rakuten.co.jp%2Fjrk-shoji%2Fi%2F10003339%2F&rafcid=wsc_i_is_b93111dd-e085-46a2-a75f-28c1ee5d2de6
PRD_061,코바이 도라야키,香梅のどら焼,오카시노 고바이(お菓子の香梅),REG_005,PRC_01,200,"오카시노 고바이는 전통 제법과 아소의 지하수를 사용하여 풍미 가득한 과자 및 화과자를 만듭니다. 이 제품은 크기가 커서 든든하게 즐길 수 있는 자체 제작 팥앙금 도라야키입니다. 특별히 두꺼운 동판을 사용해 부드럽게 구워낸 식감이 특징이며, 세 가지 종류의 밀가루를 독자적으로 블렌딩하여 만들었습니다. 덕분에 폭신하고 부드러운 식감을 즐길 수 있습니다.",낱개 구매가 가능해 간식용·추가 선물용으로 좋음.,1,https://dzwpvqehwr7zl.cloudfront.net/omios/products/generated/_review/PRD_061/PRD_061_packshot_v1.png,https://kobai.jp/store/719/
PRD_062,구마모토의 물방울,熊本のしずく,오카시노 고바이(お菓子の香梅),REG_005,PRC_01,324,"구마모토의 물방울은 구마모토 지역에서 엄선한 신선한 과일로 만든 세 종류의 전통 스타일 젤리입니다. 구마모토의 대지가 키워낸 재료를 사용하여, 전문 한과 장인의 정성스러운 방식으로 부드럽고 매끄러운 식감을 자랑합니다. 특히 '가나카' 맛은 새콤함과 쌉싸름함이 적절하게 조화된 상쾌한 풍미가 특징입니다.",더운 계절에는 시원하게 먹는 선물로 좋음.,1,https://thumbnail.image.rakuten.co.jp/@0_mall/saisake/cabinet/200303/mugibuesavor.jpg?_ex=1024x1024,https://hb.afl.rakuten.co.jp/hgc/g00pzwsn.16t5ua7f.g00pzwsn.16t5v42d/?pc=https%3A%2F%2Fitem.rakuten.co.jp%2Fsaisake%2F10001201a%2F&m=http%3A%2F%2Fm.rakuten.co.jp%2Fsaisake%2Fi%2F10001250%2F&rafcid=wsc_i_is_b93111dd-e085-46a2-a75f-28c1ee5d2de6
PRD_063,원조 구마모토야키,元祖熊本焼き,구마모토 과방(熊本菓房),REG_005,PRC_02,1188,원조 구마모토야키는 구마모토 과방의 지역 과자 세트입니다. 상품 정보에는 원조 구마모토야키 8개입 구성으로 표기되어 있습니다. 이름 그대로 구마모토 지역 이미지를 담은 기념품형 화과자입니다.,개별 포장이라 직장·친구 선물로 나누기 좋음.,1,https://thumbnail.image.rakuten.co.jp/@0_mall/kumamototokuhan-nomori/cabinet/1bn1566.jpg?_ex=1024x1024,https://hb.afl.rakuten.co.jp/hgc/g00szr2n.16t5ubea.g00szr2n.16t5v0be/?pc=https%3A%2F%2Fitem.rakuten.co.jp%2Fkumamototokuhan-nomori%2Fyohigh-001%2F&m=http%3A%2F%2Fm.rakuten.co.jp%2Fkumamototokuhan-nomori%2Fi%2F10000619%2F&rafcid=wsc_i_is_b93111dd-e085-46a2-a75f-28c1ee5d2de6
PRD_064,아마쿠사 사브레 프리미엄 버터샌드,天草サブレ プレミアムバターサンド,구마모토 과방(熊本菓房),REG_005,PRC_01,691,"아마쿠사 사브레 프리미엄 버터샌드는 3개입으로 구성된 쿠키 제품입니다. 주재료로는 국내산 밀가루, 준초콜릿, 설탕과 마가린 등이 사용되었습니다. 부드러운 식감을 위해 크리밍파우더와 버터, 계란 등을 활용하여 만들었습니다. 이 외에도 가당 연유, 탈지분유 등 다양한 재료들이 들어가 풍부한 맛을 자랑합니다.",소량 고급 간식으로 연인·친구 선물에 좋음.,1,https://thumbnail.image.rakuten.co.jp/@0_mall/f431001-kumamoto/cabinet/12263909/057-1771_01.jpg?_ex=1024x1024,https://hb.afl.rakuten.co.jp/hgc/g00twhjn.16t5uf44.g00twhjn.16t5v678/?pc=https%3A%2F%2Fitem.rakuten.co.jp%2Ff431001-kumamoto%2F057-1771%2F&m=http%3A%2F%2Fm.rakuten.co.jp%2Ff431001-kumamoto%2Fi%2F10001435%2F&rafcid=wsc_i_is_b93111dd-e085-46a2-a75f-28c1ee5d2de6
PRD_065,구마모토 명과 아마쿠사 사브레,熊本銘菓 天草サブレ,구마모토 과방(熊本菓房),REG_005,PRC_01,724,구마모토 명과 아마쿠사 사브레는 구마모토 과방의 구움과자 상품입니다. 상품 정보에는 16매입 한 상자 구성으로 안내되어 있습니다. 사브레 특유의 가볍고 바삭한 식감과 지역 명과의 성격을 담은 기념품형 과자입니다.,수량이 많아 회사·동아리 선물로 좋음.,1,https://thumbnail.image.rakuten.co.jp/@0_mall/jrk-shoji/cabinet/st_kumamoto/jindaiko_6.jpg?_ex=1024x1024,https://hb.afl.rakuten.co.jp/hgc/53033622.7bbb75b6.53033623.c98a76f0/?pc=https%3A%2F%2Fitem.rakuten.co.jp%2Fjrk-shoji%2F10001923%2F&m=https%3A%2F%2Fitem.rakuten.co.jp%2Fjrk-shoji%2F10001923%2F
PRD_066,구마모토 커스터드,くまもとカスタード,구마모토 과방(熊本菓房),REG_005,PRC_02,1490,"구마모토 과방의 구마모토 커스터드는 폭신한 스펀지 케이크 안에 커스터드 크림을 채운 과자다. 지역 계약 농장의 신선한 달걀과 아소 오구니 저지 우유를 사용해 스펀지와 크림 모두 부드러운 단맛을 낸다. 구마모토 성을 떠올리게 하는 패키지가 특징이며, 구마모토 과방 창업 기념 상품군과 함께 소개되는 지역 과자다.",냉동·보관 조건을 확인하고 귀국 직전 구매 권장.,1,https://thumbnail.image.rakuten.co.jp/@0_mall/nipponselect/cabinet/item/k00/k00060001.jpg?_ex=1024x1024,https://hb.afl.rakuten.co.jp/hgc/g00ska5n.16t5u689.g00ska5n.16t5v27f/?pc=https%3A%2F%2Fitem.rakuten.co.jp%2Fnipponselect%2Fk00060001%2F&m=http%3A%2F%2Fm.rakuten.co.jp%2Fnipponselect%2Fi%2F10018686%2F&rafcid=wsc_i_is_b93111dd-e085-46a2-a75f-28c1ee5d2de6
PRD_067,구마모토 멘베이,熊本めんべい,기요마사 제과(清正製菓),REG_005,PRC_01,980,"구마모토의 명물인 '신코 렌콘'의 풍미를 그대로 담아낸 구마모토 한정 멘베이입니다. 신코 렌콘을 모티브로 하여 매콤하면서도 고소한 맛이 특징이며, 적당히 강한 매운맛과 바삭하고 가벼운 식감이 조화를 이룹니다. 누구나 부담 없이 즐길 수 있어 간식이나 선물용으로 안성맞춤입니다.",단 과자가 싫은 사람이나 맥주 안주용 선물로 좋음.,1,https://thumbnail.image.rakuten.co.jp/@0_mall/jrk-shoji/cabinet/st_kumamoto/jindaiko_6.jpg?_ex=1024x1024,https://hb.afl.rakuten.co.jp/hgc/g00ptaln.16t5u528.g00ptaln.16t5v3fb/?pc=https%3A%2F%2Fitem.rakuten.co.jp%2Fjrk-shoji%2F10001923%2F&m=http%3A%2F%2Fm.rakuten.co.jp%2Fjrk-shoji%2Fi%2F10001923%2F&rafcid=wsc_i_is_b93111dd-e085-46a2-a75f-28c1ee5d2de6
PRD_068,북두의 구마모토권,北斗のくまモト拳,기요마사 제과(清正製菓),REG_005,PRC_02,1200,구마모토 과방의 밀크만주는 시간을 들여 만든 밀크 향 앙금을 특제 반죽에 감싸 촉촉하게 구워낸 과자입니다. 부드러운 반죽과 은은한 밀크 풍미의 앙금이 어우러지는 것이 특징입니다. 구마모토 지역 기념품 성격을 지닌 달콤한 만주형 디저트입니다.,캐릭터 굿즈 성격이 강해 친구 선물에 좋음.,1,https://thumbnail.image.rakuten.co.jp/@0_mall/umaimon-hunter/cabinet/maker_list/08280831/imgrc0099290312.jpg?_ex=1024x1024,https://hb.afl.rakuten.co.jp/hgc/g00s83qn.16t5ub2f.g00s83qn.16t5v915/?pc=https%3A%2F%2Fitem.rakuten.co.jp%2Fumaimon-hunter%2Fkyms-hktkk-0008-nm-001%2F&m=http%3A%2F%2Fm.rakuten.co.jp%2Fumaimon-hunter%2Fi%2F10029712%2F&rafcid=wsc_i_is_b93111dd-e085-46a2-a75f-28c1ee5d2de6
PRD_069,후가마키 12개 믹스팩,風雅巻き 12本ミックスパック,후가(風雅),REG_005,PRC_02,1296,"후가마키는 5가지 인기 맛을 12개 스틱에 담은 아소트 세트입니다. 먹기 편하도록 스틱 형태로 만들어져 간편하게 즐길 수 있습니다. 이 제품은 콩에 옷을 입히고 비법 소스로 양념한 뒤, 바삭하고 고소하게 구워낸 것이 특징입니다. 믹스팩에는 간장 대두, 간장 피넛, 간장 캐슈넛, 와사비 대두, 소금 피넛 등 다양한 맛이 포함되어 있습니다.",달지 않아 어른·직장 선물로 좋음.,1,https://thumbnail.image.rakuten.co.jp/@0_mall/mastaz/cabinet/fuga12_5_20.jpg?_ex=1024x1024,https://hb.afl.rakuten.co.jp/hgc/g00pkrfn.16t5uca7.g00pkrfn.16t5v957/?pc=https%3A%2F%2Fitem.rakuten.co.jp%2Fmastaz%2F202406181%2F&m=http%3A%2F%2Fm.rakuten.co.jp%2Fmastaz%2Fi%2F10000719%2F&rafcid=wsc_i_is_b93111dd-e085-46a2-a75f-28c1ee5d2de6
PRD_070,후가마키 간장 캐슈넛,風雅巻き 醤油カシューナッツ,후가(風雅),REG_005,PRC_01,994,먹기 편하게 스틱 형태로 만든 후가마키 간장 캐슈넛입니다. 아리아케 바다에서 채취한 어린 잎을 구운 김과 엄선된 견과류를 활용하여 만든 해초 과자입니다. 캐슈넛 같은 콩에 옷을 입히고 비법 양념으로 맛을 더해 바삭하고 고소하게 구워냈습니다. 간장 소스가 가미되어 깊은 풍미와 함께 바삭한 식감을 즐길 수 있습니다.,술안주 느낌의 선물을 찾을 때 좋음.,1,https://thumbnail.image.rakuten.co.jp/@0_mall/gift1484/cabinet/00326455/imgrc0081738154.jpg?_ex=1024x1024,https://hb.afl.rakuten.co.jp/hgc/g00q09nn.16t5ud25.g00q09nn.16t5vbe8/?pc=https%3A%2F%2Fitem.rakuten.co.jp%2Fgift1484%2F10065088%2F&m=http%3A%2F%2Fm.rakuten.co.jp%2Fgift1484%2Fi%2F10065088%2F&rafcid=wsc_i_is_b93111dd-e085-46a2-a75f-28c1ee5d2de6
PRD_071,마메후제이 흑당 호두,豆風情 黒糖くるみ,후가(風雅),REG_005,PRC_01,432,고소함이 가득한 호두에 깊은 풍미의 흑설탕 시럽을 정성껏 코팅한 제품입니다. 호두 본연의 고소한 맛과 진하고 깊은 흑당의 조화가 특징입니다. 흑당 시럽이 호두 전체를 감싸 더욱 달콤하면서도 구수한 매력을 선사합니다. 특별하고 풍부한 맛을 경험할 수 있는 간식으로 즐겨보세요.,작은 가격대라 여러 개 사기 좋음.,1,https://dzwpvqehwr7zl.cloudfront.net/omios/products/generated/_review/PRD_071/PRD_071_packshot_v1.png,https://www.fugamaki.com/products/detail.html?intIKey=250429&intGKey=&listType=2
PRD_072,마메후제이 솔트 캐러멜 호두,豆風情 塩キャラメルくるみ,후가(風雅),REG_005,PRC_01,432,"호두, 카슈넛, 아몬드를 주재료로 한 견과류 간식입니다. 이 제품은 고소한 견과류에 쌉싸름한 캐러멜을 듬뿍 입히고 은은한 소금 맛을 더했습니다. 호두의 깊은 풍미와 캐러멜의 진한 맛이 조화를 이루어, 커피나 홍차는 물론 와인과도 훌륭하게 어울립니다.",단짠 간식이라 젊은 층 선물로 좋음.,1,https://dzwpvqehwr7zl.cloudfront.net/omios/products/generated/_review/PRD_072/PRD_072_packshot_v1.png,https://www.fugamaki.com/products/detail.html?intIKey=250428&intGKey=&listType=2
PRD_073,케이카 라멘 상온 4식 박스,桂花ラーメン 常温4食入り箱,게이카 라멘(桂花拉麺),REG_005,PRC_02,1458,케이카 라멘 제품입니다. 상온에서 보관이 가능하도록 포장된 박스 상품입니다. 총 4개의 식사 분량이 한 박스에 담겨 있습니다. 언제 어디서든 간편하게 맛있는 라면을 즐길 수 있습니다.,라멘 마니아에게 매장 방문과 함께 추천하기 좋음.,1,https://thumbnail.image.rakuten.co.jp/@0_mall/lmt-shop/cabinet/10392315/10392319/yahoo_newkeika.jpg?_ex=1024x1024,https://hb.afl.rakuten.co.jp/hgc/53033622.7bbb75b6.53033623.c98a76f0/?pc=https%3A%2F%2Fitem.rakuten.co.jp%2Flmt-shop%2Ff034x2%2F&m=https%3A%2F%2Fitem.rakuten.co.jp%2Flmt-shop%2Ff034x2%2F
PRD_074,고쿠테이 돈코츠라멘 선물 박스,黒亭 とんこつラーメン お土産ボックス,고쿠테이(黒亭),REG_005,PRC_01,998,"고쿠테이의 특별한 맛을 담은 구마모토 라멘입니다. 이 제품은 집에서도 전문점 못지않게 즐길 수 있도록 자신 있게 만든 메뉴입니다. 고쿠테이 특유의 진한 돈코츠 육수와 풍미 좋은 볶은 마늘 기름, 그리고 엄선된 아리아케 해산 김을 함께 넣어 깊고 완벽한 조화를 이루었습니다. 이 세 가지 재료가 어우러져 더욱 맛있는 라멘 경험을 선사합니다.",라멘집 방문 후 같은 브랜드 선물로 구매하기 좋음.,1,https://thumbnail.image.rakuten.co.jp/@0_mall/kokutei-shop/cabinet/item/main_thumbnail/main/omy-004.jpg?_ex=1024x1024,https://hb.afl.rakuten.co.jp/hgc/53033622.7bbb75b6.53033623.c98a76f0/?pc=https%3A%2F%2Fitem.rakuten.co.jp%2Fkokutei-shop%2Fomy-004%2F&m=https%3A%2F%2Fitem.rakuten.co.jp%2Fkokutei-shop%2Fomy-004%2F
PRD_075,특선 아지센 라멘 2식,特撰味千ラーメン 2食入,아지센 라멘(味千拉麺),REG_005,PRC_01,520,"특선 아지센 라멘은 구마모토 돈코츠 라멘의 풍미를 집에서 간편하게 즐기도록 만든 이인분 세트입니다. 면 백그램 두 봉과 수프, 조미유가 함께 들어 있어 냄비 하나로 조리할 수 있습니다. 진한 돼지뼈 국물과 마늘 향이 어우러져 아지센 라멘 특유의 구수하고 깊은 맛을 냅니다.",가격이 낮아 여러 개 사서 나눠주기 좋음.,1,https://thumbnail.image.rakuten.co.jp/@0_mall/kumahonpo/cabinet/00301415/imgrc0096346421.jpg?_ex=1024x1024,https://hb.afl.rakuten.co.jp/hgc/g00q407n.16t5u51e.g00q407n.16t5v7a3/?pc=https%3A%2F%2Fitem.rakuten.co.jp%2Fkumahonpo%2Fsingift-03%2F&m=http%3A%2F%2Fm.rakuten.co.jp%2Fkumahonpo%2Fi%2F10000491%2F&rafcid=wsc_i_is_b93111dd-e085-46a2-a75f-28c1ee5d2de6
PRD_076,검은 마유 라멘 2식,黒マー油ラーメン 2食入,아지센 라멘(味千拉麺),REG_005,PRC_01,540,"검은 마유 라멘은 마늘의 풍미를 응축한 특제 검은 마유 소스를 더한 구마모토식 라멘 세트입니다. 면 백그램 두 봉과 국물, 조미유, 프라이드 갈릭이 들어 있어 이인분을 조리할 수 있습니다. 돈코츠 국물의 진한 감칠맛에 고소한 마늘 향이 겹쳐져 묵직한 라멘 맛을 냅니다.",구마모토 라멘의 지역성을 설명하기 쉬운 식품 선물.,1,https://thumbnail.image.rakuten.co.jp/@0_mall/kumahonpo/cabinet/00301415/imgrc0107443140.jpg?_ex=1024x1024,https://hb.afl.rakuten.co.jp/hgc/g00q407n.16t5u51e.g00q407n.16t5v7a3/?pc=https%3A%2F%2Fitem.rakuten.co.jp%2Fkumahonpo%2F112111%2F&m=http%3A%2F%2Fm.rakuten.co.jp%2Fkumahonpo%2Fi%2F10000538%2F&rafcid=wsc_i_is_b93111dd-e085-46a2-a75f-28c1ee5d2de6
PRD_077,구마몬 빌리지 한정 인형 30cm,くまモンビレッジ限定ぬいぐるみ 30cm,구마몬 빌리지(くまモンビレッジ),REG_005,PRC_05,4730,"구마몬 빌리지에서만 만날 수 있는 특별한 탐험대 구마몬 인형입니다. 이 인형은 모험과 관련된 테마를 담고 있으며, 지역 특색을 살린 캐릭터 상품으로 제작되었습니다. 본체 크기는 높이 약 30센티미터이며, 스스로 서 있을 수 있도록 디자인된 것이 특징입니다. 희소성이 높은 한정판 제품으로, 구마몬의 특별한 여정을 기념하기에 좋습니다.",부피가 있어 캐리어 공간을 확인하고 구매.,1,https://dzwpvqehwr7zl.cloudfront.net/omios/products/generated/_review/PRD_077/PRD_077_packshot_v1.png,https://kumamotomiyage.com/item/detail/KJ0000060?srsltid=AfmBOooqfn0oAXa-RVZ3An7IVRvCi5ay3RLNS5zEMfCwgqt_zZKBToJ3&utm_source=
PRD_078,구마몬 얼굴 동전지갑,フェイス小銭入れ,구마몬 빌리지(くまモンビレッジ),REG_005,PRC_01,990,구마몬 페이스 코인 파우치는 구마몬의 얼굴을 전면에 담은 동전 지갑입니다. 둥근 캐릭터 얼굴 디자인이 특징인 실용 소품입니다. 동전이나 작은 물건을 보관하기 좋은 구마몬 테마 기념품입니다.,실용성과 캐릭터성을 함께 갖춘 소형 굿즈.,1,https://thumbnail.image.rakuten.co.jp/@0_mall/mm-pop/cabinet/r20250821/kc-sam-hkz-cy.jpg?_ex=1024x1024,https://hb.afl.rakuten.co.jp/hgc/g00s33zn.16t5u009.g00s33zn.16t5v708/?pc=https%3A%2F%2Fitem.rakuten.co.jp%2Fmm-pop%2Fkc-sam-hkz-cy%2F&m=http%3A%2F%2Fm.rakuten.co.jp%2Fmm-pop%2Fi%2F10407905%2F&rafcid=wsc_i_is_b93111dd-e085-46a2-a75f-28c1ee5d2de6
PRD_079,구마모토 우마이몬 원형 마그넷,熊本うまいもん丸型マグネット MK,구마몬 관련 상품(くまモン関連商品),REG_005,PRC_01,770,"이 상품은 구마모토의 맛있는 지역 특산품을 주제로 한 마그넷입니다. 이름에서 알 수 있듯이, 구마모토의 별미를 담아낸 디자인으로 제작되었습니다. 원형 모양의 마그넷 제품이며, 구마몬과 관련된 기념품 중 하나입니다.",냉장고 자석 수집용으로 부담 없이 좋음.,1,https://dzwpvqehwr7zl.cloudfront.net/omios/products/generated/_review/PRD_079/PRD_079_packshot_v1.png,https://kumamotomiyage.com/item/detail/KJ0010192?srsltid=AfmBOor9id0ET-sqoHmhNWkW7lf9SBjTJcm9tNNVW0c0gjsMElP9s4-4&utm_source=
PRD_080,한정 스태킹 머그컵,限定スタッキングマグカップ KJ,구마몬 빌리지(くまモンビレッジ),REG_005,PRC_01,990,"구마몬 빌리지에서 선보이는 한정판 스태킹 머그컵입니다. 모델명 케이제이로, 여러 개의 머그컵을 쌓아 사용할 수 있도록 디자인된 것이 특징입니다. 실용적이면서도 소장 가치가 높은 특별한 아이템입니다.",깨짐 방지를 위해 옷 사이에 넣어 포장 권장.,1,https://dzwpvqehwr7zl.cloudfront.net/omios/products/generated/_review/PRD_080/PRD_080_packshot_v1.png,https://kumamotomiyage.com/item/detail/KJ0010110?srsltid=AfmBOop5gKxGNZCMNfTydUbPnKlnCDiHadZ56od5Oh23MEvXpwrftak7&utm_source=
PRD_081,렌콘 토트백,トートバッグ れんこん,구마몬 관련 상품(くまモン関連商品),REG_005,PRC_02,1100,"캔버스 소재로 제작된 토트백입니다. 단순하게 서 있는 모습의 쿠마몬과 구마모토의 명물인 가리 연근이 프린팅되어 있습니다. 캐릭터와 지역 특산품을 결합한 디자인으로, 실용적이면서도 특별한 매력을 담고 있습니다.",식품이 아닌 지역 모티프 선물을 찾을 때 좋음.,1,https://thumbnail.image.rakuten.co.jp/@0_mall/style-on-bag/cabinet/th/lz-7030_2604.jpg?_ex=1024x1024,https://hb.afl.rakuten.co.jp/hgc/53033622.7bbb75b6.53033623.c98a76f0/?pc=https%3A%2F%2Fitem.rakuten.co.jp%2Fstyle-on-bag%2Flz-7030%2F&m=https%3A%2F%2Fitem.rakuten.co.jp%2Fstyle-on-bag%2Flz-7030%2F
PRD_082,구마몬 찻잔,くまモンのお湯呑み MK,구마몬 관련 상품(くまモン関連商品),REG_005,PRC_01,990,구마몬 찻잔은 구마몬 캐릭터가 그려진 도자기 계열 기념품입니다. 아소 응원 페어 대상 상품으로 소개된 이력이 있습니다. 구마몬 테마의 지역 이미지를 일상적인 찻잔 형태로 담은 소품입니다.,부모님이나 차를 마시는 사람에게 실용적.,1,https://dzwpvqehwr7zl.cloudfront.net/omios/products/generated/_review/PRD_082/PRD_082_packshot_v1.png,https://kumamotomiyage.com/item/detail/KJ0010093?srsltid=AfmBOoou5uDHK_KnPdetJwQFsfPvoiwnrINgjo4q-tynloafZDkiUoRE&utm_source=
PRD_083,흑당 도넛봉 12개,黒糖ドーナツ棒 12本,후지밤비(フジバンビ),REG_005,PRC_01,583,"오랜 시간 동안 지역 주민들에게 사랑받아 온 쿠마모토의 명물 간식입니다. 흑당 도넛봉은 소박하면서도 깊은 풍미가 매력적인 맛을 자랑합니다. 한 입 먹으면 멈출 수 없을 만큼, 순수하고 부드러운 단맛이 특징입니다. 가족이나 친구와 함께 나누어 먹기 좋은 12개입으로 구성되어 있습니다.",상온 보관이 쉬워 한국으로 가져오기 편함.,1,https://thumbnail.image.rakuten.co.jp/@0_mall/fujibambi/cabinet/sam/imgrc0126008221.jpg?_ex=1024x1024,https://hb.afl.rakuten.co.jp/hgc/g00s008n.16t5u850.g00s008n.16t5v4f4/?pc=https%3A%2F%2Fitem.rakuten.co.jp%2Ffujibambi%2Fr10%2F&m=http%3A%2F%2Fm.rakuten.co.jp%2Ffujibambi%2Fi%2F10000008%2F&rafcid=wsc_i_is_b93111dd-e085-46a2-a75f-28c1ee5d2de6
PRD_084,아소 저지 우유 도넛봉,阿蘇ジャージー牛乳ドーナツ棒,후지밤비(フジバンビ),REG_005,PRC_01,432,"쿠마모토현 아소오구니마치에서 자란 저지 우유를 사용하여 만든 인기 도넛봉입니다. 촉촉하고 부드러운 식감이 특징이며, 우유 특유의 깊고 진한 단맛이 입안 가득 퍼집니다. 한번 맛보면 멈출 수 없을 만큼 매력적인 맛을 자랑합니다.",흑당 맛보다 부드러운 밀크맛을 원할 때 추천.,1,https://thumbnail.image.rakuten.co.jp/@0_mall/jrk-shoji/cabinet/st_kumamoto/j54w06_th.jpg?_ex=1024x1024,https://hb.afl.rakuten.co.jp/hgc/g00ptaln.16t5u528.g00ptaln.16t5v3fb/?pc=https%3A%2F%2Fitem.rakuten.co.jp%2Fjrk-shoji%2F10006334%2F&m=http%3A%2F%2Fm.rakuten.co.jp%2Fjrk-shoji%2Fi%2F10006334%2F&rafcid=wsc_i_is_b93111dd-e085-46a2-a75f-28c1ee5d2de6
PRD_085,아마쿠사의 소금 수플레,天草の塩スフレ,하얀 귀부인(白い貴婦人),REG_005,PRC_01,850,"하얀 귀부인의 아마쿠사 소금 수플레는 구마모토의 수플레 치즈케이크 전문점이 선보이는 소금 풍미 치즈 수플레입니다. 아마쿠사 이쓰와마치의 천일염 아사히를 사용하며, 가마에 끓이지 않고 자연의 힘으로 완성한 천일염이라는 점이 소개됩니다. 폭신하고 가벼운 수플레에 천연 소금을 더해 단맛과 코쿠가 더 또렷하게 살아나는 것이 특징입니다. 4호와 6호 크기 구성이 있어 간식이나 선물용으로 고르기 좋은 제품입니다.",구마모토 지역 소재 스토리를 설명하기 좋은 선물.,1,https://dzwpvqehwr7zl.cloudfront.net/omios/products/generated/_review/PRD_085/PRD_085_packshot_v1.png,https://shiroikifujin.com/
PRD_086,고베 푸딩 4개입,神戸プリン 4個入,토라쿠(トーラク),REG_006,PRC_02,1296,"계란과 생크림의 깊고 진한 고소함이 느껴지는 푸딩입니다. 그 속에는 은은하게 감귤류의 상큼한 풍미가 퍼져나가는 것이 특징입니다. 전체적으로 산뜻하면서도 부드럽게 넘어가는 매끄러운 식감을 자랑합니다. 맛과 향 모두 만족스러운, 사려 깊은 구성을 가진 디저트입니다.",상온 보관 가능 제품이라 공항·역 선물용으로 좋음.,1,https://thumbnail.image.rakuten.co.jp/@0_mall/cbland-kobe/cabinet/compass1643877855.jpg?_ex=1024x1024,https://hb.afl.rakuten.co.jp/hgc/g00ty01n.16t5u125.g00ty01n.16t5v39a/?pc=https%3A%2F%2Fitem.rakuten.co.jp%2Fcbland-kobe%2Fpid_r0001%2F&m=http%3A%2F%2Fm.rakuten.co.jp%2Fcbland-kobe%2Fi%2F10000000%2F&rafcid=wsc_i_is_b93111dd-e085-46a2-a75f-28c1ee5d2de6
PRD_087,고베 셰프클럽 로열 커스터드 푸딩,神戸シェフクラブ ロイヤルカスタードプリン,토라쿠(トーラク),REG_006,PRC_01,226,"고베 셰프클럽 로열 커스터드 푸딩은 부드러움이 감동적인 입안의 녹는 식감으로 사랑받아 온 오랜 스테디셀러 상품입니다. 우유, 생크림, 계란을 절묘하게 배합하여 만들었으며, 진하면서도 부드럽게 녹는 맛이 특징입니다. 이 깊은 풍미는 전문점 푸딩에 견주어도 손색없는 뛰어난 맛을 자랑합니다.",냉장 제품이라 현지에서 바로 먹는 간식용 추천.,1,https://thumbnail.image.rakuten.co.jp/@0_mall/misonoya/cabinet/202603_27/b192-20-2-1.jpg?_ex=1024x1024,https://hb.afl.rakuten.co.jp/hgc/g00qrf9n.16t5u2a2.g00qrf9n.16t5v9c3/?pc=https%3A%2F%2Fitem.rakuten.co.jp%2Fmisonoya%2Fb192-20-2%2F&m=http%3A%2F%2Fm.rakuten.co.jp%2Fmisonoya%2Fi%2F10061583%2F&rafcid=wsc_i_is_b93111dd-e085-46a2-a75f-28c1ee5d2de6
PRD_088,고베 마법의 항아리 푸딩,神戸魔法の壷プリン 4個入,고베 프란츠(神戸フランツ),REG_006,PRC_02,1980,"고베 프란츠의 마법의 항아리 푸딩은 작은 항아리 형태 용기에 담긴 커스터드 푸딩입니다. 신선한 달걀로 만든 진한 커스터드 푸딩 위에 부드러운 단맛의 크림을 올리고, 아래에는 깊은 풍미의 카라멜 소스를 더한 3층 구성이 특징입니다. 냉장고에서 6~7시간 해동하면 푸딩, 크림, 카라멜 소스의 차가운 조화가 또렷해집니다. 고베 프란츠의 하이카라한 디저트 이미지를 대표하는 푸딩 상품입니다.",냉동/냉장 관리가 필요해 귀국 직전 공항 구매 추천.,1,https://thumbnail.image.rakuten.co.jp/@0_mall/f281000-kobe/cabinet/frp_goods/frp017/23666514.jpg?_ex=1024x1024,https://hb.afl.rakuten.co.jp/hgc/g00sl9mn.16t5u4bc.g00sl9mn.16t5v57c/?pc=https%3A%2F%2Fitem.rakuten.co.jp%2Ff281000-kobe%2Fh1010-72-3%2F&m=http%3A%2F%2Fm.rakuten.co.jp%2Ff281000-kobe%2Fi%2F10004176%2F&rafcid=wsc_i_is_b93111dd-e085-46a2-a75f-28c1ee5d2de6
PRD_089,고베 딸기 트뤼프,神戸苺トリュフ,고베 프란츠(神戸フランツ),REG_006,PRC_02,1296,"고베 딸기 트뤼프는 달콤하고 새콤한 맛의 딸기를 동결 건조하여 사용했습니다. 이 사각사그로운 딸기는 부드럽고 밀키한 풍미의 화이트 초콜릿으로 코팅되어 있습니다. 크리미한 화이트 초콜릿과 바삭하게 식감 살아있는 동결 건조 딸기의 조화가 특징인 초콜릿 과자입니다. 주요 원료로는 초콜릿, 코코아 버터, 그리고 건조 딸기 등이 사용되었습니다.",상온 선물로 좋지만 여름에는 보냉 포장 확인.,1,https://thumbnail.image.rakuten.co.jp/@0_gold/frantz/photo/640/wd-03-no1.jpg?_ex=1024x1024,https://hb.afl.rakuten.co.jp/hgc/g00psryn.16t5u587.g00psryn.16t5vaaa/?pc=https%3A%2F%2Fitem.rakuten.co.jp%2Ffrantz%2F713237%2F&m=http%3A%2F%2Fm.rakuten.co.jp%2Ffrantz%2Fi%2F10001238%2F&rafcid=wsc_i_is_b93111dd-e085-46a2-a75f-28c1ee5d2de6
PRD_090,고베 반숙 치즈케이크,神戸半熟チーズケーキ・プレーン5個入,고베 프란츠(神戸フランツ),REG_006,PRC_02,1480,"제과 도시 고베에서 신선하게 만든 치즈케이크를 만나보세요. 이 제품은 베이크드나 스플레가 아닌, 꾸덕하고 진한 풍미가 느껴지는 독특한 식감이 특징입니다. 전통적인 디저트인 치즈케이크에 고베만의 바다와 여행의 감성을 더해 완성했습니다.",냉동 제품이라 호텔 냉동 보관 가능 여부 확인.,1,https://thumbnail.image.rakuten.co.jp/@0_gold/frantz/photo/640/cheese-01-05.jpg?_ex=1024x1024,https://hb.afl.rakuten.co.jp/hgc/g00psryn.16t5u587.g00psryn.16t5vaaa/?pc=https%3A%2F%2Fitem.rakuten.co.jp%2Ffrantz%2F507666%2F&m=http%3A%2F%2Fm.rakuten.co.jp%2Ffrantz%2Fi%2F10000931%2F&rafcid=wsc_i_is_b93111dd-e085-46a2-a75f-28c1ee5d2de6
PRD_091,고베 마법의 생초코 롤,神戸魔法の生チョコロール・プレーン,고베 프란츠(神戸フランツ),REG_006,PRC_03,2480,"고베 프란츠의 프리미엄 초콜릿을 아낌없이 사용한 리치한 초콜릿 롤케이크입니다. 이 제품은 고베 생초콜릿이 가득 들어있어, 부드러운 스펀지 케이크와 신선한 크림, 그리고 진한 생초콜릿의 조화로운 맛을 자랑합니다. 특히 초콜릿 특유의 쌉싸름함을 살려주는 신선한 크림과 적당히 부드럽게 녹는 생초콜릿 필링이 풍미와 식감에 깊은 포인트를 더했습니다. 냉장고에서 6~7시간 해동하여 먹으면, 더욱 폭신하고 마법처럼 입안에서 사르르 녹는 맛을 즐길 수 있습니다.",부피가 있어 가족·숙소 디저트용으로 적합.,1,https://thumbnail.image.rakuten.co.jp/@0_gold/frantz/photo/640/roll-05.jpg?_ex=1024x1024,https://hb.afl.rakuten.co.jp/hgc/g00psryn.16t5u587.g00psryn.16t5vaaa/?pc=https%3A%2F%2Fitem.rakuten.co.jp%2Ffrantz%2Froll-05%2F&m=http%3A%2F%2Fm.rakuten.co.jp%2Ffrantz%2Fi%2F10000014%2F&rafcid=wsc_i_is_b93111dd-e085-46a2-a75f-28c1ee5d2de6
PRD_092,고베 캐러멜 레어치즈케이크,神戸キャラメルレアチーズケーキ4個入,고베 프란츠(神戸フランツ),REG_006,PRC_02,1980,"크림치즈와 생크림을 듬뿍 사용하여 풍부하고 깊은 치즈의 맛이 특징인 케이크입니다. 부드럽고 진한 레어 치즈케이크 위에 캐러멜 소스가 어우러져 있습니다. 크림과 설탕을 정성껏 졸여 만든 캐러멜은 은은하게 쌉싸름하면서도 고소한 풍미를 더합니다. 또한, 표면에는 시각적으로 화려한 마블 무늬가 연출되어 더욱 아름다운 비주얼을 자랑합니다.",단맛이 강한 디저트를 좋아하는 사람에게 추천.,1,https://thumbnail.image.rakuten.co.jp/@0_gold/frantz/photo/640/cheese-05-04.jpg?_ex=1024x1024,https://hb.afl.rakuten.co.jp/hgc/g00psryn.16t5u587.g00psryn.16t5vaaa/?pc=https%3A%2F%2Fitem.rakuten.co.jp%2Ffrantz%2Fcheese-05-04%2F&m=http%3A%2F%2Fm.rakuten.co.jp%2Ffrantz%2Fi%2F10000020%2F&rafcid=wsc_i_is_b93111dd-e085-46a2-a75f-28c1ee5d2de6
PRD_093,고베 반숙 프로마주,神戸半熟フロマージュ4個入,고베 프란츠(神戸フランツ),REG_006,PRC_02,1580,"고베 반숙 프로마주는 고베 프란츠가 만드는 작은 치즈케이크 세트입니다. 지름 약 오십오 밀리미터의 미니 케이크 안에 부드러운 치즈 풍미를 담아, 반숙처럼 촉촉한 질감이 특징입니다. 냉동 보관 후 해동해 먹는 디저트라 차갑고 부드러운 크림치즈 맛을 즐기기 좋습니다.",냉동 배송 제품이므로 현지 구매 시 보냉백 권장.,1,https://thumbnail.image.rakuten.co.jp/@0_gold/frantz/photo/640/cheese-08-04.jpg?_ex=1024x1024,https://hb.afl.rakuten.co.jp/hgc/g00psryn.16t5u587.g00psryn.16t5vaaa/?pc=https%3A%2F%2Fitem.rakuten.co.jp%2Ffrantz%2Fcheese-08-04%2F&m=http%3A%2F%2Fm.rakuten.co.jp%2Ffrantz%2Fi%2F10002599%2F&rafcid=wsc_i_is_b93111dd-e085-46a2-a75f-28c1ee5d2de6
PRD_094,KITEKI 쿠키 쇼콜라 샌드,KITEKI クッキーショコラサンド 6種アソート,고베 프란츠(神戸フランツ),REG_006,PRC_03,2580,"사각거리는 식감의 고소한 초콜릿 쿠키와 부드럽게 녹아내릴 듯한 가나슈를 채운 6가지 맛의 쿠키 쇼콜라 샌드 아소트입니다. 바삭한 쿠키와 부드러운 속재료가 조화를 이루어 깊은 풍미를 선사합니다. 구성된 여섯 가지 맛으로는 캐러멜, 딸기, 오렌지, 라즈베리, 밀크, 말차가 있습니다. 각 맛마다 진하고 다채로운 매력을 느낄 수 있습니다.",직장 동료에게 나눠주기 좋은 고급 과자형.,1,https://thumbnail.image.rakuten.co.jp/@0_gold/frantz/photo/640/kiteki-6a.jpg?_ex=1024x1024,https://hb.afl.rakuten.co.jp/hgc/g00psryn.16t5u587.g00psryn.16t5vaaa/?pc=https%3A%2F%2Fitem.rakuten.co.jp%2Ffrantz%2Fkiteki-6a%2F&m=http%3A%2F%2Fm.rakuten.co.jp%2Ffrantz%2Fi%2F10002734%2F&rafcid=wsc_i_is_b93111dd-e085-46a2-a75f-28c1ee5d2de6
PRD_095,고프르,ゴーフル,고베 풍월당(神戸風月堂),REG_006,PRC_01,702,"고베 풍월당의 대표 상품인 고프르는 오랜 역사와 전통을 자랑하는 고베 명과입니다. 이 제품은 특징적인 얇게 구워낸 식감에서 느껴지는 부스러지듯 바삭한 매력이 있습니다. 바닐라, 스트로베리, 초콜릿 등 다양한 맛으로 구성되어 있어 취향에 맞게 즐길 수 있습니다.",가볍고 오래가서 부모님·상사 선물로 안정적.,1,https://thumbnail.image.rakuten.co.jp/@0_mall/kobe-fugetsudo/cabinet/gaufres/10110_01.jpg?_ex=1024x1024,https://hb.afl.rakuten.co.jp/hgc/g00pqcgn.16t5ua0a.g00pqcgn.16t5v838/?pc=https%3A%2F%2Fitem.rakuten.co.jp%2Fkobe-fugetsudo%2F10110%2F&m=http%3A%2F%2Fm.rakuten.co.jp%2Fkobe-fugetsudo%2Fi%2F10001506%2F&rafcid=wsc_i_is_b93111dd-e085-46a2-a75f-28c1ee5d2de6
PRD_096,미니 고프르,ミニゴーフル,고베 풍월당(神戸風月堂),REG_006,PRC_01,594,"고베 미니 고프르는 바삭하고 얇은 고프르 반죽 사이에 바닐라, 딸기 풍미, 초콜릿 크림을 채운 과자입니다. 원래 고프르의 맛을 작은 크기로 담아 휴대와 나눔이 쉬운 형태입니다. 패키지에는 판화가 카와니시 유조로가 그린 고베의 대표 풍경 디자인이 쓰여 지역 기념품의 성격을 더합니다.",틴 케이스가 예뻐 가벼운 기념품으로 좋음.,1,https://thumbnail.image.rakuten.co.jp/@0_mall/kobe-fugetsudo/cabinet/season2017/19_10850_3.jpg?_ex=1024x1024,https://hb.afl.rakuten.co.jp/hgc/g00pqcgn.16t5ua0a.g00pqcgn.16t5v838/?pc=https%3A%2F%2Fitem.rakuten.co.jp%2Fkobe-fugetsudo%2F10850%2F&m=http%3A%2F%2Fm.rakuten.co.jp%2Fkobe-fugetsudo%2Fi%2F10000157%2F&rafcid=wsc_i_is_b93111dd-e085-46a2-a75f-28c1ee5d2de6
PRD_097,프티 고프르,プティーゴーフル,고베 풍월당(神戸風月堂),REG_006,PRC_01,648,"고베 풍월당의 인기 고프르를 작게 재탄생시킨 '프티 고프르'입니다. 작은 크기에 대한 수요를 반영하여 탄생한 작은 사이즈의 고프르로, 부담 없이 즐기기 좋습니다. 바닐라, 스트로베리, 초콜릿 크림을 샌드하여 풍부하고 다채로운 맛을 느낄 수 있습니다. 이 외에도 홍차, 말차, 커피 등 다양한 향의 '프티 고프르 오 구테' 라인업이 구성되어 있어 취향에 맞게 선택할 수 있습니다.",개별 포장 구성이라 회사·학교 선물에 편함.,1,https://thumbnail.image.rakuten.co.jp/@0_mall/kobe-fugetsudo/cabinet/petites/10839_01.jpg?_ex=1024x1024,https://hb.afl.rakuten.co.jp/hgc/g00pqcgn.16t5ua0a.g00pqcgn.16t5v838/?pc=https%3A%2F%2Fitem.rakuten.co.jp%2Fkobe-fugetsudo%2F10839%2F&m=http%3A%2F%2Fm.rakuten.co.jp%2Fkobe-fugetsudo%2Fi%2F10000168%2F&rafcid=wsc_i_is_b93111dd-e085-46a2-a75f-28c1ee5d2de6
PRD_098,고프르 듀오 구테,ゴーフルデュオ・グーテ D20,고베 풍월당(神戸風月堂),REG_006,PRC_03,2160,"고베 풍월당에서 선보이는 티 향의 '고오풀'과 '고오풀 오 구테'를 만나보세요. 기본 고오풀은 바닐라, 딸기, 초콜릿 등 다양한 맛으로 구성되어 있으며, 고오풀 오 구테는 홍차, 말차, 커피처럼 여러 차의 풍미가 특징입니다. 특히 '고오풀 오 구테'는 간식 시간을 즐기도록 만든 고오풀이라는 의미를 담고 있습니다. 이 두 가지 제품을 다양하게 조합한 세트로 구성되어 있어 취향에 맞게 선택할 수 있습니다.",여러 맛을 한 번에 선물하고 싶을 때 적합.,1,https://thumbnail.image.rakuten.co.jp/@0_mall/odakyu-dept-store/cabinet/gift100/gift2024/1_1032510286.jpg?_ex=1024x1024,https://hb.afl.rakuten.co.jp/hgc/g00u323n.16t5u9be.g00u323n.16t5v61f/?pc=https%3A%2F%2Fitem.rakuten.co.jp%2Fodakyu-dept-store%2F1032510286%2F&m=http%3A%2F%2Fm.rakuten.co.jp%2Fodakyu-dept-store%2Fi%2F10024863%2F&rafcid=wsc_i_is_b93111dd-e085-46a2-a75f-28c1ee5d2de6
PRD_099,에콜세,エコルセ,혼타카사고야(本高砂屋),REG_006,PRC_01,486,"에콜세는 계절에 맞춰 특별히 반죽한 전용 밀가루를 사용하여 만듭니다. 프랑스산 오븐에서 얇고 바삭하게 구워내어 부드러운 식감과 가벼운 입안의 느낌을 선사합니다. 특히 원형은 나선 모양으로 폭신한 반죽이 특징입니다. 삼각형, 짧은 부채꼴 등 다양한 모양과 구워내는 방식에 따라 맛의 차이를 느낄 수 있으며, 에콜세 전용으로 개발된 밀크 초콜릿과 화이트 초콜릿을 사용하여 독특한 풍미를 자랑합니다.",가볍고 부서지기 쉬워 캐리어 상단 보관 추천.,1,https://thumbnail.image.rakuten.co.jp/@0_mall/hontakasagoya/cabinet/00793711/rogo_e50.jpg?_ex=1024x1024,https://hb.afl.rakuten.co.jp/hgc/g00qdm7n.16t5u51b.g00qdm7n.16t5vc78/?pc=https%3A%2F%2Fitem.rakuten.co.jp%2Fhontakasagoya%2Fe50%2F&m=http%3A%2F%2Fm.rakuten.co.jp%2Fhontakasagoya%2Fi%2F10000860%2F&rafcid=wsc_i_is_b93111dd-e085-46a2-a75f-28c1ee5d2de6
PRD_100,만델치겔,マンデルチーゲル,혼타카사고야(本高砂屋),REG_006,PRC_01,702,"만델치겔은 아몬드, 설탕, 계란, 밀가루, 바닐라의 다섯 가지 재료만을 사용하여 간결하게 만들어졌습니다. 이 과자는 고소한 아몬드의 향과 윤기 있는 반죽이 주는 바삭하고 파리한 식감이 특징입니다. 얇게 민 반죽을 한 장씩 절묘한 불 조절로 구워내어 깊은 풍미를 자랑합니다. 소리까지 맛있는 간식으로, 만델치겔의 매력을 느껴보세요.",견과류 알레르기 여부를 확인하고 선물하기.,1,https://thumbnail.image.rakuten.co.jp/@0_mall/hontakasagoya/cabinet/00793714/imgrc0111842465.jpg?_ex=1024x1024,https://hb.afl.rakuten.co.jp/hgc/g00qdm7n.16t5u51b.g00qdm7n.16t5vc78/?pc=https%3A%2F%2Fitem.rakuten.co.jp%2Fhontakasagoya%2F24m22%2F&m=http%3A%2F%2Fm.rakuten.co.jp%2Fhontakasagoya%2Fi%2F10000965%2F&rafcid=wsc_i_is_b93111dd-e085-46a2-a75f-28c1ee5d2de6
PRD_101,쇼콜라 에콜세,ショコラエコルセ,혼타카사고야(本高砂屋),REG_006,PRC_01,594,"쇼콜라 에콜세는 나무껍질처럼 얇게 구운 반죽을 초콜릿으로 감싼 혼타카사고야의 대표 양과자다. 얇은 반죽이 겹겹이 부서지는 가벼운 식감과 부드러운 밀크, 화이트, 딸기 초콜릿의 단맛이 특징이다. 상온 보관 가능한 개별 포장 과자로, 고베 과자 선물이나 차와 곁들이는 디저트로 어울린다.",초콜릿 제품이라 여름에는 보냉 주의.,1,https://thumbnail.image.rakuten.co.jp/@0_mall/e-squ/cabinet/catalog/apide/000719_1/9696-014-01.jpg?_ex=1024x1024,https://hb.afl.rakuten.co.jp/hgc/53033622.7bbb75b6.53033623.c98a76f0/?pc=https%3A%2F%2Fitem.rakuten.co.jp%2Fe-squ%2Fb0000053339%2F&m=https%3A%2F%2Fitem.rakuten.co.jp%2Fe-squ%2Fb0000053339%2F
PRD_102,쇼콜라 에콜세 쿨뢰르,ショコラエコルセ クルール,혼타카사고야(本高砂屋),REG_006,PRC_02,1188,"쇼콜라 에콜세 쿨뢰르는 얇게 구운 반죽을 초콜릿으로 감싸는 쇼콜라 에콜세의 제법에서 나온 변주 상품이다. 벨기에산 초콜릿 가운데 여러 풍미를 골라 구성하며, 맛마다 반죽 배합과 굽기 정도를 조정해 초콜릿의 녹는 느낌과 얇은 반죽의 식감을 맞춘다. 다크, 화이트, 캐러멜 등 색과 맛이 다른 초콜릿을 담아 일반 쇼콜라 에콜세보다 풍미 비교가 뚜렷하다.",패키지가 고급스러워 상사·연인 선물에 좋음.,1,https://thumbnail.image.rakuten.co.jp/@0_mall/e-squ/cabinet/catalog/apide/000719_1/9696-014-01.jpg?_ex=1024x1024,https://hb.afl.rakuten.co.jp/hgc/53033622.7bbb75b6.53033623.c98a76f0/?pc=https%3A%2F%2Fitem.rakuten.co.jp%2Fe-squ%2Fb0000053339%2F&m=https%3A%2F%2Fitem.rakuten.co.jp%2Fe-squ%2Fb0000053339%2F
PRD_103,모로조프 푸딩 쿠키 고베,モロゾフのプリンクッキー神戸 15個入,모로조프(モロゾフ),REG_006,PRC_02,1080,"모로조프 푸딩 쿠키 고베는 모로조프의 커스터드 푸딩을 떠올리게 하는 맛으로 만든 쿠키 상품입니다. 15개입 구성의 고베 지역 기념품 라인 구움과자입니다. 계란, 유제품, 밀가루, 아몬드, 대두가 주요 재료군으로 안내되어 풍미가 진한 디저트 쿠키 성격이 강합니다.",개별 포장이라 회사·학교 선물에 적합.,1,https://thumbnail.image.rakuten.co.jp/@0_mall/morozoff/cabinet/item/0441.jpg?_ex=1024x1024,https://hb.afl.rakuten.co.jp/hgc/g00qqutn.16t5uec6.g00qqutn.16t5v853/?pc=https%3A%2F%2Fitem.rakuten.co.jp%2Fmorozoff%2F0441%2F&m=http%3A%2F%2Fm.rakuten.co.jp%2Fmorozoff%2Fi%2F10002290%2F&rafcid=wsc_i_is_b93111dd-e085-46a2-a75f-28c1ee5d2de6
PRD_104,파야주,ファヤージュ 12個入,모로조프(モロゾフ),REG_006,PRC_02,1080,파야주는 모로조프의 스테디셀러 상품입니다. 이 제품은 1986년에 처음 출시되었습니다. 오랜 시간 동안 많은 사랑을 받아온 인기 품목입니다. 폭넓은 계층의 사람들에게 꾸준히 인기를 얻고 있습니다.,고베 브랜드 느낌은 약하지만 대중성이 높음.,1,https://thumbnail.image.rakuten.co.jp/@0_mall/auc-concent/cabinet/itemimg/2112/2112659.jpg?_ex=1024x1024,https://hb.afl.rakuten.co.jp/hgc/g00r0unn.16t5ub29.g00r0unn.16t5vb4b/?pc=https%3A%2F%2Fitem.rakuten.co.jp%2Fauc-concent%2F2112659%2F&m=http%3A%2F%2Fm.rakuten.co.jp%2Fauc-concent%2Fi%2F10036734%2F&rafcid=wsc_i_is_b93111dd-e085-46a2-a75f-28c1ee5d2de6
PRD_105,아르카디아,アルカディア 160g入,모로조프(モロゾフ),REG_006,PRC_02,1080,"모로조프가 정성을 들여 만든 베이커리 쿠키입니다. 견과류를 주재료로 사용하여 향긋하게 구워낸 것이 특징입니다. 풍부한 향과 식감을 온전히 즐길 수 있도록 견과류를 아낌없이 사용했습니다. 가루, 설탕, 계란 흰자에 이르기까지 모든 재료를 신중하게 엄선하여 맛을 더한 모로조프의 특별한 쿠키입니다.",견과류 선호층·어른 선물에 적합.,1,https://thumbnail.image.rakuten.co.jp/@0_mall/morozoff/cabinet/item/1281.jpg?_ex=1024x1024,https://hb.afl.rakuten.co.jp/hgc/g00qqutn.16t5uec6.g00qqutn.16t5v853/?pc=https%3A%2F%2Fitem.rakuten.co.jp%2Fmorozoff%2F1281%2F&m=http%3A%2F%2Fm.rakuten.co.jp%2Fmorozoff%2Fi%2F10002595%2F&rafcid=wsc_i_is_b93111dd-e085-46a2-a75f-28c1ee5d2de6
PRD_106,오데트,オデット 16個入,모로조프(モロゾフ),REG_006,PRC_02,1080,"총 16개입으로 구성된 쿠키 세트입니다. 이 제품은 오데트(밀크 초콜릿) 3개, 오데트(화이트 초콜릿) 3개, 바닐라롤 5개, 그리고 초콜릿롤 5개로 이루어져 있습니다. 특히 사탕류는 얇고 가벼운 식감의 라앙드샤에 초콜릿을 더해 깊은 풍미를 느낄 수 있도록 했습니다. '베이커리 마켓' 컬렉션에 속하며, 오데트 공주의 일러스트가 담긴 패키지 디자인도 인기가 많습니다.",가격 대비 구성이 좋아 무난한 선물용.,1,https://thumbnail.image.rakuten.co.jp/@0_mall/morozoff/cabinet/item/1987.jpg?_ex=1024x1024,https://hb.afl.rakuten.co.jp/hgc/g00qqutn.16t5uec6.g00qqutn.16t5v853/?pc=https%3A%2F%2Fitem.rakuten.co.jp%2Fmorozoff%2F1987%2F&m=http%3A%2F%2Fm.rakuten.co.jp%2Fmorozoff%2Fi%2F10002489%2F&rafcid=wsc_i_is_b93111dd-e085-46a2-a75f-28c1ee5d2de6
PRD_107,고베 뷰스폿 버터 쿠키,神戸ビュースポット バタークッキーズ,곤차로프(ゴンチャロフ),REG_006,PRC_01,918,"고베 뷰스폿 버터 쿠키는 매력적인 서양 디저트의 일종입니다. 이 브랜드에서는 초콜릿, 젤리, 그리고 쿠키를 포함하여 다채로운 종류의 과자들을 선보이고 있습니다. 고베 뷰스폿 라인업에 속한 제품으로, 달콤하고 맛있는 간식을 즐기기에 좋습니다.",패키지에 고베 이미지가 있어 관광객 선물로 좋음.,1,https://thumbnail.image.rakuten.co.jp/@0_mall/e-omiyage/cabinet/20th_anniversary/203003160.jpg?_ex=1024x1024,https://hb.afl.rakuten.co.jp/hgc/53033622.7bbb75b6.53033623.c98a76f0/?pc=https%3A%2F%2Fitem.rakuten.co.jp%2Fe-omiyage%2F203003160%2F&m=https%3A%2F%2Fitem.rakuten.co.jp%2Fe-omiyage%2F203003160%2F
PRD_108,고베 뷰스폿 초콜릿 캔,神戸ビュースポット チョコレート缶,곤차로프(ゴンチャロフ),REG_006,PRC_02,1080,"고베 뷰스폿의 다양한 제품 라인업을 만나보세요. 매력적인 서양 과자들을 소개하고 있습니다. 초콜릿, 젤리, 쿠키 등을 포함하여 여러 종류가 구성되어 있습니다. 다채롭고 맛있는 간식들로 즐거운 시간을 만들어 보세요.",캔을 남길 수 있어 기념품성 높음.,1,https://thumbnail.image.rakuten.co.jp/@0_mall/e-omiyage/cabinet/20th_anniversary/203003160.jpg?_ex=1024x1024,https://hb.afl.rakuten.co.jp/hgc/g00q0lin.16t5u5f7.g00q0lin.16t5v4ab/?pc=https%3A%2F%2Fitem.rakuten.co.jp%2Fe-omiyage%2F203003160%2F&m=http%3A%2F%2Fm.rakuten.co.jp%2Fe-omiyage%2Fi%2F10189145%2F&rafcid=wsc_i_is_b93111dd-e085-46a2-a75f-28c1ee5d2de6
PRD_109,고베 뷰스폿 초콜릿 롤쿠키,神戸ビュースポット チョコレートロールクッキー,곤차로프(ゴンチャロフ),REG_006,PRC_02,1296,"고베 뷰스폿 라인업의 제품입니다. 초콜릿, 젤리, 쿠키를 포함하여 매력이 넘치는 서양 과자를 만나보세요. 이 롤쿠키는 달콤한 초콜릿과 탱글한 젤리, 그리고 바삭한 쿠키가 어우러진 맛있는 조합을 자랑합니다.",포장이 예뻐 관광지 판매처에서 찾기 쉬움.,1,https://thumbnail.image.rakuten.co.jp/@0_mall/e-omiyage/cabinet/20th_anniversary/203003160.jpg?_ex=1024x1024,https://hb.afl.rakuten.co.jp/hgc/53033622.7bbb75b6.53033623.c98a76f0/?pc=https%3A%2F%2Fitem.rakuten.co.jp%2Fe-omiyage%2F203003160%2F&m=https%3A%2F%2Fitem.rakuten.co.jp%2Fe-omiyage%2F203003160%2F
PRD_110,고베 뷰스폿 크런치 초콜릿,神戸ビュースポット クランチチョコレート,곤차로프(ゴンチャロフ),REG_006,PRC_02,1080,"고베 뷰스폿 크런치 초콜릿은 고베 관광명소를 밝은 그림으로 담은 패키지가 특징인 곤차로프의 지역 과자 시리즈다. 같은 고베 뷰스폿 시리즈에는 초콜릿, 초콜릿 롤 쿠키, 크런치 초콜릿이 포함되며 고베다운 선물 패키지로 소개된다. 크런치 초콜릿은 초콜릿의 단맛에 바삭한 식감을 더한 작은 개별 과자로, 여행 기념품처럼 나누기 쉽다.",아이들과 친구에게 부담 없이 주기 좋음.,1,https://thumbnail.image.rakuten.co.jp/@0_mall/e-omiyage/cabinet/20th_anniversary/203003160.jpg?_ex=1024x1024,https://hb.afl.rakuten.co.jp/hgc/g00q0lin.16t5u5f7.g00q0lin.16t5v4ab/?pc=https%3A%2F%2Fitem.rakuten.co.jp%2Fe-omiyage%2F203003160%2F&m=http%3A%2F%2Fm.rakuten.co.jp%2Fe-omiyage%2Fi%2F10189145%2F&rafcid=wsc_i_is_b93111dd-e085-46a2-a75f-28c1ee5d2de6
PRD_111,코르베이유,コルベイユ 12本入,곤차로프(ゴンチャロフ),REG_006,PRC_02,1080,코르베이유는 초콜릿을 채운 롤 쿠키입니다. 이 제품은 두 가지 종류의 쿠키인 '튀일'과 '랑그도샤'를 사용했습니다. 각기 다른 두 종류의 쿠키에 아몬드 밀크 초콜릿과 화이트 초콜릿을 말아 넣어 완성한 것이 특징입니다.,부서지기 쉬워 손가방보다 캐리어 안쪽 보관 추천.,1,https://thumbnail.image.rakuten.co.jp/@0_mall/itscoco/cabinet/coco8011/80g1508-202.jpg?_ex=1024x1024,https://hb.afl.rakuten.co.jp/hgc/53033622.7bbb75b6.53033623.c98a76f0/?pc=https%3A%2F%2Fitem.rakuten.co.jp%2Fitscoco%2F80g1508-202%2F&m=https%3A%2F%2Fitem.rakuten.co.jp%2Fitscoco%2F80g1508-202%2F
PRD_112,프로미넌트 어소트,プロミネントアソート 15個,곤차로프(ゴンチャロフ),REG_006,PRC_02,1080,프로미넌트 어소트는 곤차로프의 쿠키와 구운 과자를 한 상자에 모은 양과자 세트입니다. 롱셀러 구움과자인 코르베이유를 비롯해 여러 쿠키가 들어가 바삭한 식감과 버터 풍미를 다양하게 즐길 수 있습니다. 초콜릿 전문점에서 시작한 고베 브랜드의 선물용 과자 모둠 성격이 강합니다.,격식 있는 포장 선물이 필요할 때 좋음.,1,https://thumbnail.image.rakuten.co.jp/@0_mall/goncharoff/cabinet/teiban/2013243-1.jpg?_ex=1024x1024,https://hb.afl.rakuten.co.jp/hgc/g00rkbln.16t5udaf.g00rkbln.16t5v7f5/?pc=https%3A%2F%2Fitem.rakuten.co.jp%2Fgoncharoff%2F2013243%2F&m=http%3A%2F%2Fm.rakuten.co.jp%2Fgoncharoff%2Fi%2F10002074%2F&rafcid=wsc_i_is_b93111dd-e085-46a2-a75f-28c1ee5d2de6
PRD_113,리프 메모리 서비스팩,サービス袋 リーフメモリー,몽루아르(モンロワール),REG_006,PRC_02,1404,"몽루아르의 '리프 메모리'는 브랜드에서 가장 인기 있는 제품입니다. 이 상품은 작은 구성으로 된 '쁘띠 팩' 형태로 제공됩니다. 다양한 맛을 경험할 수 있도록 여러 가지 종류가 구성되어 있습니다. 현재 밀크, 다크, 화이트, 모카, 말차 등 여러 풍미를 즐길 수 있습니다.",가성비가 좋아 여러 명에게 나눠주기 좋음.,1,https://thumbnail.image.rakuten.co.jp/@0_mall/kainozakkya/cabinet/okasi/10588628/_80018451.jpg?_ex=1024x1024,https://hb.afl.rakuten.co.jp/hgc/g00uf1tn.16t5u7ed.g00uf1tn.16t5v379/?pc=https%3A%2F%2Fitem.rakuten.co.jp%2Fkainozakkya%2F80018451%2F&m=http%3A%2F%2Fm.rakuten.co.jp%2Fkainozakkya%2Fi%2F10000512%2F&rafcid=wsc_i_is_b93111dd-e085-46a2-a75f-28c1ee5d2de6
PRD_114,리프 메모리 기프트 박스,Leaf memory Gift Box,몽루아르(モンロワール),REG_006,PRC_06,12960,"몽루아르의 리프 메모리 기프트 박스는 다양한 맛을 담은 프리미엄 선물 세트입니다. 이 박스에는 '잎사귀 초콜릿'인 리프 메모리가 다양한 색상과 풍미로 가득 담겨 있습니다. 제품은 밀크, 화이트, 모카, 말차를 비롯하여 크랜베리, 카라멜, 요거트, 블루베리 등 20여 가지의 다채로운 맛을 자랑합니다. 특히 오렌지, 녹색, 분홍, 파랑, 빨강, 노랑, 흰색, 보라, 갈색, 주황 등의 색상별로 구성된 전 종류가 균등하게 담겨 있어 더욱 풍성한 구성을 느낄 수 있습니다.",서비스팩보다 포장이 좋아 선물용에 적합.,1,https://thumbnail.image.rakuten.co.jp/@0_mall/tokuwa/cabinet/mr/imgrc0126758181.jpg?_ex=1024x1024,https://hb.afl.rakuten.co.jp/hgc/53033622.7bbb75b6.53033623.c98a76f0/?pc=https%3A%2F%2Fitem.rakuten.co.jp%2Ftokuwa%2Fml36%2F&m=https%3A%2F%2Fitem.rakuten.co.jp%2Ftokuwa%2Fml36%2F
PRD_115,마이스터 수제 바움,神戸元町本店オリジナル マイスターの手焼きバウム,유하임(ユーハイム),REG_006,PRC_03,2376,"이 제품은 고베 모토마치 본점에서만 즐길 수 있는 특별한 바움입니다. 마지판을 넣은 촉촉하고 진한 식감이 특징인 고급스러운 케이크입니다. 바닐라빈과 레몬 제스트를 더해 풍미를 높였으며, 장인의 손길로 한 층씩 정성껏 구워냈습니다. 주요 재료로는 국내산 계란과 버터, 그리고 화이트 초콜릿 코팅이 사용되었습니다.",본점·온라인 한정성이 있어 지역성 데이터로 좋음.,1,https://thumbnail.image.rakuten.co.jp/@0_mall/juchheim/cabinet/cm/basic/15194.jpg?_ex=1024x1024,https://hb.afl.rakuten.co.jp/hgc/g00ufp0n.16t5uc11.g00ufp0n.16t5v950/?pc=https%3A%2F%2Fitem.rakuten.co.jp%2Fjuchheim%2F15194%2F&m=http%3A%2F%2Fm.rakuten.co.jp%2Fjuchheim%2Fi%2F10000109%2F&rafcid=wsc_i_is_b93111dd-e085-46a2-a75f-28c1ee5d2de6
PRD_116,프로인드리브 믹스 쿠키,ミックスクッキー 手提げ袋V-B,프로인드리브(フロインドリーブ),REG_006,PRC_01,712,"진한 풍미의 버터를 아낌없이 사용하여 하나하나 정성스럽게 구워낸 한 입 크기의 믹스 쿠키입니다. 모든 쿠키와 파이는 수작업으로 제조되어 매우 섬세하고 쉽게 부서질 만큼 연약합니다. 다양한 재료가 어우러져 알감자, 코코넛, 딸기잼, 아몬드 페이스트 등 다채로운 맛을 즐길 수 있습니다. 70그램 한 봉지에 담겨 있어 간편하게 즐기기에 좋습니다.",신성한 교회 건물 카페 방문과 함께 구매하기 좋음.,1,https://thumbnail.image.rakuten.co.jp/@0_mall/kobe-fugetsudo/cabinet/season2021/21_14704_1.jpg?_ex=1024x1024,https://hb.afl.rakuten.co.jp/hgc/53033622.7bbb75b6.53033623.c98a76f0/?pc=https%3A%2F%2Fitem.rakuten.co.jp%2Fkobe-fugetsudo%2F14704%2F&m=https%3A%2F%2Fitem.rakuten.co.jp%2Fkobe-fugetsudo%2F14704%2F
PRD_117,간논야 덴마크 치즈케이크,デンマークチーズケーキ 4個入,간논야(観音屋),REG_006,PRC_02,1600,"고베의 명물 디저트인 덴마크 치즈케이크입니다. 커피와 치즈케이크를 함께 즐길 수 있는 미식가들의 공간에서 사랑받는 제품으로 알려져 있습니다. 주재료로는 덴마크산 치즈가 사용되었으며, 설탕, 밀가루, 계란 등 다양한 재료로 만들어졌습니다.","귀국 선물은 4개입 이상, 바로 먹기는 카페 방문 추천.",1,https://thumbnail.image.rakuten.co.jp/@0_mall/macaron-store/cabinet/img15/y-kn-731-1_g1.jpg?_ex=1024x1024,https://hb.afl.rakuten.co.jp/hgc/g00rxxjn.16t5u976.g00rxxjn.16t5vbb4/?pc=https%3A%2F%2Fitem.rakuten.co.jp%2Fmacaron-store%2Fy-kn-731%2F&m=http%3A%2F%2Fm.rakuten.co.jp%2Fmacaron-store%2Fi%2F10032673%2F&rafcid=wsc_i_is_b93111dd-e085-46a2-a75f-28c1ee5d2de6
PRD_118,모토마치 케이크 자쿠로,ざくろ,모토마치 케이크(元町ケーキ),REG_006,PRC_01,390,"모토마치 케이크의 자쿠로는 창업 이래 사랑받아 온 고베 원도심의 대표 케이크입니다. 상품 특징으로 아이부터 어른까지 폭넓은 연령대가 즐길 수 있도록 만든 볼륨감 있는 케이크로 소개됩니다. 한정판 흰 자쿠로는 고베 화이트 디너 행사에 맞춰 노른자까지 흰 달걀을 사용하고, 코코넛 리큐어 향의 밀키한 크림과 새콤달콤한 딸기를 조합한 상품입니다. 일반 자쿠로 역시 모토마치 케이크의 간판 메뉴로 알려져 있어 지역 디저트의 상징성이 큽니다.",소비기한이 짧아 현지 카페 간식용으로 분류 추천.,1,https://thumbnail.image.rakuten.co.jp/@0_mall/aimere/cabinet/08881079/11763667/imgrc0136302238.jpg?_ex=1024x1024,https://hb.afl.rakuten.co.jp/hgc/g00q5inn.16t5u33d.g00q5inn.16t5v82d/?pc=https%3A%2F%2Fitem.rakuten.co.jp%2Faimere%2Fh0290040%2F&m=http%3A%2F%2Fm.rakuten.co.jp%2Faimere%2Fi%2F10023624%2F&rafcid=wsc_i_is_b93111dd-e085-46a2-a75f-28c1ee5d2de6
PRD_119,앙테노르 비스퀴 오 쇼콜라,ビスキュイ・オ・ショコラ 16個入,앙테노르(アンテノール),REG_006,PRC_02,1350,"고소한 코코넛 쿠키와 섬세한 라끄도샤 등 다양한 종류의 쿠키로 구성된 제품입니다. 커버춰 초콜릿을 채운 바삭한 코코넛 쿠키부터, 레몬 향 화이트 초콜릿이 샌드된 상큼한 레몬 라끄도샤까지 다채로운 맛을 즐길 수 있습니다. 특히 만주처럼 돌돌 말린 형태의 고급스러운 라끄도샤는 깊은 풍미를 자랑합니다. 파티시에가 오랫동안 고집해 온 버터 향 가득하고 바삭한 식감이 특징이며, 제품이 담긴 케이스에는 한 글자 한 글자 정성스럽게 그려낸 아름다운 서예 장식이 더해져 있습니다.",북野에서 시작한 브랜드라 고베 스위츠 분류에 넣기 좋음.,1,https://thumbnail.image.rakuten.co.jp/@0_mall/antenor/cabinet/item/09231471/imgrc0098664602.jpg?_ex=1024x1024,https://hb.afl.rakuten.co.jp/hgc/53033622.7bbb75b6.53033623.c98a76f0/?pc=https%3A%2F%2Fitem.rakuten.co.jp%2Fantenor%2Fnrt-23a%2F&m=https%3A%2F%2Fitem.rakuten.co.jp%2Fantenor%2Fnrt-23a%2F
PRD_120,고베규 카레,神戸牛カレー 200g,나루토 치도리 혼포(鳴門千鳥本舗),REG_006,PRC_01,756,"아와지섬에서 온 달콤한 양파를 사용하여 깊게 끓여낸 레토르트 카레입니다. 오랜 시간 정성껏 졸여내어 감칠맛과 진한 풍미가 가득 담겨 있습니다. 부드러운 고베규의 맛을 느낄 수 있는 카레로, 언제 어디서든 간편하게 즐기기 좋습니다.",액체류가 아니고 상온 보관이라 귀국 선물에 편함.,1,https://thumbnail.image.rakuten.co.jp/@0_mall/jgd-k/cabinet/03150580/03158436/img59608770.jpg?_ex=1024x1024,https://hb.afl.rakuten.co.jp/hgc/g00rj5on.16t5udb7.g00rj5on.16t5vccf/?pc=https%3A%2F%2Fitem.rakuten.co.jp%2Fjgd-k%2F4981874021062-c1%2F&m=http%3A%2F%2Fm.rakuten.co.jp%2Fjgd-k%2Fi%2F10001859%2F&rafcid=wsc_i_is_b93111dd-e085-46a2-a75f-28c1ee5d2de6
PRD_121,고베 쿠기니,神戸くぎ煮 30g,고베 고교후쿠(KOBE伍魚福),REG_006,PRC_02,1080,"고베 쿠기니는 봄철 고베와 아카시 지역에서 친숙한 이카나고를 간장과 생강으로 달콤짭짤하게 조린 반찬이다. 작은 생선을 못처럼 보일 정도로 윤기 있게 졸여내는 데서 이름이 붙은 지역 음식이다. 밥 위에 올리거나 술안주로 곁들이기 좋고, 고베 고교후쿠에서는 소량 포장 상품으로 제공한다.",밥반찬 선물이라 부모님·가족에게 특히 좋음.,1,https://thumbnail.image.rakuten.co.jp/@0_mall/gogyofuku/cabinet/01918917/03595884/imgrc0084578267.jpg?_ex=1024x1024,https://hb.afl.rakuten.co.jp/hgc/g00qmhbn.16t5uc62.g00qmhbn.16t5vfcc/?pc=https%3A%2F%2Fitem.rakuten.co.jp%2Fgogyofuku%2F10000135%2F&m=http%3A%2F%2Fm.rakuten.co.jp%2Fgogyofuku%2Fi%2F10000077%2F&rafcid=wsc_i_is_b93111dd-e085-46a2-a75f-28c1ee5d2de6
PRD_122,탄산 센베이,炭酸煎餅（自動機焼き）,아리마온천 원조 미쓰모리(有馬温泉 元祖 三津森),REG_006,PRC_01,810,"아리마 온천의 탄산천을 이용해 구워낸 전통 과자입니다. 원조 미쓰모리의 탄산 센베이는 메이지 시대부터 사랑받아 온 아리마의 대표 명물로, 얇고 가볍게 구워 담백한 풍미가 특징입니다. 밀가루와 설탕을 중심으로 한 단순한 배합에 탄산수를 더해 만들어, 입에 넣으면 바삭하게 부서지며 은은한 단맛이 퍼집니다. 자동기계로 구운 타입은 일정한 품질과 깔끔한 식감을 유지해 선물용으로도 알맞습니다.",가볍지만 잘 부서지므로 박스째 들고 오는 것이 안전.,1,https://thumbnail.image.rakuten.co.jp/@0_mall/takarazuka-an/cabinet/new_books/doujin/doujin-192.jpg?_ex=1024x1024,https://hb.afl.rakuten.co.jp/hgc/53033622.7bbb75b6.53033623.c98a76f0/?pc=https%3A%2F%2Fitem.rakuten.co.jp%2Ftakarazuka-an%2Fdoujin-192%2F&m=https%3A%2F%2Fitem.rakuten.co.jp%2Ftakarazuka-an%2Fdoujin-192%2F
PRD_123,바닐라 크림 탄산 센베이,バニラクリーム炭酸せんべい,아리마온천 원조 미쓰모리(有馬温泉 元祖 三津森),REG_006,PRC_01,900,"아리마 명물 탄산 센베이에 바닐라 크림을 끼워 넣은 크림 샌드 과자입니다. 얇고 가벼운 탄산 센베이의 산뜻한 식감에 촉촉하고 풍미 있는 바닐라 크림이 더해지는 것이 특징입니다. 전통적인 탄산 센베이의 담백함과 버터크림 계열의 부드러운 단맛이 함께 느껴져, 일반 탄산 센베이보다 디저트감이 강합니다. 종이상자와 둥근 캔 포장 구성이 있어 아리마 온천 기념 선물로 고르기 좋습니다.",어린이·친구용으로 기본 센베이보다 반응이 좋음.,1,https://thumbnail.image.rakuten.co.jp/@0_mall/hmvjapan/cabinet/a15/68000/11567704.jpg?_ex=1024x1024,https://hb.afl.rakuten.co.jp/hgc/g00qtazn.16t5uae5.g00qtazn.16t5v927/?pc=https%3A%2F%2Fitem.rakuten.co.jp%2Fhmvjapan%2F11567704%2F&m=http%3A%2F%2Fm.rakuten.co.jp%2Fhmvjapan%2Fi%2F19753973%2F&rafcid=wsc_i_is_b93111dd-e085-46a2-a75f-28c1ee5d2de6
PRD_124,아리마 사이다 텟포수,ありまサイダー てっぽう水,아리마 하치스케 상점(有馬八助商店),REG_006,PRC_01,324,"아리마 사이다 텟포수는 유서 깊은 아리마 온천을 대표하는 지역 탄산음료입니다. 대정 15년인 1926년에 생산이 끝난 아리마 샴페인 사이다를, 2002년 가을 아리마 하치스케 상점이 지역 기념품 개발의 일환으로 76년 만에 복각해 출시한 제품입니다. 예전 사이다처럼 탄산이 강하게 터지는 맛을 특징으로 하며, 현행 제품은 330밀리리터 병에 텟포수 표기가 들어간 레트로한 라벨을 사용합니다. 일본 사이다 발상지로 알려진 아리마 온천의 이야기성을 담고 있어, 온천 여행 기념품으로 의미가 큰 음료입니다.",병 제품이라 숙소에서 마시거나 위탁수하물 포장 필요.,1,https://thumbnail.image.rakuten.co.jp/@0_mall/auc-yoshitakaya/cabinet/v-2.jpg?_ex=1024x1024,https://hb.afl.rakuten.co.jp/hgc/g00rka5n.16t5uc15.g00rka5n.16t5vc29/?pc=https%3A%2F%2Fitem.rakuten.co.jp%2Fauc-yoshitakaya%2F441%2F&m=http%3A%2F%2Fm.rakuten.co.jp%2Fauc-yoshitakaya%2Fi%2F10000045%2F&rafcid=wsc_i_is_b93111dd-e085-46a2-a75f-28c1ee5d2de6
PRD_125,산초 다시마,山椒昆布 90g,가와카미 상점(川上商店),REG_006,PRC_01,734,"산과 바다의 풍요로운 만남을 담은 산초 다시마입니다. 두껍고 쫄깃한 식감의 최상급 마콘부에 매콤하고 향긋한 실산초를 더했습니다. 특히 아리마 산초가 선사하는 특별한 매콤함과 깊은 풍미가 특징이며, 도난산 천연 마콘부의 고유한 맛을 느낄 수 있습니다. 이 제품은 무로마치 시대부터 전해 내려오는 전통 방식으로 솥에 오랜 시간 정성껏 조리하여 그 깊고 우아한 맛을 지켜냈습니다.",밥반찬·술안주 선물로 어른층에게 추천.,1,https://thumbnail.image.rakuten.co.jp/@0_mall/tsukudani-nagahama/cabinet/biiino/item/main-image/20260113113946_1.jpg?_ex=1024x1024,https://hb.afl.rakuten.co.jp/hgc/g00u7f5n.16t5u6e4.g00u7f5n.16t5v29f/?pc=https%3A%2F%2Fitem.rakuten.co.jp%2Ftsukudani-nagahama%2Fsansyokonbu%2F&m=http%3A%2F%2Fm.rakuten.co.jp%2Ftsukudani-nagahama%2Fi%2F10000040%2F&rafcid=wsc_i_is_b93111dd-e085-46a2-a75f-28c1ee5d2de6
PRD_126,아리마 고쇼,有馬こしょう（山椒入り柚子こしょう）,가와카미 상점(川上商店),REG_006,PRC_01,756,"아리마 고쇼는 산초가 들어간 유자 코쇼입니다. 이 브랜드에서는 송이, 다시마, 산초 등 여러 가지 엄선된 특산품들을 즐길 수 있습니다. 다양한 재료들로 만든 특별한 맛의 일품들을 구성했습니다.",요리 좋아하는 사람에게 작고 실용적인 선물.,1,https://thumbnail.image.rakuten.co.jp/@0_mall/hukuya/cabinet/rakuten71/922687.jpg?_ex=1024x1024,https://hb.afl.rakuten.co.jp/hgc/53033622.7bbb75b6.53033623.c98a76f0/?pc=https%3A%2F%2Fitem.rakuten.co.jp%2Fhukuya%2F922687%2F&m=https%3A%2F%2Fitem.rakuten.co.jp%2Fhukuya%2F922687%2F
PRD_127,후쿠주 준마이긴조,福寿 純米吟醸 720ml,고베 주신관(神戸酒心館),REG_006,PRC_02,1997,"후쿠주 준마이긴조는 고베 주신관이 빚는 순미긴조 사케입니다. 익은 체리 같은 향과 신선한 과일감, 부드러운 쌀의 감칠맛이 특징인 깔끔한 술입니다. 노벨상 만찬 행사에서 제공된 사케로 알려져 고베 나다 지역 사케의 상징적인 선물 품목으로 인지도가 높습니다.","20세 이상 대상, 병 파손 방지를 위해 완충 포장 필수.",1,https://thumbnail.image.rakuten.co.jp/@0_mall/kurastyle/cabinet/nihonshu/imgrc0078809241.jpg?_ex=1024x1024,https://hb.afl.rakuten.co.jp/hgc/g00sjkun.16t5ud90.g00sjkun.16t5vffe/?pc=https%3A%2F%2Fitem.rakuten.co.jp%2Fkurastyle%2F12091504%2F&m=http%3A%2F%2Fm.rakuten.co.jp%2Fkurastyle%2Fi%2F10000127%2F&rafcid=wsc_i_is_b93111dd-e085-46a2-a75f-28c1ee5d2de6
PRD_128,하쿠츠루 다이긴조,白鶴 大吟醸 720ml,하쿠쓰루 주조(白鶴酒造),REG_006,PRC_02,1371,하쿠쓰루 주조의 다이긴조 사케입니다. 이 술은 사과를 연상시키는 화려하고 아름다운 향을 자랑하는 것이 특징입니다. 다양한 제품 라인업 중 '스위트 에디션' 등 여러 종류가 구성되어 있습니다.,가격이 합리적이라 사케 입문 선물에 적합.,1,https://thumbnail.image.rakuten.co.jp/@0_mall/matsukiyo/cabinet/d0020/4902650032447_1.jpg?_ex=1024x1024,https://hb.afl.rakuten.co.jp/hgc/g00rqszn.16t5u2d7.g00rqszn.16t5va14/?pc=https%3A%2F%2Fitem.rakuten.co.jp%2Fmatsukiyo%2F4902650032447%2F&m=http%3A%2F%2Fm.rakuten.co.jp%2Fmatsukiyo%2Fi%2F10543978%2F&rafcid=wsc_i_is_b93111dd-e085-46a2-a75f-28c1ee5d2de6
PRD_129,햐쿠모쿠 준마이다이긴조,百黙 純米大吟醸 720mL,기쿠마사무네 주조(菊正宗酒造),REG_006,PRC_04,3643,"햐쿠모쿠 준마이다이긴조는 기쿠마사무네 주조의 햐쿠모쿠 라인에 속한 고급 순미대음양주다. 상품 특징으로 꿀 사과와 백도 같은 맑은 향, 무여과 원주 특유의 은은한 탄산감이 특징으로 소개된다. 부드러운 단맛과 풍부한 바디가 있어 식사와 함께 천천히 마시기 좋은 일본주다.",고급 선물용 사케로 상사·부모님에게 적합.,1,https://thumbnail.image.rakuten.co.jp/@0_mall/ricaoh/cabinet/299999/1/210751.jpg?_ex=1024x1024,https://hb.afl.rakuten.co.jp/hgc/g00pjskn.16t5uaf0.g00pjskn.16t5v423/?pc=https%3A%2F%2Fitem.rakuten.co.jp%2Fricaoh%2F210751%2F&m=http%3A%2F%2Fm.rakuten.co.jp%2Fricaoh%2Fi%2F10041789%2F&rafcid=wsc_i_is_b93111dd-e085-46a2-a75f-28c1ee5d2de6
PRD_130,즈이초 준마이다이긴조,純米大吟醸 瑞兆 720ml,사와노쓰루(沢の鶴),REG_006,PRC_03,2420,"즈이초 준마이다이긴조는 사와노쓰루가 빚는 고급 사케 계열 상품입니다. 이름은 기쁜 조짐을 뜻하는 상서로운 말에서 온 것으로, 축하 자리의 분위기와 잘 맞습니다. 맑은 향과 부드러운 쌀의 단맛을 살린 술이라 격식 있는 선물용 주류로 쓰기 좋습니다.",술 선물은 세관 면세 한도 확인 후 구매.,1,https://thumbnail.image.rakuten.co.jp/@0_mall/cocodecow/cabinet/av3/j29912.jpg?_ex=1024x1024,https://hb.afl.rakuten.co.jp/hgc/g00qq8tn.16t5ud2a.g00qq8tn.16t5v428/?pc=https%3A%2F%2Fitem.rakuten.co.jp%2Fcocodecow%2Fr717jy%2F&m=http%3A%2F%2Fm.rakuten.co.jp%2Fcocodecow%2Fi%2F10808047%2F&rafcid=wsc_i_is_b93111dd-e085-46a2-a75f-28c1ee5d2de6
PRD_131,고베 와인 레드,神戸ワイン 赤 720ml,하쿠쓰루 주조 / 고베 와인(白鶴酒造 / 神戸ワイン),REG_006,PRC_02,1980,"이 와인은 이름처럼 고베산 포도만을 사용하여 만든 일본 와인입니다. 고베에서 재배된 포도를 100% 사용하고 정성을 들여 양조한 것이 특징입니다. 맛은 빨간 베리 계열의 화려한 향이 매력적이며, 젊고 산뜻한 산미와 부드러운 탄닌이 조화롭게 어우러져 기분 좋은 풍미를 선사합니다.",와인은 무게가 있어 1~2병만 구매하는 것이 현실적.,1,https://thumbnail.image.rakuten.co.jp/@0_mall/sanburagift-factory/cabinet/wine_red/ec077201e_01.jpg?_ex=1024x1024,https://hb.afl.rakuten.co.jp/hgc/g00s1iln.16t5u7b4.g00s1iln.16t5v309/?pc=https%3A%2F%2Fitem.rakuten.co.jp%2Fsanburagift-factory%2Fec077201e%2F&m=http%3A%2F%2Fm.rakuten.co.jp%2Fsanburagift-factory%2Fi%2F10000020%2F&rafcid=wsc_i_is_b93111dd-e085-46a2-a75f-28c1ee5d2de6
PRD_132,롯코 비어 세종,六甲ビール Saison 350ml,롯코 비어(六甲ビール),REG_006,PRC_01,450,"롯코 비어는 롯코산의 명수와 엄선된 맥아, 효모, 그리고 지역 특산물을 사용하여 만들어집니다. 세종은 전통적으로 여름철 농사일 중 갈증을 해소하기 위해 마셔온 스타일의 맥주입니다. 이 제품은 화이트 와인이나 청포도, 리치 같은 상큼한 향이 특징이며, 전반적으로 산뜻하고 기분 좋은 아로마를 자랑합니다.","20세 이상, 캔 제품이므로 호텔에서 마시거나 위탁 포장.",1,https://thumbnail.image.rakuten.co.jp/@0_mall/lq-hasegawa/cabinet/beer/164145_wb.jpg?_ex=1024x1024,https://hb.afl.rakuten.co.jp/hgc/53033622.7bbb75b6.53033623.c98a76f0/?pc=https%3A%2F%2Fitem.rakuten.co.jp%2Fissyusouden%2F30000512set%2F%3Fiasid%3D07rpp_10095___3r-moue79d4-4a-7b44fd4b-4e5c-4d59-874c-fae24d154175&m=https%3A%2F%2Fitem.rakuten.co.jp%2Fissyusouden%2F30000512set%2F%3Fiasid%3D07rpp_10095___3r-moue79d4-4a-7b44fd4b-4e5c-4d59-874c-fae24d154175
PRD_133,고베 타탄 타월 손수건,神戸タータン タオルハンカチ,고베 타탄 / 맥 주식회사(神戸タータン / マック株式会社),REG_006,PRC_02,1210,맥 주식회사에서 선보이는 타월 손수건입니다. 이 제품은 고베의 도시를 이미지화하여 탄생한 '고베 타탄'이라는 이름이 특징입니다. 색상과 패턴 자체가 직관적으로 고베의 모습을 연상시키도록 디자인되었습니다. 고베의 이미지를 담아낸 독특한 무늬가 돋보이는 손수건입니다.,비식품 기념품으로 오래 남는 선물을 원할 때 좋음.,1,https://thumbnail.image.rakuten.co.jp/@0_mall/sacom/cabinet/base3/ttth-05.jpg?_ex=1024x1024,https://hb.afl.rakuten.co.jp/hgc/g00paswn.16t5u19e.g00paswn.16t5v87c/?pc=https%3A%2F%2Fitem.rakuten.co.jp%2Fsacom%2Fkiichi-towel%2F&m=http%3A%2F%2Fm.rakuten.co.jp%2Fsacom%2Fi%2F10006123%2F&rafcid=wsc_i_is_b93111dd-e085-46a2-a75f-28c1ee5d2de6
PRD_134,고베 진주 목걸이,アコヤ真珠 パールネックレス クーレペルル,펄・펄・고베(パール・パール・コウベ),REG_006,PRC_06,24200,"고베 진주 목걸이는 아코야 진주를 활용한 장신구 상품입니다. 쿠레페르르 스타일, 베이비 펄, 블랙 진주 등 여러 종류가 있으며, 내추럴 그레이나 퍼플·핑크 계열처럼 색상 선택 폭도 넓습니다. 일부 목걸이는 슬라이드식 조절 장치가 있어 착용자의 취향과 스타일에 맞게 길이를 조절하기 쉽습니다. 보석 감정 보석 감정사 보증서가 제공되는 상품도 있어 선물용 고급 액세서리로 어울립니다.",고가품이라 보증서·환불 규정 확인 후 구매.,1,https://thumbnail.image.rakuten.co.jp/@0_mall/pearlyuumi/cabinet/yuumi5/4651_00.jpg?_ex=1024x1024,https://hb.afl.rakuten.co.jp/hgc/53033622.7bbb75b6.53033623.c98a76f0/?pc=https%3A%2F%2Fitem.rakuten.co.jp%2Fpearlyuumi%2Fnecklace-4651%2F&m=https%3A%2F%2Fitem.rakuten.co.jp%2Fpearlyuumi%2Fnecklace-4651%2F
PRD_135,포트 오브 고베 포트타워 캔들,PORT OF KOBE/ポートタワー,고베 카오리야(神戸香屋),REG_006,PRC_04,3300,포트 오브 고베 포트타워 향초는 고베의 랜드마크인 포트타워를 모티브로 한 캔들 상품입니다. 공간에 은은한 분위기를 더하는 향초 형태로 제작되었습니다. 고베의 도시 이미지를 작은 생활 소품에 담은 기념품입니다.,깨질 수 있어 박스 포장 후 기내/위탁 보관 주의.,1,https://thumbnail.image.rakuten.co.jp/@0_mall/sacom/cabinet/ikou_20091006_001/hc-pok01.jpg?_ex=1024x1024,https://hb.afl.rakuten.co.jp/hgc/g00paswn.16t5u19e.g00paswn.16t5v87c/?pc=https%3A%2F%2Fitem.rakuten.co.jp%2Fsacom%2Fhc-pok%2F&m=http%3A%2F%2Fm.rakuten.co.jp%2Fsacom%2Fi%2F10006003%2F&rafcid=wsc_i_is_b93111dd-e085-46a2-a75f-28c1ee5d2de6
PRD_136,네지초코 15개입,ネジチョコ15個入,그랑 다 주르(グラン ダ ジュール),REG_007,PRC_02,1512,"네지초코 15개입은 볼트와 너트 모양을 실제로 조립할 수 있게 만든 기타큐슈 기념 초콜릿입니다. 카카오 함량이 높은 커버춰 초콜릿을 사용하고, 3D 프린터로 제작한 틀을 활용해 나사 모양을 정교하게 구현한 것이 특징입니다. 개별 포장에는 세계유산과 기타큐슈를 떠올리게 하는 문구가 들어가 있어, 지역 산업 이미지를 살린 선물용 초콜릿으로 적합합니다.",같은 상품의 다른 수량이므로 단체 선물용 대표 옵션으로만 활용.,1,https://thumbnail.image.rakuten.co.jp/@0_mall/tsukasa-shop/cabinet/13019498/imgrc0101398584.jpg?_ex=1024x1024,https://hb.afl.rakuten.co.jp/hgc/53033622.7bbb75b6.53033623.c98a76f0/?pc=https%3A%2F%2Fitem.rakuten.co.jp%2Ftsukasa-shop%2Ffd95785ac03b4d31a9d7e4b97a4570c2%2F&m=https%3A%2F%2Fitem.rakuten.co.jp%2Ftsukasa-shop%2Ffd95785ac03b4d31a9d7e4b97a4570c2%2F
PRD_137,일본제철 캔 네지초코 8개입,日本製鉄缶ネジチョコ8個入,그랑 다 주르(グラン ダ ジュール),REG_007,PRC_02,1188,"일본제철 캔 네지초코 8개입은 볼트와 너트 모양 초콜릿을 캔 패키지에 담은 기타큐슈 기념품입니다. 카카오 함량이 높은 커버춰 초콜릿을 사용하고, 3D 프린터로 제작한 틀을 활용해 실제로 조립 가능한 나사 형태를 구현했습니다. 철강 산업과 공업 도시 이미지를 초콜릿으로 풀어낸 제품이라 선물용으로도 재미가 있습니다.",캔이 남아 기념품 느낌이 강해 상사·부모님 선물에도 무난.,1,https://dzwpvqehwr7zl.cloudfront.net/omios/products/generated/_review/PRD_137/PRD_137_packshot_v1.png,https://kcta.jp/%E3%83%8D%E3%82%B8%E3%83%81%E3%83%A7%E3%82%B3%E6%96%B0%E6%97%A5%E9%90%B5%E3%82%B9%E3%83%81%E3%83%BC%E3%83%AB%E7%BC%B68%E5%80%8B%E5%85%A5/14056/?utm_source=
PRD_138,토일렛 쇼콜라 5개입,トイレットショコラ5個入,그랑 다 주르(グラン ダ ジュール),REG_007,PRC_01,864,"토일렛 쇼콜라는 기타큐슈의 산업관광 이미지를 유머 있게 담은 변기 모양 초콜릿이다. 패키지에도 변기 형태의 콘셉트와 기타큐슈 산업관광 로고가 반영되어 있다. 안에는 쿠베르튀르 화이트 초콜릿으로 만든 작은 토일렛 쇼콜라 다섯 개가 들어 있어, 지역 기념품 성격이 강하다.",장난스러운 선물용으로 좋지만 격식 있는 선물에는 비추천.,1,https://thumbnail.image.rakuten.co.jp/@0_mall/ulmaxjapan2/cabinet/zg168/4971881127703.jpg?_ex=1024x1024,https://hb.afl.rakuten.co.jp/hgc/53033622.7bbb75b6.53033623.c98a76f0/?pc=https%3A%2F%2Fitem.rakuten.co.jp%2Fulmaxjapan2%2Fsp-4971881127703%2F&m=https%3A%2F%2Fitem.rakuten.co.jp%2Fulmaxjapan2%2Fsp-4971881127703%2F
PRD_139,메카사블레 공구 세트,メカサブレ工具セット,그랑 다 주르(グラン ダ ジュール),REG_007,PRC_02,1512,"메카사블레 공구 세트는 나사 모양 초콜릿과 함께 조립 놀이처럼 즐길 수 있는 기타큐슈 과자입니다. 사브레 조각을 공구처럼 맞추며 기계 형태를 만들어 보는 구성이어서, 맛뿐 아니라 움직임을 보는 재미를 강조합니다. 세트에는 네지초코 4개와 메카사블레 6장이 들어 있어 선물이나 체험형 간식으로 쓰기 좋습니다.",어린이·친구에게 재미있는 모양의 과자로 추천.,1,https://dzwpvqehwr7zl.cloudfront.net/omios/products/generated/_review/PRD_139/PRD_139_packshot_v1.png,https://grandazur.buyshop.jp/items/38896299
PRD_140,메카사블레 신칸센 세트,メカサブレ新幹線セット,그랑 다 주르(グラン ダ ジュール),REG_007,PRC_02,1512,"스크류 초콜릿을 이용해 신칸센을 직접 조립하는 재미를 느낄 수 있는 세트 상품입니다. 바삭하게 한 입 베어 물면 속도감이 넘치는 달콤한 여행을 경험할 수 있습니다. 이 세트는 스크류 초콜릿 3개, 메카사블레 3봉지, 그리고 초코펜 1봉지로 구성되어 있습니다.",교통·철도 좋아하는 사람에게 잘 맞는 선물.,1,https://dzwpvqehwr7zl.cloudfront.net/omios/products/generated/_review/PRD_140/PRD_140_packshot_v1.png,https://grandazur.buyshop.jp/items/94230881
PRD_141,메카사블레 자동차 세트,メカサブレくるまセット,그랑 다 주르(グラン ダ ジュール),REG_007,PRC_02,1512,"메카사블레 자동차 세트는 다양한 구성품으로 이루어진 간식 세트입니다. 이 제품에는 메카사블레가 3봉지, 네지 초콜릿이 3개(예비 1개 포함), 그리고 초코펜이 1봉지가 들어있습니다. 본 상품을 사용하기 위해서는 밀, 계란, 우유, 대두, 아몬드를 포함한 특정 알레르기 물질에 대한 주의가 필요합니다.",부서지기 쉬우니 캐리어 안쪽에 넣어 보관.,1,https://dzwpvqehwr7zl.cloudfront.net/omios/products/generated/_review/PRD_141/PRD_141_packshot_v1.png,https://grandazur.buyshop.jp/items/93554519
PRD_142,메카사블레 배 세트,メカサブレ船セット,그랑 다 주르(グラン ダ ジュール),REG_007,PRC_02,1512,"인기 상품인 메카사블레에서 새로운 시리즈로 출시된 '메카사블레 배 세트'입니다. 이 제품은 네 개의 나선형 초콜릿, 초콜릿 펜 하나, 그리고 사브레 쿠키 네 개가 구성되어 있습니다. 특히 나선형 초콜릿은 카카오 50% 커버춰 초콜릿을 사용하여 은은하게 달콤하면서도 비터한 풍미를 즐길 수 있습니다. 나선형 초콜릿과 배 여행이라는 테마로 꾸민 특별한 세트입니다.",모지코 관광 후 항구 테마 선물로 연결하기 좋음.,1,https://dzwpvqehwr7zl.cloudfront.net/omios/products/generated/_review/PRD_142/PRD_142_packshot_v1.png,https://grandazur.buyshop.jp/items/88691017
PRD_143,메카사블레 시리즈 세트,メカサブレシリーズセット,그랑 다 주르(グラン ダ ジュール),REG_007,PRC_04,3900,"메카사블레 시리즈 세트는 버터와 꿀을 사용한 사블레에 네지초코 계열의 재미를 더한 선물 세트입니다. 가볍고 부드러운 사블레의 맛에 카카오 50% 커버춰 초콜릿의 달콤쌉싸름한 풍미가 어우러집니다. 기계 부품을 떠올리게 하는 콘셉트와 구움과자의 식감이 함께 살아 있어, 기타큐슈다운 산업 이미지의 과자 선물로 볼 수 있습니다.",가격대가 있어 가족용 또는 프로젝트 전시용 샘플로 적합.,1,https://dzwpvqehwr7zl.cloudfront.net/omios/products/generated/_review/PRD_143/PRD_143_packshot_v1.png,https://grandazur.buyshop.jp/items/88737795
PRD_144,구로가네 딱딱빵 스틱,くろがね堅パンスティック,스피나(スピナ),REG_007,PRC_01,210,스피나의 구로가네 딱딱빵 스틱은 북규슈 관광 시장에서 만날 수 있는 간식입니다. 이름처럼 단단한 식감이 특징인 스틱 형태의 빵 제품입니다. 맛과 취향에 따라 플레인 맛부터 구로가네 철을 테마로 한 특별한 맛까지 다양하게 즐길 수 있습니다.,"이가 약한 사람에게는 비추천, 커피·우유에 적셔 먹기 좋음.",1,https://thumbnail.image.rakuten.co.jp/@0_mall/sn-fukuoka/cabinet/item/spina/imgrc0122744441.jpg?_ex=1024x1024,https://hb.afl.rakuten.co.jp/hgc/g00q61zn.16t5uc03.g00q61zn.16t5vdf4/?pc=https%3A%2F%2Fitem.rakuten.co.jp%2Fsn-fukuoka%2F10002332%2F&m=http%3A%2F%2Fm.rakuten.co.jp%2Fsn-fukuoka%2Fi%2F10000576%2F&rafcid=wsc_i_is_b93111dd-e085-46a2-a75f-28c1ee5d2de6
PRD_145,추억의 맛 구로가네 딱딱빵,懐かしの味 くろがね堅パン,스피나(スピナ),REG_007,PRC_01,550,"추억의 맛 구로가네 딱딱빵은 기타큐슈의 산업 도시 이미지를 담은 단단한 과자입니다. 단맛을 줄인 소박한 맛과 매우 단단한 식감이 특징이며, 커피나 우유에 담그면 한결 부드럽게 먹을 수 있습니다. 철의 도시 기타큐슈를 떠올리게 하는 이름과 식감 덕분에 이야기성이 강한 지역 간식입니다.",단단함 자체가 특징이라 설명을 곁들여 선물하면 좋음.,1,https://thumbnail.image.rakuten.co.jp/@0_mall/frogbox/cabinet/biiino/item/main-image/1699153995509_1.jpg?_ex=1024x1024,https://hb.afl.rakuten.co.jp/hgc/53033622.7bbb75b6.53033623.c98a76f0/?pc=https%3A%2F%2Fitem.rakuten.co.jp%2Ffrogbox%2Fuha_juntsuyu_1set%2F&m=https%3A%2F%2Fitem.rakuten.co.jp%2Ffrogbox%2Fuha_juntsuyu_1set%2F
PRD_146,추억의 맛 구로가네 양갱 160g,懐かしの味くろがね羊羹160g,스피나(スピナ),REG_007,PRC_01,350,이 제품은 추억의 맛을 담아낸 구로가네 양갱입니다. 주재료로는 품질 좋은 팥(소두)을 사용했습니다. 단맛을 내기 위해 상월당(흰 설탕)을 원료로 활용하였습니다. 총 중량은 160그램이며 양갱 형태로 만들어졌습니다.,작고 보관성이 좋아 부모님·상사용으로 무난.,1,https://dzwpvqehwr7zl.cloudfront.net/omios/products/generated/_review/PRD_146/PRD_146_packshot_v1.png,https://kcta.jp/%E6%87%90%E3%81%8B%E3%81%97%E3%81%AE%E5%91%B3%E3%80%80%E3%81%8F%E3%82%8D%E3%81%8C%E3%81%AD%E7%BE%8A%E7%BE%B9160g/7667/?utm_source=
PRD_147,구로가네 양갱 사쿠라,くろがね羊羹さくら160g,스피나(スピナ),REG_007,PRC_01,415,북규슈의 명물 과자인 '구로가네 양갱'의 봄 한정 제품입니다. 이번에는 사쿠라 맛으로 출시되어 특별한 계절감을 느낄 수 있습니다. 흰 풋콩앙에 은은하게 벚꽃잎이 들어가 향긋함을 더했습니다. 매우 우아하고 고급스러운 단맛이 특징인 간식입니다.,계절 한정 성격이 있어 재고 확인 후 구매.,1,https://dzwpvqehwr7zl.cloudfront.net/omios/products/generated/_review/PRD_147/PRD_147_packshot_v1.png,https://kcta.jp/%E3%82%B9%E3%83%94%E3%83%8A-%E3%81%8F%E3%82%8D%E3%81%8C%E3%81%AD%E7%BE%8A%E7%BE%B9%E3%81%95%E3%81%8F%E3%82%89160g%E6%9C%9F%E9%96%93%E9%99%90%E5%AE%9A/35902/
PRD_148,구로가네 딱딱빵 철,くろがね堅パン 鐵,스피나(スピナ),REG_007,PRC_01,335,"스피나에서 선보이는 구로가네 딱딱빵은 추억의 맛을 담아낸 제품입니다. 북규슈 관광 시장과 관련이 깊은 이 딱딱한 빵은 오랜 시간 그리움을 느끼게 하는 특별한 풍미를 자랑합니다. 일반적인 형태 외에도 간편하게 즐길 수 있도록 스틱 형태로도 즐길 수 있습니다. 옛 추억의 맛을 그대로 재현하여, 언제 어디서든 편안하게 즐기기에 좋습니다.",일반 구로가네堅パン과 중복 구매 시 콘셉트 차이 중심으로 추천.,1,https://thumbnail.image.rakuten.co.jp/@0_mall/worldnext/cabinet/12191984/compass1759462867.jpg?_ex=1024x1024,https://hb.afl.rakuten.co.jp/hgc/g00tc79n.16t5ubfe.g00tc79n.16t5v423/?pc=https%3A%2F%2Fitem.rakuten.co.jp%2Fworldnext%2Fjs250912-130%2F&m=http%3A%2F%2Fm.rakuten.co.jp%2Fworldnext%2Fi%2F10010700%2F&rafcid=wsc_i_is_b93111dd-e085-46a2-a75f-28c1ee5d2de6
PRD_149,카타판 VS 철 경도비교 패키지,「堅パンVS鉄」硬度比較パッケージ,스피나(スピナ),REG_007,PRC_02,1200,카타판 철 경도비교 패키지는 기타큐슈 명물 카타판의 단단함을 재미있게 보여주는 과자 상품입니다. 매우 딱딱한 건빵 계열 과자인 카타판을 철과 비교한다는 콘셉트로 포장해 지역 산업 도시의 이미지를 살렸습니다. 씹는 재미와 이야기성이 강해 일반 과자보다 체험형 기념품에 가깝습니다.,"SNS용·기획전시용 소재로 좋고, 실제 취식 시 치아 주의.",1,https://dzwpvqehwr7zl.cloudfront.net/omios/products/generated/_review/PRD_149/PRD_149_packshot_v1.png,https://kcta.jp/%E3%82%B9%E3%83%94%E3%83%8A%E3%80%80%E3%80%8C%E5%A0%85%E3%83%91%E3%83%B3vs%E9%89%84%E3%80%8D%E7%A1%AC%E5%BA%A6%E6%AF%94%E8%BC%83%E3%83%91%E3%83%83%E3%82%B1%E3%83%BC%E3%82%B83%E6%9E%9A%E5%85%A58/32668/?utm_source=
PRD_150,구리만주 10개입,栗饅頭10個入,고게쓰도(湖月堂),REG_007,PRC_02,1836,"구리만주 10개입은 고쿠라의 노포 과자점 고게쓰도의 밤만주 10개입 상품입니다. 작은 금화처럼 보이는 타원형 만주를 윤기 있는 밤색으로 구워 내고, 촉촉하고 부드러운 앙금 속에 작은 밤 조각을 넣은 것이 특징입니다. 형태와 색, 식감을 중시하는 고게쓰도 고유의 제조법을 창업 이후 이어 온 정통 화과자입니다.",어른 선물로 안정적이고 차와 함께 먹기 좋음.,1,https://thumbnail.image.rakuten.co.jp/@0_mall/honnkekikuya/cabinet/nanocolor/japanese_sweets/kurimanjyu_10.jpg?_ex=1024x1024,https://hb.afl.rakuten.co.jp/hgc/g00r2qvn.16t5u585.g00r2qvn.16t5vdf2/?pc=https%3A%2F%2Fitem.rakuten.co.jp%2Fhonnkekikuya%2F041-1-10%2F&m=http%3A%2F%2Fm.rakuten.co.jp%2Fhonnkekikuya%2Fi%2F10000239%2F&rafcid=wsc_i_is_b93111dd-e085-46a2-a75f-28c1ee5d2de6
PRD_151,기온 다이코 10개입,ぎおん太鼓10個入,고게쓰도(湖月堂),REG_007,PRC_03,2106,"기온 다이코는 고쿠라 기온 축제의 북을 모티프로 삼아 둥근 북 모양으로 만든 파이 과자다. 담백한 단맛의 앙금을 파이로 감싼 형태이며, 일본차뿐 아니라 커피나 홍차와도 함께 먹기 좋게 소개된다. 열 개입 상품에는 고운 팥앙금과 통팥앙금이 각각 다섯 개씩 들어 있다.",커피·차 모두와 잘 어울려 직장 선물로 적합.,1,https://dzwpvqehwr7zl.cloudfront.net/omios/products/generated/_review/PRD_151/PRD_151_packshot_v1.png,https://kogetsudo-online.shop/?pid=132474982&utm_source=
PRD_152,히토츠구리 10개입,一つ栗10個入,고게쓰도(湖月堂),REG_007,PRC_04,3564,"히토츠구리는 부드럽게 조린 밤을 앙금으로 감싸 구워낸 고게쓰도의 밤 과자다. 일본 요리에서 밤의 떫은 껍질을 살려 부드럽게 익히는 방식에서 착안한 제품으로, 밤 한 알의 소박하고 진한 맛을 살린다. 열 개입 구성으로, 밤의 존재감이 큰 화과자를 찾는 사람에게 맞는 상품이다.",가격대가 높아 부모님·상사용 선물에 적합.,1,https://thumbnail.image.rakuten.co.jp/@0_mall/k-asada/cabinet/item01/rituou/ritsuo-main03a_n.jpg?_ex=1024x1024,https://hb.afl.rakuten.co.jp/hgc/53033622.7bbb75b6.53033623.c98a76f0/?pc=https%3A%2F%2Fitem.rakuten.co.jp%2Fk-asada%2F801014%2F&m=https%3A%2F%2Fitem.rakuten.co.jp%2Fk-asada%2F801014%2F
PRD_153,무기코가시 10개입,麦こがし10個入,고게쓰도(湖月堂),REG_007,PRC_04,3564,"무기코가시는 큼직한 깐밤 한 알을 앙금 속에 넣고, 보리 가루를 반죽에 섞어 구워낸 과자다. 보리의 구수한 향과 밤의 단맛이 함께 느껴지는 고게쓰도의 화과자 라인이다. 열 개입 구성으로 제공되며, 밤을 중심으로 한 묵직한 맛의 선물용 과자에 가깝다.",단맛이 과하지 않은 전통 과자 선호층에게 추천.,1,https://thumbnail.image.rakuten.co.jp/@0_mall/awayatokushima/cabinet/07067213/imgrc0075115670.jpg?_ex=1024x1024,https://hb.afl.rakuten.co.jp/hgc/53033622.7bbb75b6.53033623.c98a76f0/?pc=https%3A%2F%2Fitem.rakuten.co.jp%2Fawayatokushima%2F100000081%2F&m=https%3A%2F%2Fitem.rakuten.co.jp%2Fawayatokushima%2F100000081%2F
PRD_154,폰츠쿠 5개입,ぽんつく詰合せ5個入,쓰루헤이(つる平),REG_007,PRC_02,1047,"폰츠쿠 5개입은 기타큐슈의 대정 12년 창업 과자점 쓰루헤이가 만드는 부드러운 크림 과자입니다. 폭신한 스펀지 반죽 안에 카스타드나 말차 크림을 넣은 상품으로, 부드러운 식감과 친근한 캐릭터 포장이 특징입니다. 제품명은 어딘가 어설프지만 애교 있어 미워할 수 없는 사람을 뜻하는 지역 말에서 온 이름이라, 기타큐슈다운 이야기를 담은 선물용 과자입니다.",냉장 보관 여부와 소비기한 확인 후 구매.,1,https://dzwpvqehwr7zl.cloudfront.net/omios/products/generated/_review/PRD_154/PRD_154_packshot_v1.png,https://kcta.jp/%E5%B0%8F%E5%80%89%E3%81%AE%E6%84%9B%E5%AC%8C%E8%8F%93%E5%AD%90%E3%80%80%E3%81%A4%E3%82%8B%E5%B9%B3%E3%80%8C%E3%81%BD%E3%82%93%E3%81%A4%E3%81%8F%E3%80%8D%E5%90%84%E7%A8%AE/7632/?utm_source=
PRD_155,오구라닛키 5개입,小倉日記5個入,쓰루헤이(つる平),REG_007,PRC_01,885,대정 12년에 문을 연 유서 깊은 과자점 쓰루헤이가 대표하는 과자입니다. 오구라와 인연이 있던 메이지 시대의 문호 모리 오가이를 추모하며 탄생한 제품입니다. 독일 명과를 모티브로 하여 소박하고 담백한 맛을 자랑하는 미니 바움쿠헨입니다. 이 과자는 팽창제 없이 계란의 힘만으로 촉촉하게 구워내는 전통 방식을 고수하고 있습니다.,문학·역사 스토리를 곁들이면 선물 가치가 올라감.,1,https://thumbnail.image.rakuten.co.jp/@0_mall/antina/cabinet/products_072/07220307_2.jpg?_ex=1024x1024,https://hb.afl.rakuten.co.jp/hgc/53033622.7bbb75b6.53033623.c98a76f0/?pc=https%3A%2F%2Fitem.rakuten.co.jp%2Fantina%2F07220307%2F&m=https%3A%2F%2Fitem.rakuten.co.jp%2Fantina%2F07220307%2F
PRD_156,과자합병 5개입,菓子合併5個入,쓰루헤이(つる平),REG_007,PRC_02,1031,"과자합병은 모지, 고쿠라, 도바타, 야하타, 와카마쓰가 합쳐져 기타큐슈시가 된 역사에서 착안한 과자다. 기타큐슈 시제 오십오 주년을 기념해 옛 다섯 도시의 이미지를 담은 상품으로 소개된다. 각 도시를 상징하는 과자를 한 세트로 묶어 지역의 도시 이야기를 함께 전하는 기념품 성격이 뚜렷하다.",기타큐슈 시 탄생 스토리와 연결해 지역성 설명용으로 좋음.,1,https://thumbnail.image.rakuten.co.jp/@0_mall/mecu/cabinet/photo/point/p33/cirqularct500.jpg?_ex=1024x1024,https://hb.afl.rakuten.co.jp/hgc/53033622.7bbb75b6.53033623.c98a76f0/?pc=https%3A%2F%2Fitem.rakuten.co.jp%2Fmecu%2Fcirqularct500%2F&m=https%3A%2F%2Fitem.rakuten.co.jp%2Fmecu%2Fcirqularct500%2F
PRD_157,마도레냐,マドレ～にゃ,쓰루헤이(つる平),REG_007,PRC_01,170,"북규슈의 명과로 알려진 마도레냐는 개운함과 복을 기원하는 길한 의미를 담고 있습니다. 이 과자는 만리키네코의 손 모양을 모티브로 하여 제작된 상징적인 간식입니다. 맛은 상큼한 이요감 향기가 특징이며, 촉촉하고 부드러운 백앙이 더해져 먹기 좋습니다.",낱개 가격이 낮아 가벼운 선물로 적합.,1,https://dzwpvqehwr7zl.cloudfront.net/omios/products/generated/_review/PRD_157/PRD_157_packshot_v1.png,https://www.tsuruhei.jp/products/madorenya/?utm_source=
PRD_158,도바타 초친야마 모나카,戸畑ちょうちん山最中,쓰루헤이(つる平),REG_007,PRC_01,180,"쓰루헤이의 도바타 초친야마 모나카는 기타큐슈 도바타 지역의 축제 문화를 모티브로 만든 지역 명과입니다. 상품은 국가 지정 중요 무형민속문화재이자 유네스코 무형문화유산에 등록된 도바타 기온 오야마가사를 바탕으로 합니다. 등불 장식의 야마가사 이미지를 과자에 담아 지역성과 이야기를 함께 전하는 것이 특징입니다. 쓰루헤이는 대정 12년 창업의 노포 과자점으로, 북규슈 명과를 만들어 온 브랜드입니다.",지역 축제 설명과 함께 추천하기 좋음.,1,https://dzwpvqehwr7zl.cloudfront.net/omios/products/generated/_review/PRD_158/PRD_158_packshot_v1.png,https://www.tsuruhei.jp/products/tobatacyoutin/?utm_source=
PRD_159,오구라 선물 모둠 No.1,小倉の贈り物 詰め合わせNo.1,쓰루헤이(つる平),REG_007,PRC_03,2130,"쓰루헤이의 오구라 선물 모둠은 북규슈 지역의 유명한 과자들을 한데 담은 구성입니다. 이 모둠에는 카스타드, 말차, 바나나 맛으로 즐기는 '폰츠쿠'와 '오구라 닛키'가 포함되어 있습니다. 또한, 검은 팥앙금과 흰 팥앙금이 들어간 '코쿠라 타이코', 그리고 까파 봉지 지장모치까지 다양한 종류의 간식을 경험할 수 있습니다. 이 선물 모둠을 통해 여러 가지 맛과 식감을 즐기며 특별한 선물을 할 수 있습니다.",여러 맛을 한 번에 담아 가족·상사 선물로 무난.,1,https://thumbnail.image.rakuten.co.jp/@0_mall/kojindo-akatsuki/cabinet/40_yakiin/09_oto/01_oto_06.jpg?_ex=1024x1024,https://hb.afl.rakuten.co.jp/hgc/53033622.7bbb75b6.53033623.c98a76f0/?pc=https%3A%2F%2Fitem.rakuten.co.jp%2Fkojindo-akatsuki%2Fya00006-oto%2F&m=https%3A%2F%2Fitem.rakuten.co.jp%2Fkojindo-akatsuki%2Fya00006-oto%2F
PRD_160,오구라 선물 모둠 No.3,小倉の贈り物 詰め合わせNo.3,쓰루헤이(つる平),REG_007,PRC_02,1930,"쓰루헤이의 '오구라 선물 모둠 세 번째'은 다양한 맛과 식감을 즐길 수 있는 고급 과자 세트입니다. 이 모둠에는 카스타드, 말차, 바나나 등 여러 가지 맛으로 구성된 폰츠쿠와 오구라 니키가 포함되어 있습니다. 또한, 검은 앙금과 흰 앙금이 들어간 코쿠라 타이코와 까파후지 지장모찌도 함께 담겨 있어 풍성한 구성을 자랑합니다. 다양한 종류의 전통 과자를 한 번에 맛볼 수 있는 선물 세트입니다.",No.1보다 약간 저렴한 선물 세트로 활용.,1,https://thumbnail.image.rakuten.co.jp/@0_mall/kojindo-akatsuki/cabinet/40_yakiin/09_oto/01_oto_06.jpg?_ex=1024x1024,https://hb.afl.rakuten.co.jp/hgc/53033622.7bbb75b6.53033623.c98a76f0/?pc=https%3A%2F%2Fitem.rakuten.co.jp%2Fkojindo-akatsuki%2Fya00006-oto%2F&m=https%3A%2F%2Fitem.rakuten.co.jp%2Fkojindo-akatsuki%2Fya00006-oto%2F
PRD_161,표주박 모나카 6개입,ひょうたん最中6個入,오카시노 미즈마(お菓子のみずま),REG_007,PRC_02,1188,표주박 모나카는 오카시노 미즈마가 선보이는 표주박 모양의 모나카 과자다. 이 가게는 오래전부터 기타큐슈 야하타 지역에서 화과자를 제공해 온 노포로 소개된다. 홋카이도산 특선 팥을 사용한 풍미 있는 통팥앙금과 이요칸 잼을 활용한 산뜻한 맛 등이 구성되어 있다.,"전통 과자 선호자에게 추천, 부서짐 방지 포장 주의.",1,https://dzwpvqehwr7zl.cloudfront.net/omios/products/generated/_review/PRD_161/PRD_161_packshot_v1.png,https://kcta.jp/%E3%81%8A%E8%8F%93%E5%AD%90%E3%81%AE%E3%81%BF%E3%81%9A%E3%81%BE-%E3%81%B2%E3%82%87%E3%81%86%E3%81%9F%E3%82%93%E6%9C%80%E4%B8%AD/13590/?utm_source=
PRD_162,무뵤 표주박 모나카 6개입,六瓢 ひょうたん最中6個入,오카시노 미즈마(お菓子のみずま),REG_007,PRC_02,1400,무뵤 표주박 모나카는 표주박을 모티브로 한 6개입 모나카 과자입니다. 일본에서 여섯 표주박은 무병과 이어지는 길상 문양으로 쓰여 건강과 평안을 기원하는 의미를 담습니다. 바삭한 모나카 피와 달콤한 앙금이 어우러지는 화과자라 기념품이나 선물용으로 고르기 좋은 상품입니다.,부모님·어르신 선물로 의미가 좋음.,1,https://thumbnail.image.rakuten.co.jp/@0_mall/eemon/cabinet/03289055/2018nov_/imgrc0071196140.jpg?_ex=1024x1024,https://hb.afl.rakuten.co.jp/hgc/53033622.7bbb75b6.53033623.c98a76f0/?pc=https%3A%2F%2Fitem.rakuten.co.jp%2Feemon%2F43980-7%2F&m=https%3A%2F%2Fitem.rakuten.co.jp%2Feemon%2F43980-7%2F
PRD_163,모지코 명물 바나나 양갱,門司港名物バナナようかん,기타큐슈 관광시장 게재(北九州観光市場掲載),REG_007,PRC_02,1588,"모지코 명물 바나나 양갱은 신선한 바나나를 듬뿍 넣어 만든 전통 양갱입니다. 부드럽게 반죽된 바나나가 특징이며, 적당한 단맛이 매력적이라 자꾸 손이 가는 맛을 자랑합니다. 모지코의 특별한 맛을 느낄 수 있는 간식거리입니다.",냉장해 먹으면 좋다고 소개되어 여름 선물에도 적합.,1,https://dzwpvqehwr7zl.cloudfront.net/omios/products/generated/_review/PRD_163/PRD_163_packshot_v1.png,https://kcta.jp/%E9%96%80%E5%8F%B8%E6%B8%AF%E5%90%8D%E7%89%A9%E3%83%90%E3%83%8A%E3%83%8A%E3%82%88%E3%81%86%E3%81%8B%E3%82%93/7688/?utm_source=
PRD_164,데쓰페이토,鐵平糖,치구사 호텔(千草ホテル),REG_007,PRC_01,600,데쓰페이토는 치구사 호텔과 관련된 제품입니다. 이 제품은 지하 일층층에 위치한 냉동 오르되브르와 치즈케이크 전문점에서 즐길 수 있습니다. 선물용이나 집에서 가져가기 좋은 상품으로 구성되어 있어 활용도가 높습니다.,제철소 관광과 연결해 설명하기 좋은 상품.,1,https://thumbnail.image.rakuten.co.jp/@0_mall/f401005-kitakyushu/cabinet/chigusa/290-0405_1a.jpg?_ex=1024x1024,https://hb.afl.rakuten.co.jp/hgc/g00t6sun.16t5ub61.g00t6sun.16t5v2e2/?pc=https%3A%2F%2Fitem.rakuten.co.jp%2Ff401005-kitakyushu%2F290-0405%2F&m=http%3A%2F%2Fm.rakuten.co.jp%2Ff401005-kitakyushu%2Fi%2F10001357%2F&rafcid=wsc_i_is_b93111dd-e085-46a2-a75f-28c1ee5d2de6
PRD_165,왕님 야키카레,MOJIKO IN JAPAN 王様焼きカレー,프린세스 피피(プリンセスピピ),REG_007,PRC_01,680,"이 제품은 후쿠오카현 기타큐슈 북규슈시 모지항에 위치한 인기 레스토랑 '프린세스 피피'의 메뉴를 모델로 하여 3년간 개발된 왕님 야키카레입니다. 동물성 원료와 알코올을 사용하지 않은 식물성(플랜트 베이스) 레토르트 카레이며, 무첨가 제품으로 만들어졌습니다. 주재료로는 이탈리아산 토마토 퓨레, 코코넛 밀크를 비롯하여 죽순, 당근, 생강, 마늘 등 다양한 채소와 병아리콩이 들어갑니다. 노란 커리 페이스트와 카레 가루 등의 향신료가 어우러져 깊고 풍부한 맛을 자랑합니다.",치즈와 계란을 추가하면 현지식 느낌을 내기 좋음.,1,https://thumbnail.image.rakuten.co.jp/@0_mall/neowing-r/cabinet/item_img_2195/neobk-3192448.jpg?_ex=1024x1024,https://hb.afl.rakuten.co.jp/hgc/53033622.7bbb75b6.53033623.c98a76f0/?pc=https%3A%2F%2Fitem.rakuten.co.jp%2Fneowing-r%2Fneobk-3192448%2F&m=https%3A%2F%2Fitem.rakuten.co.jp%2Fneowing-r%2Fneobk-3192448%2F
PRD_166,명란 야키카레,めんたい焼きカレー,왕님 야키카레(王様焼きカレー),REG_007,PRC_02,1080,"모지항 야키카레 페어에서 맛있는 가게 1위를 차지한 왕님 야키카레를 기반으로 탄생했습니다. 하카타의 명물인 이 명란 야키카레는 매콤하면서도 풍부한 감칠맛이 스파이시한 카레와 완벽하게 어우러지는 것이 특징입니다. 총 400그램 용량으로 구성되어 있으며, 냉동 상태로 보관해야 합니다.",매운맛·해산물 향 선호자에게 추천.,1,https://dzwpvqehwr7zl.cloudfront.net/omios/products/generated/_review/PRD_166/PRD_166_packshot_v1.png,https://kcta.jp/%E3%80%90%E7%8E%8B%E6%A7%98%E7%84%BC%E3%81%8D%E3%82%AB%E3%83%AC%E3%83%BC%E3%80%91%E3%82%81%E3%82%93%E3%81%9F%E3%81%84%E7%84%BC%E3%81%8D%E3%82%AB%E3%83%AC%E3%83%BC/35078/?utm_source=
PRD_167,모지코 극우마 야키카레 중간매운맛,レトロの街門司港「極旨」焼カレー中辛口,기타큐슈 관광시장 게재(北九州観光市場掲載),REG_007,PRC_01,594,레트로한 분위기의 모지 항구 명물 야키카레입니다. 이 제품을 활용하면 밥 위에 커리 소스를 붓고 그 위에 계란과 치즈를 올려 오븐에 굽기만 하면 근사한 야키카레가 완성됩니다. 특별히 조리하지 않고 일반 카레처럼 먹어도 맛있는 것이 특징입니다. 모지 항구의 명물 야키카레 맛을 간편하게 즐길 수 있습니다.,귀국 후 간단히 데워 먹기 좋아 자신용으로 적합.,1,https://dzwpvqehwr7zl.cloudfront.net/omios/products/generated/_review/PRD_167/PRD_167_packshot_v1.png,https://kcta.jp/%E3%83%AC%E3%83%88%E3%83%AD%E3%81%AE%E8%A1%97%E9%96%80%E5%8F%B8%E6%B8%AF%E3%80%8C%E6%A5%B5%E6%97%A8%E3%80%8D%E7%84%BC%E3%82%AB%E3%83%AC%E3%83%BC%E4%B8%AD%E8%BE%9B%E5%8F%A3/13994/?utm_source=
PRD_168,모지코 야키카레 중간매운맛 1.5인분,レトロの街門司港焼カレー中辛 1.5人前,기타큐슈 관광시장 게재(北九州観光市場掲載),REG_007,PRC_01,670,"모지코의 명물인 야키카레를 간편하게 즐길 수 있습니다. 밥 위에 커리 소스를 붓고, 그 위에 계란과 치즈를 올려 오븐에 굽기만 하면 맛있는 야키카레가 완성됩니다. 일반 카레처럼 먹어도 맛있으며, 레트로한 분위기의 모지코 특색을 집에서 쉽게 재현할 수 있습니다.",1인 여행객보다는 가족·커플 식사용으로 좋음.,1,https://dzwpvqehwr7zl.cloudfront.net/omios/products/generated/_review/PRD_168/PRD_168_packshot_v1.png,https://kcta.jp/%E3%83%AC%E3%83%88%E3%83%AD%E3%81%AE%E8%A1%97%E9%96%80%E5%8F%B8%E6%B8%AF%E7%84%BC%E3%82%AB%E3%83%AC%E3%83%BC%E4%B8%AD%E8%BE%9B1-5%E4%BA%BA%E5%89%8D/13983/?utm_source=
PRD_169,지비루로 끓인 야키카레,門司港地ビール工房特製 地ビールで煮込んだ焼きカレー,모지코 지비루 공방(門司港地ビール工房),REG_007,PRC_01,600,모지코 지비루 공방에서 특별히 만든 지역 맥주로 끓여낸 야키카레 레토르트 제품입니다. 이 카레는 모지코의 두 가지 종류 맥주인 바이스비어와 페일 에일을 사용하여 깊고 풍부하게 맛을 냈습니다. 맥주의 풍미가 더해져 고급스러운 어른들의 커리 요리로 설명됩니다. 한 끼 식사로 즐기기 좋은 180그램 용량입니다.,맥주 양조장 방문 후 같이 구매하면 스토리성이 좋음.,1,https://dzwpvqehwr7zl.cloudfront.net/omios/products/generated/_review/PRD_169/PRD_169_packshot_v1.png,https://kcta.jp/%E5%9C%B0%E3%83%93%E3%83%BC%E3%83%AB%E7%85%AE%E8%BE%BC%E3%81%BF%E7%84%BC%E3%81%8D%E3%82%AB%E3%83%AC%E3%83%BC/8612/?utm_source=
PRD_170,오구라 발상 야키우동 2식,小倉発祥焼きうどん2食入り,카와카미×테라오카 유기양조(カワカミ×寺岡有機醸造),REG_007,PRC_01,756,"오구라 발상 야키우동 2식은 기타큐슈 오구라 지역의 야키우동 문화를 담은 간편 조리식입니다. 카와카미와 테라오카 유기양조가 함께 선보이는 상품으로, 계란을 곁들여 먹는 타마고카케 스타일의 야키우동이라는 점이 특징입니다. 2식 구성이라 가정에서 부담 없이 조리하기 좋고, 오구라 지역 음식의 이야기를 담은 기념 식품으로도 어울립니다.",숙소 취사 가능하거나 귀국 후 간편식으로 좋음.,1,https://dzwpvqehwr7zl.cloudfront.net/omios/products/generated/_review/PRD_170/PRD_170_packshot_v1.png,https://kcta.jp/%E5%B0%8F%E5%80%89%E7%99%BA%E7%A5%A5%E7%84%BC%E3%81%8D%E3%81%86%E3%81%A9%E3%82%93%EF%BC%92%E9%A3%9F%E5%85%A5%E3%82%AB%E3%83%AF%E3%82%AB%E3%83%9Fx%E5%AF%BA%E5%B2%A1%E6%9C%89%E6%A9%9F%E9%86%B8/37714/?utm_source=
PRD_171,기타큐슈 명물 가시와우동,北九州名物 かしわうどん,기타큐슈 관광시장 게재(北九州観光市場掲載),REG_007,PRC_03,2880,"기타큐슈의 명물인 가시와우동은 고쿠라역 7·8번 승강장에서 맛보던 그 맛을 집에서도 그대로 즐길 수 있습니다. 이 우동은 1901년 제2차 세계대전 이전부터 일본 번영을 꿈꾸며 열심히 일했던 사람들의 배와 마음, 영혼을 지탱해 온 역사를 가지고 있습니다. 오랜 시간 동안 근로자들을 지켜온 에너지의 원천인 만큼, 그 깊은 의미를 담아내고 있습니다. 또한, 후쿠오카 출신 만화가 우에야마 토모치카의 인기 만화 '쿠킹 대디'에도 등장하며 많은 사랑을 받은 메뉴이기도 합니다.",냉장·냉동 여부와 반입 가능 여부 확인.,1,https://thumbnail.image.rakuten.co.jp/@0_mall/jrk-shoji/cabinet/st_fukuoka3/k02a01_01.jpg?_ex=1024x1024,https://hb.afl.rakuten.co.jp/hgc/g00ptaln.16t5u528.g00ptaln.16t5v3fb/?pc=https%3A%2F%2Fitem.rakuten.co.jp%2Fjrk-shoji%2F10006353%2F&m=http%3A%2F%2Fm.rakuten.co.jp%2Fjrk-shoji%2Fi%2F10006354%2F&rafcid=wsc_i_is_b93111dd-e085-46a2-a75f-28c1ee5d2de6
PRD_172,후쿠우동 1인분,ふくうどん1人前,아이에스에이(ISA),REG_007,PRC_01,432,이사의 후쿠우동 1인분은 간몬 지역의 복어 이미지를 떠올리게 하는 이름을 지닌 지역 먹거리 상품입니다. 상품명에는 후쿠라는 표현이 들어가 기념 식품의 성격을 담고 있습니다. 단품 소포장 구성의 1인분 우동으로 여행 기념품이나 간편식에 가까운 상품입니다.,가볍고 저렴해 여러 개 사기 좋음.,1,https://dzwpvqehwr7zl.cloudfront.net/omios/products/generated/_review/PRD_172/PRD_172_packshot_v1.png,https://kcta.jp/%E3%80%90isa%E3%80%91%E3%81%B5%E3%81%8F%E3%81%86%E3%81%A9%E3%82%931%E4%BA%BA%E5%89%8D/33772/?utm_source=
PRD_173,후쿠오카 켄민 우론 1인분,福岡ケンミンうろん1人前,아이에스에이(ISA),REG_007,PRC_01,432,"후쿠오카는 돈코츠 라멘, 모츠나베, 수타키, 멘타이코 등 다양한 명물 요리가 모여 있는 미식의 고장입니다. 이러한 풍요로운 음식 문화 덕분에 후쿠오카 우동은 그 자체로도 큰 인기를 얻으며 지역의 대표 별미로 자리 잡았습니다. 이 제품은 현재 많은 관심을 받고 있는 바로 그 맛을 담아낸 1인분 우동입니다.",면류 좋아하는 사람에게 저가 선물로 적합.,1,https://dzwpvqehwr7zl.cloudfront.net/omios/products/generated/_review/PRD_173/PRD_173_packshot_v1.png,https://kcta.jp/%E3%80%90isa%E3%80%91%E5%8D%B5%E3%81%8B%E3%81%91%E3%81%86%E3%81%A9%E3%82%93%EF%BC%91%E4%BA%BA%E5%89%8D-2/33782/?utm_source=
PRD_174,집에서 곤베에 닭껍질 꼬치 20개 타레맛,おウチで権兵衛 国産とりかわ串20本セット タレ味,곤베에(権兵衛),REG_007,PRC_05,4480,집에서 곤베에 닭껍질 꼬치는 하카타식 닭껍질 꼬치를 가정에서 먹기 좋게 만든 냉동 식품입니다. 국내산 닭껍질을 꼬치에 말아 타레 양념의 달콤짭짤한 맛을 입힌 것이 특징입니다. 굽거나 데우면 숯불 꼬치집 같은 고소한 지방 풍미와 쫀득한 식감을 즐길 수 있습니다.,냉동·육류 제품이므로 한국 반입 가능 여부 확인 필수.,1,https://dzwpvqehwr7zl.cloudfront.net/omios/products/generated/_review/PRD_174/PRD_174_packshot_v1.png,https://kcta.jp/%E3%80%90%E5%86%B7%E5%87%8D%E3%80%91%E3%81%8A%E3%82%A6%E3%83%81%E3%81%A7%E6%A8%A9%E5%85%B5%E8%A1%9B-%E5%9B%BD%E7%94%A3%E3%81%A8%E3%82%8A%E3%81%8B%E3%82%8F%E4%B8%B220%E6%9C%AC%E3%82%BB%E3%83%83/18490/?utm_source=
PRD_175,가바타 무착색 매운 명란 ‘키레코’ 200g,かば田 無着色辛子めんたい「きれ子」200g,가바타(かば田),REG_007,PRC_02,1296,"가바타의 무착색 매운 명란 '키레코'는 순도 높은 명란을 주재료로 한 제품입니다. 가바타만의 독자적인 '절임 보관 제조법'으로 다시마에 절여져, 명란 본연의 부드러운 색감을 살렸습니다. 주요 원료로는 미국산 명태 알(난소), 다시마, 고추 등이 사용되었으며, 소금과 발효 조미료를 더해 매콤한 맛을 구현했습니다.",냉장식품이라 보냉 포장과 반입 규정 확인.,1,https://thumbnail.image.rakuten.co.jp/@0_mall/kabata/cabinet/itempict/067015_1.jpg?_ex=1024x1024,https://hb.afl.rakuten.co.jp/hgc/g00q5vbn.16t5u42f.g00q5vbn.16t5v800/?pc=https%3A%2F%2Fitem.rakuten.co.jp%2Fkabata%2F067015%2F&m=http%3A%2F%2Fm.rakuten.co.jp%2Fkabata%2Fi%2F10003012%2F&rafcid=wsc_i_is_b93111dd-e085-46a2-a75f-28c1ee5d2de6
PRD_176,이카멘타이 이카히비키 90g,いかめんたい いかひびき90g,아지노 마루야(味の丸屋),REG_007,PRC_01,810,"주재료인 오징어와 명란젓을 중심으로 깊고 풍부한 감칠맛이 느껴지는 간식입니다. 가쓰오부시, 다시마, 청주, 미림 등 다양한 재료가 어우러져 맛의 조화를 이루며, 매콤함과 짭조름함이 특징입니다. 특히 유자 향이 나는 제품은 유자의 명산지인 오이타의 유자 껍질을 아낌없이 사용하여 상큼한 풍미를 더했습니다. 또한, 먹물과 간장 등을 활용하여 깊고 진한 맛을 즐길 수 있는 등 다양한 맛으로 구성되어 있습니다.",밥반찬·술안주용으로 좋지만 냉장 여부 확인.,1,https://thumbnail.image.rakuten.co.jp/@0_mall/mentaitu/cabinet/amz/7430/7430_00.jpg?_ex=1024x1024,https://hb.afl.rakuten.co.jp/hgc/53033622.7bbb75b6.53033623.c98a76f0/?pc=https%3A%2F%2Fitem.rakuten.co.jp%2Fmentaitu%2F7423%2F&m=https%3A%2F%2Fitem.rakuten.co.jp%2Fmentaitu%2F7423%2F
PRD_177,쇼야상의 곤부,庄屋さんの昆布,히라오 수산(平尾水産),REG_007,PRC_01,756,"고급 곤부에 빨간 고추의 매콤함을 더해 풍부하게 맛을 끌어올린 제품입니다. 미네랄이 가득한 이 곤부는 곤부 특유의 감칠맛과 고춧가루의 알싸함이 어우러져 밥맛을 더욱 깊게 만들어줍니다. 흰쌀밥은 물론, 차즈케나 주먹밥에 활용하기 좋으며 술안주로도 최고입니다. 나아가 라면, 소바, 우동 위에 올려 먹거나 카레 요리의 양념으로도 활용할 수 있는 다용도의 만능 반찬입니다.",어른 선물·집밥 반찬용으로 적합.,1,https://thumbnail.image.rakuten.co.jp/@0_mall/cheeky/cabinet/2501-3000/u502847.jpg?_ex=1024x1024,https://hb.afl.rakuten.co.jp/hgc/g00s4gan.16t5u5b4.g00s4gan.16t5v4e7/?pc=https%3A%2F%2Fitem.rakuten.co.jp%2Fcheeky%2Fu502847%2F&m=http%3A%2F%2Fm.rakuten.co.jp%2Fcheeky%2Fi%2F10365498%2F&rafcid=wsc_i_is_b93111dd-e085-46a2-a75f-28c1ee5d2de6
PRD_178,쇼야상의 목이버섯 라유,庄屋さんのきくらげ ラー油入り,히라오 수산(平尾水産),REG_007,PRC_01,702,"히라오 수산의 쇼야상의 목이버섯 라유는 목이버섯을 매콤한 라유 양념과 함께 조린 반찬형 상품입니다. 간장과 설탕을 기본으로 한 양념에 쌀 발효 조미료, 참깨 라유, 프라이드 갈릭, 고추를 더했습니다. 목이버섯 특유의 쫄깃한 식감과 감칠맛, 매운맛이 함께 살아 있는 150그램 용기 포장 식품입니다.",매운맛 좋아하는 친구·자신용으로 추천.,1,https://thumbnail.image.rakuten.co.jp/@0_mall/impact-one/cabinet/imgrc0075498097.jpg?_ex=1024x1024,https://hb.afl.rakuten.co.jp/hgc/g00tizqn.16t5u318.g00tizqn.16t5v8c2/?pc=https%3A%2F%2Fitem.rakuten.co.jp%2Fimpact-one%2F1009%2F&m=http%3A%2F%2Fm.rakuten.co.jp%2Fimpact-one%2Fi%2F10001042%2F&rafcid=wsc_i_is_b93111dd-e085-46a2-a75f-28c1ee5d2de6
PRD_179,시키시마 곤부 6개입,敷島昆布6個入,시키시마 곤부(敷島昆布),REG_007,PRC_01,900,"시키시마 곤부 6개입은 기타큐슈에서 친숙한 간식용 식초 다시마 상품입니다. 홋카이도산 다시마에 식초를 더해 새콤하고 깔끔한 맛을 내며, 덱스트린과 과당, 감초계 감미료, 조미료를 함께 사용합니다. 한 상자에 15그램 소포장 6개가 들어 있어 휴대하거나 나누어 먹기 편한 구성입니다. 입이 심심할 때 가볍게 씹어 먹기 좋은 해산 가공 간식입니다.",가볍고 오래 보관하기 좋아 직장 동료용으로 적합.,1,https://thumbnail.image.rakuten.co.jp/@0_mall/marukai/cabinet/10/kbck19020811.jpg?_ex=1024x1024,https://hb.afl.rakuten.co.jp/hgc/53033622.7bbb75b6.53033623.c98a76f0/?pc=https%3A%2F%2Fitem.rakuten.co.jp%2Fmarukai%2Fmail-wh-kt-k%2F&m=https%3A%2F%2Fitem.rakuten.co.jp%2Fmarukai%2Fmail-wh-kt-k%2F
PRD_180,초비누카,ちょびぬか,후지타(ふじた),REG_007,PRC_01,918,"후지타의 초비누카는 기타큐슈 고쿠라 지역에 전해져 온 향토요리 누카미소다키를 병입 플레이크 형태로 만든 상품입니다. 국산 정어리와 쌀겨, 간장, 설탕, 생강, 산초, 유자고추, 고추를 사용해 발효식품 특유의 감칠맛과 매콤한 향을 더했습니다. 밥반찬으로 먹기 좋고, 앤초비 대신 피자나 파스타에 활용할 수 있는 조미 식품으로도 소개됩니다. 50그램 병 포장이라 가정에서 조금씩 덜어 쓰기 편합니다.",향이 독특할 수 있어 향토음식 관심층에게 추천.,1,https://thumbnail.image.rakuten.co.jp/@0_mall/f401005-kitakyushu/cabinet/konbe/001-2286x1_1a.jpg?_ex=1024x1024,https://hb.afl.rakuten.co.jp/hgc/g00t6sun.16t5ub61.g00t6sun.16t5v2e2/?pc=https%3A%2F%2Fitem.rakuten.co.jp%2Ff401005-kitakyushu%2F17908-30034430%2F&m=http%3A%2F%2Fm.rakuten.co.jp%2Ff401005-kitakyushu%2Fi%2F10000312%2F&rafcid=wsc_i_is_b93111dd-e085-46a2-a75f-28c1ee5d2de6
PRD_181,칸바이,かんばい,만교쿠(万玉),REG_007,PRC_01,770,칸바이는 만교쿠가 만드는 양념 매실 계열 상품입니다. 신맛이 강한 매실보다 달콤하고 부드러운 풍미를 강조해 밥반찬이나 차 곁들임으로 먹기 좋습니다. 매실의 향은 남기면서도 산미 부담을 줄인 것이 특징인 저장 식품입니다.,입맛이 담백한 어른 선물로 추천.,1,https://thumbnail.image.rakuten.co.jp/@0_mall/meishu-honpo/cabinet/27/14427_1.jpg?_ex=1024x1024,https://hb.afl.rakuten.co.jp/hgc/g00rf3en.16t5u504.g00rf3en.16t5v45a/?pc=https%3A%2F%2Fitem.rakuten.co.jp%2Fmeishu-honpo%2F14427%2F&m=http%3A%2F%2Fm.rakuten.co.jp%2Fmeishu-honpo%2Fi%2F10006471%2F&rafcid=wsc_i_is_b93111dd-e085-46a2-a75f-28c1ee5d2de6
PRD_182,오슈쿠바이 2개입,鶯宿梅2個入,만교쿠(万玉),REG_007,PRC_05,4752,"남고매를 사용하여 독자적인 방식으로 염분을 낮춘 매실 장아찌입니다. 매실의 껍질과 씨앗을 제거하고 차 다시마로 맛을 더해 부드러운 페이스트 형태로 만들었습니다. 이 제품은 그 자체만으로도 깊고 뛰어난 풍미를 자랑합니다. 술안주로는 물론, 오차즈케나 소면 국물 등 다양한 요리에 곁들이면 음식의 맛을 한층 끌어올려 주는 만능 조미료 역할을 합니다.","격식 있는 선물용으로 적합, 무게·포장 확인.",1,https://thumbnail.image.rakuten.co.jp/@0_mall/ricaoh/cabinet/299999/209616.jpg?_ex=1024x1024,https://hb.afl.rakuten.co.jp/hgc/53033622.7bbb75b6.53033623.c98a76f0/?pc=https%3A%2F%2Fitem.rakuten.co.jp%2Fricaoh%2F209616%2F&m=https%3A%2F%2Fitem.rakuten.co.jp%2Fricaoh%2F209616%2F
PRD_183,와카마쓰 귤잼,若松みかんジャム,미쓰바야(みつばや),REG_007,PRC_01,500,미쓰바야의 와카마쓰 귤잼은 기타큐슈 와카마쓰 지역의 온주귤을 사용한 오리지널 잼입니다. 햇빛과 바닷바람을 받은 귤을 하나씩 수제로 만들고 병에 담는다고 소개됩니다. 귤 본래의 맛과 향을 살린 달콤하고 산뜻한 풍미가 특징인 110그램 지역 특산 잼입니다.,빵·요거트와 함께 먹기 좋아 가족용으로 좋음.,1,https://dzwpvqehwr7zl.cloudfront.net/omios/products/generated/_review/PRD_183/PRD_183_packshot_v1.png,https://kcta.jp/%E8%8B%A5%E6%9D%BE%E3%81%BF%E3%81%8B%E3%82%93%E3%82%B8%E3%83%A3%E3%83%A0/24283/?utm_source=
PRD_184,허니레몬 시럽 레모니,ハニーレモンシロップ「レモニー」,기타큐슈 관광시장 게재(北九州観光市場掲載),REG_007,PRC_03,2000,"바닷바람을 맞고 풍미가 풍부하게 자란 기타큐슈산 무농약 레몬이 주재료입니다. 여기에 기타큐슈의 자연에서 벌들이 모아온 천연 무첨가 꿀을 더했습니다. 또한, 몸에 부담이 적은 국내산 비트 그라뉴 설탕만을 사용하여 만들었습니다. 이 모든 재료를 담아 정성껏 만든 특별한 허니레몬 시럽입니다.",탄산수·요거트에 섞어 먹기 좋고 재고 확인 필요.,1,https://dzwpvqehwr7zl.cloudfront.net/omios/products/generated/_review/PRD_184/PRD_184_packshot_v1.png,https://kcta.jp/%E3%83%8F%E3%83%8B%E3%83%BC%E3%83%AC%E3%83%A2%E3%83%B3%E3%82%B7%E3%83%AD%E3%83%83%E3%83%97%E3%83%AC%E3%83%A2%E3%83%8B%E3%83%BC/26238/?utm_source=
PRD_185,모지코 모던 손수건,門司港もだん手拭い,모지코 모던(門司港もだん),REG_007,PRC_02,1200,"모지코 모던 손수건은 모지코의 지역 이미지를 담은 디자인 손수건입니다. 스트라이프 검정과 파랑 같은 기본 패턴부터 복어와 바나나를 조합한 무늬, 지역 열차 해풍호를 떠올리게 하는 테마 디자인까지 여러 종류가 있습니다. 항구 도시 모지코의 분위기와 지역 소재를 일상 소품에 담은 것이 특징입니다. 가볍게 휴대하거나 여행 기념품으로 사용하기 좋은 패브릭 상품입니다.",식품이 아니라 반입 걱정이 적고 가벼운 선물로 좋음.,1,https://dzwpvqehwr7zl.cloudfront.net/omios/products/generated/_review/PRD_185/PRD_185_packshot_v1.png,https://kcta.jp/%E9%96%80%E5%8F%B8%E6%B8%AF%E3%82%82%E3%81%A0%E3%82%93%E6%89%8B%E6%8B%AD%E3%81%84%EF%BC%88%E3%82%B9%E3%83%88%E3%83%A9%E3%82%A4%E3%83%97%E3%83%BB%E9%BB%92%EF%BC%89-%EF%BC%91%E6%9E%9A/7848/?utm_source=chatgpt.com
PRD_186,후쿠사야 카스텔라 소절 0.6호,カステラ 小切れ0.6号,후쿠사야(福砂屋),REG_008,PRC_02,1458,"후쿠사야 카스텔라 소절 육할호는 1624년 창업한 나가사키 카스텔라 본가 후쿠사야의 대표 카스텔라입니다. 후쿠사야 카스텔라는 꿀을 쓰지 않고 고급 물엿인 쌀엿을 사용하며, 촉촉한 반죽과 단정한 단맛이 특징입니다. 전통 제조 방식을 지켜 온 브랜드의 카스텔라로, 한 본 구성은 선물이나 간식용으로 고르기 좋은 크기입니다.","부모님·상사 선물용으로 무난, 부피가 있어 마지막 날 구매 추천.",1,https://thumbnail.image.rakuten.co.jp/@0_mall/fukusaya-castella/cabinet/product/sao/imgrc0092404680.jpg?_ex=1024x1024,https://hb.afl.rakuten.co.jp/hgc/g00uro2n.16t5ud7b.g00uro2n.16t5v55f/?pc=https%3A%2F%2Fitem.rakuten.co.jp%2Ffukusaya-castella%2Ffukusaya12%2F&m=http%3A%2F%2Fm.rakuten.co.jp%2Ffukusaya-castella%2Fi%2F10000002%2F&rafcid=wsc_i_is_b93111dd-e085-46a2-a75f-28c1ee5d2de6
PRD_187,후쿠사야 오란다 케이크,オランダケーキ 小切れ0.6号,후쿠사야(福砂屋),REG_008,PRC_02,1458,"후쿠사야 오란다 케이크는 전통 카스텔라에 향이 좋은 코코아를 더한 후쿠사야의 변주형 케이크입니다. 코코아 풍미에 호두와 건포도가 어우러져 카스텔라보다 한층 고소하고 부드러운 맛을 냅니다. 원재료 정보에는 오란다 케이크의 특정 원재료로 계란, 밀가루, 호두가 표기되어 있습니다. 후쿠사야 상품은 꿀을 사용하지 않고 고급 물엿인 쌀엿을 사용한다는 점도 브랜드의 재료 특징으로 소개됩니다.",기본 카스텔라보다 색다른 맛을 원하는 사람에게 추천.,1,https://thumbnail.image.rakuten.co.jp/@0_mall/brings/cabinet/hukusaya/orannda06-1.jpg?_ex=1024x1024,https://hb.afl.rakuten.co.jp/hgc/g00skgqn.16t5ud50.g00skgqn.16t5v1c3/?pc=https%3A%2F%2Fitem.rakuten.co.jp%2Fbrings%2Fhukusaya-orannda06%2F&m=http%3A%2F%2Fm.rakuten.co.jp%2Fbrings%2Fi%2F10001379%2F&rafcid=wsc_i_is_b93111dd-e085-46a2-a75f-28c1ee5d2de6
PRD_188,후쿠사야 큐브,フクサヤキューブ,후쿠사야(福砂屋),REG_008,PRC_01,324,후쿠사야 큐브는 후쿠사야 카스테라를 작은 큐브 상자에 담은 휴대형 상품입니다. 후쿠사야 상품은 벌꿀을 쓰지 않고 고급 물엿인 쌀엿을 사용한다는 재료 특징이 안내되어 있습니다. 작은 상자 단위 포장이라 나누어 보관하거나 선물하기 쉬운 카스테라 계열 상품입니다.,직장 동료에게 여러 개 나눠주기 좋음.,1,https://thumbnail.image.rakuten.co.jp/@0_mall/f422011-nagasaki/cabinet/422011-dc2b4260/lex029_00.jpg?_ex=1024x1024,https://hb.afl.rakuten.co.jp/hgc/g00t6wyn.16t5uf5a.g00t6wyn.16t5va5b/?pc=https%3A%2F%2Fitem.rakuten.co.jp%2Ff422011-nagasaki%2Flex029%2F&m=http%3A%2F%2Fm.rakuten.co.jp%2Ff422011-nagasaki%2Fi%2F10004246%2F&rafcid=wsc_i_is_b93111dd-e085-46a2-a75f-28c1ee5d2de6
PRD_189,후쿠사야 수제 모나카,手づくり最中,후쿠사야(福砂屋),REG_008,PRC_01,972,후쿠사야 수제 모나카는 직접 앙금을 넣어 완성하는 후쿠사야의 모나카 상품입니다. 후쿠사야 상품은 꿀을 사용하지 않고 고급 물엿인 쌀엿을 사용한다는 재료 특징이 안내되어 있습니다. 수제 모나카 1개 분량은 약 84킬로칼로리로 표기되어 있어 간식으로 부담을 가늠하기 쉽습니다. 카스텔라로 유명한 후쿠사야의 전통 화과자 계열 선물 상품입니다.,카스텔라 외 전통 과자를 찾을 때 좋음.,1,https://thumbnail.image.rakuten.co.jp/@0_mall/tokyokyusyuomiyage/cabinet/10143178/b019ut3f4y.jpg?_ex=1024x1024,https://hb.afl.rakuten.co.jp/hgc/g00uhazn.16t5ufc0.g00uhazn.16t5v285/?pc=https%3A%2F%2Fitem.rakuten.co.jp%2Ftokyokyusyuomiyage%2F451722129280123%2F&m=http%3A%2F%2Fm.rakuten.co.jp%2Ftokyokyusyuomiyage%2Fi%2F10000654%2F&rafcid=wsc_i_is_b93111dd-e085-46a2-a75f-28c1ee5d2de6
PRD_190,문메이도 나가사키 카스텔라,長崎カステラ 0.6号,문메이도 총본점(文明堂総本店),REG_008,PRC_02,1296,"이 카스텔라는 숙련된 베테랑 장인들만이 구워낼 수 있는 고급스러운 맛을 자랑합니다. 계란 손질부터 혼합, 교반, 굽기까지 모든 과정을 한 명의 장인이 직접 수작업으로 완성한 일품입니다. 진하고 촉촉하며(촉촉한), 깊고 풍부한 맛이 특징인 나가사키 카스텔라의 대표적인 작품입니다.",나가사키 카스텔라 비교 구매용으로 좋음.,1,https://thumbnail.image.rakuten.co.jp/@0_mall/japanpost-ts/cabinet/creative/8067016447.jpg?_ex=1024x1024,https://hb.afl.rakuten.co.jp/hgc/g00u55on.16t5ucbc.g00u55on.16t5vabb/?pc=https%3A%2F%2Fitem.rakuten.co.jp%2Fjapanpost-ts%2F4967052615%2F&m=http%3A%2F%2Fm.rakuten.co.jp%2Fjapanpost-ts%2Fi%2F10002284%2F&rafcid=wsc_i_is_b93111dd-e085-46a2-a75f-28c1ee5d2de6
PRD_191,문메이도 미카사야마,三笠山,문메이도 총본점(文明堂総本店),REG_008,PRC_02,1944,문메이도 미카사야마는 홋카이도산 대나곤 팥을 사용한 통팥앙금을 폭신한 반죽 사이에 넣은 도라야키입니다. 팥알의 풍미와 촉촉한 케이크식 껍질이 어울려 전통 화과자의 편안한 단맛을 냅니다. 문메이도 카스텔라와 함께 나가사키 과자 문화의 오래된 흐름을 보여주는 상품입니다.,어른 입맛 선물로 좋고 차와 잘 어울림.,1,https://thumbnail.image.rakuten.co.jp/@0_mall/f423076-nagayo/cabinet/item/eak/eak013-mlt.jpg?_ex=1024x1024,https://hb.afl.rakuten.co.jp/hgc/g00sn8vn.16t5uf1c.g00sn8vn.16t5v7d9/?pc=https%3A%2F%2Fitem.rakuten.co.jp%2Ff423076-nagayo%2Feak013%2F&m=http%3A%2F%2Fm.rakuten.co.jp%2Ff423076-nagayo%2Fi%2F10000293%2F&rafcid=wsc_i_is_b93111dd-e085-46a2-a75f-28c1ee5d2de6
PRD_192,미카사야마·카스텔라 마키 세트,三笠山・カステラ巻詰合せ,문메이도 총본점(文明堂総本店),REG_008,PRC_03,2052,"카스텔라 다음으로 인기가 높은 인기 과자 세트입니다. 부드러운 팥앙금은 햇살을 머금은 듯 촉촉하며, 풍성한 맛의 핵심인 오홋카이도산 대능원 작은콩을 푹 끓여 콩 본연의 풍미를 살린 달콤함이 특징입니다. 이 앙금이 담긴 속에는 문메이도의 특별한 비밀 재료가 들어간 부드러운 케이크 시트가 함께 있어, 팥앙금의 단맛을 더욱 돋보이게 합니다. 또한 안정적인 맛으로 만족도가 높은 카스텔라 마키도 세트로 구성되어 있습니다.",여러 사람에게 나눠주기 좋은 구성.,1,https://thumbnail.image.rakuten.co.jp/@0_mall/fujisakidepartment/cabinet/10809330/fd21070653_1.jpg?_ex=1024x1024,https://hb.afl.rakuten.co.jp/hgc/53033622.7bbb75b6.53033623.c98a76f0/?pc=https%3A%2F%2Fitem.rakuten.co.jp%2Ffujisakidepartment%2Ffd21070653%2F&m=https%3A%2F%2Fitem.rakuten.co.jp%2Ffujisakidepartment%2Ffd21070653%2F
PRD_193,쇼오켄 고산야키 카스텔라,五三焼カステラ,쇼오켄(松翁軒),REG_008,PRC_03,2268,"쇼오켄의 고산야키 카스텔라는 계란 노른자와 설탕을 더해 품격 있게 완성된 제품으로, 부드럽고 촉촉하며 깊은 풍미가 느껴집니다. 이름에 담긴 '고산야키'는 다섯 가지 맛(모든 맛)을 뛰어넘을 만큼 훌륭한 맛이라는 의미를 지닌 매우 고급스러운 카스텔라입니다. 이 카스텔라는 숙련된 베테랑 장인만이 구워낼 수 있는 깊고 풍요로운 맛이 특징입니다. 계란 손질부터 혼합, 교반, 그리고 굽기까지 모든 과정을 한 명의 장인이 직접 수작업으로 완성한 뛰어난 작품입니다.","고급 선물용으로 적합, 가격대가 있어 상사·부모님용 추천.",1,https://thumbnail.image.rakuten.co.jp/@0_mall/f420000-nagasaki/cabinet/itemimg/2110_01/ab008-r_001.jpg?_ex=1024x1024,https://hb.afl.rakuten.co.jp/hgc/g00tyxtn.16t5uf3f.g00tyxtn.16t5v522/?pc=https%3A%2F%2Fitem.rakuten.co.jp%2Ff420000-nagasaki%2Fab008-r%2F&m=http%3A%2F%2Fm.rakuten.co.jp%2Ff420000-nagasaki%2Fi%2F10000024%2F&rafcid=wsc_i_is_b93111dd-e085-46a2-a75f-28c1ee5d2de6
PRD_194,쇼오켄 카스텔라 1호,カステラ 1号,쇼오켄(松翁軒),REG_008,PRC_03,2268,"천와 원년부터 이어져 온 기술과 전통을 바탕으로, 숙련된 장인이 한 개씩 정성껏 구워내는 것이 쇼오켄의 나가사키 카스텔라입니다. 이 원조 카스텔라는 단순히 바닥에 자라메를 깔지 않고, 자라메 자체를 활용하여 굽는 독특한 방식으로 만들어집니다. 부드럽고 폭신한 식감과 함께 입안 가득 퍼지는 달콤하고 온화한 맛이 특징입니다. 특히 카스텔라를 입에 넣을 때 느껴지는 자라메의 바삭한 식감이 더해져 깊은 풍미와 완벽한 균형을 선사합니다. 먹기 쉽도록 10조각으로 잘려 제공됩니다.",본점 방문 시 카페 이용과 함께 구매하기 좋음.,1,https://thumbnail.image.rakuten.co.jp/@0_mall/f420000-nagasaki/cabinet/itemimg/2110_01/ab416-r_001.jpg?_ex=1024x1024,https://hb.afl.rakuten.co.jp/hgc/g00tyxtn.16t5uf3f.g00tyxtn.16t5v522/?pc=https%3A%2F%2Fitem.rakuten.co.jp%2Ff420000-nagasaki%2Fab416-r%2F&m=http%3A%2F%2Fm.rakuten.co.jp%2Ff420000-nagasaki%2Fi%2F10000363%2F&rafcid=wsc_i_is_b93111dd-e085-46a2-a75f-28c1ee5d2de6
PRD_195,쇼오켄 초콜라테,チョコラーテ,쇼오켄(松翁軒),REG_008,PRC_03,2268,"쇼오켄의 오리지널 카스텔라 '초콜라테'는 8대 사다지로 이어져 온 열정이 담긴 제품으로, 메이지 시대부터 전해 내려온 깊고 부드러운 단맛을 자랑합니다. 카스텔라 특유의 우아한 풍미와 초콜릿의 모던함이 조화롭게 어우러진 새로운 맛을 경험할 수 있습니다. 이 제품은 단순히 코코아 파우더를 사용하지 않고, 카스텔라에 맞춰 특별히 제작된 초콜릿을 사용하여 깊이를 더했습니다. 그 결과, 입안에서 사르르 녹는 듯한 식감과 함께 진하고 부드러운 단맛이 느껴집니다. 또한 먹기 쉽도록 잘려 제공되어 더욱 간편하게 즐길 수 있습니다.",초콜릿을 좋아하는 친구·연인 선물로 좋음.,1,https://thumbnail.image.rakuten.co.jp/@0_mall/f420000-nagasaki/cabinet/itemimg/2110_01/ab416-r_001.jpg?_ex=1024x1024,https://hb.afl.rakuten.co.jp/hgc/g00tyxtn.16t5uf3f.g00tyxtn.16t5v522/?pc=https%3A%2F%2Fitem.rakuten.co.jp%2Ff420000-nagasaki%2Fab416-r%2F&m=http%3A%2F%2Fm.rakuten.co.jp%2Ff420000-nagasaki%2Fi%2F10000363%2F&rafcid=wsc_i_is_b93111dd-e085-46a2-a75f-28c1ee5d2de6
PRD_196,쇼오켄 가모메 카스테이라,かもめカステイラ,쇼오켄(松翁軒),REG_008,PRC_02,1188,쇼오켄 카모메 카스테라는 카스테라 원조로 알려진 쇼오켄의 전통 과자입니다. 2022년 나가사키 디자인 어워드에서 서규슈 신칸센 개업 기념 선물상 특별상을 받은 이력이 있습니다. 철도 회사 규슈 승인 디자인을 바탕으로 나가사키 카스테라의 전통성과 지역 기념품 성격을 함께 담은 상품입니다.,나가사키역 여행 기념 느낌이 강한 제품.,1,https://dzwpvqehwr7zl.cloudfront.net/omios/products/generated/_review/PRD_196/PRD_196_packshot_v1.png,https://www.shooken-shop.com/c/castella/km-01
PRD_197,쇼오켄 스이주,翠珠,쇼오켄(松翁軒),REG_008,PRC_02,1782,"쇼오켄 스이주는 카스테라 원조로 알려진 쇼오켄의 말차 카스테라 상품입니다. 급경사 산과 맑은 계곡, 큰 일교차가 있는 오쿠야메 호시노무라 지역의 말차를 사용합니다. 175그램 한 본을 미리 잘라 구성한 형태로, 진한 말차 향과 카스테라의 부드러운 식감을 함께 살린 프리미엄 과자입니다.",시즌 판매 여부를 매장에서 확인해야 함.,1,https://thumbnail.image.rakuten.co.jp/@0_mall/lilishop6-store/cabinet/12945263/alb15085110_1.jpg?_ex=1024x1024,https://hb.afl.rakuten.co.jp/hgc/53033622.7bbb75b6.53033623.c98a76f0/?pc=https%3A%2F%2Fitem.rakuten.co.jp%2Flilishop6-store%2Fyqbasrzick2qxhi72c55jzwlma-lil%2F&m=https%3A%2F%2Fitem.rakuten.co.jp%2Flilishop6-store%2Fyqbasrzick2qxhi72c55jzwlma-lil%2F
PRD_198,쇼오켄 모모 카스텔라,桃カステラ,쇼오켄(松翁軒),REG_008,PRC_02,1717,"쇼오켄의 모모 카스텔라는 출산 축하나 명절 등 특별한 날에 사용되는 상서로운 의미를 지닌 과자입니다. 이 카스텔라에는 스페인, 포르투갈, 중국 문화가 혼합된 듯한 독특하고 이국적인 향이 감돌아 깊은 풍미를 자랑합니다. 특히 일본 나가사키 지역 특유의 분위기를 담고 있으며, 이름처럼 복숭아 열매를 본떠 만든 의미 깊은 간식입니다.",계절·행사성 상품이라 판매 시기 확인 필요.,1,https://thumbnail.image.rakuten.co.jp/@0_mall/hakusuidou/cabinet/05481960/komo9.jpg?_ex=1024x1024,https://hb.afl.rakuten.co.jp/hgc/g00spqkn.16t5uaf2.g00spqkn.16t5v80c/?pc=https%3A%2F%2Fitem.rakuten.co.jp%2Fhakusuidou%2Fkomobara-9%2F&m=http%3A%2F%2Fm.rakuten.co.jp%2Fhakusuidou%2Fi%2F10000029%2F&rafcid=wsc_i_is_b93111dd-e085-46a2-a75f-28c1ee5d2de6
PRD_199,이즈미야 나가사키 밀크셰이크 카스텔라,長崎ミルクセーキカステラ,이즈미야(和泉屋),REG_008,PRC_01,950,"이즈미야 나가사키 밀크셰이크 카스텔라는 나가사키역점 한정 상품으로 소개되는 카스텔라입니다. 엄선한 계란을 사용해 나가사키에서 전통 방식으로 천천히 구워낸 카스텔라를 바탕으로 합니다. 나가사키 명물인 밀크셰이크를 테마로 하여, 진한 우유 풍미와 부드러운 단맛을 반죽의 맛과 모양에 담아낸 것이 특징입니다. 지역 한정 기념품이나 선물용으로 고르기 좋은 나가사키 카스텔라입니다.",나가사키역 한정 느낌의 독특한 맛으로 추천.,1,https://dzwpvqehwr7zl.cloudfront.net/omios/products/generated/_review/PRD_199/PRD_199_packshot_v1.png,https://n-izumiya.com/shop/nagasaki_station.html
PRD_200,이즈미야 나가사키 카스텔라 벌꿀 3조각,長崎カステラ 蜂蜜 3切入,이즈미야(和泉屋),REG_008,PRC_01,460,본토 나가사키의 맛을 담은 이즈미야의 카스텔라입니다. 지역 운센 계약 양계장에서 얻은 신선한 전용란과 엄선된 재료를 사용하여 만들었습니다. 숙련된 장인의 기술로 촉촉하고 부드러우며 깊은 풍미가 느껴지는 것이 특징입니다. 특히 나가사키 카스텔라의 대표적인 매력인 바닥에 깔린 자라메도 함께 즐길 수 있습니다.,혼자 먹거나 소액 선물용으로 좋음.,1,https://thumbnail.image.rakuten.co.jp/@0_mall/nagasaki-kasutera/cabinet/thumbnail1/0301yel_cart.jpg?_ex=1024x1024,https://hb.afl.rakuten.co.jp/hgc/53033622.7bbb75b6.53033623.c98a76f0/?pc=https%3A%2F%2Fitem.rakuten.co.jp%2Fnagasaki-kasutera%2F10002701%2F&m=https%3A%2F%2Fitem.rakuten.co.jp%2Fnagasaki-kasutera%2F10002701%2F
PRD_201,이즈미야 나가사키 카스텔라 초코,長崎カステラ チョコ 6切入,이즈미야(和泉屋),REG_008,PRC_01,770,"운젠의 기슭에서 채취한 카스텔라 전용란을 사용하여 부드럽고 폭신하게 구워낸 나가사키 본토의 정통 카스텔라입니다. 초콜릿 맛이 가미되어 촉촉하면서도 포근한 식감이 특징이며, 깊은 풍미를 자랑합니다. 계란, 설탕, 밀가루 외에도 코코아 매스와 꿀 등 고급 재료들이 사용되어 더욱 풍부한 맛을 선사합니다. 총 6조각으로 구성되어 있어 온 가족이 간편하게 즐기기에 좋습니다.",어린이·친구 선물로 무난함.,1,https://thumbnail.image.rakuten.co.jp/@0_mall/c-mania/cabinet/mf26-3/ok1854-484_01.jpg?_ex=1024x1024,https://hb.afl.rakuten.co.jp/hgc/g00qvu3n.16t5u095.g00qvu3n.16t5v4af/?pc=https%3A%2F%2Fitem.rakuten.co.jp%2Fc-mania%2Fok1854-484%2F&m=http%3A%2F%2Fm.rakuten.co.jp%2Fc-mania%2Fi%2F10193310%2F&rafcid=wsc_i_is_b93111dd-e085-46a2-a75f-28c1ee5d2de6
PRD_202,이즈미야 캐주얼 카스텔라 세트,カジュアル長崎カステラ詰合せ 8袋入,이즈미야(和泉屋),REG_008,PRC_02,1490,이즈미야 캐주얼 카스텔라 세트는 본고장 나가사키 카스텔라를 8봉지 구성으로 담은 상품입니다. 지역 운젠 기슭에서 얻은 카스텔라 전용 달걀을 사용해 촉촉하고 폭신하게 구워낸다고 소개됩니다. 개별 봉지 구성이라 나누어 먹거나 선물하기 편한 캐주얼한 카스텔라 세트입니다. 나가사키 카스텔라의 부드러운 식감과 달걀 풍미를 간편한 포장으로 담은 상품입니다.,직장·학교에 나눠주기 좋은 개별 포장형.,1,https://dzwpvqehwr7zl.cloudfront.net/omios/products/generated/_review/PRD_202/PRD_202_packshot_v1.png,https://apshop.jp/shopdetail/000000000851/cas-izumiya/page1/recommend/
PRD_203,이진도 밤 도라야키,くりどら 6個入,이진도(異人堂),REG_008,PRC_02,1492,고소한 밤이 가득 들어간 앙꼬를 맛볼 수 있는 도라야키입니다. 잘게 다진 밤을 아낌없이 채워 넣었습니다. 풍미가 좋고 촉촉하게 구워낸 부드러운 반죽로 그 속의 밤을 조심스럽게 감싸 완성했습니다.,카스텔라보다 팥·밤 과자를 좋아하는 사람에게 추천.,1,https://thumbnail.image.rakuten.co.jp/@0_mall/ijindo/cabinet/01557978/dora3syux6.jpg?_ex=1024x1024,https://hb.afl.rakuten.co.jp/hgc/g00qtarn.16t5u997.g00qtarn.16t5v924/?pc=https%3A%2F%2Fitem.rakuten.co.jp%2Fijindo%2F3109r%2F&m=http%3A%2F%2Fm.rakuten.co.jp%2Fijindo%2Fi%2F10000415%2F&rafcid=wsc_i_is_b93111dd-e085-46a2-a75f-28c1ee5d2de6
PRD_204,이진도 참깨 도라야키,ごまどら 6個入,이진도(異人堂),REG_008,PRC_02,1294,검은깨의 깊고 풍부한 감칠맛을 살린 앙금이 속재료로 사용되었습니다. 속재료를 담아 촉촉하게 구워낸 부드러운 반죽이 특징입니다. 반죽 자체에 백임자가 함유되어 고소함을 더했습니다. 검은깨의 진한 풍미와 백임자의 부드러움이 조화롭게 어우러집니다.,어른 입맛 선물로 적합.,1,https://thumbnail.image.rakuten.co.jp/@0_mall/ijindo/cabinet/01557978/dora3syux6.jpg?_ex=1024x1024,https://hb.afl.rakuten.co.jp/hgc/g00qtarn.16t5u997.g00qtarn.16t5v924/?pc=https%3A%2F%2Fitem.rakuten.co.jp%2Fijindo%2F3109r%2F&m=http%3A%2F%2Fm.rakuten.co.jp%2Fijindo%2Fi%2F10000415%2F&rafcid=wsc_i_is_b93111dd-e085-46a2-a75f-28c1ee5d2de6
PRD_205,하쿠스이도 고산야키 카스텔라말이 스틱,五三焼長崎かすてら巻スティック 5本入,하쿠스이도(白水堂),REG_008,PRC_02,1512,하쿠스이도 고산야키 카스텔라말이 스틱은 총 5개입 세트로 구성되어 있습니다. 이 제품은 1887년에 창업한 역사를 지닌 브랜드에서 선보이는 상품입니다. 오랜 시간 동안 숙련된 장인들이 정성을 담아 만든 특별하고 깊은 맛의 일본 전통 과자(화과자)를 경험할 수 있습니다.,휴대와 배분이 편해 단체 선물용으로 좋음.,1,https://dzwpvqehwr7zl.cloudfront.net/omios/products/generated/_review/PRD_205/PRD_205_packshot_v1.png,https://shop.hakusuido.jp/view/item/000000000305?utm_source=chatgpt.com
PRD_206,하쿠스이도 코모모 2본입,こもも 2本入,하쿠스이도(白水堂),REG_008,PRC_04,3402,"하쿠스이도에서 만든 코모모입니다. 이 제품은 설탕, 밀가루, 수미, 백안(흰 앙금), 우유, 버터 등 다양한 재료로 만들어졌습니다. 일부 원재료는 나가사키현산이며, 떡가루와 색소 등을 포함하고 있습니다. 총 6개입 세트로 구성되어 있으며, 계란, 밀, 유제품 성분을 함유하고 있으니 참고하시기 바랍니다.",계절·재고 여부를 확인하고 구매 추천.,1,https://thumbnail.image.rakuten.co.jp/@0_mall/f422011-nagasaki/cabinet/10986794/lgx599x1_00r.jpg?_ex=1024x1024,https://hb.afl.rakuten.co.jp/hgc/g00t6wyn.16t5uf5a.g00t6wyn.16t5va5b/?pc=https%3A%2F%2Fitem.rakuten.co.jp%2Ff422011-nagasaki%2Flgx599x1%2F&m=http%3A%2F%2Fm.rakuten.co.jp%2Ff422011-nagasaki%2Fi%2F10006855%2F&rafcid=wsc_i_is_b93111dd-e085-46a2-a75f-28c1ee5d2de6
PRD_207,하쿠스이도 초코모모,チョこもも 3個入,하쿠스이도(白水堂),REG_008,PRC_02,1782,"하쿠스이도 초코모모는 하쿠스이도의 고모모 카스텔라 반죽에 초콜릿을 더한 겨울 한정 과자다. 위쪽에는 진한 단맛의 퐁당을, 아래쪽에는 초콜릿으로 만든 폭신하고 촉촉한 카스텔라를 조합해 입안에서 두 층의 맛이 겹친다. 첨가물을 쓰지 않고 재료 맛을 살려 만들며, 쓴맛이 적어 아이들도 먹기 쉬운 초콜릿 디저트로 소개된다.",모양이 귀여워 연인·친구 선물용으로 좋음.,1,https://thumbnail.image.rakuten.co.jp/@0_mall/newton-shop/cabinet/vd010704/is1qbaedhuee.jpg?_ex=1024x1024,https://hb.afl.rakuten.co.jp/hgc/53033622.7bbb75b6.53033623.c98a76f0/?pc=https%3A%2F%2Fitem.rakuten.co.jp%2Fnewton-shop%2Fmc-is1qbaedhuee%2F&m=https%3A%2F%2Fitem.rakuten.co.jp%2Fnewton-shop%2Fmc-is1qbaedhuee%2F
PRD_208,나가사키 명과 크루스 6매,長崎銘菓クルス 6枚入,오바마 식량(小浜食糧),REG_008,PRC_01,442,"나가사키 명과 크루스는 파삭하고 가벼운 식감의 반죽 사이에 초콜릿을 샌드하여 만든 과자입니다. 밀가루, 설탕, 계란 등을 주재료로 사용했으며, 달콤한 맛이 특징인 간식입니다. 부드러우면서도 바삭하게 느껴지는 독특한 식감을 즐길 수 있습니다.",가볍고 저렴해 대량 선물용으로 좋음.,1,https://thumbnail.image.rakuten.co.jp/@0_mall/e-cruz/cabinet/09010767/09010777/cruz_teiban06_th2.jpg?_ex=1024x1024,https://hb.afl.rakuten.co.jp/hgc/53033622.7bbb75b6.53033623.c98a76f0/?pc=https%3A%2F%2Fitem.rakuten.co.jp%2Fe-cruz%2F10000009%2F&m=https%3A%2F%2Fitem.rakuten.co.jp%2Fe-cruz%2F10000009%2F
PRD_209,나가사키 명과 크루스 커피,長崎銘菓クルス 珈琲 6枚入,오바마 식량(小浜食糧),REG_008,PRC_01,442,2010년 방송사 대하 드라마 '료마 전'을 기념하여 출시된 커피 맛 크루스입니다. 봉지를 열자마자 풍부한 커피 향이 퍼져나오는 것이 특징입니다. 막말 시대의 로스팅 방식을 재현한 '료마가 사랑했던 커피'를 드립하여 반죽과 초콜릿에 직접 섞어 만들었습니다. 이 독특한 방식으로 깊고 진한 커피 맛을 즐길 수 있습니다.,기본 크루스와 함께 맛 비교용으로 좋음.,1,https://thumbnail.image.rakuten.co.jp/@0_mall/e-cruz/cabinet/09010767/09076961/cruz_coffee06_th.jpg?_ex=1024x1024,https://hb.afl.rakuten.co.jp/hgc/53033622.7bbb75b6.53033623.c98a76f0/?pc=https%3A%2F%2Fitem.rakuten.co.jp%2Fe-cruz%2F10000010%2F&m=https%3A%2F%2Fitem.rakuten.co.jp%2Fe-cruz%2F10000010%2F
PRD_210,복각판 크루스 캔,復刻版クルス缶 10枚入,오바마 식량(小浜食糧),REG_008,PRC_02,1296,"복각판 크루스 캔은 총 10개입으로 구성되어 있습니다. 이 제품은 오랜 역사를 지닌 디자인을 되살린 복각 상품입니다. 특히, 어반 리서치와 봉 파티의 만남을 기념하여 50주년을 맞아 최초의 디자인을 재현한 것이 특징입니다.",캔이 남아 여행 기념품 느낌이 강함.,1,https://thumbnail.image.rakuten.co.jp/@0_mall/zozo/cabinet/3014/zoz601323_01.jpg?_ex=1024x1024,https://hb.afl.rakuten.co.jp/hgc/g00ug08n.16t5ubf3.g00ug08n.16t5v646/?pc=https%3A%2F%2Fitem.rakuten.co.jp%2Fzozo%2Fzoz601323%2F&m=http%3A%2F%2Fm.rakuten.co.jp%2Fzozo%2Fi%2F10086192%2F&rafcid=wsc_i_is_b93111dd-e085-46a2-a75f-28c1ee5d2de6
PRD_211,경관 크루스 스와신사,景観クルス 諏訪神社,오바마 식량(小浜食糧),REG_008,PRC_01,324,"밀가루와 초콜릿 코팅으로 만든 경관 크루스 스와신사입니다. 이 제품은 나가사키의 총 수호신이자 지역 주민들에게 '오스와산'이라는 친근한 이름으로 불리는 스와 신사와 관련이 깊습니다. 스와 신사는 진제이사로도 알려져 있으며, 오랜 역사를 지닌 곳입니다. 특히 가을 예대축제인 나가사키 군치에서도 중심적인 역할을 하는 명소입니다.",사진 엽서 같은 패키지라 가벼운 기념품으로 좋음.,1,https://thumbnail.image.rakuten.co.jp/@0_mall/hmvjapan/cabinet/a58/24000/15822335.jpg?_ex=1024x1024,https://hb.afl.rakuten.co.jp/hgc/53033622.7bbb75b6.53033623.c98a76f0/?pc=https%3A%2F%2Fitem.rakuten.co.jp%2Fhmvjapan%2F15822335%2F&m=https%3A%2F%2Fitem.rakuten.co.jp%2Fhmvjapan%2F15822335%2F
PRD_212,소토메 유코 크루스,外海ゆうこうクルス 8枚入,오바마 식량(小浜食糧),REG_008,PRC_01,680,"오바마 식량에서 선보이는 소토메 유코 크루스는 부드러운 맛의 쿠키입니다. 국내산 밀가루와 계란을 주재료로 사용했으며, 달콤한 초콜릿 코팅과 함께 상큼한 유코 과즙이 특징입니다. 타피오카 전분 등을 사용하여 만들어져 다양한 식감을 느낄 수 있으며, 8매입으로 구성되어 간편하게 즐기기 좋습니다.",지역성 있는 맛을 찾는 사람에게 추천.,1,https://dzwpvqehwr7zl.cloudfront.net/omios/products/generated/_review/PRD_212/PRD_212_packshot_v1.png,https://apshop.jp/shopdetail/000000003569/cruz/page1/recommend/
PRD_213,크루스 5종 세트,長崎銘菓クルス 5種詰合せ 36枚入,오바마 식량(小浜食糧),REG_008,PRC_03,2808,"크루스 5종 세트는 나가사키 명과 크루스를 여러 맛으로 담은 36매입 구성입니다. 기본 크루스와 커피, 시아와세, 말차, 소토메 유코 계열을 함께 넣어 크루스의 다양한 풍미를 비교해 볼 수 있습니다. 밀가루와 설탕을 바탕으로 한 얇은 과자에 초콜릿 코팅과 각 맛의 재료를 더한 것이 특징입니다. 여러 종류를 나눠 먹기 좋은 나가사키 과자 선물세트입니다.",회사·학교에 나눠주기 좋음.,1,https://thumbnail.image.rakuten.co.jp/@0_mall/jrk-shoji/cabinet/st_nagasaki/i83u11_720b2.jpg?_ex=1024x1024,https://hb.afl.rakuten.co.jp/hgc/53033622.7bbb75b6.53033623.c98a76f0/?pc=https%3A%2F%2Fitem.rakuten.co.jp%2Fjrk-shoji%2F10003467%2F&m=https%3A%2F%2Fitem.rakuten.co.jp%2Fjrk-shoji%2F10003467%2F
PRD_214,나가사키 모노가타리,長崎物語 15本入,과포 카라쿠사(菓舗唐草),REG_008,PRC_03,2268,"나가사키 모노가타리는 길게 구운 바움쿠헨 안에 크림을 채운 나가사키 명과입니다. 촉촉한 반죽과 부드러운 크림의 조합이 특징이며, 한 본씩 먹기 좋은 형태로 포장됩니다. 나가사키의 해외 교류 역사를 떠올리게 하는 포장 문양까지 더해 선물용 과자로 인지도가 있습니다.",길쭉한 개별 포장이라 나눠주기 편함.,1,https://thumbnail.image.rakuten.co.jp/@0_mall/bookfan/cabinet/00103/bk4882162334.jpg?_ex=1024x1024,https://hb.afl.rakuten.co.jp/hgc/53033622.7bbb75b6.53033623.c98a76f0/?pc=https%3A%2F%2Fitem.rakuten.co.jp%2Fbookfan%2Fbk-4882162334%2F&m=https%3A%2F%2Fitem.rakuten.co.jp%2Fbookfan%2Fbk-4882162334%2F
PRD_215,오타쿠사,おたくさ 24枚入,과포 카라쿠사(菓舗唐草),REG_008,PRC_02,1440,오타쿠사는 과포 카라쿠사가 선보이는 아지사이 꽃잎 모양의 파이 과자입니다. 상품명은 시볼트가 사랑한 오타키의 이름을 붙인 아지사이 학명 이야기에서 비롯됐다고 소개됩니다. 얇게 빚은 파이 반죽을 꽃잎처럼 표현해 가볍고 바삭한 식감과 은은한 단맛을 냅니다. 나가사키의 역사와 사랑 이야기를 담은 유럽풍 명과로 알려져 있습니다.,가볍고 부피 대비 선물성이 좋음.,1,https://thumbnail.image.rakuten.co.jp/@0_mall/jrk-shoji/cabinet/st_nagasaki/i84n01_750a2.jpg?_ex=1024x1024,https://hb.afl.rakuten.co.jp/hgc/g00ptaln.16t5u528.g00ptaln.16t5v3fb/?pc=https%3A%2F%2Fitem.rakuten.co.jp%2Fjrk-shoji%2F10003448%2F&m=http%3A%2F%2Fm.rakuten.co.jp%2Fjrk-shoji%2Fi%2F10003448%2F&rafcid=wsc_i_is_b93111dd-e085-46a2-a75f-28c1ee5d2de6
PRD_216,카라쿠사 기프트 K40,唐草ギフト K40,과포 카라쿠사(菓舗唐草),REG_008,PRC_05,4320,"카라쿠사 기프트 K40은 나가사키 과자점 과포 카라쿠사의 인기 과자를 모은 선물 세트입니다. 나가사키물어, 오타쿠사, 란 프티, 비와카스타, 데지마란칸, 피체로 등 여러 종류의 과자를 함께 담아 다양한 맛을 즐길 수 있습니다. 나가사키의 역사와 이국적인 과자 문화를 담은 구성이라 가족 선물이나 답례품으로 활용하기 좋습니다.",여러 맛을 한 번에 담아 가족·상사 선물용으로 좋음.,1,https://thumbnail.image.rakuten.co.jp/@0_mall/your-sales-shop/cabinet/0138/2b8puxx5o4_0.jpg?_ex=1024x1024,https://hb.afl.rakuten.co.jp/hgc/53033622.7bbb75b6.53033623.c98a76f0/?pc=https%3A%2F%2Fitem.rakuten.co.jp%2Fyour-sales-shop%2F2b8puxx5o4%2F&m=https%3A%2F%2Fitem.rakuten.co.jp%2Fyour-sales-shop%2F2b8puxx5o4%2F
PRD_217,일본풍 봉봉 쇼콜라,和のボンボンショコラ 12個入,초콜릿 하우스(チョコレートハウス),REG_008,PRC_04,3700,"초콜릿 하우스의 일본풍 봉봉 쇼콜라는 초콜릿 전래지로 알려진 나가사키의 이야기를 담은 기념 초콜릿입니다. 일본적인 식재료와 초콜릿을 결합한 봉봉 쇼콜라로 소개되며, 전통적인 풍미와 서양식 초콜릿의 조합이 특징입니다. 나가사키의 이국적인 문화 교류 이미지를 살린 상품이라 지역 선물로도 의미가 있습니다. 여러 맛을 한 입 크기로 즐기는 고급 초콜릿 계열 상품입니다.",녹기 쉬우니 여름에는 보냉 포장 확인.,1,https://dzwpvqehwr7zl.cloudfront.net/omios/products/generated/_review/PRD_217/PRD_217_packshot_v1.png,https://www.tabikobo.com/tabi-pocket/japan/nagasaki/article68420.html?utm_source=tabipocket&utm_medium=referral
PRD_218,브륄레 커스터드,ブリュレカスタード,아이 러브 커스터드 누프누프(I LOVE CUSTARD NEUFNEUF),REG_008,PRC_03,2160,"브륄레 커스터드는 부드러운 커스터드 크림을 폭신한 수플레 안에 담고 표면을 캐러멜라이즈해 마무리한 디저트입니다. 여행 정보 페이지에서는 향긋하게 그을린 표면과 매끈한 커스터드, 가벼운 수플레의 조합을 특징으로 소개합니다. 달콤한 커스터드와 고소한 브륄레 풍미가 함께 느껴지는 나가사키 디저트 상품입니다. 냉장 또는 선물용 디저트로 고르기 좋은 커스터드 계열 과자입니다.",냉장·소비기한 확인 후 숙소 복귀 직전에 구매 추천.,1,https://thumbnail.image.rakuten.co.jp/@0_mall/sucreyshop/cabinet/ilc/ilc071001_thm.jpg?_ex=1024x1024,https://hb.afl.rakuten.co.jp/hgc/g00tq9an.16t5u50b.g00tq9an.16t5v044/?pc=https%3A%2F%2Fitem.rakuten.co.jp%2Fsucreyshop%2Filc071001%2F&m=http%3A%2F%2Fm.rakuten.co.jp%2Fsucreyshop%2Fi%2F10000313%2F&rafcid=wsc_i_is_b93111dd-e085-46a2-a75f-28c1ee5d2de6
PRD_219,나가사키 딸기 바움쿠헨,長崎いちごバームクーヘン,베리 큐트(BERRY CUTE),REG_008,PRC_02,1847,나가사키 딸기 바움쿠헨은 베리 큐트가 선보이는 딸기 풍미의 바움쿠헨입니다. 여행 정보 페이지에서는 베리의 달콤새콤한 맛이 돋보이는 나가사키 과자로 소개됩니다. 바움쿠헨 특유의 층과 촉촉한 식감에 딸기 계열의 상큼한 단맛을 더한 것이 특징입니다. 나가사키의 과일 디저트 이미지를 담은 선물용 구움과자입니다.,귀여운 지역 디저트 선물로 적합.,1,https://thumbnail.image.rakuten.co.jp/@0_mall/giftmiwa/cabinet/12919275/26-6708-030-1.jpg?_ex=1024x1024,https://hb.afl.rakuten.co.jp/hgc/53033622.7bbb75b6.53033623.c98a76f0/?pc=https%3A%2F%2Fitem.rakuten.co.jp%2Fgiftmiwa%2F26-6708-030%2F&m=https%3A%2F%2Fitem.rakuten.co.jp%2Fgiftmiwa%2F26-6708-030%2F
PRD_220,나가사키 딸기 랑그드샤,長崎いちごラングドシャ 10個入,베리 큐트(BERRY CUTE),REG_008,PRC_02,1253,"향기로운 풍미가 매력적인 나가사키 딸기 랑그드샤입니다. 이 제품은 총 10개의 개별 포장으로 구성되어 있습니다. 상온 보관이 가능하며, 언제 어디서든 간편하게 즐길 수 있는 디저트입니다.",가볍고 포장이 예뻐 친구 선물용으로 좋음.,1,https://dzwpvqehwr7zl.cloudfront.net/omios/products/generated/_review/PRD_220/PRD_220_packshot_v1.png,https://apshop.jp/shopdetail/000000002864/ct283/page1/order/
PRD_221,이치마루코,一○香 5個袋入,모기 이치마루코 본가(茂木一まる香本家),REG_008,PRC_01,702,"이치마루코는 모기 이치마루코 본가의 속이 비는 독특한 구움 과자입니다. 속을 채워 구워도 내부가 비어 있는 구조가 생기는 신기한 과자로 소개되며, 나가사키의 오래된 과자 문화와 연결됩니다. 얇게 구운 겉면과 속이 빈 식감이 특징이라 일반 만주나 쿠키와 다른 재미가 있습니다. 보존료나 착색료를 강조한 다른 상품 설명과 혼동하지 않고, 이치마루코의 구조와 이야기성을 중심으로 설명할 수 있는 상품입니다.",부서지기 쉬우니 캐리어 위쪽에 넣기.,1,https://thumbnail.image.rakuten.co.jp/@0_mall/hishidai/cabinet/08005615/1150_pi_210122.jpg?_ex=1024x1024,https://hb.afl.rakuten.co.jp/hgc/53033622.7bbb75b6.53033623.c98a76f0/?pc=https%3A%2F%2Fitem.rakuten.co.jp%2Fhishidai%2F1150%2F&m=https%3A%2F%2Fitem.rakuten.co.jp%2Fhishidai%2F1150%2F
PRD_222,요리요리 마화아 세트,麻花兒詰合せ 8本入,나가사키 중화가 소슈린(長崎中華街蘇州林),REG_008,PRC_01,800,"요리요리는 마화아라고도 불리는 나가사키 중화가의 튀김 과자다. 길게 꼬아 튀긴 반죽의 바삭하고 단단한 식감, 고소한 향이 특징이며 나가사키 기념품 소개 글에서 중화가 대표 과자 중 하나로 다뤄진다. 소슈린의 세트 상품은 개별 포장된 구성이 있어 이동 중 선물이나 차와 곁들이는 간식으로 쓰기 좋다.",식감이 단단하므로 어르신에게는 주의.,1,https://dzwpvqehwr7zl.cloudfront.net/omios/products/generated/_review/PRD_222/PRD_222_packshot_v1.png,https://www.tabikobo.com/tabi-pocket/japan/nagasaki/article68420.html?utm_source=tabipocket&utm_medium=referral
PRD_223,나가사키 각니만주,長崎角煮まんじゅう 3個箱,이와사키 본포(岩崎本舗),REG_008,PRC_02,1880,나가사키의 명물로 알려진 이와사키 본포의 각니만주입니다. 폭신하고 부드러운 반죽 안에 입에서 녹을 듯한 각니를 가득 채워 넣었습니다. 맛과 식감이 뛰어난 이 만주는 나가사키를 대표하는 기념품이나 선물용으로 많은 사랑을 받고 있습니다.,냉동·냉장 상품이라 귀국 직전 구매 추천.,1,https://thumbnail.image.rakuten.co.jp/@0_mall/nagasaki-shippoku/cabinet/kakuni/kakuniman22r.jpg?_ex=1024x1024,https://hb.afl.rakuten.co.jp/hgc/g00u309n.16t5u114.g00u309n.16t5va6d/?pc=https%3A%2F%2Fitem.rakuten.co.jp%2Fnagasaki-shippoku%2Fka22%2F&m=http%3A%2F%2Fm.rakuten.co.jp%2Fnagasaki-shippoku%2Fi%2F10000038%2F&rafcid=wsc_i_is_b93111dd-e085-46a2-a75f-28c1ee5d2de6
PRD_224,대토로 각니만주,大とろ角煮まんじゅう 3個袋,이와사키 본포(岩崎本舗),REG_008,PRC_02,1980,"이와사키 본포의 대토로 각니만주는 폭신한 반죽에 녹아내리는 듯한 돼지고기 각니를 끼운 나가사키 만주 상품입니다. 상품 목록에서는 대토로 각니만주가 별도 품목으로 소개되며, 일반 각니만주보다 부드럽고 진한 식감을 강조한 계열입니다. 나가사키 토산품과 선물용으로 사랑받는 각니만주 브랜드의 변주 상품입니다. 봉제 인형 등 무관한 굿즈 정보는 제외하고, 각니만주의 반죽과 조림 고기 특징을 중심으로 설명합니다.",기본 각니만주보다 풍부한 맛을 원하는 사람에게 추천.,1,https://thumbnail.image.rakuten.co.jp/@0_mall/iwasakihonpo/cabinet/11746035/a6k.jpg?_ex=1024x1024,https://hb.afl.rakuten.co.jp/hgc/53033622.7bbb75b6.53033623.c98a76f0/?pc=https%3A%2F%2Fitem.rakuten.co.jp%2Fiwasakihonpo%2Fa6k%2F&m=https%3A%2F%2Fitem.rakuten.co.jp%2Fiwasakihonpo%2Fa6k%2F
PRD_225,치즈 각니만주,チーズ角煮まんじゅう 3個袋,이와사키 본포(岩崎本舗),REG_008,PRC_02,1980,치즈 각니만주는 이와사키 본포의 각니만주에 치즈 풍미를 더한 변주 상품입니다. 폭신한 반죽 사이에 부드럽게 조린 돼지고기 각니를 넣는 기본 구조는 나가사키 각니만주와 같습니다. 짭짤하고 진한 각니의 맛에 치즈의 고소함이 더해져 일반 각니만주보다 부드러운 디저트형 감각도 느낄 수 있습니다. 나가사키 토산품으로 알려진 각니만주를 색다르게 즐길 수 있는 구성입니다.,젊은 층·간식용 선물로 좋음.,1,https://dzwpvqehwr7zl.cloudfront.net/omios/products/generated/_review/PRD_225/PRD_225_packshot_v1.png,https://0806.jp/item/list/?srsltid=AfmBOoqmqL04CGMY0GOVtjibtp5R9v3-ilEoM6viwvwwdZ7dKsXPD522&utm_source=chatgpt.com
PRD_226,카레풍 각니만주,カレー風味角煮まんじゅう 3個袋,이와사키 본포(岩崎本舗),REG_008,PRC_02,1830,"카레풍 각니만주는 이와사키 본포의 각니만주에 카레 향을 더한 상품입니다. 폭신한 반죽과 부드러운 돼지고기 각니 조림을 기본으로 하되, 카레 계열의 향신료 풍미가 더해져 일반 각니만주보다 개성이 강합니다. 나가사키 기념품으로 알려진 각니만주를 식사 간식처럼 즐기기 좋은 변주형 상품입니다. 선물용뿐 아니라 색다른 맛을 찾는 간식용으로도 어울리는 구성입니다.",호불호가 있을 수 있어 친한 친구용 추천.,1,https://thumbnail.image.rakuten.co.jp/@0_mall/iwasakihonpo/cabinet/13221383/imgrc0113007998.jpg?_ex=1024x1024,https://hb.afl.rakuten.co.jp/hgc/53033622.7bbb75b6.53033623.c98a76f0/?pc=https%3A%2F%2Fitem.rakuten.co.jp%2Fiwasakihonpo%2Ff211_ss%2F&m=https%3A%2F%2Fitem.rakuten.co.jp%2Fiwasakihonpo%2Ff211_ss%2F
PRD_227,6일 숙성 각니만주,六日仕込角煮まんじゅう 1個袋,이와사키 본포(岩崎本舗),REG_008,PRC_01,780,"6일 숙성 각니만주는 이와사키 본포가 선보이는 숙성형 각니만주 상품입니다. 상품명처럼 6일 동안 준비한 각니를 사용한 구성이며, 폭신한 반죽 사이에 부드러운 돼지고기 조림을 끼워 넣는 각니만주의 특징을 이어갑니다. 숙성 과정을 거친 각니의 진한 맛과 촉촉한 반죽의 조합이 핵심입니다. 나가사키의 대표 토산품인 각니만주를 더 깊은 풍미로 즐길 수 있는 상품입니다.",1개 단위라 맛보기용으로 좋음.,1,https://thumbnail.image.rakuten.co.jp/@0_mall/iwasakihonpo/cabinet/11746035/a6k.jpg?_ex=1024x1024,https://hb.afl.rakuten.co.jp/hgc/53033622.7bbb75b6.53033623.c98a76f0/?pc=https%3A%2F%2Fitem.rakuten.co.jp%2Fiwasakihonpo%2Fa6k%2F&m=https%3A%2F%2Fitem.rakuten.co.jp%2Fiwasakihonpo%2Fa6k%2F
PRD_228,나가사키 각니마부시,長崎角煮まぶし 1袋,이와사키 본포(岩崎本舗),REG_008,PRC_01,460,"나가사키 각니마부시는 이와사키 본포의 돼지고기 조림을 밥에 올려 먹기 쉽게 만든 상품이다. 이와사키 본포는 푹신한 생지에 녹는 듯한 각니를 끼운 나가사키 각니만주로 알려진 브랜드이며, 같은 조림 고기 맛을 활용한 각니마부시도 제공한다. 다섯 봉지와 열 봉지 구성 등이 있어 집에서 나가사키식 달콤짭짤한 돼지고기 맛을 간편하게 즐길 수 있다.",숙소나 집에서 간단히 데워 먹기 좋음.,1,https://thumbnail.image.rakuten.co.jp/@0_mall/iwasakihonpo/cabinet/11746035/m100.jpg?_ex=1024x1024,https://hb.afl.rakuten.co.jp/hgc/g00qi8hn.16t5ubb5.g00qi8hn.16t5vdac/?pc=https%3A%2F%2Fitem.rakuten.co.jp%2Fiwasakihonpo%2Fm100%2F&m=http%3A%2F%2Fm.rakuten.co.jp%2Fiwasakihonpo%2Fi%2F10000016%2F&rafcid=wsc_i_is_b93111dd-e085-46a2-a75f-28c1ee5d2de6
PRD_229,미로쿠야 레토르트 구포함 짬뽕,レトルト具付ちゃんぽん 2人前,미로쿠야(みろくや),REG_008,PRC_02,1512,"미로쿠야의 레토르트 구비 짬뽕은 간편하게 즐길 수 있는 2인분 식사입니다. 제품 구성으로는 짬뽕면, 레토르트 재료, 그리고 국물까지 모두 포함되어 있습니다. 깊고 풍부한 맛을 내는 육수는 돼지 추출액, 치킨 추출액, 간장 등을 베이스로 하여 감칠맛이 느껴집니다. 이 상품에는 돼지고기, 어묵, 바지락, 당근, 한펜, 표고버섯, 죽순 등 총 7가지의 다양한 재료가 풍성하게 담겨 있습니다.",액체·식품류라 수하물 포장 추천.,1,https://dzwpvqehwr7zl.cloudfront.net/omios/products/generated/_review/PRD_229/PRD_229_packshot_v1.png,https://www.mirokuya.co.jp/products/detail/10576
PRD_230,미로쿠야 레토르트 구포함 사라우동,レトルト具付皿うどん 2人前,미로쿠야(みろくや),REG_008,PRC_02,1512,"2인분 기준으로 즐길 수 있는 레토르트 구포함 사라우동입니다. 이 제품은 바삭한 사라우동 면과 함께 밥을 비벼 먹기 좋은 다양한 속재료가 포함되어 있습니다. 주요 속재료로는 돼지고기, 튀긴 가마보코, 바지락, 당근, 한펜, 죽순, 표고버섯 등 총 7가지 재료를 맛볼 수 있습니다. 깊은 감칠맛의 국물은 치킨 및 포크 파우더와 간장 등의 조미료가 어우러져 풍부한 맛을 더해줍니다.",면이 눌리지 않도록 포장 주의.,1,https://dzwpvqehwr7zl.cloudfront.net/omios/products/generated/_review/PRD_230/PRD_230_packshot_v1.png,https://www.mirokuya.co.jp/products/detail/10575
PRD_231,미로쿠야 짬뽕·사라우동 선물세트,長崎ちゃんぽん・皿うどん揚麺 各4人前 ギフト箱,미로쿠야(みろくや),REG_008,PRC_04,3564,미로쿠야의 선물세트는 나가사키를 대표하는 짬뽕과 사라우동을 함께 즐길 수 있는 구성입니다. 몸과 마음까지 따뜻하게 해주는 맛으로 유명한 나가사키 짬뽕은 누구나 쉽게 조리할 수 있도록 간단한 6단계 과정만 거치면 완성됩니다. 이 세트는 각 4인분씩 담겨 있어 선물용으로도 좋습니다.,가족용 기념품으로 가장 실용적.,1,https://thumbnail.image.rakuten.co.jp/@0_mall/mirokuya3698/cabinet/event/chan-katei-4_5poffc.jpg?_ex=1024x1024,https://hb.afl.rakuten.co.jp/hgc/53033622.7bbb75b6.53033623.c98a76f0/?pc=https%3A%2F%2Fitem.rakuten.co.jp%2Fmirokuya3698%2Fchan-katei-4%2F&m=https%3A%2F%2Fitem.rakuten.co.jp%2Fmirokuya3698%2Fchan-katei-4%2F
PRD_232,모모타로 나가사키 부타만,長崎ぶたまん 10個入,모모타로(桃太呂),REG_008,PRC_02,1000,"모모타로의 대표적인 명물 기념품인 '나가사키 부타만'입니다. 이 제품은 나가사키를 대표하는 특산품으로, 맛있는 돼지고기 만두 또는 고기 만두가 특징입니다. 오랜 시간 사랑받아온 모모타로의 인기 상품이며, 선물용으로도 어울립니다. 다양한 구성의 패키지로 즐길 수 있습니다.","냉장·냉동 여부 확인, 숙소 간식으로도 좋음.",1,https://thumbnail.image.rakuten.co.jp/@0_mall/jrk-shoji/cabinet/st_nagasaki/butaman.jpg?_ex=1024x1024,https://hb.afl.rakuten.co.jp/hgc/53033622.7bbb75b6.53033623.c98a76f0/?pc=https%3A%2F%2Fitem.rakuten.co.jp%2Fjrk-shoji%2F10002025%2F&m=https%3A%2F%2Fitem.rakuten.co.jp%2Fjrk-shoji%2F10002025%2F
PRD_233,모모타로 나가사키 교자,長崎餃子 14個入,모모타로(桃太呂),REG_008,PRC_01,800,"모모타로 나가사키 교자는 창업 초기부터 아는 사람만 아는 명물로 소개되어 온 상품입니다. 운젠산 고급 돼지고기와 부추, 양파를 사용해 만드는 간결한 재료 구성이 특징입니다. 나가사키 지역의 돼지고기 간식 문화를 담은 모모타로의 대표 교자 상품입니다.",조리 필요 상품이므로 귀국 직전 구매 추천.,1,https://thumbnail.image.rakuten.co.jp/@0_mall/nipponselect/cabinet/item/t09-1/t09620107.jpg?_ex=1024x1024,https://hb.afl.rakuten.co.jp/hgc/g00ska5n.16t5u689.g00ska5n.16t5v27f/?pc=https%3A%2F%2Fitem.rakuten.co.jp%2Fnipponselect%2Ft09620107%2F&m=http%3A%2F%2Fm.rakuten.co.jp%2Fnipponselect%2Fi%2F10208346%2F&rafcid=wsc_i_is_b93111dd-e085-46a2-a75f-28c1ee5d2de6
PRD_234,나카시마 이리코 너츠,いりこナッツ 55g,나카시마(なかしま),REG_008,PRC_01,680,"나카시마 본점에서 선보이는 이리코 너츠는 나가사키의 전문 다시 가게에서 탄생한 간식입니다. 기업 비밀에 담긴 특별한 제조 방식으로 만들어져, 맛을 더하면서도 이리코 특유의 바삭하고 파삭한 식감을 그대로 즐길 수 있습니다. 달콤한 간식을 좋아하는 분들에게 좋은 대안이 되어주어 많은 사랑을 받고 있습니다. 원래는 나가사키역 카모메 시장에 새 매장을 열면서 기념하여 탄생한 제품입니다.",단 과자가 싫은 사람에게 좋은 지역 식품 선물.,1,https://thumbnail.image.rakuten.co.jp/@0_mall/zagzag/cabinet/item1_01/4573345911875.jpg?_ex=1024x1024,https://hb.afl.rakuten.co.jp/hgc/g00q9bvn.16t5u8cf.g00q9bvn.16t5v540/?pc=https%3A%2F%2Fitem.rakuten.co.jp%2Fzagzag%2Fg4573345911875%2F&m=http%3A%2F%2Fm.rakuten.co.jp%2Fzagzag%2Fi%2F10095958%2F&rafcid=wsc_i_is_b93111dd-e085-46a2-a75f-28c1ee5d2de6
PRD_235,나가사키 하토시롤 플레인,長崎一番ハトシロール プレーン,나가사키 이치반(長崎一番),REG_008,PRC_01,660,"나가사키 하토시롤 플레인은 나가사키의 향토 음식 하토시를 롤 형태로 만든 냉동 상품입니다. 하토시는 새우 등 어육 반죽을 식빵으로 감싸 튀겨 먹는 나가사키식 요리로 알려져 있습니다. 이 상품은 하토시롤 플레인 냉동 타입이며, 해동 후 오븐토스터로 데워 먹는 방식이 안내됩니다. 나가사키의 중국풍 음식 문화를 간편하게 맛볼 수 있는 지역 식품입니다.","냉동 제품은 보냉 포장 확인, 현지에서 바로 먹는 것도 추천.",1,https://dzwpvqehwr7zl.cloudfront.net/omios/products/generated/_review/PRD_235/PRD_235_packshot_v1.png,https://ec-n-ichiban.com/item-detail/1204044
PRD_236,유카리 나고야 황금 캔,ゆかり名古屋黄金缶,반카쿠 소혼포(坂角総本舖),REG_009,PRC_01,918,"유카리 나고야 황금 캔은 반카쿠 소혼포의 새우 전병 유카리를 나고야 한정 패키지로 담은 상품이다. 새우살을 풍부하게 사용한 전병을 황금색 나고야 전용 캔에 담아, 맛과 패키지 모두 지역 기념품의 성격을 살린다. 나고야역에서 제공되는 선물용 과자로, 가볍게 나눠 먹기 좋은 새우 전병 상품이다.",납작하고 가벼워 직장·단체 선물용으로 좋습니다.,1,https://dzwpvqehwr7zl.cloudfront.net/omios/products/generated/_review/PRD_236/PRD_236_packshot_v1.png,https://www.jr-plus.co.jp/gift/000508/?utm_source
PRD_237,사쿠사쿠 닛키 새우,さくさく日記［海老］10袋入,반카쿠 소혼포(坂角総本舖),REG_009,PRC_02,1080,"사쿠사쿠 닛키 새우는 반카쿠 소혼포의 새우 전병을 한입 크기 포장으로 담은 과자다. 새우와 밀가루, 전분, 식물성 기름 등을 사용해 만들며, 공장 직송 상품으로도 안내되는 새우 전병 라인이다. 바삭하고 가벼운 식감과 새우의 고소한 풍미가 중심이라 차나 맥주 안주처럼 부담 없이 먹기 좋다.",개별 포장이라 회사나 친구들에게 나눠주기 좋습니다.,1,https://thumbnail.image.rakuten.co.jp/@0_mall/maruhiro-dep/cabinet/2022/bsn10_1.jpg?_ex=1024x1024,https://hb.afl.rakuten.co.jp/hgc/g00rjfdn.16t5ubf6.g00rjfdn.16t5ve31/?pc=https%3A%2F%2Fitem.rakuten.co.jp%2Fmaruhiro-dep%2Fbsn10%2F&m=http%3A%2F%2Fm.rakuten.co.jp%2Fmaruhiro-dep%2Fi%2F10068026%2F&rafcid=wsc_i_is_b93111dd-e085-46a2-a75f-28c1ee5d2de6
PRD_238,사쿠사쿠 닛키 가리비,さくさく日記［帆立］10袋入,반카쿠 소혼포(坂角総本舖),REG_009,PRC_02,1080,사쿠사쿠 닛키 가리비는 반카쿠 소혼포의 사쿠사쿠 닛키 시리즈 중 홋카이도산 가리비 기둥의 단맛과 감칠맛을 살린 전병이다. 상품 특징으로 새우 맛과 함께 가볍게 씹히는 식감이 특징인 작은 튀김 전병으로 소개된다. 개별 봉지 구성이라 선물세트나 여러 사람이 나눠 먹는 간식으로 사용하기 좋다.,새우 알레르기가 걱정될 때 대안으로 보기 좋습니다.,1,https://thumbnail.image.rakuten.co.jp/@0_mall/maruhiro-dep/cabinet/2021-1/bst20_1.jpg?_ex=1024x1024,https://hb.afl.rakuten.co.jp/hgc/53033622.7bbb75b6.53033623.c98a76f0/?pc=https%3A%2F%2Fitem.rakuten.co.jp%2Fmaruhiro-dep%2Fbsh10%2F%3Fiasid%3D07rpp_10095___3m-mouybfbq-4w-da930afb-7e11-4d8d-a6b0-424c58f4f4e7&m=https%3A%2F%2Fitem.rakuten.co.jp%2Fmaruhiro-dep%2Fbsh10%2F%3Fiasid%3D07rpp_10095___3m-mouybfbq-4w-da930afb-7e11-4d8d-a6b0-424c58f4f4e7
PRD_239,히메 유카리,姫ゆかり24枚入,반카쿠 소혼포(坂角総本舖),REG_009,PRC_02,1080,히메 유카리는 반카쿠 소혼포의 대표 새우 전병 유카리를 한입 크기로 만든 상품입니다. 새우의 진한 감칠맛과 바삭한 식감은 유지하면서 작고 화사한 개별 포장으로 나누기 쉽게 구성했습니다. 나고야 기념품으로 부담 없이 건네기 좋은 새우 전병 세트입니다.,큰 센베이가 부담스러운 사람에게 주기 좋습니다.,1,https://thumbnail.image.rakuten.co.jp/@0_mall/maruhiro-web/cabinet/2023/bhmy07_1.jpg?_ex=1024x1024,https://hb.afl.rakuten.co.jp/hgc/53033622.7bbb75b6.53033623.c98a76f0/?pc=https%3A%2F%2Fitem.rakuten.co.jp%2Fbankaku50%2F00010022%2F&m=https%3A%2F%2Fitem.rakuten.co.jp%2Fbankaku50%2F00010022%2F
PRD_240,아오야기 우이로 한입 세트,青柳ういろう ひとくち10個入,아오야기 총본가(青柳総本家),REG_009,PRC_02,1080,"아오야기 우이로 한입 세트는 나고야 명과 아오야기 우이로를 작은 크기로 담은 10개입 상품입니다. 아오야기 우이로는 130년 넘게 이어진 전통 제법으로 만들며, 쌀가루의 쫄깃하고 부드러운 식감과 고급스러운 단맛을 특징으로 합니다. 한입 구성에는 흰색, 검은색, 말차, 고운 팥앙금 계열의 아가리, 사쿠라 등 다섯 가지 맛이 들어갑니다. 여러 맛을 나누기 쉬운 나고야 화과자 선물세트입니다.",전통 디저트를 처음 먹는 사람에게 가장 무난합니다.,1,https://thumbnail.image.rakuten.co.jp/@0_mall/amiami/cabinet/images/2023/521/goods-04437883.jpg?_ex=1024x1024,https://hb.afl.rakuten.co.jp/hgc/53033622.7bbb75b6.53033623.c98a76f0/?pc=https%3A%2F%2Fitem.rakuten.co.jp%2Famiami%2Fgoods-04437883%2F&m=https%3A%2F%2Fitem.rakuten.co.jp%2Famiami%2Fgoods-04437883%2F
PRD_241,카에루 만주,カエルまんじゅう6個入,아오야기 총본가(青柳総本家),REG_009,PRC_01,945,"카에루 만주는 아오야기 총본가의 버드나무에 뛰어오르는 개구리 표식을 모티프로 만든 만주다. 개구리 얼굴 모양 안에는 고운 팥앙금이 들어 있으며, 눈과 입은 장인이 하나씩 손으로 구워 넣는다. 여섯 개입 상품은 개별 포장되어 있어 나고야 기념 과자로 나누기 쉽다.",어린이나 캐릭터 선물을 좋아하는 친구에게 반응이 좋습니다.,1,https://dzwpvqehwr7zl.cloudfront.net/omios/products/generated/_review/PRD_241/PRD_241_packshot_v1.png,https://shop.aoyagiuirou.co.jp/collections/kaeru-manju/products/kaeru-manju-6
PRD_242,아오야기 오구라 샌드,青柳小倉サンド5個入,아오야기 총본가(青柳総本家),REG_009,PRC_02,1188,"아오야기 오구라 샌드는 나고야 찻집에서 익숙한 오구라 토스트의 맛을 구운 과자로 풀어낸 상품이다. 장인이 하나씩 손으로 만들며, 고급 오구라 앙금과 크림이 균형 있게 어우러지는 것이 특징이다. 다섯 개입 구성으로, 나고야식 단맛을 간단히 전할 수 있는 샌드 과자다.",커피와 잘 맞아 직장 간식 선물로 좋습니다.,1,https://dzwpvqehwr7zl.cloudfront.net/omios/products/generated/_review/PRD_242/PRD_242_packshot_v1.png,https://shop.aoyagiuirou.co.jp/collections/aoyagi-ogura-sand/products/ogura-sand-5
PRD_243,오스 우이로바,大須ウイロバー,오스 우이로(大須ういろ),REG_009,PRC_01,864,"오스 우이로바는 한입 크기 우이로에 막대를 꽂아 아이스 바처럼 즐길 수 있게 만든 상품이다. 손을 더럽히지 않고 먹기 쉽고, 귀여운 외형 때문에 나고야역 기념품으로 소개된다. 전통 우이로를 더 가볍고 재미있는 형태로 바꾼 제품이라, 이동 중 간식이나 캐주얼한 선물로 적합하다.",사진용·SNS용 기념품으로 고르기 좋습니다.,1,https://dzwpvqehwr7zl.cloudfront.net/omios/products/generated/_review/PRD_243/PRD_243_packshot_v1.png,https://www.jr-plus.co.jp/gift/000515/?utm_source=
PRD_244,오스 한입 우이로,一口ういろ10個入,오스 우이로(大須ういろ),REG_009,PRC_02,1188,"오스 한입 우이로는 나고야의 전통 화과자인 우이로를 10개입 소포장으로 담은 상품입니다. 나고야의 정석적인 기념품으로 소개되는 상품이며, 한입 크기라 나누어 먹기 편한 구성이 특징입니다. 우이로 특유의 쫄깃하고 부드러운 식감을 작은 크기로 즐길 수 있습니다. 오스 우이로 브랜드의 지역성과 선물용 구성을 함께 담은 나고야 과자입니다.",여러 명에게 나눠줄 때 10개입이 가장 무난합니다.,1,https://thumbnail.image.rakuten.co.jp/@0_mall/omiyagepark/cabinet/items/shop/oosu/hitokuchi_10.jpg?_ex=1024x1024,https://hb.afl.rakuten.co.jp/hgc/g00raj2n.16t5u4e5.g00raj2n.16t5vc74/?pc=https%3A%2F%2Fitem.rakuten.co.jp%2Fomiyagepark%2Foosu_hitokuchiuiro_new10%2F&m=http%3A%2F%2Fm.rakuten.co.jp%2Fomiyagepark%2Fi%2F10000579%2F&rafcid=wsc_i_is_b93111dd-e085-46a2-a75f-28c1ee5d2de6
PRD_245,오스 키시멘 4식,大須きしめん4食入,오스 우이로(大須ういろ),REG_009,PRC_02,1728,"오스 키시멘 4식은 나고야식 넓은 면 요리인 키시멘을 집에서 조리할 수 있는 4인분 세트입니다. 국물이 함께 들어 있는 구성이라 별도의 복잡한 준비 없이 나고야식 면 요리를 만들 수 있습니다. 키시멘은 납작하고 폭이 넓은 면의 식감이 특징입니다. 과자가 아닌 식사형 지역 기념품으로, 가족 단위로 나누어 먹기 좋은 구성입니다.",파·가쓰오부시를 곁들이면 현지 느낌이 납니다.,1,https://thumbnail.image.rakuten.co.jp/@0_mall/omiyagepark/cabinet/items/shop/oosu/kishimen_p_002.jpg?_ex=1024x1024,https://hb.afl.rakuten.co.jp/hgc/g00raj2n.16t5u4e5.g00raj2n.16t5vc74/?pc=https%3A%2F%2Fitem.rakuten.co.jp%2Fomiyagepark%2Foosu-kishimen-k4%2F&m=http%3A%2F%2Fm.rakuten.co.jp%2Fomiyagepark%2Fi%2F10001092%2F&rafcid=wsc_i_is_b93111dd-e085-46a2-a75f-28c1ee5d2de6
PRD_246,오스 미소니코미 우동 4식,大須みそ煮込みうどん4食入,오스 우이로(大須ういろ),REG_009,PRC_02,1728,오스 미소니코미 우동 4식은 나고야식 된장 조림 우동을 가정에서 조리할 수 있는 4인분 세트입니다. 국물이 함께 들어 있어 진한 된장 국물에 우동을 끓여 먹는 나고야식 맛을 간편하게 재현할 수 있습니다. 미소니코미 우동은 나고야를 대표하는 면 요리 중 하나입니다. 지역 음식의 맛을 집에서도 즐길 수 있는 식사형 기념품입니다.,달걀과 닭고기를 넣어 끓이면 더 현지식에 가깝습니다.,1,https://thumbnail.image.rakuten.co.jp/@0_mall/omiyagepark/cabinet/items/shop/oosu/miso_p_002.jpg?_ex=1024x1024,https://hb.afl.rakuten.co.jp/hgc/g00raj2n.16t5u4e5.g00raj2n.16t5vc74/?pc=https%3A%2F%2Fitem.rakuten.co.jp%2Fomiyagepark%2Foosu-misoudon-m4%2F&m=http%3A%2F%2Fm.rakuten.co.jp%2Fomiyagepark%2Fi%2F10001089%2F&rafcid=wsc_i_is_b93111dd-e085-46a2-a75f-28c1ee5d2de6
PRD_247,한입 생우이로,ひとくち生ういろ,모치분 총본점(餅文総本店),REG_009,PRC_01,594,"한입 생우이로는 모치분 총본점의 쫀득한 생우이로를 한입 크기로 개별 포장한 상품이다. 흰색, 벚꽃, 말차, 고운 팥앙금, 콩가루의 다섯 가지 맛이 각 한 개씩 들어 있다. 냉장 보관이 아니라 직사광선과 고온다습을 피해 상온 보관하도록 안내되는 나고야역 구성 상품이다.",식감이 중요하므로 너무 오래 보관하지 않는 편이 좋습니다.,1,https://dzwpvqehwr7zl.cloudfront.net/omios/products/generated/_review/PRD_247/PRD_247_packshot_v1.png,https://www.jr-plus.co.jp/gift/000752/?utm_source=
PRD_248,기요메모치,きよめ餅,기요메모치 총본가(きよめ餅総本家),REG_009,PRC_01,900,"기요메모치는 기요메모치 총본가의 대표 명과로, 정성껏 끓인 자체 코시앙을 부드럽고 탄력 있는 하부타에모치로 감싼 떡 과자입니다. 아쓰타 신궁 참배 기념품으로 오래 사랑받아 온 지역 명물입니다. 순백의 떡 위에 찍힌 '기요메' 표식은 이 과자의 전통성을 보여주는 상징입니다.",유통기한을 확인하고 귀국 직전에 사는 것이 좋습니다.,1,https://thumbnail.image.rakuten.co.jp/@0_mall/omiyagepark/cabinet/items/shop/kiyomemochi/normal_05.jpg?_ex=1024x1024,https://hb.afl.rakuten.co.jp/hgc/g00raj2n.16t5u4e5.g00raj2n.16t5vc74/?pc=https%3A%2F%2Fitem.rakuten.co.jp%2Fomiyagepark%2Fkiyomemochi_kiyomemochi_5%2F&m=http%3A%2F%2Fm.rakuten.co.jp%2Fomiyagepark%2Fi%2F10000396%2F&rafcid=wsc_i_is_b93111dd-e085-46a2-a75f-28c1ee5d2de6
PRD_249,밤 기요메모치,栗入りきよめ餅,기요메모치 총본가(きよめ餅総本家),REG_009,PRC_02,1100,밤 기요메모치는 기요메모치의 기본 구조에 밤 감로니를 더한 변형 상품입니다. 정성껏 끓인 자체 코시앙과 달콤하게 조린 밤을 부드러운 하부타에모치로 감싸 만든 명과입니다. 흰 떡 위에 새긴 '기요메' 표식이 기요메모치 총본가의 전통적인 인상을 그대로 살립니다.,어른 선물용이라면 일반 기요메모치보다 이쪽이 더 좋습니다.,1,https://thumbnail.image.rakuten.co.jp/@0_mall/omiyagepark/cabinet/items/shop/kiyomemochi/kuri_05.jpg?_ex=1024x1024,https://hb.afl.rakuten.co.jp/hgc/g00raj2n.16t5u4e5.g00raj2n.16t5vc74/?pc=https%3A%2F%2Fitem.rakuten.co.jp%2Fomiyagepark%2Fkiyomemochi_kiyomemochi_kuri_5%2F&m=http%3A%2F%2Fm.rakuten.co.jp%2Fomiyagepark%2Fi%2F10000397%2F&rafcid=wsc_i_is_b93111dd-e085-46a2-a75f-28c1ee5d2de6
PRD_250,기요메빵,きよめぱん,기요메모치 총본가(きよめ餅総本家),REG_009,PRC_01,650,"기요메빵은 기요메모치 총본가가 만든 빵 같은 만주형 화과자입니다. 모치가루를 사용한 쫄깃한 반죽 안에 매끄러운 팥앙금을 넣어, 떡의 식감과 만주의 구조를 함께 살렸습니다. 전통 화과자점의 팥소와 부드러운 빵 느낌을 가볍게 즐길 수 있는 지역 간식입니다.",장거리 이동보다는 나고야 체류 중 간식용으로도 좋습니다.,1,https://thumbnail.image.rakuten.co.jp/@0_mall/omiyagepark/cabinet/items/shop/kiyomemochi/imgrc0115719484.jpg?_ex=1024x1024,https://hb.afl.rakuten.co.jp/hgc/g00raj2n.16t5u4e5.g00raj2n.16t5vc74/?pc=https%3A%2F%2Fitem.rakuten.co.jp%2Fomiyagepark%2Fkiyomemochi-kiyomepan%2F&m=http%3A%2F%2Fm.rakuten.co.jp%2Fomiyagepark%2Fi%2F10000979%2F&rafcid=wsc_i_is_b93111dd-e085-46a2-a75f-28c1ee5d2de6
PRD_251,후지당고,藤団子,기요메모치 총본가(きよめ餅総本家),REG_009,PRC_01,300,"후지당고는 기요메모치 총본가의 색감이 돋보이는 단고 상품입니다. 상품 구성에는 보라색, 흰색, 분홍색, 노란색, 초록색의 다섯 빛깔이 제시되어 있습니다. 화사한 색 조합으로 작은 화과자 선물이나 지역 간식으로 어울리는 구성입니다.",현지에서 바로 먹거나 가까운 지인용 소량 선물로 적합합니다.,1,https://thumbnail.image.rakuten.co.jp/@0_mall/omiyagepark/cabinet/items/shop/kiyomemochi/imgrc0132218596.jpg?_ex=1024x1024,https://hb.afl.rakuten.co.jp/hgc/g00raj2n.16t5u4e5.g00raj2n.16t5vc74/?pc=https%3A%2F%2Fitem.rakuten.co.jp%2Fomiyagepark%2Fkiyome_toudango%2F&m=http%3A%2F%2Fm.rakuten.co.jp%2Fomiyagepark%2Fi%2F10001163%2F&rafcid=wsc_i_is_b93111dd-e085-46a2-a75f-28c1ee5d2de6
PRD_252,센나리,千なり8入,료구치야 고레키요(両口屋是清),REG_009,PRC_02,1976,"센나리는 료구치야 고레키요의 도라야키풍 과자로, 폭신한 카스텔라풍 구운 껍질이 특징이다. 표면에는 도요토미 히데요시와 관련된 표주박 무늬가 낙인처럼 들어간다. 단팥, 진한 말차, 사과 앙금 계열의 맛이 함께 구성되어 한 상자에서 여러 풍미를 비교할 수 있다.",격식과 대중성을 동시에 챙기고 싶을 때 좋습니다.,1,https://thumbnail.image.rakuten.co.jp/@0_mall/cocorich/cabinet/05581433/09800904/imgrc0118450377.jpg?_ex=1024x1024,https://hb.afl.rakuten.co.jp/hgc/53033622.7bbb75b6.53033623.c98a76f0/?pc=https%3A%2F%2Fitem.rakuten.co.jp%2Fcocorich%2Fryoguchiya-sennari5%2F&m=https%3A%2F%2Fitem.rakuten.co.jp%2Fcocorich%2Fryoguchiya-sennari5%2F
PRD_253,요모야마,よも山6入,료구치야 고레키요(両口屋是清),REG_009,PRC_02,1026,"요모야마는 료구치야 고레키요의 화과자로, 부드러운 풍미의 껍질과 달콤한 앙금이 어우러진다. 표면에는 사계절의 산 풍경을 표현한 낙인이 찍히며, 계절에 따라 낙인 디자인이 달라진다. 여섯 개입 구성으로, 계절감을 담은 정통 화과자 선물에 적합하다.",가벼운 격식 선물이나 부모님 간식용으로 좋습니다.,1,https://thumbnail.image.rakuten.co.jp/@0_mall/maruhiro-dep/cabinet/76100009_1.jpg?_ex=1024x1024,https://hb.afl.rakuten.co.jp/hgc/g00rjfdn.16t5ubf6.g00rjfdn.16t5ve31/?pc=https%3A%2F%2Fitem.rakuten.co.jp%2Fmaruhiro-dep%2F76100009%2F&m=http%3A%2F%2Fm.rakuten.co.jp%2Fmaruhiro-dep%2Fi%2F10054479%2F&rafcid=wsc_i_is_b93111dd-e085-46a2-a75f-28c1ee5d2de6
PRD_254,타비마쿠라,旅まくら10入,료구치야 고레키요(両口屋是清),REG_009,PRC_01,907,"타비마쿠라는 홋카이도산 팥을 사용해 정성껏 만든 료구치야 고레키요의 구운 과자다. 고소한 참깨가 맛의 포인트가 되며, 작고 먹기 쉬운 모양으로 만들어진다. 열 개입 구성으로, 요모야마와 시나노지와 함께 명과 세트 라인에서도 소개되는 제품이다.",개별 간식 느낌이라 직장 동료에게 돌리기 좋습니다.,1,https://thumbnail.image.rakuten.co.jp/@0_mall/maruhiro-dep/cabinet/76100010_1.jpg?_ex=1024x1024,https://hb.afl.rakuten.co.jp/hgc/g00rjfdn.16t5ubf6.g00rjfdn.16t5ve31/?pc=https%3A%2F%2Fitem.rakuten.co.jp%2Fmaruhiro-dep%2F76100010%2F&m=http%3A%2F%2Fm.rakuten.co.jp%2Fmaruhiro-dep%2Fi%2F10054480%2F&rafcid=wsc_i_is_b93111dd-e085-46a2-a75f-28c1ee5d2de6
PRD_255,시나노지,志なの路10入,료구치야 고레키요(両口屋是清),REG_009,PRC_01,907,"시나노지는 료구치야 고레키요의 구운 과자로, 향이 고소한 달걀 껍질에 설탕옷을 입힌 것이 특징이다. 어딘가 익숙한 단맛을 떠올리게 하는 풍미로 소개되며, 한입에 먹기 쉬운 모양으로 만들어졌다. 열 개입 구성으로, 요모야마와 타비마쿠라와 함께 명과 세트 라인에 포함되는 상품이다.",단맛이 과하지 않은 일본식 과자를 찾을 때 좋습니다.,1,https://thumbnail.image.rakuten.co.jp/@0_mall/maruhiro-web/cabinet/76100011_1.jpg?_ex=1024x1024,https://hb.afl.rakuten.co.jp/hgc/g00t2dhn.16t5u338.g00t2dhn.16t5v9c9/?pc=https%3A%2F%2Fitem.rakuten.co.jp%2Fmaruhiro-web%2F76100011%2F&m=http%3A%2F%2Fm.rakuten.co.jp%2Fmaruhiro-web%2Fi%2F10024382%2F&rafcid=wsc_i_is_b93111dd-e085-46a2-a75f-28c1ee5d2de6
PRD_256,후타리시즈카,二人静 平箱1入・20粒,료구치야 고레키요(両口屋是清),REG_009,PRC_02,1350,"우아한 차꽃 '후타리시즈카'를 본떠 만든 붉은색과 흰색 한 쌍의 과자입니다. 이 제품은 도쿠시마현산 와산본 설탕을 사용하여 만들어졌습니다. 차를 마시는 자리나 축하용 선물, 또는 답례품으로 활용하기 좋습니다. 불교 관련 행사 등 추모 목적으로도 사용할 수 있도록 포장되어 있습니다.",가볍고 품격 있어 상사 선물에 잘 맞습니다.,1,https://thumbnail.image.rakuten.co.jp/@0_mall/cocorich/cabinet/05581433/09800904/7000037437.jpg?_ex=1024x1024,https://hb.afl.rakuten.co.jp/hgc/g00s70sn.16t5ue37.g00s70sn.16t5v79c/?pc=https%3A%2F%2Fitem.rakuten.co.jp%2Fcocorich%2Fryoguchiya-hira2%2F&m=http%3A%2F%2Fm.rakuten.co.jp%2Fcocorich%2Fi%2F10000575%2F&rafcid=wsc_i_is_b93111dd-e085-46a2-a75f-28c1ee5d2de6
PRD_257,오치코치,をちこち 半棹,료구치야 고레키요(両口屋是清),REG_009,PRC_01,972,"오치코치는 료구치야 고레키요의 장수 화과자로, 이름은 고문에서 멀고 가까운 곳을 뜻하는 말에서 왔습니다. 겹쳐 보이는 산 능선의 정취를 과자 형태로 표현해 차분하고 서정적인 인상이 강합니다. 먹을수록 그리움이 남는 맛이라는 브랜드 설명처럼, 전통 화과자의 여운을 강조한 상품입니다.",잘라서 차와 함께 내기 좋아 어른 선물에 적합합니다.,1,https://thumbnail.image.rakuten.co.jp/@0_mall/cocorich/cabinet/05581433/09800904/imgrc0123747184.jpg?_ex=1024x1024,https://hb.afl.rakuten.co.jp/hgc/g00s70sn.16t5ue37.g00s70sn.16t5v79c/?pc=https%3A%2F%2Fitem.rakuten.co.jp%2Fcocorich%2Fryoguchiya-mizore%2F&m=http%3A%2F%2Fm.rakuten.co.jp%2Fcocorich%2Fi%2F10000615%2F&rafcid=wsc_i_is_b93111dd-e085-46a2-a75f-28c1ee5d2de6
PRD_258,사사라가타,ささらがた5入,료구치야 고레키요(両口屋是清),REG_009,PRC_02,1998,"사사라가타는 료구치야 고레키요의 전통 양갱과 계절 화과자를 한입 크기 막대 모양으로 풀어낸 상품이다. 상품 특징으로 여러 맛을 작은 크기로 즐길 수 있는 귀여운 과자로 소개되며, 선물용으로도 쓰기 좋다. 다섯 개입 구성은 차와 함께 조금씩 맛보기 좋고, 계절 한정 맛이 더해지는 경우도 있다.",사진이 잘 나와 연인이나 가족 선물로도 좋습니다.,1,https://thumbnail.image.rakuten.co.jp/@0_mall/cocorich/cabinet/05581433/09800904/imgrc0122470361.jpg?_ex=1024x1024,https://hb.afl.rakuten.co.jp/hgc/53033622.7bbb75b6.53033623.c98a76f0/?pc=https%3A%2F%2Fitem.rakuten.co.jp%2Fcocorich%2Fryoguchiya-sasara3-v%2F&m=https%3A%2F%2Fitem.rakuten.co.jp%2Fcocorich%2Fryoguchiya-sasara3-v%2F
PRD_259,나고얀,なごやん10個入,시키시마 제빵(敷島製パン),REG_009,PRC_01,967,"나고얀은 파스코가 전개하는 나고야 명과로, 국산 밀가루 카스텔라 반죽에 부드러운 황미앙을 감싸 구운 과자입니다. 촉촉하고 부드러운 식감과 은은한 단맛이 특징입니다. 나고야 지역 기념품으로 알려진 부담 없는 구움 화과자입니다.",남녀노소 무난하지만 꿀 함유 여부는 어린 영유아에게 주의합니다.,1,https://dzwpvqehwr7zl.cloudfront.net/omios/products/generated/_review/PRD_259/PRD_259_packshot_v1.png,https://www.pascoshop.com/Form/Product/ProductDetail.aspx?shop=0&pid=0950&vid=&cat=102201&swrd=
PRD_260,생 나고얀,生なごやん8個入,시키시마 제빵(敷島製パン),REG_009,PRC_02,1064,"생 나고얀은 파스코 창립 100주년을 계기로 개발된 나고얀 계열 상품입니다. 국산 밀가루 카스텔라 반죽에 달걀 풍미의 크림과 노른자 앙금을 넣어, 일반 나고얀보다 촉촉하고 부드러운 인상을 강화했습니다. 전통 명과의 형태를 유지하면서도 크림을 더해 현대적인 디저트 감각을 낸 상품입니다.",부드러운 식감을 좋아하는 부모님·가족 선물에 좋습니다.,1,https://thumbnail.image.rakuten.co.jp/@0_mall/ladydrug/cabinet/pic2189/4901820427243_2.jpg?_ex=1024x1024,https://hb.afl.rakuten.co.jp/hgc/g00qob6n.16t5ua3c.g00qob6n.16t5v610/?pc=https%3A%2F%2Fitem.rakuten.co.jp%2Fladydrug%2F4901820427243%2F&m=http%3A%2F%2Fm.rakuten.co.jp%2Fladydrug%2Fi%2F10258056%2F&rafcid=wsc_i_is_b93111dd-e085-46a2-a75f-28c1ee5d2de6
PRD_261,나고냥,なごにゃん8個入,시키시마 제빵(敷島製パン),REG_009,PRC_02,1064,나고냥은 나고얀의 고양이 발바닥 모티프를 살린 파스코의 캐릭터형 구움 과자입니다. 국산 밀가루 카스텔라 반죽 안에 나고얀의 황미앙과 화이트 초콜릿 크림을 함께 넣었습니다. 귀여운 외형과 부드러운 단맛을 결합해 기존 나고얀보다 캐릭터성이 강한 상품입니다.,어린이나 캐릭터 취향 친구에게 주기 좋습니다.,1,https://dzwpvqehwr7zl.cloudfront.net/omios/products/generated/_review/PRD_261/PRD_261_packshot_v1.png,https://www.pascoshop.com/Form/Product/ProductDetail.aspx?shop=0&pid=0596&vid=&cat=102201&swrd=
PRD_262,헬로키티 나고얀,はろうきてぃなごやん5個入,시키시마 제빵(敷島製パン),REG_009,PRC_01,572,"헬로키티 나고얀은 나고야 명과 나고얀을 헬로키티 패키지로 구성한 캐릭터 상품입니다. 국산 밀가루 카스텔라 반죽에 부드러운 황미앙을 감싸 구운 촉촉한 화과자입니다. 은은한 단맛과 부드러운 식감은 기존 나고얀의 특징을 유지하면서, 캐릭터 디자인으로 선물용 인상을 더했습니다.",저렴하고 귀여워 소형 선물로 적합합니다.,1,https://dzwpvqehwr7zl.cloudfront.net/omios/products/generated/_review/PRD_262/PRD_262_packshot_v1.png,https://www.pascoshop.com/Form/Product/ProductDetail.aspx?shop=0&pid=0546&vid=&cat=102201&swrd=
PRD_263,나고야 프랑스 쁘띠,名古屋ふらんすプチ5個入,나고야 프랑스 corp(名古屋フランスcorp),REG_009,PRC_01,648,"나고야 프랑스 쁘띠는 나고야 프랑스의 떡과 다쿠아즈 조합을 작은 크기로 만든 과자다. 떡을 통째로 초콜릿으로 감싸는 제법을 사용하며, 바삭한 다쿠아즈와 부드러운 떡의 식감 대비가 핵심이다. 다섯 개입 상품은 캐러멜 초콜릿 맛으로 구성되어 나고야식 퓨전 과자의 성격을 보여준다.",한입 크기라 친구나 직장 동료에게 나눠주기 쉽습니다.,1,https://thumbnail.image.rakuten.co.jp/@0_mall/nagoyafrance/cabinet/08578515/10776552/imgrc0211671735.jpg?_ex=1024x1024,https://hb.afl.rakuten.co.jp/hgc/g00u39dn.16t5u321.g00u39dn.16t5v83a/?pc=https%3A%2F%2Fitem.rakuten.co.jp%2Fnagoyafrance%2Fnfp99807418%2F&m=http%3A%2F%2Fm.rakuten.co.jp%2Fnagoyafrance%2Fi%2F10000129%2F&rafcid=wsc_i_is_b93111dd-e085-46a2-a75f-28c1ee5d2de6
PRD_264,나고야 프랑스 오구라 토스트맛,名古屋ふらんす 小倉トースト味4個入,나고야 프랑스 corp(名古屋フランスcorp),REG_009,PRC_01,583,"나고야 프랑스 오구라 토스트맛은 나고야 카페 문화의 대표 메뉴인 오구라 토스트를 과자로 풀어낸 상품입니다. 오구라 크림, 마가린 향, 단맛을 돋보이게 하는 소금이 함께 어우러지는 구성이 특징입니다. 다쿠아즈 계열의 나고야 프랑스에 지역적인 맛 스토리를 더한 퓨전 과자입니다.",커피를 좋아하는 사람에게 같이 추천하기 좋습니다.,1,https://dzwpvqehwr7zl.cloudfront.net/omios/products/generated/_review/PRD_264/PRD_264_packshot_v1.png,https://nagoyafrance.jp/SHOP/nf19002504.html
PRD_265,나고야 프랑스 요모기모치,名古屋ふらんす よもぎ餅6個入,나고야 프랑스 corp(名古屋フランスcorp),REG_009,PRC_01,907,"나고야 프랑스 요모기모치는 봄 계절감을 살린 나고야 프랑스 상품입니다. 요모기 맛 다쿠아즈에 요모기떡, 키나코 초콜릿, 오구라앙을 조합한 네 겹 구성이 특징입니다. 쑥의 향, 콩가루 풍미, 팥의 단맛을 한 과자 안에 겹쳐 담은 퓨전 화과자입니다.",계절·재고가 바뀔 수 있어 매장에서 확인하는 편이 좋습니다.,1,https://thumbnail.image.rakuten.co.jp/@0_mall/nagoyafrance/cabinet/item/09447977/11098281/26.jpg?_ex=1024x1024,https://hb.afl.rakuten.co.jp/hgc/g00u39dn.16t5u321.g00u39dn.16t5v83a/?pc=https%3A%2F%2Fitem.rakuten.co.jp%2Fnagoyafrance%2F99803236%2F&m=http%3A%2F%2Fm.rakuten.co.jp%2Fnagoyafrance%2Fi%2F10000215%2F&rafcid=wsc_i_is_b93111dd-e085-46a2-a75f-28c1ee5d2de6
PRD_266,아몬드의 나무 플뢰르,アーモンドの樹 フルール9本入,나고야 프랑스 corp(名古屋フランスcorp),REG_009,PRC_02,1782,"아몬드의 나무 플뢰르는 나고야 프랑스의 피낭시에 구움과자입니다. 아몬드 풍미를 중심으로 한 달콤한 과자로, 9개입 구성의 세트 상품입니다. 간결한 구성과 구움과자 특유의 고소한 맛을 살린 선물형 디저트입니다.",포장이 단정해 상사나 부모님 선물로도 무난합니다.,1,https://thumbnail.image.rakuten.co.jp/@0_mall/bishodo/cabinet/11160798/compass1752632809.jpg?_ex=1024x1024,https://hb.afl.rakuten.co.jp/hgc/g00tecyn.16t5u562.g00tecyn.16t5ve88/?pc=https%3A%2F%2Fitem.rakuten.co.jp%2Fbishodo%2Fcompass3986%2F&m=http%3A%2F%2Fm.rakuten.co.jp%2Fbishodo%2Fi%2F10003603%2F&rafcid=wsc_i_is_b93111dd-e085-46a2-a75f-28c1ee5d2de6
PRD_267,나고야 다이나곤,名古屋ダイナゴン10個入,다이나곤(ダイナゴン),REG_009,PRC_02,1080,"나고야 다이나곤은 팥과 카스텔라의 조화를 앞세운 다이나곤의 대표 지역 과자다. 다이나곤은 쇼와 초기부터 화과자를 만들어 온 회사로, 이 상품은 출시 이후 오십 년 넘게 나고야 명물로 친숙하게 알려져 왔다. 부드러운 카스텔라 반죽 속에 팥의 풍미가 살아 있어, 차나 커피와 함께 먹기 좋은 단맛의 기념 과자다.",전통적인 로컬 과자를 원하는 어른 선물로 좋습니다.,1,https://dzwpvqehwr7zl.cloudfront.net/omios/products/generated/_review/PRD_267/PRD_267_packshot_v1.png,https://aichinow.pref.aichi.jp/souvenirs/detail/14/?utm_source=
PRD_268,샤치나곤,シャチナゴン18個入,다이나곤(ダイナゴン),REG_009,PRC_02,1080,"샤치나곤은 다이나곤이 전개하는 나고야 기념 과자 라인 중 하나다. 오렌지 필을 더하고 아몬드 가루를 사용해 구운 과자로, 상큼한 향과 고소한 맛을 함께 살린다. 열여덟 개입 구성으로 소개되는 상품이라 여러 사람이 나눠 먹는 선물용 과자로 쓰기 좋다.",개수가 많아 단체 선물에 알맞습니다.,1,https://dzwpvqehwr7zl.cloudfront.net/omios/products/generated/_review/PRD_268/PRD_268_packshot_v1.png,https://aichinow.pref.aichi.jp/souvenirs/detail/14/?utm_source=
PRD_269,밤 다이나곤,栗大納言5個入,다이나곤(ダイナゴン),REG_009,PRC_01,648,"밤 다이나곤은 다이나곤의 팥 카스텔라 과자에 밤을 더한 변주 상품이다. 팥의 풍미가 살아 있는 카스텔라 안에 밤을 넣어, 기본 다이나곤보다 더 묵직한 단맛과 고소함을 낸다. 다섯 개입 구성으로 소개되며, 팥과 밤을 함께 좋아하는 사람에게 맞는 나고야 화과자다.",적은 수량으로 가볍게 사기 좋습니다.,1,https://thumbnail.image.rakuten.co.jp/@0_mall/kashi/cabinet/meika/akinomeika/kuridainagon/dainagon5-500.jpg?_ex=1024x1024,https://hb.afl.rakuten.co.jp/hgc/g00r0q9n.16t5uf60.g00r0q9n.16t5vfb5/?pc=https%3A%2F%2Fitem.rakuten.co.jp%2Fkashi%2Fkurodainagon_5%2F&m=http%3A%2F%2Fm.rakuten.co.jp%2Fkashi%2Fi%2F10000235%2F&rafcid=wsc_i_is_b93111dd-e085-46a2-a75f-28c1ee5d2de6
PRD_270,나고야 폭신 사브레,名古屋ふんわりサブレ15個入,다이나곤(ダイナゴン),REG_009,PRC_02,1080,나고야 폭신 사브레는 부드럽고 폭신한 식감의 생사브레 계열 과자다. 아이치현산 딸기 퓌레와 니시오 말차를 사용한 맛이 함께 소개되어 지역 재료의 색을 살린다. 열다섯 개입 구성이라 나고야 기념품으로 나눠 먹기 좋은 가벼운 구운 과자다.,여러 명에게 돌릴 과자형 기념품으로 적합합니다.,1,https://dzwpvqehwr7zl.cloudfront.net/omios/products/generated/_review/PRD_270/PRD_270_packshot_v1.png,https://aichinow.pref.aichi.jp/souvenirs/detail/14/?utm_source=
PRD_271,오구라 토스트 랑드샤,小倉トーストラングドシャ,도카이 고토부키(東海寿),REG_009,PRC_02,1240,오구라 토스트 랑드샤는 나고야 명물 오구라 토스트를 쿠키 형태로 표현한 상품입니다. 팥을 반죽해 만든 초콜릿을 마가린 향이 나는 얇은 랑드샤 쿠키 사이에 끼웠습니다. 바삭한 쿠키와 달콤한 팥 초콜릿의 조합으로 오구라 토스트의 이미지를 가볍게 즐길 수 있습니다.,나고야다움이 강하고 포장도 안정적이라 초보 여행자에게 추천됩니다.,1,https://thumbnail.image.rakuten.co.jp/@0_mall/toukaikotobuki-ogura/cabinet/item/languedechat/test01_0313_01_thum.jpg?_ex=1024x1024,https://hb.afl.rakuten.co.jp/hgc/g00u2xyn.16t5u9f3.g00u2xyn.16t5v8e7/?pc=https%3A%2F%2Fitem.rakuten.co.jp%2Ftoukaikotobuki-ogura%2Ftest01%2F&m=http%3A%2F%2Fm.rakuten.co.jp%2Ftoukaikotobuki-ogura%2Fi%2F10000000%2F&rafcid=wsc_i_is_b93111dd-e085-46a2-a75f-28c1ee5d2de6
PRD_272,금샤치 쇼콜라,金しゃちショコラ,콜롬방(コロンバン),REG_009,PRC_02,1404,"금샤치 쇼콜라는 콜롬방이 만든 나고야 기념품 계열 랑드샤 쿠키입니다. 얇게 구운 코코아 랑드샤 반죽 사이에 오리지널 스위트 초콜릿 크림을 넣었습니다. 나고야성의 금샤치호코 이미지를 담아, 바삭한 식감과 은은한 쌉싸름함을 함께 살린 상품입니다.",나고야 상징성이 강해 관광 기념품으로 설명하기 쉽습니다.,1,https://thumbnail.image.rakuten.co.jp/@0_mall/j-shop/cabinet/syokuhin/cb00027-01.jpg?_ex=1024x1024,https://hb.afl.rakuten.co.jp/hgc/g00psopn.16t5u716.g00psopn.16t5v45d/?pc=https%3A%2F%2Fitem.rakuten.co.jp%2Fj-shop%2Fcb00027%2F&m=http%3A%2F%2Fm.rakuten.co.jp%2Fj-shop%2Fi%2F10008558%2F&rafcid=wsc_i_is_b93111dd-e085-46a2-a75f-28c1ee5d2de6
PRD_273,피요린 랑드샤,ぴよりんラングドシャ,피요린 마켓(ぴよりんMARKET),REG_009,PRC_02,1100,피요린 랑드샤는 나고야역 인기 캐릭터 피요린의 일러스트를 프린트한 랑드샤 쿠키입니다. 가볍고 바삭하게 부서지는 랑드샤 식감에 캐릭터 디자인을 더한 상품입니다. 식품 기념품이면서 피요린 굿즈의 귀여운 분위기를 함께 담고 있습니다.,생피요린보다 들고 오기 쉬워 한국 관광객에게 더 안전합니다.,1,https://dzwpvqehwr7zl.cloudfront.net/omios/products/generated/_review/PRD_273/PRD_273_packshot_v1.png,https://market.jr-central.co.jp/shop/g/gp-00426
PRD_274,피요린 폭신 인형,ぴよりんふわもこぬいぐるみ,피요린 마켓(ぴよりんMARKET),REG_009,PRC_02,1980,피요린 폭신 인형은 피요린 캐릭터를 부드럽고 포근한 인형으로 만든 비식품 굿즈입니다. 폭신한 재질과 둥근 형태가 캐릭터의 귀여운 인상을 강조합니다. 나고야역 피요린 팬을 위한 소장용 캐릭터 상품 성격이 강합니다.,과자보다 오래 남는 캐릭터 선물을 원할 때 좋습니다.,1,https://thumbnail.image.rakuten.co.jp/@0_mall/freelife-1173/cabinet/syohingazoupic/systempic197/f0bm8ny73z1.jpg?_ex=1024x1024,https://hb.afl.rakuten.co.jp/hgc/g00uu3cn.16t5ubb0.g00uu3cn.16t5v765/?pc=https%3A%2F%2Fitem.rakuten.co.jp%2Ffreelife-1173%2Ff0bm8ny73z%2F&m=http%3A%2F%2Fm.rakuten.co.jp%2Ffreelife-1173%2Fi%2F10025245%2F&rafcid=wsc_i_is_b93111dd-e085-46a2-a75f-28c1ee5d2de6
PRD_275,피요린 폭신 마스코트,ぴよりんふわもこマスコット,피요린 마켓(ぴよりんMARKET),REG_009,PRC_01,748,피요린 폭신 마스코트는 피요린을 작은 마스코트 형태로 만든 캐릭터 굿즈입니다. 부드럽고 포근한 털 느낌의 소재가 피요린의 귀여운 이미지를 살립니다. 인형보다 작아 가방이나 소품에 달기 쉬운 기념품 성격의 상품입니다.,가격이 낮고 가벼워 친구 선물로 좋습니다.,1,https://thumbnail.image.rakuten.co.jp/@0_mall/laughlaugh/cabinet/pe-2/pe3473368.jpg?_ex=1024x1024,https://hb.afl.rakuten.co.jp/hgc/53033622.7bbb75b6.53033623.c98a76f0/?pc=https%3A%2F%2Fitem.rakuten.co.jp%2Flaughlaugh%2Fpe3473368%2F&m=https%3A%2F%2Fitem.rakuten.co.jp%2Flaughlaugh%2Fpe3473368%2F
PRD_276,피요린 주머니,ぴよりん巾着,피요린 마켓(ぴよりんMARKET),REG_009,PRC_01,880,피요린 주머니는 피요린 디자인을 담은 조리개형 소품입니다. 상품 정보에는 소다향 사탕이 들어 있는 귀여운 주머니로 소개됩니다. 캐릭터 패키지와 작은 수납 용도를 함께 갖춘 피요린 기념품입니다.,과자와 함께 넣어 선물 포장처럼 활용하기 좋습니다.,1,https://dzwpvqehwr7zl.cloudfront.net/omios/products/generated/_review/PRD_276/PRD_276_packshot_v1.png,https://market.jr-central.co.jp/shop/g/gp-00433
PRD_277,피요린 아크릴 키홀더,ひより＆ぴよりんアクリルキーホルダー,피요린 마켓(ぴよりんMARKET),REG_009,PRC_01,680,피요린 아크릴 키홀더는 히요리와 피요린 캐릭터를 담은 아크릴 소재 키홀더입니다. 투명한 아크릴 판에 캐릭터 이미지를 살린 휴대용 굿즈입니다. 가방이나 열쇠에 달아 피요린 캐릭터를 일상적으로 소지할 수 있는 소형 기념품입니다.,부피가 작아 캐리어 공간이 부족할 때 좋습니다.,1,https://dzwpvqehwr7zl.cloudfront.net/omios/products/generated/_review/PRD_277/PRD_277_packshot_v1.png,https://market.jr-central.co.jp/shop/g/gp-514/
PRD_278,나고야 골든 리프 파이,名古屋ゴールデンリーフパイ4枚入り,메이테츠 상점(名鉄商店),REG_009,PRC_02,1400,"나고야 골든 리프 파이는 금빛 샤치호코 이미지에서 착안한 메이테츠 상점의 오리지널 파이다. 두툼하고 바삭한 파이에 초콜릿과 금박을 더해, 나고야의 금빛 상징을 과자로 표현했다. 네 개입 구성으로, 나고야에서 가볍게 건네기 좋은 손선물용 파이로 소개된다.",포장이 예뻐 연인이나 가벼운 격식 선물로 좋습니다.,1,https://dzwpvqehwr7zl.cloudfront.net/omios/products/generated/_review/PRD_278/PRD_278_packshot_v1.png,https://store.meitetsu-shouten.jp/products/%E5%90%8D%E5%8F%A4%E5%B1%8B%E3%82%B4%E3%83%BC%E3%83%AB%E3%83%87%E3%83%B3%E3%83%AA%E3%83%BC%E3%83%95%E3%83%91%E3%82%A4-4%E6%9E%9A%E5%85%A5%E3%82%8A
PRD_279,코구마군 꿀 피낭시에,こぐまくんのはちみつフィナンシェ4個入り,메이테츠 상점(名鉄商店),REG_009,PRC_02,1300,"코구마군 꿀 피낭시에는 명철 운수의 마스코트 코구마군과 꿀 풍미를 결합한 피낭시에다. 일반 레시피보다 많은 양의 꿀을 사용해 부드러운 단맛과 풍부한 향을 살린다. 모양도 보통 피낭시에보다 폭신하게 만들어져, 한입 베어 물면 촉촉하고 쫀득한 식감이 느껴지는 것이 특징이다.",아이가 있는 가족에게 주기 좋습니다.,1,https://dzwpvqehwr7zl.cloudfront.net/omios/products/generated/_review/PRD_279/PRD_279_packshot_v1.png,https://store.meitetsu-shouten.jp/products/%E3%81%93%E3%81%90%E3%81%BE%E3%81%8F%E3%82%93%E3%81%AE%E3%81%AF%E3%81%A1%E3%81%BF%E3%81%A4%E3%83%95%E3%82%A3%E3%83%8A%E3%83%B3%E3%82%B7%E3%82%A7-4%E5%80%8B%E5%85%A5%E3%82%8A
PRD_280,나고야 찻집 츠부,なごや喫茶 つぶ 小倉トースト味・珈琲味,메이테츠 상점(名鉄商店),REG_009,PRC_01,690,"나고야 찻집 츠부는 나고야의 오구라 토스트와 커피 문화를 작은 과자로 표현한 상품입니다. 바삭하고 고소한 츠부 안에 자체 제작 앙금을 채워 넣고, 커피 향과 팥의 단맛이 어우러지도록 구성했습니다. 오구라 토스트맛과 커피맛을 통해 나고야 킷사텐 분위기를 담은 기념품형 디저트입니다.",저렴하고 지역성이 있어 가벼운 선물에 좋습니다.,1,https://dzwpvqehwr7zl.cloudfront.net/omios/products/generated/_review/PRD_280/PRD_280_packshot_v1.png,https://store.meitetsu-shouten.jp/products/%E3%81%A4%E3%81%B6-%E5%AE%9A%E7%95%AA7%E7%A8%AEbox-%E3%82%B3%E3%83%94%E3%83%BC
PRD_281,나고야 다가시 캔,NAGOYA DAGASHI CAN,메이테츠 상점(名鉄商店),REG_009,PRC_02,1500,"나고야 다가시 캔은 나고야권의 다가시 문화를 한 상자에 담은 캔 세트다. 캔을 열면 이 지역에서 만들어진 여러 다가시가 들어 있어, 어린이부터 어른까지 추억을 나누는 간식 상자처럼 즐길 수 있다. 캔 제조와 디자인에도 아이치와 기후 지역의 요소를 넣어, 지역성을 강조한 메이테츠 상점 한정 기념품이다.",레트로·귀여운 선물을 좋아하는 사람에게 잘 맞습니다.,1,https://dzwpvqehwr7zl.cloudfront.net/omios/products/generated/_review/PRD_281/PRD_281_packshot_v1.png,https://store.meitetsu-shouten.jp/products/nagoya-dagashi-can
PRD_282,나나짱모치 레인보우 세트,ナナチャンモチ レインボーセット,메이테츠 상점(名鉄商店),REG_009,PRC_01,650,"나나짱모치 레인보우 세트는 나고야의 나나짱 인형에서 착안한 7색 모치 사탕 세트입니다. 작은 우메, 딸기우유, 파인애플, 오렌지주스, 샤인머스캣, 사이더, 포도 맛이 들어 있어 색과 맛이 모두 다채롭습니다. 메이테츠 상점의 나고야 기념품 라인답게 지역 캐릭터성과 가벼운 간식성을 함께 담은 상품입니다.",지역 유머가 있는 소형 기념품으로 좋습니다.,1,https://dzwpvqehwr7zl.cloudfront.net/omios/products/generated/_review/PRD_282/PRD_282_packshot_v1.png,https://store.meitetsu-shouten.jp/products/%E3%83%8A%E3%83%8A%E3%83%81%E3%83%A3%E3%83%B3%E3%83%A2%E3%83%81-%E3%83%AC%E3%82%A4%E3%83%B3%E3%83%9C%E3%83%BC%E3%82%BB%E3%83%83%E3%83%88
PRD_283,야마모토야 본점 반생 미소니코미 우동,山本屋本店半生煮込みうどん2食入,야마모토야 본점(山本屋本店),REG_009,PRC_02,1134,"야마모토야 본점 반생 미소니코미 우동은 나고야 명물 미소니코미 우동을 집에서 조리할 수 있게 만든 반생면 세트입니다. 야마모토야 본점은 된장 조림 우동 한 길을 지켜 온 노포로, 독특하게 탄력 있는 면과 현지 적된장, 백된장, 조미미소를 쓰는 깊은 국물이 특징입니다. 가쓰오 계열 국물 재료와 미소 양념이 함께 구성되어, 본점의 진한 된장 풍미를 가정에서도 재현하기 좋습니다.","달걀과 닭고기, 파를 넣으면 현지 식당 느낌이 납니다.",1,https://dzwpvqehwr7zl.cloudfront.net/omios/products/generated/_review/PRD_283/PRD_283_packshot_v1.png,https://www.jr-plus.co.jp/gift/000754/?utm_source=
PRD_284,미센 본점 대만라멘,味仙本店 台湾ラーメン2食入,코미(コーミ),REG_009,PRC_02,1188,"미센 본점 대만라멘은 원조 대만라멘으로 알려진 미센 이마이케 본점 감수의 나고야메시 세트입니다. 생면 같은 식감의 건면과 돼지고기 다짐육이 들어간 수프, 건조 부추가 2인분 구성으로 들어 있습니다. 나고야 지역의 매운 라멘 문화를 가정용 세트로 옮긴 상품입니다.",매운맛을 좋아하는 친구나 자신용으로 추천됩니다.,1,https://thumbnail.image.rakuten.co.jp/@0_mall/miyage-chaya/cabinet/shohin/02741497/sasikae/misentaiwanrahmen.jpg?_ex=1024x1024,https://hb.afl.rakuten.co.jp/hgc/g00pvg8n.16t5ua04.g00pvg8n.16t5vd0c/?pc=https%3A%2F%2Fitem.rakuten.co.jp%2Fmiyage-chaya%2Fmisentaiwanrahmen%2F&m=http%3A%2F%2Fm.rakuten.co.jp%2Fmiyage-chaya%2Fi%2F10002018%2F&rafcid=wsc_i_is_b93111dd-e085-46a2-a75f-28c1ee5d2de6
PRD_285,산와 테바니,さんわの手羽煮,산와 코퍼레이션(さんわコーポレーション),REG_009,PRC_02,1177,"산와 테바니는 산와 코퍼레이션의 닭날개 조림 상품으로, 쇼와 32년 나고야역 지하상가에서 시작한 와카도리노 산와의 인기 메뉴 계열입니다. 국산 닭날개에 달콤짭조름한 간장 양념을 배게 해 진한 감칠맛을 냅니다. 가쓰오와 다시마 추출물, 마늘, 생강을 더한 양념으로 부드러운 식감과 깊은 맛을 살린 조림 식품입니다.",육류 제품이므로 한국 반입 가능 여부를 반드시 확인하세요.,1,https://thumbnail.image.rakuten.co.jp/@0_mall/sanwa-junkei/cabinet/product/10015-01_n.jpg?_ex=1024x1024,https://hb.afl.rakuten.co.jp/hgc/53033622.7bbb75b6.53033623.c98a76f0/?pc=https%3A%2F%2Fitem.rakuten.co.jp%2Fsanwa-junkei%2F001-400s%2F%3Fiasid%3D07rpp_10095___2v-moxaf016-2j-c27fcf07-c2fd-4965-80bd-c62c4fdca656&m=https%3A%2F%2Fitem.rakuten.co.jp%2Fsanwa-junkei%2F001-400s%2F%3Fiasid%3D07rpp_10095___2v-moxaf016-2j-c27fcf07-c2fd-4965-80bd-c62c4fdca656
PRD_286,사사당고 고시아앙 10개,笹だんご（こし餡）10個入り,다나카야 본점(田中屋本店),REG_010,PRC_05,4100,"사사당고는 다나카야 본점이 니가타의 고향 맛으로 소개하는 전통 떡 과자입니다. 향이 산뜻한 조릿대 잎으로 요모기 향이 나는 떡을 감싸는 것이 특징입니다. 고시아앙 10개입 구성은 부드러운 팥소와 쫄깃한 떡, 잎 향이 어우러지는 니가타식 화과자입니다.",냉동·냉장 보관 필요 여부를 확인하고 귀국 직전에 구매.,1,https://thumbnail.image.rakuten.co.jp/@0_mall/niigata-shop/cabinet/item/0305/0305-001-06.jpg?_ex=1024x1024,https://hb.afl.rakuten.co.jp/hgc/g00rk5an.16t5u9ba.g00rk5an.16t5v811/?pc=https%3A%2F%2Fitem.rakuten.co.jp%2Fniigata-shop%2F0305-001-06%2F&m=http%3A%2F%2Fm.rakuten.co.jp%2Fniigata-shop%2Fi%2F10003972%2F&rafcid=wsc_i_is_b93111dd-e085-46a2-a75f-28c1ee5d2de6
PRD_287,사사모찌 크림,笹餅クリーム入り,니가타현 관광물산(新潟県観光物産),REG_010,PRC_02,1404,사사모찌 크림은 사사 가루를 넣은 규히 반죽으로 통팥앙금과 크림을 감싼 니가타 과자입니다. 쫀득한 떡 식감 속에 팥의 단맛과 크림의 부드러움이 함께 들어갑니다. 관광토산품 심사에서 과자 부문 상을 받은 이력이 있어 니가타 선물 과자로서의 성격도 뚜렷합니다.,부드러운 식감이라 단맛 선물용으로 적합.,1,https://thumbnail.image.rakuten.co.jp/@0_mall/gift-concierge/cabinet/niigatakannkoubusan/sasakuri01.jpg?_ex=1024x1024,https://hb.afl.rakuten.co.jp/hgc/g00t7axn.16t5u6f1.g00t7axn.16t5vb64/?pc=https%3A%2F%2Fitem.rakuten.co.jp%2Fgift-concierge%2Fniigata-sasakuri%2F&m=http%3A%2F%2Fm.rakuten.co.jp%2Fgift-concierge%2Fi%2F10030321%2F&rafcid=wsc_i_is_b93111dd-e085-46a2-a75f-28c1ee5d2de6
PRD_288,니가타 유베시,新潟ゆべし,니가타현 관광물산(新潟県観光物産),REG_010,PRC_02,1404,"니가타 유베시는 호두 유베시와 참깨 유베시를 함께 담은 전통 찹쌀 과자 세트다. 호두 유베시는 달콤짭짤한 쫀득한 떡 안에 호두 식감이 더해져 씹는 맛이 있다. 참깨 유베시는 떡 속의 고소한 참깨 풍미와 산뜻한 식감이 특징이라, 두 가지 맛을 번갈아 즐길 수 있다.",차와 함께 먹기 좋아 어른 선물로 무난.,1,https://thumbnail.image.rakuten.co.jp/@0_mall/echigocchi/cabinet/shohin/11132782/0004.jpg?_ex=1024x1024,https://hb.afl.rakuten.co.jp/hgc/g00uj1an.16t5ue8a.g00uj1an.16t5v793/?pc=https%3A%2F%2Fitem.rakuten.co.jp%2Fechigocchi%2F4000010%2F&m=http%3A%2F%2Fm.rakuten.co.jp%2Fechigocchi%2Fi%2F10000006%2F&rafcid=wsc_i_is_b93111dd-e085-46a2-a75f-28c1ee5d2de6
PRD_289,우마시오 에다마메 아라레,うま塩えだ豆あられ,이와쓰카 제과(岩塚製菓),REG_010,PRC_01,756,우마시오 에다마메 아라레는 이와쓰카 제과의 에다마메 풍미 쌀과자입니다. 국내산 찹쌀을 바탕으로 에다마메 페이스트와 에다마메 풍미 시즈닝을 사용해 콩의 단맛과 감칠맛을 살렸습니다. 땅콩의 고소함과 바삭한 아라레 식감이 함께 어우러지는 니가타식 스낵입니다.,가볍고 나눠 먹기 좋아 직장용으로 좋음.,1,https://thumbnail.image.rakuten.co.jp/@0_mall/macaron-store/cabinet/img14/a-jw-346-1_g1.jpg?_ex=1024x1024,https://hb.afl.rakuten.co.jp/hgc/g00rxxjn.16t5u976.g00rxxjn.16t5vbb4/?pc=https%3A%2F%2Fitem.rakuten.co.jp%2Fmacaron-store%2Fa-jw-346%2F&m=http%3A%2F%2Fm.rakuten.co.jp%2Fmacaron-store%2Fi%2F10027686%2F&rafcid=wsc_i_is_b93111dd-e085-46a2-a75f-28c1ee5d2de6
PRD_290,카키노타네 특용봉지,柿の種 徳用袋,나니와야 제과(浪花屋製菓),REG_010,PRC_01,648,"카키노타네 특용봉지는 니가타의 롱셀러로 알려진 원조 나니와야 카키노타네를 소포장으로 담은 상품입니다. 국내산 찹쌀과 쌀을 사용하고 간장, 고춧가루 계열 양념으로 매콤하고 짭조름한 풍미를 냅니다. 15그램씩 15봉으로 나뉜 대용량 구성이라 카키노타네만의 바삭한 식감을 여러 번 나누어 먹기 좋은 형태입니다.",매운맛이 있어 아이 선물보다는 어른 간식용.,1,https://thumbnail.image.rakuten.co.jp/@0_mall/royal-net-tsuhan/cabinet/06822010/imgrc0151658580.jpg?_ex=1024x1024,https://hb.afl.rakuten.co.jp/hgc/g00s2l2n.16t5uf73.g00s2l2n.16t5vef9/?pc=https%3A%2F%2Fitem.rakuten.co.jp%2Froyal-net-tsuhan%2F102905-2%2F&m=http%3A%2F%2Fm.rakuten.co.jp%2Froyal-net-tsuhan%2Fi%2F10003748%2F&rafcid=wsc_i_is_b93111dd-e085-46a2-a75f-28c1ee5d2de6
PRD_291,원조 카키노타네 12봉 캔,元祖柿の種12袋缶入り,나니와야 제과(浪花屋製菓),REG_010,PRC_02,1620,"원조 카키노타네 12봉 캔은 나니와야 제과의 카키노타네를 캔에 담은 기념품형 상품입니다. 국내산 찹쌀과 쌀을 바탕으로 간장, 소금, 고춧가루 계열 양념을 더해 매콤짭조름한 맛을 냅니다. 개별 12봉 구성이라 원조 카키노타네의 바삭한 식감을 나누어 보관하기 좋습니다.",포장이 단단해 캐리어에 넣기 좋음.,1,https://thumbnail.image.rakuten.co.jp/@0_mall/okashi-saori/cabinet/shohin01/11757138/imgrc0103389506.jpg?_ex=1024x1024,https://hb.afl.rakuten.co.jp/hgc/g00sy9on.16t5u149.g00sy9on.16t5v4bb/?pc=https%3A%2F%2Fitem.rakuten.co.jp%2Fokashi-saori%2F60195%2F&m=http%3A%2F%2Fm.rakuten.co.jp%2Fokashi-saori%2Fi%2F10000383%2F&rafcid=wsc_i_is_b93111dd-e085-46a2-a75f-28c1ee5d2de6
PRD_292,피넛 카키노타네 개별포장,柿の種 ピーナッツ個包装,나니와야 제과(浪花屋製菓),REG_010,PRC_01,648,피넛 카키노타네 개별포장은 나니와야의 카키노타네에 땅콩을 더한 스낵 상품입니다. 국내산 찹쌀과 쌀로 만든 바삭한 카키노타네에 피넛의 고소한 맛을 조합했습니다. 개별포장 구성이라 매콤짭조름한 쌀과자와 땅콩을 간편하게 나누어 먹기 좋은 형태입니다.,여러 명에게 나눠 주기 좋음.,1,https://thumbnail.image.rakuten.co.jp/@0_mall/macaron-store/cabinet/img9/a-in-547-1-name.jpg?_ex=1024x1024,https://hb.afl.rakuten.co.jp/hgc/g00rxxjn.16t5u976.g00rxxjn.16t5vbb4/?pc=https%3A%2F%2Fitem.rakuten.co.jp%2Fmacaron-store%2Fa-in-547-1%2F&m=http%3A%2F%2Fm.rakuten.co.jp%2Fmacaron-store%2Fi%2F10019490%2F&rafcid=wsc_i_is_b93111dd-e085-46a2-a75f-28c1ee5d2de6
PRD_293,카메다 카키노타네 남방새우맛,亀田の柿の種 南蛮えび味,카메다 제과(亀田製菓),REG_010,PRC_01,691,카메다 카키노타네 남방새우맛은 카메다 제과의 니가타 한정 카키노타네입니다. 바삭한 카키노타네 식감에 남방새우 파우더와 해산물 추출물의 풍미를 더했습니다. 양념의 소금기가 남방새우의 단맛을 살리는 방식으로 설계된 지역 한정 스낵입니다.,해산물 향이 있어 취향 확인 후 선물.,1,https://thumbnail.image.rakuten.co.jp/@0_mall/yume-echigo/cabinet/imgs5/07620.jpg?_ex=1024x1024,https://hb.afl.rakuten.co.jp/hgc/g00ri1pn.16t5u37d.g00ri1pn.16t5v1f6/?pc=https%3A%2F%2Fitem.rakuten.co.jp%2Fyume-echigo%2F07620%2F&m=http%3A%2F%2Fm.rakuten.co.jp%2Fyume-echigo%2Fi%2F10000982%2F&rafcid=wsc_i_is_b93111dd-e085-46a2-a75f-28c1ee5d2de6
PRD_294,카메다 카키노타네 에다마메맛,亀田の柿の種 えだ豆味,카메다 제과(亀田製菓),REG_010,PRC_03,2160,"카메다 카키노타네 에다마메맛은 카메다 제과의 니가타 한정 슬림백 상품입니다. 니가타현산 에다마메 파우더와 그린피스 파우더, 키나코를 사용해 콩의 고소한 풍미를 살렸습니다. 카키노타네의 바삭한 식감에 에다마메의 지역성을 더한 한정 스낵입니다.",10개 묶음이라 단체 선물용으로 좋음.,1,https://thumbnail.image.rakuten.co.jp/@0_mall/yume-echigo/cabinet/imgs5/07621.jpg?_ex=1024x1024,https://hb.afl.rakuten.co.jp/hgc/g00ri1pn.16t5u37d.g00ri1pn.16t5v1f6/?pc=https%3A%2F%2Fitem.rakuten.co.jp%2Fyume-echigo%2F07621%2F&m=http%3A%2F%2Fm.rakuten.co.jp%2Fyume-echigo%2Fi%2F10000983%2F&rafcid=wsc_i_is_b93111dd-e085-46a2-a75f-28c1ee5d2de6
PRD_295,니가타 한정 선물용 카키노타네,新潟限定 お土産柿の種,니가타현 관광물산(新潟県観光物産),REG_010,PRC_02,1296,"니가타 한정 선물용 카키노타네는 카메다 카키노타네의 지역 한정 맛을 묶은 기념품형 상품입니다. 타레카츠동 풍미, 남방새우 풍미, 우메시소 맛처럼 니가타의 음식 이미지를 담은 맛 구성이 특징입니다. 기본 카키노타네의 바삭함에 지역 메뉴와 해산물, 매실 향을 더한 세트형 스낵입니다.",지역성 설명이 쉬워 웹사이트 추천 상품에 적합.,1,https://thumbnail.image.rakuten.co.jp/@0_mall/yume-echigo/cabinet/imgs4/106913.jpg?_ex=1024x1024,https://hb.afl.rakuten.co.jp/hgc/g00ri1pn.16t5u37d.g00ri1pn.16t5v1f6/?pc=https%3A%2F%2Fitem.rakuten.co.jp%2Fyume-echigo%2F107415%2F&m=http%3A%2F%2Fm.rakuten.co.jp%2Fyume-echigo%2Fi%2F10001076%2F&rafcid=wsc_i_is_b93111dd-e085-46a2-a75f-28c1ee5d2de6
PRD_296,사라다호프 4종 믹스,サラダホープ4種ミックス,카메다 제과(亀田製菓),REG_010,PRC_02,1080,"사라다호프 네 가지 믹스는 가메다 제과의 한입 아라레를 네 가지 맛으로 담은 니가타 한정 성격의 쌀과자다. 찹쌀 백 퍼센트 반죽을 가늘고 길게 만들어 바삭하게 씹히는 식감을 낸다. 감칠맛 나는 소금, 풋콩, 새우 소금, 카레 맛이 각 두 봉지씩 들어 있어 총 여덟 봉지로 구성된다.",처음 사는 사람은 4종 믹스가 안전.,1,https://thumbnail.image.rakuten.co.jp/@0_mall/gift-concierge/cabinet/niigatakannkoubusan/sarada-4shu-00.jpg?_ex=1024x1024,https://hb.afl.rakuten.co.jp/hgc/g00t7axn.16t5u6f1.g00t7axn.16t5vb64/?pc=https%3A%2F%2Fitem.rakuten.co.jp%2Fgift-concierge%2Fniigata-saradahope4%2F&m=http%3A%2F%2Fm.rakuten.co.jp%2Fgift-concierge%2Fi%2F10030301%2F&rafcid=wsc_i_is_b93111dd-e085-46a2-a75f-28c1ee5d2de6
PRD_297,사라다호프 우마시오,50g サラダホープ うま塩,카메다 제과(亀田製菓),REG_010,PRC_01,270,"사라다호프 우마시오는 카메다 제과의 찹쌀 100% 한입 아라레입니다. 길쭉한 형태와 가벼운 소금 맛, 바삭한 식감이 특징입니다. 우마시오 맛은 사라다호프의 기본적인 고소함과 산뜻한 짠맛을 강조한 니가타 스낵입니다.",저가 소량 선물로 좋음.,1,https://thumbnail.image.rakuten.co.jp/@0_mall/yume-echigo/cabinet/imgs3/04419.jpg?_ex=1024x1024,https://hb.afl.rakuten.co.jp/hgc/g00ri1pn.16t5u37d.g00ri1pn.16t5v1f6/?pc=https%3A%2F%2Fitem.rakuten.co.jp%2Fyume-echigo%2F04419%2F&m=http%3A%2F%2Fm.rakuten.co.jp%2Fyume-echigo%2Fi%2F10000794%2F&rafcid=wsc_i_is_b93111dd-e085-46a2-a75f-28c1ee5d2de6
PRD_298,사라다호프 에다마메,50g サラダホープ えだ豆,카메다 제과(亀田製菓),REG_010,PRC_01,270,사라다호프 에다마메는 사라다호프의 바삭한 식감에 콩 풍미를 더한 50그램 스낵입니다. 찹쌀 베이스에 그린피스 파우더와 에다마메 분말을 사용해 고소한 맛을 냅니다. 니가타 쌀과자 계열의 가벼운 식감에 에다마메의 산뜻한 향을 입힌 상품입니다.,녹색 패키지라 지역 특산 이미지가 잘 보임.,1,https://thumbnail.image.rakuten.co.jp/@0_mall/gift-concierge/cabinet/niigatakannkoubusan/sarada-4shu-00.jpg?_ex=1024x1024,https://hb.afl.rakuten.co.jp/hgc/53033622.7bbb75b6.53033623.c98a76f0/?pc=https%3A%2F%2Fitem.rakuten.co.jp%2Fgift-concierge%2Fniigata-saradahope4%2F&m=https%3A%2F%2Fitem.rakuten.co.jp%2Fgift-concierge%2Fniigata-saradahope4%2F
PRD_299,사라다호프 새우소금,50g サラダホープ 海老しお,카메다 제과(亀田製菓),REG_010,PRC_01,270,사라다호프 새우소금은 카메다 제과의 50그램 아라레 스낵입니다. 사라다호프 특유의 바삭한 식감을 유지하면서 새우의 향과 소금의 짭조름함을 더했습니다. 봉지를 열었을 때 퍼지는 새우 풍미와 산뜻한 염미가 특징인 해산물 풍미 쌀과자입니다.,해산물 맛을 좋아하는 사람에게 추천.,1,https://thumbnail.image.rakuten.co.jp/@0_mall/yume-echigo/cabinet/imgs3/04430.jpg?_ex=1024x1024,https://hb.afl.rakuten.co.jp/hgc/g00ri1pn.16t5u37d.g00ri1pn.16t5v1f6/?pc=https%3A%2F%2Fitem.rakuten.co.jp%2Fyume-echigo%2F04430%2F&m=http%3A%2F%2Fm.rakuten.co.jp%2Fyume-echigo%2Fi%2F10000795%2F&rafcid=wsc_i_is_b93111dd-e085-46a2-a75f-28c1ee5d2de6
PRD_300,미니 유키노야도 사사당고맛,ミニ雪の宿 笹だんご風味,산코 제과(三幸製菓),REG_010,PRC_02,1080,"미니 유키노야도 사사당고맛은 산코 제과의 인기 쌀과자 유키노야도를 니가타식 사사당고 풍미로 만든 상품이다. 한 장씩 개별 포장된 스무 장 구성으로, 익숙한 달콤짭짤한 쌀과자에 쑥과 팥을 떠올리게 하는 지역 맛을 더했다. 니가타다운 과자를 고민해 만든 제품으로 소개되어 여행 기념 간식에 어울린다.",단짠 조합이라 어린이·친구 선물에 무난.,1,https://dzwpvqehwr7zl.cloudfront.net/omios/products/generated/_review/PRD_300/PRD_300_packshot_v1.png,https://niigata-miyage.com/?pid=185150013&utm_source=chatgpt.com
PRD_301,니가타칩스 4봉 세트,新潟チップス 4袋詰め合わせ,니가타도(新潟堂),REG_010,PRC_02,1339,니가타칩스 4봉 세트는 니가타도의 쌀칩을 두 가지 맛으로 담은 구성입니다. 진한 카망베르 치즈맛과 담백한 우스시오맛이 함께 들어 있습니다. 국내산 우루치쌀을 활용한 칩스에 치즈의 고소함과 소금맛의 깔끔함을 나누어 담은 세트형 스낵입니다.,감자칩보다 지역성이 강한 과자 선물.,1,https://dzwpvqehwr7zl.cloudfront.net/omios/products/generated/_review/PRD_301/PRD_301_packshot_v1.png,https://niigata-miyage.com/?pid=159463016&utm_source=chatgpt.com
PRD_302,니가타칩스 새우 모음,新潟チップス えびづくし詰め合わせ,니가타도(新潟堂),REG_010,PRC_02,1339,니가타칩스 새우 모음은 니가타칩스의 새우맛과 남방새우맛을 함께 담은 세트입니다. 일반 새우 풍미와 니가타 지역성을 띤 남방새우 풍미를 비교할 수 있는 구성이 특징입니다. 쌀칩의 바삭한 식감에 해산물 향을 더한 니가타도 스낵입니다.,해산물 과자 카테고리 추천에 적합.,1,https://dzwpvqehwr7zl.cloudfront.net/omios/products/generated/_review/PRD_302/PRD_302_packshot_v1.png,https://niigata-miyage.com/?pid=180984107&utm_source=chatgpt.com
PRD_303,니가타칩스 소금맛,新潟チップス うすしお味,니가타도(新潟堂),REG_010,PRC_01,496,"니가타칩스 소금맛은 갓 지은 밥의 맛과 향을 살리는 콘셉트의 쌀칩입니다. 국내산 우루치쌀과 식물성 기름, 소금으로 만든 담백한 구성이 특징입니다. 독자적인 제조 방식으로 쌀알 본연의 고소함을 살린 깔끔한 소금맛 스낵입니다.",자극적이지 않아 가족 간식용으로 좋음.,1,https://thumbnail.image.rakuten.co.jp/@0_mall/noguchis/cabinet/05047026/ngcp_sio1.jpg?_ex=1024x1024,https://hb.afl.rakuten.co.jp/hgc/g00px1cn.16t5ud34.g00px1cn.16t5vded/?pc=https%3A%2F%2Fitem.rakuten.co.jp%2Fnoguchis%2Fniigatachip-sio%2F&m=http%3A%2F%2Fm.rakuten.co.jp%2Fnoguchis%2Fi%2F10001390%2F&rafcid=wsc_i_is_b93111dd-e085-46a2-a75f-28c1ee5d2de6
PRD_304,에치고의 아와유키,越後のあわ雪,에치고 제과(越後製菓),REG_010,PRC_01,972,에치고의 아와유키는 에치고 제과의 초콜릿 코팅 쌀과자입니다. 국내산 찹쌀을 사용하고 설탕과 소금으로 맛의 균형을 잡았습니다. 홋카이도산 전지분유와 코코아버터가 들어간 초콜릿 코팅이 더해져 부드럽고 달콤한 인상을 주는 간식입니다.,어른·아이 모두에게 무난한 식감.,1,https://thumbnail.image.rakuten.co.jp/@0_mall/macaron-store/cabinet/img14/a-jw-342-1_g1.jpg?_ex=1024x1024,https://hb.afl.rakuten.co.jp/hgc/g00rxxjn.16t5u976.g00rxxjn.16t5vbb4/?pc=https%3A%2F%2Fitem.rakuten.co.jp%2Fmacaron-store%2Fa-jw-342%2F&m=http%3A%2F%2Fm.rakuten.co.jp%2Fmacaron-store%2Fi%2F10027683%2F&rafcid=wsc_i_is_b93111dd-e085-46a2-a75f-28c1ee5d2de6
PRD_305,니가타 한정 바카우케 타레카츠맛,とんかつ太郎監修 新潟限定ばかうけタレカツ味,베프코 / 돈카츠타로 감수(Befco / とんかつ太郎監修),REG_010,PRC_02,1080,니가타 한정 바카우케 타레카츠맛은 돈카츠타로가 감수한 베프코의 지역 한정 쌀과자입니다. 니가타식 타레카츠를 떠올리도록 달콤하고 매콤한 간장 소스에 적신 바삭한 카츠 이미지를 맛으로 표현했습니다. 바카우케 특유의 가벼운 식감에 니가타 로컬 메뉴의 감칠맛을 더한 상품입니다.,니가타 음식문화 설명용 상품으로 좋음.,1,https://dzwpvqehwr7zl.cloudfront.net/omios/products/generated/_review/PRD_305/PRD_305_packshot_v1.png,https://niigata-miyage.com/?pid=159372955&utm_source=chatgpt.com
PRD_306,해피턴 에다마메맛,ハッピーターンえだ豆味,카메다 제과(亀田製菓),REG_010,PRC_01,993,해피턴 에다마메맛은 카메다 제과의 해피턴에 에다마메 풍미를 더한 상품입니다. 갓 삶은 듯한 에다마메 향과 해피턴 특유의 달콤짭조름한 맛을 조합했습니다. 니가타 지역의 콩 이미지를 익숙한 쌀과자 맛에 접목한 한정 스낵입니다.,한국인에게도 익숙한 브랜드라 추천 난이도가 낮음.,1,https://thumbnail.image.rakuten.co.jp/@0_mall/yume-echigo/cabinet/imgs4/106953.jpg?_ex=1024x1024,https://hb.afl.rakuten.co.jp/hgc/g00ri1pn.16t5u37d.g00ri1pn.16t5v1f6/?pc=https%3A%2F%2Fitem.rakuten.co.jp%2Fyume-echigo%2F106953%2F&m=http%3A%2F%2Fm.rakuten.co.jp%2Fyume-echigo%2Fi%2F10001088%2F&rafcid=wsc_i_is_b93111dd-e085-46a2-a75f-28c1ee5d2de6
PRD_307,탄탄 라유와 카키노타네,坦々ラー油と柿の種,니가타현 관광물산(新潟県観光物産),REG_010,PRC_01,993,"탄탄 라유와 카키노타네는 니가타의 대표 쌀과자인 카키노타네를 먹는 라유와 결합한 상품이다. 기름 절임 형태이지만 카키노타네의 바삭한 식감을 살려 밥 위에 올리거나 술안주로 곁들이기 좋다. 라유, 참기름, 마늘, 산초, 고추 등이 들어가 매콤하고 고소한 풍미가 강한 반찬형 간식이다.",매운맛·기름진 맛 선호자에게 추천.,1,https://thumbnail.image.rakuten.co.jp/@0_mall/tsutsu-uraura/cabinet/productpic_0/okazaki-tantan160502.jpg?_ex=1024x1024,https://hb.afl.rakuten.co.jp/hgc/g00r7kkn.16t5u9de.g00r7kkn.16t5v244/?pc=https%3A%2F%2Fitem.rakuten.co.jp%2Ftsutsu-uraura%2Fokazaki-tantan160-2s%2F&m=http%3A%2F%2Fm.rakuten.co.jp%2Ftsutsu-uraura%2Fi%2F10011994%2F&rafcid=wsc_i_is_b93111dd-e085-46a2-a75f-28c1ee5d2de6
PRD_308,우오누마 센베이 참깨,魚沼せんべい ごま,니가타현 관광물산(新潟県観光物産),REG_010,PRC_01,669,"우오누마 센베이 참깨는 국산 우루치쌀로 만든 참깨 풍미 센베이입니다. 센베이 표면에 검은 참깨를 흩뿌려 고소한 향을 강조했습니다. 간장과 설탕, 발효 조미액을 더해 쌀의 바삭함과 참깨의 향긋함이 함께 느껴지는 상품입니다.",담백한 과자를 좋아하는 부모님 선물로 적합.,1,https://thumbnail.image.rakuten.co.jp/@0_mall/drink-market/cabinet/202501_07/a500-4-t-1.jpg?_ex=1024x1024,https://hb.afl.rakuten.co.jp/hgc/g00s7wdn.16t5uda4.g00s7wdn.16t5v45a/?pc=https%3A%2F%2Fitem.rakuten.co.jp%2Fdrink-market%2Fa500-4-t%2F&m=http%3A%2F%2Fm.rakuten.co.jp%2Fdrink-market%2Fi%2F10102875%2F&rafcid=wsc_i_is_b93111dd-e085-46a2-a75f-28c1ee5d2de6
PRD_309,우오누마 센베이 고추,魚沼せんべい 唐辛子,니가타현 관광물산(新潟県観光物産),REG_010,PRC_01,669,"우오누마 센베이 고추는 고춧가루를 사용한 매운맛 센베이입니다. 국내산 우루치쌀에 간장, 설탕, 일미고추, 파프리카, 시치미고추를 더해 강한 매운맛을 냅니다. 우오누마 센베이의 바삭한 식감에 고추 양념의 자극적인 풍미를 입힌 상품입니다.",매운맛을 못 먹는 사람에게는 피하기.,1,https://thumbnail.image.rakuten.co.jp/@0_mall/echigo-yamabun/cabinet/item-image/imgrc0149452744.jpg?_ex=1024x1024,https://hb.afl.rakuten.co.jp/hgc/53033622.7bbb75b6.53033623.c98a76f0/?pc=https%3A%2F%2Fitem.rakuten.co.jp%2Fechigo-yamabun%2F4941589202408%2F&m=https%3A%2F%2Fitem.rakuten.co.jp%2Fechigo-yamabun%2F4941589202408%2F
PRD_310,아라이소,荒磯,니가타현 관광물산(新潟県観光物産),REG_010,PRC_02,1296,"아라이소는 오징어와 해산물 풍미를 살린 니가타현 관광물산의 스낵 상품입니다. 전분을 바탕으로 오징어, 참깨, 일미고추, 간장 계열 조미를 더해 짭조름하고 매콤한 맛을 냅니다. 일부 구성에는 오징어먹물, 문어, 가리비 추출물도 사용되어 해산물의 감칠맛이 강조됩니다.",술안주형 간식으로 어른 선물에 적합.,1,https://thumbnail.image.rakuten.co.jp/@0_mall/hrc/cabinet/164/8766200_1.jpg?_ex=1024x1024,https://hb.afl.rakuten.co.jp/hgc/g00pwn7n.16t5u875.g00pwn7n.16t5vba3/?pc=https%3A%2F%2Fitem.rakuten.co.jp%2Fhrc%2F8766200%2F&m=http%3A%2F%2Fm.rakuten.co.jp%2Fhrc%2Fi%2F10041716%2F&rafcid=wsc_i_is_b93111dd-e085-46a2-a75f-28c1ee5d2de6
PRD_311,우스고오리 팥·말차,うす氷 小豆と抹茶 10個入,니가타현 관광물산(新潟県観光物産),REG_010,PRC_02,1000,"우스고오리 팥·말차는 겨울 풍경을 떠올리게 하는 창작 화과자입니다. 설탕, 팥, 한천으로 만든 우스고오리에 팥과 말차의 맛을 더한 10개입 구성입니다. 바스러지는 듯한 섬세한 식감과 입안에서 사르르 녹는 질감이 특징입니다.",고급스러운 소형 화과자로 상사 선물 가능.,1,https://dzwpvqehwr7zl.cloudfront.net/omios/products/generated/_review/PRD_311/PRD_311_packshot_v1.png,https://niigata-miyage.com/?pid=177396840&utm_source=chatgpt.com
PRD_312,우스고오리 금괴,うす氷 金山の延べ棒 5個入,니가타현 관광물산(新潟県観光物産),REG_010,PRC_01,490,"우스고오리 금괴는 사도 금광의 금괴를 본뜬 우스고오리 상품입니다. 설탕, 팥, 한천으로 만든 창작 화과자에 진한 캐러멜 풍미를 더했습니다. 겨울 풍경을 떠올리는 섬세한 식감과 사도 금광의 지역 스토리를 함께 담은 5개입 구성입니다.",세계유산·사도 여행 테마와 연결하기 좋음.,1,https://dzwpvqehwr7zl.cloudfront.net/omios/products/generated/_review/PRD_312/PRD_312_packshot_v1.png,https://niigata-miyage.com/?pid=187441713&utm_source=chatgpt.com
PRD_313,유카리 유자,銘菓 ゆか里 ゆず,메이지야 유카리점(明治屋ゆか里店),REG_010,PRC_01,486,유카리 유자는 금평당처럼 보이는 작은 유자 향 과자입니다. 국내산 찹쌀과 물엿으로 만든 아라레에 설탕과 유자 향을 더해 화사한 인상을 냅니다. 작고 장식적인 모양 덕분에 아이스크림이나 요거트 토핑으로도 쓰이는 명과입니다.,가격이 낮아 부담 없는 추가 선물로 좋음.,1,https://thumbnail.image.rakuten.co.jp/@0_mall/niigata-rice/cabinet/items/main/sweets/99992053.jpg?_ex=1024x1024,https://hb.afl.rakuten.co.jp/hgc/g00s53qn.16t5u4e0.g00s53qn.16t5v9e2/?pc=https%3A%2F%2Fitem.rakuten.co.jp%2Fniigata-rice%2F99992053%2F&m=http%3A%2F%2Fm.rakuten.co.jp%2Fniigata-rice%2Fi%2F10000238%2F&rafcid=wsc_i_is_b93111dd-e085-46a2-a75f-28c1ee5d2de6
PRD_314,니가타 딸기 초코다이후쿠,にいがたいちごチョコ大福,니가타현 관광물산(新潟県観光物産),REG_010,PRC_01,756,니가타 딸기 초코다이후쿠는 니가타현산 에치고히메 딸기를 사용한 딸기 초콜릿 다이후쿠입니다. 찹쌀떡 속에 초콜릿 크림을 넉넉하게 넣어 딸기 향과 카카오 풍미가 함께 느껴집니다. 지역 딸기 소재와 달콤한 초콜릿을 결합한 니가타 기념품형 디저트입니다.,달콤한 디저트 선호층에게 추천.,1,https://dzwpvqehwr7zl.cloudfront.net/omios/products/generated/_review/PRD_314/PRD_314_packshot_v1.png,https://niigata-miyage.com/?pid=191604883
PRD_315,츠키고코로 5개,月ごころ 5個入り,니가타현 관광물산(新潟県観光物産),REG_010,PRC_02,1296,"츠키고코로는 니가타현산 루 레크치에를 사용한 5개입 과자입니다. 환상의 서양배라고 불리는 루 레크치에를 흰 앙에 섞고, 배 풍미의 초콜릿과 조합했습니다. 백앙의 부드러운 단맛과 서양배 향을 함께 담은 니가타 기념품형 디저트입니다.",니가타 과일 특산 이미지를 설명하기 좋음.,1,https://dzwpvqehwr7zl.cloudfront.net/omios/products/generated/_review/PRD_315/PRD_315_packshot_v1.png,https://niigata-miyage.com/?pid=187876546&utm_source=chatgpt.com
PRD_316,니가타 고시히카리 치즈케이크,新潟こしひかり入チーズケーキ,니가타현 관광물산(新潟県観光物産),REG_010,PRC_02,1080,"니가타 고시히카리 치즈케이크는 니가타현산 고시히카리 쌀가루를 넣은 치즈케이크입니다. 쌀가루는 전체 중량의 3%가 사용되며, 반죽을 호일로 감싸 구워 촉촉한 식감을 내는 것이 특징입니다. 니가타 쌀 소재를 서양식 디저트에 접목한 지역 기념품형 과자입니다.",개별 포장형이면 직장 선물로 활용하기 좋음.,1,https://dzwpvqehwr7zl.cloudfront.net/omios/products/generated/_review/PRD_316/PRD_316_packshot_v1.png,https://niigata-miyage.com/?pid=166603854&utm_source=chatgpt.com
PRD_317,니가타 쌀가루 랑그드샤,新潟こめ粉入りラングドシャ,니가타현 관광물산(新潟県観光物産),REG_010,PRC_02,1080,"니가타 쌀가루 랑그드샤는 니가타 쌀가루를 넣은 랑그드샤 쿠키입니다. 준초콜릿과 마가린, 밀가루, 달걀흰자, 아몬드 가공품을 사용해 가벼운 쿠키와 달콤한 초콜릿 풍미를 냅니다. 쌀가루 소재를 활용해 니가타 지역성을 더한 구움과자입니다.",가볍고 호불호가 적어 단체 선물에 적합.,1,https://dzwpvqehwr7zl.cloudfront.net/omios/products/generated/_review/PRD_317/PRD_317_packshot_v1.png,https://niigata-miyage.com/?pid=180913349&utm_source=chatgpt.com
PRD_318,니가타 고시히카리 리프파이,新潟こしひかり入リーフパイ,니가타현 관광물산(新潟県観光物産),REG_010,PRC_01,810,"니가타 고시히카리 리프파이는 니가타산 고시히카리 쌀을 가루로 만들어 넣은 리프파이다. 백앙금과 쌀가루가 들어간 속재료를 파이 반죽과 함께 사용해, 쌀의 부드러운 단맛과 파이의 고소함을 함께 느낄 수 있다. 니가타 쌀의 이미지를 양과자 형태로 바꾼 기념품에 가깝다.",커피·차와 잘 맞아 사무실 간식용으로 좋음.,1,https://dzwpvqehwr7zl.cloudfront.net/omios/products/generated/_review/PRD_318/PRD_318_packshot_v1.png,https://niigata-miyage.com/?pid=168138291
PRD_319,니가타 고시히카리 파이,新潟こしひかりパイ 24枚入り,니가타현 관광물산(新潟県観光物産),REG_010,PRC_02,1134,"니가타 고시히카리 파이는 니가타현산 고시히카리 쌀가루를 파이 반죽에 넣어 구운 상품입니다. 바삭하고 가벼운 식감의 플레인 파이로, 24매 구성으로 제공됩니다. 밀가루 기반 파이에 니가타 쌀가루를 더해 지역 소재의 고소함을 살린 과자입니다.",24매 구성이라 나눠 주기 쉬움.,1,https://dzwpvqehwr7zl.cloudfront.net/omios/products/generated/_review/PRD_319/PRD_319_packshot_v1.png,https://niigata-miyage.com/?pid=178123871&utm_source=chatgpt.com
PRD_320,니가타 사사당고 팥 케이크,新潟笹だんごあずきのケーキ,니가타현 관광물산(新潟県観光物産),REG_010,PRC_02,1080,니가타 사사당고 팥 케이크는 니가타 명물 사사당고를 모티브로 만든 케이크입니다. 사사당고 특유의 이미지를 부드럽고 촉촉한 케이크 풍미로 풀어낸 상품입니다. 전통 떡 과자의 지역성을 구움 디저트 형태로 바꾼 니가타 기념품입니다.,전통과 현대 디저트의 중간 포지션으로 추천.,1,https://dzwpvqehwr7zl.cloudfront.net/omios/products/generated/_review/PRD_320/PRD_320_packshot_v1.png,https://niigata-miyage.com/?pid=168558781&utm_source=chatgpt.com
PRD_321,로안느 에치고히메 딸기,ロアンヌ 越後姫苺,부르봉(ブルボン),REG_010,PRC_01,972,로안느 에치고히메 딸기는 부르봉의 대표 과자 로안느를 니가타 기념품용으로 구성한 한정 상품입니다. 니가타현산 에치고히메 딸기 파우더를 사용해 딸기 향과 산뜻한 단맛을 더했습니다. 바삭한 고프레 과자에 지역 딸기 소재를 입힌 디저트입니다.,익숙한 브랜드라 한국인 관광객에게 설명이 쉬움.,1,https://dzwpvqehwr7zl.cloudfront.net/omios/products/generated/_review/PRD_321/PRD_321_packshot_v1.png,https://niigata-miyage.com/?pid=190775474
PRD_322,블루봉 유키무로 쇼콜라 2개 세트,ブルボン雪室ショコラ2個セット,부르봉(ブルボン),REG_010,PRC_01,993,"블루봉 유키무로 쇼콜라는 니가타 우오누마의 눈 저장고에서 숙성한 카카오콩을 사용한 초콜릿이다. 눈 저장고 숙성을 통해 카카오의 거친 쓴맛과 떫은맛을 덜어내고, 더 부드럽고 정돈된 맛을 끌어낸다고 소개된다. 밀크와 카카오 풍미가 다른 두 봉지 세트라, 같은 유키무로 숙성 카카오의 차이를 비교해 보기 좋다.",초콜릿 좋아하는 연인·친구 선물에 적합.,1,https://dzwpvqehwr7zl.cloudfront.net/omios/products/generated/_review/PRD_322/PRD_322_packshot_v1.png,https://niigata-miyage.com/?pid=172648052&utm_source=chatgpt.com
PRD_323,도키노코 노른자앙 6개,朱鷺の子 黄身餡6個,도키노코(朱鷺の子),REG_010,PRC_02,1350,"도키노코 노른자앙은 니가타를 대표하는 명과 도키노코의 기본 계열 상품입니다. 흰강낭콩 앙을 바탕으로 한 노른자앙을 모모야마풍 반죽으로 감싸 구운 뒤, 입안에서 녹는 화이트 초콜릿을 입혔습니다. 부드러운 앙과 구운 반죽, 초콜릿 코팅이 층을 이루는 6개입 화과자입니다.",상자 포장이 좋아 선물용으로 안정적.,1,https://dzwpvqehwr7zl.cloudfront.net/omios/products/generated/_review/PRD_323/PRD_323_packshot_v1.png,https://niigata-miyage.com/?pid=184373905&utm_source=chatgpt.com
PRD_324,도키노코 사도 금산 6개,朱鷺の子 佐渡島の金山 6個,도키노코(朱鷺の子),REG_010,PRC_02,1620,도키노코 사도 금산은 등록 명과 도키노코에 사도 금은산 테마를 더한 상품입니다. 노른자앙을 모모야마풍 반죽으로 감싸 구운 뒤 초콜릿을 코팅하고 식용 금가루로 장식했습니다. 니가타의 대표 명과에 사도 금산의 지역 스토리를 입힌 6개입 과자입니다.,사도·금산 테마 여행객에게 추천.,1,https://dzwpvqehwr7zl.cloudfront.net/omios/products/generated/_review/PRD_324/PRD_324_packshot_v1.png,https://niigata-miyage.com/?pid=186063924&utm_source=chatgpt.com
PRD_325,도키노코 밤 6개,朱鷺の子 栗 6個,도키노코(朱鷺の子),REG_010,PRC_02,1404,"도키노코 밤은 도키노코의 노른자앙 계열에 밤 풍미를 더한 6개입 상품입니다. 노른자앙을 모모야마풍 반죽으로 감싸 구운 뒤 화이트 초콜릿을 입히는 기본 구조를 유지합니다. 흰강낭콩 앙과 밤, 초콜릿 코팅이 어우러져 부드럽고 고소한 단맛을 냅니다.",가을 느낌의 고급 화과자 선물로 적합.,1,https://thumbnail.image.rakuten.co.jp/@0_mall/nipponselect/cabinet/item/t10/t10630001.jpg?_ex=1024x1024,https://hb.afl.rakuten.co.jp/hgc/g00ska5n.16t5u689.g00ska5n.16t5v27f/?pc=https%3A%2F%2Fitem.rakuten.co.jp%2Fnipponselect%2Ft10630001%2F&m=http%3A%2F%2Fm.rakuten.co.jp%2Fnipponselect%2Fi%2F10196556%2F&rafcid=wsc_i_is_b93111dd-e085-46a2-a75f-28c1ee5d2de6
PRD_326,도키노코 루 레크치에 6개,朱鷺の子 ルレクチェ 6個,도키노코(朱鷺の子),REG_010,PRC_02,1404,도키노코 루 레크치에는 도키노코의 작은 달걀 모양 과자 안에 루 레크치에 소스를 넣은 6개입 상품입니다. 노른자앙을 모모야마풍 반죽으로 감싸 구운 뒤 화이트 초콜릿을 입히는 구조입니다. 니가타 서양배 루 레크치에의 향을 도키노코의 부드러운 앙과 초콜릿 코팅에 더한 과자입니다.,과일향 디저트 선호자에게 추천.,1,https://thumbnail.image.rakuten.co.jp/@0_mall/niigata-shop/cabinet/item/0624/0624-001-02.jpg?_ex=1024x1024,https://hb.afl.rakuten.co.jp/hgc/g00rk5an.16t5u9ba.g00rk5an.16t5v811/?pc=https%3A%2F%2Fitem.rakuten.co.jp%2Fniigata-shop%2F0624-001-02%2F&m=http%3A%2F%2Fm.rakuten.co.jp%2Fniigata-shop%2Fi%2F10004002%2F&rafcid=wsc_i_is_b93111dd-e085-46a2-a75f-28c1ee5d2de6
PRD_327,도키모노가타리 프리미엄 24개,朱鷺物語プレミアム 24本入り,도키모노가타리(朱鷺物語),REG_010,PRC_02,1620,"도키모노가타리 프리미엄은 쿠버춰 초콜릿을 견과류가 들어간 구움과자로 샌드한 프리미엄 스위츠입니다. 밀크 계열과 화이트 초콜릿 계열 원재료가 사용되며, 아몬드 페이스트와 헤이즐넛이 고소한 맛을 더합니다. 24개입 구성으로 바삭한 과자와 초콜릿의 풍미를 함께 담은 선물형 디저트입니다.",24개입이라 직장 단체 선물로 적합.,1,https://dzwpvqehwr7zl.cloudfront.net/omios/products/generated/_review/PRD_327/PRD_327_packshot_v1.png,https://niigata-miyage.com/?pid=171701149&utm_source=chatgpt.com
PRD_328,반다이 다이코 10개,万代太鼓 10個入り,오사카야(大阪屋),REG_010,PRC_02,1920,"반다이 다이코는 오사카야의 니가타 명과로, 연륜 모양으로 구운 부드러운 쿠키 반죽 속에 크림을 넣은 구움과자입니다. 니가타 축제와 함께 언급되는 지역 과자로 소개됩니다. 10개입 구성으로 쿠키의 부드러운 식감과 크림의 달콤함을 함께 담았습니다.",니가타시 대표 과자류로 웹 추천 상위권에 적합.,1,https://dzwpvqehwr7zl.cloudfront.net/omios/products/generated/_review/PRD_328/PRD_328_packshot_v1.png,https://niigata-miyage.com/?pid=190688828
PRD_329,츠키노야도 5개,月の宿 5個入り,오사카야(大阪屋),REG_010,PRC_01,980,츠키노야도는 오사카야의 고구마 계열 화과자입니다. 베니하루카 고구마에 버터와 달걀노른자를 더해 부드럽고 자연스러운 단맛을 냅니다. 고구마의 포근한 질감과 버터의 고소함을 살린 5개입 디저트입니다.,달지 않은 차 과자 선호자에게 추천.,1,https://thumbnail.image.rakuten.co.jp/@0_mall/niigata-shop/cabinet/item/0125/0125-005-a.jpg?_ex=1024x1024,https://hb.afl.rakuten.co.jp/hgc/g00rk5an.16t5u9ba.g00rk5an.16t5v811/?pc=https%3A%2F%2Fitem.rakuten.co.jp%2Fniigata-shop%2F0125-005-01%2F&m=http%3A%2F%2Fm.rakuten.co.jp%2Fniigata-shop%2Fi%2F10007724%2F&rafcid=wsc_i_is_b93111dd-e085-46a2-a75f-28c1ee5d2de6
PRD_330,흑당만주·도라야키 세트,黒糖饅頭・どら焼き詰合せ,마루야 본점(丸屋本店),REG_010,PRC_02,1922,흑당만주·도라야키 세트는 마루야 본점의 흑당만주 5개와 도라야키 5개를 담은 구성입니다. 흑당만주는 니가타 축제의 풍물인 팟포야키의 흑당 풍미와 쫀득함에서 착안한 증식 과자입니다. 오키나와 하테루마섬 순흑당을 만주 껍질과 홋카이도산 팥 고시아앙에 사용해 깊은 흑당 향을 냅니다.,전통 과자 선호 부모님·상사용으로 적합.,1,https://thumbnail.image.rakuten.co.jp/@0_mall/freedom-m/cabinet/08837035/1010570-tmk.jpg?_ex=1024x1024,https://hb.afl.rakuten.co.jp/hgc/53033622.7bbb75b6.53033623.c98a76f0/?pc=https%3A%2F%2Fitem.rakuten.co.jp%2Ffreedom-m%2F1010570-tmk%2F&m=https%3A%2F%2Fitem.rakuten.co.jp%2Ffreedom-m%2F1010570-tmk%2F
PRD_331,사케차즈케 소병,さけ茶漬 小ビン,니가타 가시마야(新潟加島屋),REG_010,PRC_02,1620,"사케차즈케 소병은 니가타 가시마야의 전통적인 연어 가공식품입니다. 대표 상품 사케차즈케를 병에 담은 형태로, 잘게 풀어낸 연어의 감칠맛이 밥과 차즈케에 잘 어울립니다. 킹살몬을 안정적으로 다루어 온 브랜드의 해산 가공품이라 간단한 식사 반찬으로 쓰기 좋습니다.",냉장 상품이라 귀국 당일 구매 권장.,1,https://dzwpvqehwr7zl.cloudfront.net/omios/products/generated/_review/PRD_331/PRD_331_packshot_v1.png,https://www.kashimaya.com/ctt001.aspx?stid=355%2Fsakecya.html&utm_source=chatgpt.com
PRD_332,연어 미소절임 구이 플레이크 중병,鮭の味噌漬焼きほぐし 中ビン,니가타 가시마야(新潟加島屋),REG_010,PRC_02,1944,연어 미소절임 구이 플레이크는 니가타 가시마야의 연어 가공 병 상품입니다. 지방이 오른 사몬트라우트를 에치고 미소에 절인 뒤 구워 잘게 풀어 만든 것이 특징입니다. 된장의 깊은 풍미와 구운 연어의 고소한 향을 밥반찬처럼 담은 중병 구성입니다.,밥반찬 선물로 실용성이 높음.,1,https://dzwpvqehwr7zl.cloudfront.net/omios/products/generated/_review/PRD_332/PRD_332_packshot_v1.png,https://www.kashimaya.com/items/dtl100.aspx?p_cd=32901
PRD_333,장인의 연어 야키즈케,匠の焼漬 さけ,니가타 오가와야(新潟小川屋),REG_010,PRC_01,972,"장인의 연어 야키즈케는 니가타에 오래 전해 내려오는 향토 요리 야키즈케를 상품화한 연어 반찬입니다. 구운 연어를 양념에 절여 감칠맛을 살리는 방식이 특징입니다. 니가타 오가와야의 정번품으로, 연어의 구운 향과 절임 양념의 깊은 맛을 담은 식품입니다.",냉장 보관 상품이므로 이동 시간 확인.,1,https://thumbnail.image.rakuten.co.jp/@0_mall/popmart/cabinet/gift/10010124.jpg?_ex=1024x1024,https://hb.afl.rakuten.co.jp/hgc/g00r7gzn.16t5u097.g00r7gzn.16t5v0b9/?pc=https%3A%2F%2Fitem.rakuten.co.jp%2Fpopmart%2F10010124%2F&m=http%3A%2F%2Fm.rakuten.co.jp%2Fpopmart%2Fi%2F10010109%2F&rafcid=wsc_i_is_b93111dd-e085-46a2-a75f-28c1ee5d2de6
PRD_334,니가타현산 쌀 비교 세트,新潟県産米食べ比べセット 1キロ×4種類,니가타현 관광물산(新潟県観光物産),REG_010,PRC_06,6372,"니가타현산 쌀 비교 세트는 니가타의 여러 쌀을 한 킬로그램씩 담은 네 종류 세트다. 신노스케, 우오누마산 고시히카리, 이와후네산 고시히카리, 사도산 고시히카리가 각각 들어가 산지와 품종의 차이를 비교할 수 있다. 화장상자 구성이라 집에서 맛보는 용도뿐 아니라 쌀 선물로도 쓰기 좋다.",무게가 있어 캐리어 여유가 있을 때 구매.,1,https://dzwpvqehwr7zl.cloudfront.net/omios/products/generated/_review/PRD_334/PRD_334_packshot_v1.png,https://niigata-miyage.com/?pid=175141476&utm_source=chatgpt.com
PRD_335,바위모즈쿠 김조림,岩もずくのり,니가타현 관광물산(新潟県観光物産),REG_010,PRC_01,702,"바위모즈쿠 김조림은 모즈쿠의 식감과 김의 풍미를 함께 살린 니가타 반찬 상품이다. 밥반찬, 주먹밥 속재료, 술안주로 곁들이기 좋게 단짠한 조림 형태로 만들어졌다. 국내 제조 김조림에 모즈쿠, 간장, 당류, 조미료 등을 더해 바다 향이 나는 간편한 밑반찬으로 즐길 수 있다.",온라인 품절 표시가 있어 현장 재고 확인 권장.,1,https://thumbnail.image.rakuten.co.jp/@0_mall/gift-concierge/cabinet/niigatakannkoubusan/sazaemiso-01.jpg?_ex=1024x1024,https://hb.afl.rakuten.co.jp/hgc/53033622.7bbb75b6.53033623.c98a76f0/?pc=https%3A%2F%2Fitem.rakuten.co.jp%2Fgift-concierge%2Fumecha-sazaemiso%2F&m=https%3A%2F%2Fitem.rakuten.co.jp%2Fgift-concierge%2Fumecha-sazaemiso%2F
PRD_336,순생 사누키 카레우동 2인분,純生讃岐カレーうどん 2人前,우동 본진 야마다야(うどん本陣山田家),REG_011,PRC_02,1179,"순생 사누키 카레우동은 우동 본진 야마다야의 2인분 카레우동 세트입니다. 엄선한 십여 가지 향신료와 양파, 감자 등 채소의 감칠맛을 살린 특제 카레 다시가 특징입니다. 본격적인 스파이스 향, 양파의 단맛, 분명한 매운맛이 사누키 우동 면과 어우러지는 상품입니다.",조리 시간이 필요하니 숙소보다 귀국 후 선물용 추천,1,https://thumbnail.image.rakuten.co.jp/@0_gold/yamada-ya/item_img/cr-2r.jpg?_ex=1024x1024,https://hb.afl.rakuten.co.jp/hgc/g00pxt8n.16t5u78c.g00pxt8n.16t5v1f6/?pc=https%3A%2F%2Fitem.rakuten.co.jp%2Fyamada-ya%2Fcr-2r%2F&m=http%3A%2F%2Fm.rakuten.co.jp%2Fyamada-ya%2Fi%2F10000351%2F&rafcid=wsc_i_is_b93111dd-e085-46a2-a75f-28c1ee5d2de6
PRD_337,히노데제면소 붓카케 우동 4인분,ぶっかけうどん 手提げタイプ,히노데 제면소(㈲日の出製麺所),REG_011,PRC_01,598,히노데제면소 붓카케 우동은 카가와현 사카이데시에 있는 히노데제면소의 손잡이형 4인분 우동 세트입니다. 200그램 면 2봉과 붓카케 다시 2개로 구성됩니다. 밀가루의 풍미를 살린 생면 타입의 면이 특징인 사누키 우동 상품입니다.,손잡이형이라 캐리어에 넣기 편함,1,https://dzwpvqehwr7zl.cloudfront.net/omios/products/generated/_review/PRD_337/PRD_337_packshot_v1.png,https://www.ritsurinan.jp/c/noodles/udon/gd49?__fw_token=ChIKEAoOCKSmxtycppQDFVRBBgo
PRD_338,손잡이 반생 우동 6인분,手さげ半生うどん 300g×2袋 つゆ付,사누키 면업(さぬき麺業㈱),REG_011,PRC_01,880,"손잡이 반생 우동은 사누키 면업의 6인분 반생 우동 세트입니다. 300그램 면 2봉과 쯔유가 함께 들어 있으며, 쇼와 45년 출시 이후 40년 이상 이어진 대표 상품으로 소개됩니다. 반생 우동 특유의 탄력 있는 면과 오랜 기간 이어진 안정적인 구성이 특징입니다.",여러 명에게 나눠 먹기 좋은 기본형,1,https://thumbnail.image.rakuten.co.jp/@0_mall/sh-midoriya/cabinet/midoriya69/yp2-sam-thn-1.jpg?_ex=1024x1024,https://hb.afl.rakuten.co.jp/hgc/g00qb57n.16t5u6d3.g00qb57n.16t5vdea/?pc=https%3A%2F%2Fitem.rakuten.co.jp%2Fsh-midoriya%2Fyp2-keg-sam-thn-1021%2F&m=http%3A%2F%2Fm.rakuten.co.jp%2Fsh-midoriya%2Fi%2F12300486%2F&rafcid=wsc_i_is_b93111dd-e085-46a2-a75f-28c1ee5d2de6
PRD_339,栗林庵 오리지널 사누키 우동 3인분,栗林庵オリジナル讃岐うどん 3人前,이시마루 제면(石丸製麺㈱),REG_011,PRC_01,564,리쓰린안 오리지널 사누키 우동은 가가와 사누키 우동의 탄력 있는 면발을 가정에서 조리할 수 있게 만든 세트입니다. 면과 국물이 분리되어 있어 큰 냄비에 삶은 뒤 국물을 곁들이는 방식으로 먹습니다. 세 사람분 구성이라 쫄깃한 사누키 우동을 가족이나 작은 모임에서 나누기 좋습니다.,패키지가 귀여워 가벼운 선물용으로 좋음,1,https://dzwpvqehwr7zl.cloudfront.net/omios/products/generated/_review/PRD_339/PRD_339_packshot_v1.png,https://www.ritsurinan.jp/c/noodles/udon/gd26
PRD_340,야마다야 순생 사누키 우동 4인분,純生讃岐うどん 4人前 B-2,우동 본진 야마다야(うどん本陣山田家),REG_011,PRC_02,1201,"야마다야 순생 사누키 우동 4인분은 사누키 우동 노포 야마다야의 맛을 집에서 즐기도록 만든 순생 우동 세트입니다. 야마다야는 하루 수천 명이 줄을 서는 사누키 우동점으로 소개되며, 순생면의 쫄깃한 식감과 부카케 스타일의 간장 국물 맛을 앞세웁니다. 4인분 구성이라 가족 식사나 선물용으로 쓰기 좋고, 삶은 뒤 차갑게 또는 따뜻하게 즐길 수 있는 본고장 우동 상품입니다.",카레맛보다 무난한 기본 우동 선물,1,https://dzwpvqehwr7zl.cloudfront.net/omios/products/generated/_review/PRD_340/PRD_340_packshot_v1.png,https://www.ritsurinan.jp/c/noodles/udon/gd6?__fw_token=ChQKEAoOCM7OtuqdppQDFbV6BgoQAw
PRD_341,다시노모토 유타카아지,だしの素 ゆたかあじ 7g×10本,사카이야 간장(堺屋醤油㈱),REG_011,PRC_01,302,"다시노모토 유타카아지는 사카이야 간장의 분말 다시 조미료입니다. 양질의 간장에 가쓰오, 다시마, 표고버섯 등 원료를 배합해 풍미를 냅니다. 7그램씩 10본 구성으로 국물 요리나 우동 다시에 쓰기 좋은 감칠맛 조미료입니다.",한국에서 국물 요리할 때 활용도 높음,1,https://thumbnail.image.rakuten.co.jp/@0_mall/okawa-shop/cabinet/0100/4967502310043-5.jpg?_ex=1024x1024,https://hb.afl.rakuten.co.jp/hgc/g00rfsnn.16t5ue3b.g00rfsnn.16t5vb11/?pc=https%3A%2F%2Fitem.rakuten.co.jp%2Fokawa-shop%2F4967502310043-5%2F&m=http%3A%2F%2Fm.rakuten.co.jp%2Fokawa-shop%2Fi%2F10032451%2F&rafcid=wsc_i_is_b93111dd-e085-46a2-a75f-28c1ee5d2de6
PRD_342,오시오 200g,御塩 200g,나미하나도(波花堂),REG_011,PRC_01,864,오시오는 나미하나도가 쇼도시마의 깨끗한 바닷물로 만든 200그램 소금입니다. 옛 방식의 유하식 염전과 철솥을 사용해 만드는 점이 특징입니다. 일상 조리에 쓰기 쉽고 맛있는 소금이라는 제작자의 경험에서 상품화된 지역 소금입니다.,요리 좋아하는 사람에게 부담 없는 선물,1,https://thumbnail.image.rakuten.co.jp/@0_mall/greens-gc/cabinet/ow_1/ow6144.jpg?_ex=1024x1024,https://hb.afl.rakuten.co.jp/hgc/53033622.7bbb75b6.53033623.c98a76f0/?pc=https%3A%2F%2Fitem.rakuten.co.jp%2Fgreens-gc%2F6144%2F&m=https%3A%2F%2Fitem.rakuten.co.jp%2Fgreens-gc%2F6144%2F
PRD_343,츠루비시오 간장,鶴醤（つるびしお）,야마로쿠 간장(ヤマロク醤油㈱),REG_011,PRC_01,810,"츠루비시오는 야마로쿠 간장의 대표 재시코미 간장입니다. 삼나무 통에서 자연 발효시키는 전통 제법으로 만들며, 약 4년의 시간을 들여 깊은 코쿠와 부드러움을 추구합니다. 쇼도시마 야스다 지구의 목통 간장 문화를 담은 진한 풍미의 간장입니다.",회·계란밥·두부에 곁들이기 좋음,1,https://thumbnail.image.rakuten.co.jp/@0_mall/profoods/cabinet/05907961/imgrc0072698830.jpg?_ex=1024x1024,https://hb.afl.rakuten.co.jp/hgc/g00pw95n.16t5ud6b.g00pw95n.16t5v182/?pc=https%3A%2F%2Fitem.rakuten.co.jp%2Fprofoods%2F10011110%2F&m=http%3A%2F%2Fm.rakuten.co.jp%2Fprofoods%2Fi%2F10011110%2F&rafcid=wsc_i_is_b93111dd-e085-46a2-a75f-28c1ee5d2de6
PRD_344,사누키 작은 이탈리아 식당 드레싱,讃岐の小さなイタリア食堂のドレッシング200ml,라 디벤타레(LA DIVENTARE),REG_011,PRC_01,756,사누키 작은 이탈리아 식당 드레싱은 라 디벤타레의 200밀리리터 드레싱입니다. 가쓰오와 다시마 다시를 베이스로 해 일본인에게 익숙한 감칠맛을 냅니다. 사누키 지역 식당의 분위기와 일본식 다시 풍미를 결합한 조미 드레싱입니다.,샐러드·해산물용으로 선물하기 좋음,1,https://dzwpvqehwr7zl.cloudfront.net/omios/products/generated/_review/PRD_344/PRD_344_packshot_v1.png,https://www.ritsurinan.jp/c/seasonings/dressing/gd105?__fw_token=ChQKEAoOCOqg8peeppQDFVRBBgoQAw
PRD_345,모로미,もろみ,우에노 상점(上野商店),REG_011,PRC_01,330,"모로미는 우에노 상점의 장기 숙성 간장 모로미 상품입니다. 삼나무 통에서 1년 반 이상 숙성한 부드럽고 감칠맛 많은 간장 모로미를 사용합니다. 대두, 밀, 식염을 바탕으로 설탕, 미림, 참깨, 생강, 다시마, 가쓰오부시를 더해 달콤짭조름한 밥반찬과 양념장 성격을 함께 지닌 상품입니다.",밥·오이·두부에 곁들여 먹기 좋음,1,https://thumbnail.image.rakuten.co.jp/@0_mall/aimu/cabinet/shokuhin/kanbutu/imgrc0071671266.jpg?_ex=1024x1024,https://hb.afl.rakuten.co.jp/hgc/g00q6srn.16t5u16b.g00q6srn.16t5v1bd/?pc=https%3A%2F%2Fitem.rakuten.co.jp%2Faimu%2F4970234101483%2F&m=http%3A%2F%2Fm.rakuten.co.jp%2Faimu%2Fi%2F10015780%2F&rafcid=wsc_i_is_b93111dd-e085-46a2-a75f-28c1ee5d2de6
PRD_346,야돈의 맛있는 쯔유,ヤドンのおいしいつゆ,본고장 사누키 우동 협동조합(本場さぬきうどん協同組合),REG_011,PRC_01,864,"야돈의 맛있는 쯔유는 포켓몬 야돈의 꼬리에서 우러나는 감칠맛을 떠올리게 만든 사누키 우동용 국물 소스입니다. 관음사시 이부키섬산 이리코를 사용해 깊은 감칠맛을 살린 본격 쯔유로 소개됩니다. 우동 국물뿐 아니라 덮밥, 니쿠자가, 일본식 파스타 등에도 활용할 수 있어 캐릭터 상품이면서 실사용 조미료 성격이 강합니다.",야돈 패키지라 캐릭터 선물로 좋음,1,https://dzwpvqehwr7zl.cloudfront.net/omios/products/generated/_review/PRD_346/PRD_346_packshot_v1.png,https://www.ritsurinan.jp/c/seasonings/gd101
PRD_347,달걀밥 간장 100ml,たまごかけ醤油 100ml,카나에 양계장(かなえ養鶏場),REG_011,PRC_01,443,달걀밥 간장 100밀리리터는 카나에 양계장이 만든 달걀밥 전용 간장입니다. 달걀의 맛을 돋보이게 하기 위해 고안된 오리지널 간장으로 소개됩니다. 짭조름한 간장 감칠맛으로 달걀밥의 고소함을 살리는 소형 조미료입니다.,작은 병이라 가벼운 기념품으로 적합,1,https://thumbnail.image.rakuten.co.jp/@0_mall/viage/cabinet/item80/ttf-09-01.jpg?_ex=1024x1024,https://hb.afl.rakuten.co.jp/hgc/g00rxovn.16t5u117.g00rxovn.16t5v88b/?pc=https%3A%2F%2Fitem.rakuten.co.jp%2Fviage%2Fttf-09%2F&m=http%3A%2F%2Fm.rakuten.co.jp%2Fviage%2Fi%2F10088209%2F&rafcid=wsc_i_is_b93111dd-e085-46a2-a75f-28c1ee5d2de6
PRD_348,요시노 돈카쓰 소스 420g,ヨシノとんかつソース420g,간자키야(㈱神崎屋),REG_011,PRC_01,410,요시노 돈카쓰 소스는 간자키야의 420그램 돈카쓰용 소스입니다. 독특한 점성이 있고 엄선한 향신료를 사용한 것이 특징입니다. 진한 농도와 향신료 풍미로 튀김 요리에 어울리도록 만든 조미 소스입니다.,튀김·야키소바 소스로 활용 가능,1,https://dzwpvqehwr7zl.cloudfront.net/omios/products/generated/_review/PRD_348/PRD_348_packshot_v1.png,https://www.ritsurinan.jp/c/seasonings/gd124
PRD_349,당근 드레싱 200ml,にんじんドレッシング200ml,마루후쿠 간장(丸福醤油㈲),REG_011,PRC_01,615,"마루후쿠 간장의 당근 드레싱은 당근과 양파를 넉넉하게 사용한 200밀리리터 드레싱입니다. 채소의 단맛과 향을 살린 조합이라 샐러드나 간단한 요리에 곁들이기 좋은 조미료입니다. 지역 간장 제조사가 만든 드레싱 제품으로, 가가와 현산품 온라인몰에서 조미료 카테고리 상품으로 소개됩니다.",채소 좋아하는 부모님 선물로 무난함,1,https://thumbnail.image.rakuten.co.jp/@0_mall/nipponmarche/cabinet/shohin/4992539000216_01.jpg?_ex=1024x1024,https://hb.afl.rakuten.co.jp/hgc/g00te14n.16t5ud0b.g00te14n.16t5vabd/?pc=https%3A%2F%2Fitem.rakuten.co.jp%2Fnipponmarche%2Fc4992539000216%2F&m=http%3A%2F%2Fm.rakuten.co.jp%2Fnipponmarche%2Fi%2F10058822%2F&rafcid=wsc_i_is_b93111dd-e085-46a2-a75f-28c1ee5d2de6
PRD_350,사누키 흰 된장 300g,さぬきの白味噌 300g,나카야 양조소(㈲中屋醸造所),REG_011,PRC_01,278,"사누키 흰 된장은 나카야 양조소의 300그램 백미소 제품입니다. 상품 설명에는 염분이 약 5%인 흰 된장으로 소개되어, 일반적인 된장보다 부드럽고 단맛이 도는 장류 성격을 갖습니다. 가가와의 안모치 조니처럼 흰 된장을 쓰는 향토 요리에 활용하기 좋은 조미료입니다.",현지 식문화 설명하기 좋은 저가 선물,1,https://thumbnail.image.rakuten.co.jp/@0_mall/ms-machi/cabinet/03737155/03770466/04200605/imgrc0122345648.jpg?_ex=1024x1024,https://hb.afl.rakuten.co.jp/hgc/g00pw8nn.16t5u209.g00pw8nn.16t5v3ae/?pc=https%3A%2F%2Fitem.rakuten.co.jp%2Fms-machi%2Fmk-shiromiso300%2F&m=http%3A%2F%2Fm.rakuten.co.jp%2Fms-machi%2Fi%2F10020311%2F&rafcid=wsc_i_is_b93111dd-e085-46a2-a75f-28c1ee5d2de6
PRD_351,진공 쇼유마메 170g,真空しょうゆ豆 170g,오니시 식품(大西食品㈱),REG_011,PRC_01,298,오니시 식품의 진공 쇼유마메는 사누키 향토음식인 쇼유마메를 170그램으로 담은 반찬류입니다. 쇼유마메는 볶은 콩을 간장 양념에 재워 만드는 가가와 지역의 전통적인 콩 요리입니다. 이 제품은 진공 포장 형태라 가정에서 간편하게 곁들일 수 있는 소포장 향토 반찬입니다.,짭짤한 반찬류라 부모님용으로 좋음,1,https://dzwpvqehwr7zl.cloudfront.net/omios/products/generated/_review/PRD_351/PRD_351_packshot_v1.png,https://www.ritsurinan.jp/c/processedfoods/gd172
PRD_352,호네츠키도리 양념가루,骨付鳥の素 30g,토플랩(㈱トフラップ),REG_011,PRC_01,378,호네츠키도리 양념가루는 닭고기에 뿌리기만 해도 가가와 명물 호네츠키도리의 맛을 재현하도록 만든 조미료입니다. 상품 설명에 따르면 호네츠키도리를 우동처럼 일상적인 음식으로 만들고자 하는 발상에서 시작해 1년 반 이상 시행착오 끝에 완성되었습니다. 마트에서 산 닭다리살에 뿌려 프라이팬에 구우면 전문점식 뼈붙은 닭구이 풍미를 낼 수 있다는 점이 특징입니다. 지역 특산품 콘테스트 식품 부문에서도 높은 평가를 받은 상품으로 소개됩니다.,한국 닭다리살에 사용하기 좋음,1,https://thumbnail.image.rakuten.co.jp/@0_mall/fukiagetei/cabinet/ryourisozai/hone1.jpg?_ex=1024x1024,https://hb.afl.rakuten.co.jp/hgc/g00u4agn.16t5ua9c.g00u4agn.16t5vc8e/?pc=https%3A%2F%2Fitem.rakuten.co.jp%2Ffukiagetei%2Fa220%2F&m=http%3A%2F%2Fm.rakuten.co.jp%2Ffukiagetei%2Fi%2F10000374%2F&rafcid=wsc_i_is_b93111dd-e085-46a2-a75f-28c1ee5d2de6
PRD_353,먹는 이리코 70g,食べるいりこ 70g,다이큐(㈱大久),REG_011,PRC_01,411,먹는 이리코는 멸치로 유명한 가가와현 이부키섬에서 잡은 이리코를 건조해 만든 70그램 제품입니다. 상품 설명에는 간식으로 먹기 쉽도록 크기를 맞춰 포장했다고 소개됩니다. 국물용 건어물이라는 이미지가 강한 이리코를 그대로 집어 먹을 수 있는 간식형 건어물로 구성한 점이 특징입니다.,칼슘 간식으로 어린이·부모님에게 추천,1,https://thumbnail.image.rakuten.co.jp/@0_mall/nipponmarche/cabinet/syohin16/4990022450333.jpg?_ex=1024x1024,https://hb.afl.rakuten.co.jp/hgc/g00te14n.16t5ud0b.g00te14n.16t5vabd/?pc=https%3A%2F%2Fitem.rakuten.co.jp%2Fnipponmarche%2F4990022450333%2F&m=http%3A%2F%2Fm.rakuten.co.jp%2Fnipponmarche%2Fi%2F10018414%2F&rafcid=wsc_i_is_b93111dd-e085-46a2-a75f-28c1ee5d2de6
PRD_354,쿠로카와 피짱콩 110g,黒川のぴ～ちゃん豆 110g,구로카와 가공식품(㈲黒川加工食品),REG_011,PRC_01,259,"쿠로카와 피짱콩은 구로카와 가공식품의 콩 간식입니다. 사누키 전통 향토음식 쇼유마메의 조리 감각을 땅콩에 적용해, 고소한 땅콩에 간장 양념의 감칠맛을 입혔습니다. 짭조름하고 달큰한 맛이 있어 간식이나 가벼운 반찬처럼 먹기 좋은 가가와 가공식품입니다.",맥주 안주·간식용으로 좋음,1,https://dzwpvqehwr7zl.cloudfront.net/omios/products/generated/_review/PRD_354/PRD_354_packshot_v1.png,https://www.ritsurinan.jp/c/processedfoods/gd175
PRD_355,세토우치 햇김,瀬戸内の早どれ海苔,가나마루 수산건물(金丸水産乾物㈱),REG_011,PRC_01,605,"세토우치 햇김은 세토내해 김 중에서도 이른 시기에 수확한 김을 엄선한 해산물 가공품입니다. 상품 설명에는 맛과 입안에서 부드럽게 풀리는 식감을 중시한 제품이라고 소개됩니다. 일반 소비자용으로 30년 넘게 만들어 온 상품이며, 출시 25년을 맞을 만큼 꾸준히 이어진 지역 김 제품이라는 스토리가 있습니다.",부피가 가볍고 밥반찬으로 실용적,1,https://thumbnail.image.rakuten.co.jp/@0_mall/awajikodawari/cabinet/item/event/nori-wakeari-60.jpg?_ex=1024x1024,https://hb.afl.rakuten.co.jp/hgc/g00udb9n.16t5u265.g00udb9n.16t5va6b/?pc=https%3A%2F%2Fitem.rakuten.co.jp%2Fawajikodawari%2Fnori-wakeari-60%2F&m=http%3A%2F%2Fm.rakuten.co.jp%2Fawajikodawari%2Fi%2F10000076%2F&rafcid=wsc_i_is_b93111dd-e085-46a2-a75f-28c1ee5d2de6
PRD_356,백화꿀 250g,百花蜜250g,나카타 양봉(㈱中田養蜂),REG_011,PRC_02,1247,"나카타 양봉의 백화꿀은 꿀벌이 여러 꽃에서 모은 꿀을 담은 제품입니다. 한 가지 꽃에 한정되지 않아 계절과 꽃의 조합이 만드는 자연스러운 향과 단맛이 특징입니다. 빵이나 차, 요리에 두루 곁들일 수 있는 기본형 벌꿀로 지역 가공식품 성격이 있습니다.",차·요거트와 함께 먹기 좋아 선물감 있음,1,https://thumbnail.image.rakuten.co.jp/@0_mall/jhb/cabinet/food/hyakka_mitu.jpg?_ex=1024x1024,https://hb.afl.rakuten.co.jp/hgc/g00ppi1n.16t5u2aa.g00ppi1n.16t5vd31/?pc=https%3A%2F%2Fitem.rakuten.co.jp%2Fjhb%2F10000998%2F&m=http%3A%2F%2Fm.rakuten.co.jp%2Fjhb%2Fi%2F10000998%2F&rafcid=wsc_i_is_b93111dd-e085-46a2-a75f-28c1ee5d2de6
PRD_357,호네츠키도리 와카,骨付鳥 ワカ,온리원(㈲オンリーワン),REG_011,PRC_02,1080,호네츠키도리 와카는 마루가메 명물 호네츠키도리를 부드러운 어린 닭으로 만든 냉장 상품입니다. 조리한 닭을 진공 포장한 형태라 집에서도 지역 명물의 풍미를 간편하게 맛볼 수 있습니다. 호네츠키도리는 1950년대 마루가메의 주점에서 닭다리를 통째로 먹는 모습에서 착안해 발전한 음식으로 소개됩니다. 와카 타입은 살결이 부드러운 점이 특징입니다.,냉장 상품이라 귀국 직전 구매 추천,1,https://thumbnail.image.rakuten.co.jp/@0_mall/tori-no-1/cabinet/w_img/main_img/a10001001-r1.jpg?_ex=1024x1024,https://hb.afl.rakuten.co.jp/hgc/g00ukysn.16t5u9ae.g00ukysn.16t5v2ca/?pc=https%3A%2F%2Fitem.rakuten.co.jp%2Ftori-no-1%2Fa10001001%2F&m=http%3A%2F%2Fm.rakuten.co.jp%2Ftori-no-1%2Fi%2F10000001%2F&rafcid=wsc_i_is_b93111dd-e085-46a2-a75f-28c1ee5d2de6
PRD_358,쿠로카와 쇼유마메 130g,黒川のしょうゆ豆 130g,구로카와 가공식품(㈲黒川加工食品),REG_011,PRC_01,194,"쿠로카와 쇼유마메는 창업 이래 이어 온 전통 제조법을 고집해 만든 사누키식 콩 반찬입니다. 건조한 누에콩을 볶은 뒤 삼온당, 간장, 고추로 만든 특제 양념에 담그는 옛 방식의 쇼유마메입니다. 130그램 소포장 제품이라 가볍게 곁들이기 좋고, 달짝지근한 간장 풍미와 콩의 식감이 특징입니다.",가격이 낮아 단체 선물 후보,1,https://thumbnail.image.rakuten.co.jp/@0_mall/donmai/cabinet/other/shouyu_mame_main1a.jpg?_ex=1024x1024,https://hb.afl.rakuten.co.jp/hgc/g00r9eqn.16t5ue1c.g00r9eqn.16t5v113/?pc=https%3A%2F%2Fitem.rakuten.co.jp%2Fdonmai%2Fshoyu-mame1%2F&m=http%3A%2F%2Fm.rakuten.co.jp%2Fdonmai%2Fi%2F10001237%2F&rafcid=wsc_i_is_b93111dd-e085-46a2-a75f-28c1ee5d2de6
PRD_359,사누키 멘마,さぬきうどんのぶっかけ出汁で炊いたさぬきメンマ,다카하시 석유(高橋石油㈱),REG_011,PRC_01,698,사누키 멘마는 사누키 우동의 붓카케 다시로 죽순을 조려 만든 반찬형 가공식품입니다. 우동 육수의 감칠맛이 멘마에 배어 라멘 토핑이나 밥반찬으로 쓰기 좋습니다. 가가와의 우동 문화를 다른 식재료에 연결한 지역 식품입니다.,라멘·밥반찬용 이색 기념품,1,https://dzwpvqehwr7zl.cloudfront.net/omios/products/generated/_review/PRD_359/PRD_359_packshot_v1.png,https://www.ritsurinan.jp/c/processedfoods/gd680
PRD_360,이부키섬산 이리코 중우 100g,伊吹島産いりこ 中羽100g,다이큐(㈱大久),REG_011,PRC_01,572,"이부키섬산 이리코 중우는 이부키섬 해역에서 잡은 중간 크기의 건멸치 제품입니다. 이부키섬은 가가와의 이리코 산지로 알려져 있어, 우동 다시나 여러 국물 요리에 쓰이는 건어물과 연결됩니다. 100그램 용량의 중우 구성이라 가정에서 다시 재료나 요리 부재료로 쓰기 좋은 지역 건어물입니다.",육수 내는 사람에게 실용적인 선물,1,https://thumbnail.image.rakuten.co.jp/@0_mall/satumaya/cabinet/500ibuki.jpg?_ex=1024x1024,https://hb.afl.rakuten.co.jp/hgc/g00ps5pn.16t5ud90.g00ps5pn.16t5vea9/?pc=https%3A%2F%2Fitem.rakuten.co.jp%2Fsatumaya%2F10001175%2F&m=http%3A%2F%2Fm.rakuten.co.jp%2Fsatumaya%2Fi%2F10001175%2F&rafcid=wsc_i_is_b93111dd-e085-46a2-a75f-28c1ee5d2de6
PRD_361,야돈 후리카케,ヤドンのふりかけ,아지겐(㈲味源),REG_011,PRC_01,648,야돈 후리카케는 이부키섬산 이리코를 사용해 우동 다시 맛을 떠올리게 만든 후리카케입니다. 밥 위에 뿌리거나 간단한 요리에 더해 감칠맛을 보태는 가공식품입니다. 가가와와 인연이 있는 야돈 캐릭터를 입힌 상품이면서 지역 해산물인 이리코의 풍미를 살린 점이 특징입니다.,어린이 도시락·밥반찬용으로 좋음,1,https://dzwpvqehwr7zl.cloudfront.net/omios/products/generated/_review/PRD_361/PRD_361_packshot_v1.png,https://www.ritsurinan.jp/c/processedfoods/otherprocessedfoods/gd206?__fw_token=ChQKEAoOCIupkNOfppQDFbV6BgoQBw
PRD_362,사누키 안모치 조니 4개입,讃岐あんもち雑煮4個入り,부도노키(ぶどうの木),REG_011,PRC_04,3894,사누키 안모치 조니는 흰 된장 국물에 팥소가 든 떡을 넣어 먹는 가가와의 설날 향토음식입니다. 이 상품은 그 전통 음식을 네 개입 냉동 세트로 구성한 가공식품입니다. 단맛이 있는 떡과 부드러운 흰 된장 국물이 어우러지는 독특한 조합이 특징입니다.,냉동 상품이라 숙소 냉장·귀국 시간 확인 필수,1,https://dzwpvqehwr7zl.cloudfront.net/omios/products/generated/_review/PRD_362/PRD_362_packshot_v1.png,https://www.ritsurinan.jp/c/processedfoods/gd225
PRD_363,호네츠키도리 사누키노메자메 카레,骨付鳥さぬきのめざめカレー,오가타 식품연구(㈱おがた食研),REG_011,PRC_02,1080,"호네츠키도리 사누키노메자메 카레는 가가와 명물 호네츠키도리를 통째로 넣은 지역 특색 카레입니다. 상품 설명에는 가가와 특산 아스파라거스 사누키노메자메 3줄기 분량의 페이스트와 고추 품종 가가와 혼타카를 사용했다고 소개됩니다. 잘 풀어지는 닭고기와 지역 채소, 매운 향신료가 어우러져 본격적인 스파이스 카레 풍미를 내는 제품입니다.",레토르트류라 보관·운반이 쉬움,1,https://thumbnail.image.rakuten.co.jp/@0_mall/hihirose/cabinet/09610946/4589467851692.jpg?_ex=1024x1024,https://hb.afl.rakuten.co.jp/hgc/g00u7mtn.16t5ua5a.g00u7mtn.16t5v4ee/?pc=https%3A%2F%2Fitem.rakuten.co.jp%2Fhihirose%2F350999994589467851692%2F&m=http%3A%2F%2Fm.rakuten.co.jp%2Fhihirose%2Fi%2F10021234%2F&rafcid=wsc_i_is_b93111dd-e085-46a2-a75f-28c1ee5d2de6
PRD_364,곤피라 쇼유마메 250g,こんぴらのしょうゆ豆 そら豆250g,니시키야(㈱にしきや),REG_011,PRC_01,489,"곤피라 쇼유마메는 가가와를 대표하는 곤피라산 기슭의 오래된 기념품점이 만드는 누에콩 쇼유마메입니다. 쇼유마메는 볶은 콩을 간장 양념에 재운 사누키 향토음식으로, 달짝지근하고 짭조름한 맛이 특징입니다. 곤피라 참배 문화와 연결된 지역 기념품 성격이 강한 콩 반찬입니다.",전통 반찬류 선물로 무난함,1,https://dzwpvqehwr7zl.cloudfront.net/omios/products/generated/_review/PRD_364/PRD_364_packshot_v1.png,https://www.ritsurinan.jp/c/processedfoods/gd171
PRD_365,야돈 사누키 와산본 새우치즈샌드,ヤドン讃岐和三盆えびチーズサンド,시마히데(㈱志満秀),REG_011,PRC_01,864,"야돈 사누키 와산본 새우치즈샌드는 시마히데의 새우 치즈 샌드에 야돈과 가가와 지역 소재를 더한 스낵입니다. 사누키 와산본의 부드러운 단맛, 새우의 고소한 풍미, 치즈의 감칠맛을 함께 살린 과자입니다. 캐러멜과 피스타치오 맛 구성으로 소개되어, 지역 캐릭터 기념품과 디저트형 스낵의 성격을 함께 지닙니다.",캐릭터·고급 과자 느낌을 동시에 줌,1,https://dzwpvqehwr7zl.cloudfront.net/omios/products/generated/_review/PRD_365/PRD_365_packshot_v1.png,https://www.ritsurinan.jp/c/sweetsanddesserts/gd352
PRD_366,탄키리 사탕,たんきり飴,야노제과(矢野製菓),REG_011,PRC_01,227,탄키리 사탕은 야노제과가 만드는 전통적인 수제 사탕입니다. 따뜻할 때 사탕을 늘리고 잘라 만드는 방식이 특징이라 옛날 간식 같은 질감과 단맛이 납니다. 목을 달래는 이름과 소박한 맛이 함께 남는 시코쿠 지역 사탕입니다.,작고 저렴해 가벼운 답례품으로 좋음,1,https://thumbnail.image.rakuten.co.jp/@0_mall/yukinosizuku/cabinet/natural/nakajimaseika/001-2.jpg?_ex=1024x1024,https://hb.afl.rakuten.co.jp/hgc/g00tjb1n.16t5ueca.g00tjb1n.16t5v2a7/?pc=https%3A%2F%2Fitem.rakuten.co.jp%2Fyukinosizuku%2Fm-n-b0091o7xom-5%2F&m=http%3A%2F%2Fm.rakuten.co.jp%2Fyukinosizuku%2Fi%2F10010079%2F&rafcid=wsc_i_is_b93111dd-e085-46a2-a75f-28c1ee5d2de6
PRD_367,사누키 온마이 밀크·말차 세트,讃岐おんまい ミルク・抹茶セット 8個入り,루브(㈱ルーヴ),REG_011,PRC_02,1166,"사누키 온마이는 루브의 밀크·말차 세트 8개입 과자입니다. 가가와에 200년 넘게 전해진 와산본당의 부드러운 맛과 희소당, 파라티노스의 장점을 살린 자가제 밀크 앙금을 부드러운 반죽으로 감싸 구운 제품입니다. 말차 구성에는 가가와의 다카세차와 말차를 배합해 지역 차의 향을 더했습니다. 부드러운 앙금과 은은한 차 향이 어우러지는 사누키풍 만주 세트입니다.",다카마쓰 명소 ‘屋島’와 연결해 소개하기 좋음,1,https://dzwpvqehwr7zl.cloudfront.net/omios/products/generated/_review/PRD_367/PRD_367_packshot_v1.png,https://www.ritsurinan.jp/c/sweetsanddesserts/gd286
PRD_368,야돈 귀 쿠키,ヤドンのみみクッキー,쓰지세이 제과(ツジセイ製菓㈱),REG_011,PRC_01,864,야돈 귀 쿠키는 쓰지세이 제과가 만든 사누키 와산본 딸기 쿠키입니다. 상품 설명에는 사누키 특산품인 와산본당을 사용한 딸기 쿠키라고 소개됩니다. 야돈의 귀를 연상시키는 캐릭터 콘셉트와 지역 설탕 소재를 결합한 가가와 기념품형 과자입니다.,귀여운 외형이라 어린이·친구용 추천,1,https://dzwpvqehwr7zl.cloudfront.net/omios/products/generated/_review/PRD_368/PRD_368_packshot_v1.png,https://www.ritsurinan.jp/c/sweetsanddesserts/gd281
PRD_369,후네후네 센베이 48매,舟々せんべい 48枚入,기노쿠니야 본점(㈲紀ノ國屋本店),REG_011,PRC_03,2181,"후네후네 센베이는 곤피라 참배지의 분위기를 담은 기노쿠니야 본점의 달걀 센베이입니다. 한 장마다 곤피라 후네후네 민요, 돌계단, 소나무, 곤피라마루 등 곤피라를 상징하는 문양이 구워져 있습니다. 장인이 한 장씩 굽는 방식으로 만들어 바삭한 식감과 은은한 단맛이 특징입니다. 지역의 민요와 참배 문화가 과자 디자인에 담긴 기념품입니다.",수량이 많아 사무실용으로 적합,1,https://dzwpvqehwr7zl.cloudfront.net/omios/products/generated/_review/PRD_369/PRD_369_packshot_v1.png,https://www.ritsurinan.jp/c/sweetsanddesserts/gd335
PRD_370,작은 기와 센베이 10매,小瓦せんべい 10枚入,다무라 구쓰와도 본점(㈲田村久つ和堂本店),REG_011,PRC_01,540,"작은 기와 센베이는 다무라 구쓰와도 본점의 전통 센베이입니다. 사누키의 백하당과 가가와현산 밀가루를 사용해 한 장씩 단단하게 구워내는 방식이 특징입니다. 기와 모양의 지역 과자로, 은은한 단맛과 바삭한 식감이 살아 있는 오래된 기념품형 센베이입니다.",전통 과자 느낌이 강해 어른 선물용,1,https://thumbnail.image.rakuten.co.jp/@0_mall/fukiagetei/cabinet/08636055/09441248/compass1672123902.jpg?_ex=1024x1024,https://hb.afl.rakuten.co.jp/hgc/g00u4agn.16t5ua9c.g00u4agn.16t5vc8e/?pc=https%3A%2F%2Fitem.rakuten.co.jp%2Ffukiagetei%2Fa208%2F&m=http%3A%2F%2Fm.rakuten.co.jp%2Ffukiagetei%2Fi%2F10000214%2F&rafcid=wsc_i_is_b93111dd-e085-46a2-a75f-28c1ee5d2de6
PRD_371,오토토 센베이 10매,おととせんべい 10枚入,조야 모토조(㈲象屋元蔵),REG_011,PRC_04,3300,오토토 센베이는 작은 생선과 새우를 그대로 올려 굽는 조야 모토조의 센베이입니다. 이름은 아이들이 물고기를 부르는 말에서 유래해 남녀노소가 친근하게 먹을 수 있기를 바라는 뜻을 담고 있습니다. 옛 방식대로 손질하고 건조한 어패류를 한 장씩 손으로 굽고 마지막에 숯불로 마무리합니다. 세토내해 해산물의 모양과 맛을 그대로 살린 고급 센베이입니다.,비주얼이 독특해 특별 선물로 좋음,1,https://thumbnail.image.rakuten.co.jp/@0_mall/the-fuji/cabinet/stk_new/imgrc0200901037.jpg?_ex=1024x1024,https://hb.afl.rakuten.co.jp/hgc/g00rvkfn.16t5u1c4.g00rvkfn.16t5v4b0/?pc=https%3A%2F%2Fitem.rakuten.co.jp%2Fthe-fuji%2Fstk-851-77699%2F&m=http%3A%2F%2Fm.rakuten.co.jp%2Fthe-fuji%2Fi%2F10225658%2F&rafcid=wsc_i_is_b93111dd-e085-46a2-a75f-28c1ee5d2de6
PRD_372,미네야마 벌꿀 레몬 캔디,みねやま養蜂のハチミツれもんキャンディ,미넥(㈱ミネック),REG_011,PRC_01,594,미네야마 벌꿀 레몬 캔디는 벌꿀의 자연스러운 단맛과 레몬의 상큼한 맛을 조합한 사탕입니다. 상품 설명에는 두 풍미가 입안에서 잘 어우러져 퍼지는 캔디라고 소개됩니다. 미네야마 양봉 이름을 내건 제품이라 꿀의 부드러운 단맛을 전면에 둔 간식입니다.,휴대성이 좋아 여러 명에게 나눠주기 좋음,1,https://dzwpvqehwr7zl.cloudfront.net/omios/products/generated/_review/PRD_372/PRD_372_packshot_v1.png,https://www.ritsurinan.jp/c/sweetsanddesserts/gd387
PRD_373,하네사누키,羽根さぬき,미타니 제당 하네사누키 본포(㈲三谷製糖羽根さぬき本舗),REG_011,PRC_01,756,하네사누키는 미타니 제당 하네사누키 본포가 전통 방식으로 만든 와산본 건과자입니다. 자체 농장과 계약 농장에서 재배한 사탕수수를 원료로 사용해 와산본의 원료가 되는 백하당을 옛 방식대로 만듭니다. 예로부터 전해진 누름틀 같은 도구를 활용해 둥글고 작은 건과자로 완성한 제품입니다. 와산본 특유의 섬세한 단맛과 지역 제당 전통을 간편하게 맛볼 수 있습니다.,차와 함께 먹는 고급 단맛 선물,1,https://dzwpvqehwr7zl.cloudfront.net/omios/products/generated/_review/PRD_373/PRD_373_packshot_v1.png,https://www.ritsurinan.jp/c/sweetsanddesserts/gd319
PRD_374,세토론,せとろん,라 파미유(ラ・ファミーユ),REG_011,PRC_02,1188,세토론은 라 파미유의 세토우치 레몬 테마 케이크입니다. 세토우치 레몬을 사용해 상큼하고 산뜻한 향을 살린 한입 크기 레몬 케이크로 소개됩니다. 지역 과일의 이미지를 디저트에 담은 제품이라 가볍게 먹는 기념품형 양과자 성격이 강합니다.,상큼한 맛이라 연인·친구 선물로 좋음,1,https://thumbnail.image.rakuten.co.jp/@0_mall/rednails/cabinet/tronc/248-tr-111262000.jpg?_ex=1024x1024,https://hb.afl.rakuten.co.jp/hgc/g00q30zn.16t5u31d.g00q30zn.16t5vec7/?pc=https%3A%2F%2Fitem.rakuten.co.jp%2Frednails%2F248-tr-111262000%2F&m=http%3A%2F%2Fm.rakuten.co.jp%2Frednails%2Fi%2F10159887%2F&rafcid=wsc_i_is_b93111dd-e085-46a2-a75f-28c1ee5d2de6
PRD_375,야돈 손수건 사누키 노리조메,ヤドン手拭い（讃岐のり染め）,오카와라 염색본포(㈲大川原染色本舗),REG_011,PRC_03,2750,"야돈 손수건 사누키 노리조메는 에도 시대부터 이어진 사누키 풀염색 전통을 바탕으로 만든 손염색 손수건입니다. 오카와라 염색본포는 200년 넘게 사누키 노리조메를 계승해 온 곳으로 소개됩니다. 이 상품은 야돈 캐릭터를 전통 염색 기법으로 표현해, 지역 공예와 캐릭터 기념품을 결합한 아이템입니다.",실용성과 지역 공예성이 함께 있음,1,https://dzwpvqehwr7zl.cloudfront.net/omios/products/generated/_review/PRD_375/PRD_375_packshot_v1.png,https://www.ritsurinan.jp/c/traditionalcrafts/gd534
PRD_376,야돈 텀블러,ヤドンタンブラー,이치와도 공예(一和堂工芸㈱),REG_011,PRC_06,6600,"야돈 텀블러는 이치와도 공예가 만든 가가와 칠기 계열의 텀블러입니다. 상품 설명에는 야돈 그림이 색옻으로 그려져 있다고 소개됩니다. 전통 옻칠 공예의 질감과 캐릭터 디자인을 결합한 생활 공예품으로, 가가와 칠기의 지역성을 담은 상품입니다.",고가라 특별한 사람에게 추천,1,https://dzwpvqehwr7zl.cloudfront.net/omios/products/generated/_review/PRD_376/PRD_376_packshot_v1.png,https://www.ritsurinan.jp/c/traditionalcrafts/gd507
PRD_377,조코쿠누리 원형 쟁반 24cm,丸盆象谷塗 24cm,분신도 칠기공업(文新堂漆器工業㈲),REG_011,PRC_04,3850,"조코쿠누리 원형 쟁반은 분신도 칠기공업이 가가와 전통 기법인 조코쿠누리로 마감한 24센티미터 원형 쟁반입니다. 조코쿠누리는 가가와 칠기의 대표 기법 중 하나로, 차분한 질감과 깊은 색감이 특징입니다. 지름 24센티미터 크기의 생활 공예품이라 일상적인 그릇 받침이나 장식용 쟁반으로 활용할 수 있습니다.",어른·상사 선물로 품격 있음,1,https://thumbnail.image.rakuten.co.jp/@0_mall/auc-concent/cabinet/1precp/p/1021111.jpg?_ex=1024x1024,https://hb.afl.rakuten.co.jp/hgc/g00r0unn.16t5ub29.g00r0unn.16t5vb4b/?pc=https%3A%2F%2Fitem.rakuten.co.jp%2Fauc-concent%2F1021111%2F&m=http%3A%2F%2Fm.rakuten.co.jp%2Fauc-concent%2Fi%2F10002023%2F&rafcid=wsc_i_is_b93111dd-e085-46a2-a75f-28c1ee5d2de6
PRD_378,야돈 컵,ヤドンカップ,이치와도 공예(一和堂工芸㈱),REG_011,PRC_06,6600,"야돈 컵은 이치와도 공예가 만든 가가와 칠기 컵입니다. 상품 설명에는 야돈 그림이 색옻으로 그려져 있다고 소개됩니다. 손잡이가 있는 컵 형태에 전통 칠기 기법과 캐릭터 장식을 더한 제품으로, 생활용품과 지역 공예품의 성격을 함께 지닙니다.",캐릭터와 전통공예 결합 상품,1,https://dzwpvqehwr7zl.cloudfront.net/omios/products/generated/_review/PRD_378/PRD_378_packshot_v1.png,https://www.ritsurinan.jp/c/traditionalcrafts/gd503
PRD_379,밤나무 밥그릇 대,栗 飯椀 大,크래프트 아리오카(㈲クラフト・アリオカ),REG_011,PRC_06,6600,"밤나무 밥그릇 대는 크래프트 아리오카가 만든 가가와 칠기 밥그릇입니다. 상품 설명에는 밤나무 특유의 내수성이 뛰어난 밥그릇이라고 소개됩니다. 나무 소재의 자연스러운 결감과 옻칠 마감이 어우러져, 물을 자주 접하는 밥그릇으로 쓰기 좋은 생활 공예품입니다.",생활 공예품 선물로 오래 쓰기 좋음,1,https://thumbnail.image.rakuten.co.jp/@0_mall/select-penguin/cabinet/kitchen2/kt02-658-1.jpg?_ex=1024x1024,https://hb.afl.rakuten.co.jp/hgc/g00qgron.16t5ua6b.g00qgron.16t5v8ee/?pc=https%3A%2F%2Fitem.rakuten.co.jp%2Fselect-penguin%2Fkt02-658%2F&m=http%3A%2F%2Fm.rakuten.co.jp%2Fselect-penguin%2Fi%2F10021595%2F&rafcid=wsc_i_is_b93111dd-e085-46a2-a75f-28c1ee5d2de6
PRD_380,고마 삼채칠 젓가락,箸 こま三彩塗,모리 카키치 상점(㈱森嘉吉商店),REG_011,PRC_03,2640,고마 삼채칠 젓가락은 모리 카키치 상점의 가가와 칠기 젓가락입니다. 손잡이 부분에 고마누리 계열의 색감을 입혀 밝고 장식적인 인상을 주는 제품입니다. 전통 칠기에서 쓰이는 색 표현을 일상적인 젓가락에 적용한 생활 공예품입니다.,휴대·선물 모두 쉬운 전통공예품,1,https://dzwpvqehwr7zl.cloudfront.net/omios/products/generated/_review/PRD_380/PRD_380_packshot_v1.png,https://www.ritsurinan.jp/c/traditionalcrafts/gd471
PRD_381,유이테마리 스트랩 체리,栗林庵限定 YUITEMARI結い手まりストラップ・さくらんぼ,사누키 가가리 테마리 보존회(讃岐かがり手まり保存会),REG_011,PRC_04,3520,"유이테마리 스트랩 체리는 사누키 가가리 테마리 보존회의 쿠리린안 한정 스트랩입니다. 전통적인 사누키 가가리 테마리 기법을 작은 체리 모양 장식으로 응용한 상품입니다. 두 개의 작은 테마리가 체리처럼 매달린 형태라, 지역 수공예의 섬세한 실 장식과 귀여운 휴대용 소품 성격이 함께 드러납니다.",한정·수공예 느낌이 강한 기념품,1,https://dzwpvqehwr7zl.cloudfront.net/omios/products/generated/_review/PRD_381/PRD_381_packshot_v1.png,https://www.ritsurinan.jp/c/traditionalcrafts/gd529
PRD_382,야돈 보타오리 손수건,ヤドン保多織ハンカチ,이와베 보타오리 본포(㈱岩部保多織本舗),REG_011,PRC_02,1100,"야돈 보타오리 손수건은 이와베 보타오리 본포의 보타오리 직물 손수건입니다. 상품 설명에는 흰 바탕에 야돈의 분홍색을 염색한 보타오리 손수건이라고 소개됩니다. 보타오리 특유의 부드러운 촉감과 캐릭터 색감을 결합한 섬유 소품으로, 가가와 전통 직물의 질감을 일상용 손수건에 담은 제품입니다.",실용적이고 가벼워 여행자 선물에 좋음,1,https://dzwpvqehwr7zl.cloudfront.net/omios/products/generated/_review/PRD_382/PRD_382_packshot_v1.png,https://www.ritsurinan.jp/c/generalgoods/gd545
PRD_383,사누카이트 풍경,サヌカイトの風鈴 ひのきト音記号,히라이 석산(㈲平井石産),REG_011,PRC_04,3630,"사누카이트 풍경은 가가와에서 많이 산출되는 희소한 소리 나는 돌 사누카이트를 사용한 풍경입니다. 사누카이트는 두드리면 맑고 경쾌한 금속성 울림을 내는 천연석으로, 현지에서는 칸칸이시라고도 불립니다. 이 제품은 음색이 다른 두 개의 사누카이트와 편백나무, 높은음자리표 모티브를 결합해 소리와 장식성을 함께 살린 생활 소품입니다.",깨질 수 있으니 옷 사이에 넣어 포장 추천,1,https://dzwpvqehwr7zl.cloudfront.net/omios/products/generated/_review/PRD_383/PRD_383_packshot_v1.png,https://www.ritsurinan.jp/c/generalgoods/sanukite/gd536?__fw_token=ChQKEAoOCKq5p5eippQDFYjaBgoQAw
PRD_384,고토덴 차내 승차권형 메모장,車内乗車券型 メモ帳,다카마쓰 고토히라 전기철도(高松琴平電気鉄道㈱),REG_011,PRC_01,880,"고토덴 차내 승차권형 메모장은 다카마쓰 고토히라 전기철도의 현재 차내 승차권을 본떠 만든 메모장입니다. 실제 철도 승차권 이미지를 생활 문구로 옮긴 지역 교통 기념품입니다. 고토덴을 기억할 수 있는 디자인 요소가 분명해, 철도 팬이나 여행 기록용 소품으로 어울리는 상품입니다.",철도·문구 좋아하는 사람에게 추천,1,https://dzwpvqehwr7zl.cloudfront.net/omios/products/generated/_review/PRD_384/PRD_384_packshot_v1.png,https://www.ritsurinan.jp/c/generalgoods/gd567
PRD_385,히네리아게 150g,ひねり揚げ150g,나카노 제과(㈱中野製菓),REG_011,PRC_01,270,히네리아게는 나카노 제과의 150그램 스낵 과자입니다. 비틀어 튀긴 형태의 바삭한 식감과 소박하고 그리운 맛이 특징으로 소개됩니다. 국내산 밀가루와 전분류를 바탕으로 소금 간을 더한 옛날식 튀김 과자 성격의 간식입니다.,가벼운 간식·저가 선물용,1,https://dzwpvqehwr7zl.cloudfront.net/omios/products/generated/_review/PRD_385/PRD_385_packshot_v1.png,https://www.ritsurinan.jp/c/sweetsanddesserts/snacksandricecrackers/529-1
PRD_386,스다치 구미 40g,すだちグミ40g,도쿠시마현 물산센터(판매)(徳島県物産センター（販売）),REG_001,PRC_01,216,"스다치 구미는 도쿠시마 특산 감귤인 스다치의 상큼한 향을 담은 40그램 구미입니다. 작고 가볍게 먹을 수 있는 젤리형 간식으로, 도쿠시마 지역 과자 기념품 성격을 지닙니다. 새콤한 감귤 풍미를 간단한 구미 형태로 즐기도록 만든 상품입니다.",작고 저렴해 여러 명에게 나눠주기 좋음.,1,https://thumbnail.image.rakuten.co.jp/@0_mall/tokushima-shop/cabinet/00497881/15_10/gumi_su500a.jpg?_ex=1024x1024,https://hb.afl.rakuten.co.jp/hgc/g00qb1xn.16t5u308.g00qb1xn.16t5vfeb/?pc=https%3A%2F%2Fitem.rakuten.co.jp%2Ftokushima-shop%2F08-02-78%2F&m=http%3A%2F%2Fm.rakuten.co.jp%2Ftokushima-shop%2Fi%2F10000729%2F&rafcid=wsc_i_is_b93111dd-e085-46a2-a75f-28c1ee5d2de6
PRD_387,스다치 고프레트 10매입,すだちゴーフレット 10枚入,도쿠시마현 물산센터(판매)(徳島県物産センター（販売）),REG_001,PRC_01,648,스다치 고프레트는 도쿠시마 특산 스다치를 활용한 10매입 고프레트 과자입니다. 얇고 바삭한 고프레트 사이에 상큼한 스다치 풍미의 크림을 넣은 구성이 특징입니다. 감귤의 산뜻한 향을 가벼운 샌드 과자 형태로 담은 지역 과자입니다.,회사·학과 선물처럼 여러 명에게 나눌 때 적합.,1,https://thumbnail.image.rakuten.co.jp/@0_mall/tokushima-shop/cabinet/00497881/sudati_gofret.jpg?_ex=1024x1024,https://hb.afl.rakuten.co.jp/hgc/g00qb1xn.16t5u308.g00qb1xn.16t5vfeb/?pc=https%3A%2F%2Fitem.rakuten.co.jp%2Ftokushima-shop%2F08-02-31%2F&m=http%3A%2F%2Fm.rakuten.co.jp%2Ftokushima-shop%2Fi%2F10000589%2F&rafcid=wsc_i_is_b93111dd-e085-46a2-a75f-28c1ee5d2de6
PRD_388,스다치 파이 14매입,すだちパイ 14枚入,도쿠시마현 물산센터(판매)(徳島県物産センター（販売）),REG_001,PRC_01,648,"스다치 파이는 도쿠시마 특산 스다치의 향을 넣은 14매입 파이 과자입니다. 바삭한 파이 식감에 감귤류의 산뜻한 향을 더한 구성이 특징입니다. 도쿠시마 물산센터의 지역 과자 상품으로, 스다치의 상큼함을 구움 과자 형태로 담았습니다.",부피 대비 개수가 많아 단체 선물용으로 좋음.,1,https://thumbnail.image.rakuten.co.jp/@0_mall/tokushima-shop/cabinet/00497881/15_10/suda_pie28a.jpg?_ex=1024x1024,https://hb.afl.rakuten.co.jp/hgc/53033622.7bbb75b6.53033623.c98a76f0/?pc=https%3A%2F%2Fitem.rakuten.co.jp%2Ftokushima-shop%2F08-02-321%2F&m=https%3A%2F%2Fitem.rakuten.co.jp%2Ftokushima-shop%2F08-02-321%2F
PRD_389,스다치 젤리 6개입,すだちゼリー6個入,도쿠시마현 물산센터(徳島県物産センター),REG_001,PRC_01,756,"스다치 젤리는 도쿠시마 특산 스다치를 사용한 6개입 젤리입니다. 밀봉팩 형태로 구성되어 스다치 특유의 상큼한 향과 산미를 간편한 디저트로 맛볼 수 있습니다. 과일향이 산뜻한 지역 젤리 상품으로, 가볍게 먹기 좋은 간식입니다.",여름철 선물이나 아이 간식용으로 추천.,1,https://thumbnail.image.rakuten.co.jp/@0_mall/tokushima-shop/cabinet/00497881/suda_jelly500.jpg?_ex=1024x1024,https://hb.afl.rakuten.co.jp/hgc/g00qb1xn.16t5u308.g00qb1xn.16t5vfeb/?pc=https%3A%2F%2Fitem.rakuten.co.jp%2Ftokushima-shop%2F08-02-151%2F&m=http%3A%2F%2Fm.rakuten.co.jp%2Ftokushima-shop%2Fi%2F10001022%2F&rafcid=wsc_i_is_b93111dd-e085-46a2-a75f-28c1ee5d2de6
PRD_390,크림 인 스다치쿤 쿠키,クッキーマルシェ（クリームinすだちくんクッキー）,도쿠시마현 물산센터(徳島県物産センター),REG_001,PRC_01,864,"크림 인 스다치쿤 쿠키는 도쿠시마 특산 스다치를 활용한 크림 쿠키입니다. 바삭하면서 촉촉한 쿠키 반죽에 상큼한 스다치 향을 더하고, 안쪽에는 적당히 달콤한 크림을 넣은 구움과자입니다. 도쿠시마 캐릭터 스다치쿤 콘셉트를 입힌 지역 과자라는 점도 특징입니다.",캐릭터성이 있어 가벼운 관광 기념품으로 좋음.,1,https://thumbnail.image.rakuten.co.jp/@0_mall/tokushima-shop/cabinet/00497881/cookie-su500.jpg?_ex=1024x1024,https://hb.afl.rakuten.co.jp/hgc/g00qb1xn.16t5u308.g00qb1xn.16t5vfeb/?pc=https%3A%2F%2Fitem.rakuten.co.jp%2Ftokushima-shop%2F08-02-452%2F&m=http%3A%2F%2Fm.rakuten.co.jp%2Ftokushima-shop%2Fi%2F10001040%2F&rafcid=wsc_i_is_b93111dd-e085-46a2-a75f-28c1ee5d2de6
PRD_391,스다치 칩스,すだちチップス,도쿠시마현 물산관(徳島県物産館),REG_001,PRC_01,972,"스다치 칩스는 도쿠시마산 스다치 파우더와 나루토의 우즈 소금을 사용한 지역 한정 스낵입니다. 감자 전분을 바탕으로 한 바삭한 칩에 스다치의 산뜻한 향과 소금의 짭조름함을 더했습니다. 감귤 향이 있는 도쿠시마식 감자칩 계열 과자로, 가벼운 간식이나 안주로 어울리는 맛입니다.",짭짤한 안주형 선물로 추천.,1,https://thumbnail.image.rakuten.co.jp/@0_mall/2003bussankan/cabinet/okasi/imgrc0085543755.jpg?_ex=1024x1024,https://hb.afl.rakuten.co.jp/hgc/g00r0pwn.16t5uff7.g00r0pwn.16t5v7ac/?pc=https%3A%2F%2Fitem.rakuten.co.jp%2F2003bussankan%2F16%2F&m=http%3A%2F%2Fm.rakuten.co.jp%2F2003bussankan%2Fi%2F10002653%2F&rafcid=wsc_i_is_b93111dd-e085-46a2-a75f-28c1ee5d2de6
PRD_392,스다치차,すだち茶,유한회사 니코니코야 기념품점(有限会社 ニコニコヤみやげ店),REG_001,PRC_01,756,"스다치차는 스다치의 청량한 향을 간편하게 즐길 수 있는 차 제품입니다. 상품 설명에는 스다치차로 마시기 좋고, 스다치 특유의 향이 산뜻하게 느껴진다고 소개됩니다. 도쿠시마 특산 감귤의 향을 음료 형태로 담은 기념품형 식품입니다.","겨울에는 따뜻한 차, 여름에는 아이스로 활용 가능.",1,https://thumbnail.image.rakuten.co.jp/@0_mall/tokushima-shop/cabinet/00402072/17_02/sudachi_chya.jpg?_ex=1024x1024,https://hb.afl.rakuten.co.jp/hgc/g00qb1xn.16t5u308.g00qb1xn.16t5vfeb/?pc=https%3A%2F%2Fitem.rakuten.co.jp%2Ftokushima-shop%2F14-051%2F&m=http%3A%2F%2Fm.rakuten.co.jp%2Ftokushima-shop%2Fi%2F10000387%2F&rafcid=wsc_i_is_b93111dd-e085-46a2-a75f-28c1ee5d2de6
PRD_393,일번착즙 스다치 폰즈,一番しぼり すだちポン酢 360ml,노다 허니(野田ハニー),REG_001,PRC_01,702,"일번착즙 스다치 폰즈는 노다 허니의 360밀리리터 폰즈 간장입니다. 수확 시작 후 약 일주일의 제철 시기에 짠 일번착즙 스다치 과즙에 유자와 유코우 과즙을 더해 감귤 향을 부드럽게 살렸습니다. 염도를 낮춘 폰즈 간장으로 소개되어, 생선이나 고기, 두부 같은 재료의 맛을 감귤 산미로 깔끔하게 받쳐주는 조미료입니다.",샤브샤브·회·두부용 실용 선물로 좋음.,1,https://thumbnail.image.rakuten.co.jp/@0_mall/genki-bar/cabinet/sudachi/1ponsudachi.jpg?_ex=1024x1024,https://hb.afl.rakuten.co.jp/hgc/g00pj7kn.16t5uac7.g00pj7kn.16t5vf0c/?pc=https%3A%2F%2Fitem.rakuten.co.jp%2Fgenki-bar%2Fsudachi_ichibanpon360%2F&m=http%3A%2F%2Fm.rakuten.co.jp%2Fgenki-bar%2Fi%2F10000083%2F&rafcid=wsc_i_is_b93111dd-e085-46a2-a75f-28c1ee5d2de6
PRD_394,스다치 소금다레,すだち塩だれ 200ml,노다 허니(野田ハニー),REG_001,PRC_01,410,"스다치 소금다레는 노다 허니가 도쿠시마현산 스다치를 사용해 만든 200밀리리터 논오일 양념장입니다. 천연 스다치 과피의 상큼한 향에 마늘의 깊은 풍미를 더한 소금다레로 소개됩니다. 인공 향료와 보존료를 쓰지 않은 산뜻한 조미료라 샐러드, 고기 요리, 파스타, 두부 요리 등 여러 음식에 곁들이기 좋습니다.",고기·채소에 잘 어울려 자취생 선물로도 좋음.,1,https://thumbnail.image.rakuten.co.jp/@0_mall/tsutsu-uraura/cabinet/productpic_01/imgrc0068078477.jpg?_ex=1024x1024,https://hb.afl.rakuten.co.jp/hgc/g00r7kkn.16t5u9de.g00r7kkn.16t5v244/?pc=https%3A%2F%2Fitem.rakuten.co.jp%2Ftsutsu-uraura%2Fnodah-shiodare200ml%2F&m=http%3A%2F%2Fm.rakuten.co.jp%2Ftsutsu-uraura%2Fi%2F10002565%2F&rafcid=wsc_i_is_b93111dd-e085-46a2-a75f-28c1ee5d2de6
PRD_395,스다치 참깨다레 드레싱,すだち胡麻だれドレッシング200ml,노다 허니(野田ハニー),REG_001,PRC_01,410,"스다치 참깨다레 드레싱은 노다 허니의 200밀리리터 지역 드레싱입니다. 스다치의 상큼한 향과 참깨다레의 고소한 맛을 함께 살린 조미료로, 샐러드나 두부, 고기 요리에 곁들이기 좋은 형태입니다. 도쿠시마 특산 감귤의 산뜻함을 참깨 소스의 부드러운 맛과 연결한 상품입니다.",샐러드·냉샤브용으로 실용성이 높음.,1,https://thumbnail.image.rakuten.co.jp/@0_mall/tokushima-shop/cabinet/00401579/13_02/13_su_gomadare.jpg?_ex=1024x1024,https://hb.afl.rakuten.co.jp/hgc/g00qb1xn.16t5u308.g00qb1xn.16t5vfeb/?pc=https%3A%2F%2Fitem.rakuten.co.jp%2Ftokushima-shop%2F18-17-012%2F&m=http%3A%2F%2Fm.rakuten.co.jp%2Ftokushima-shop%2Fi%2F10001129%2F&rafcid=wsc_i_is_b93111dd-e085-46a2-a75f-28c1ee5d2de6
PRD_396,스다치 마멀레이드 400g,すだちマーマレード 400g,노다 허니(野田ハニー),REG_001,PRC_01,864,"스다치 마멀레이드는 노다 허니가 만든 400그램 잼입니다. 설탕 대신 벌꿀을 사용해 단맛을 부드럽게 조절한 스다치 마멀레이드로 소개됩니다. 선명한 녹색의 스다치 껍질 향과 산뜻한 감귤 풍미가 특징이며, 토스트나 요거트, 디저트에 곁들이기 좋은 잼입니다.",토스트·요거트에 잘 어울려 가족 선물로 좋음.,1,https://thumbnail.image.rakuten.co.jp/@0_mall/tsutsu-uraura/cabinet/11567390/4989264511551-3.jpg?_ex=1024x1024,https://hb.afl.rakuten.co.jp/hgc/g00r7kkn.16t5u9de.g00r7kkn.16t5v244/?pc=https%3A%2F%2Fitem.rakuten.co.jp%2Ftsutsu-uraura%2Fnoda-m-400-3s%2F&m=http%3A%2F%2Fm.rakuten.co.jp%2Ftsutsu-uraura%2Fi%2F10022134%2F&rafcid=wsc_i_is_b93111dd-e085-46a2-a75f-28c1ee5d2de6
PRD_397,도쿠시마 부카케 스다치 우동 2인분,徳島ぶっかけすだちうどん2人前,JA도쿠시마시 계열/도쿠시마현 물산센터(판매)(JA徳島市系／徳島県物産センター（販売）),REG_001,PRC_01,756,도쿠시마 부카케 스다치 우동은 생우동과 도쿠시마산 스다치 과즙을 함께 구성한 우동 세트입니다. 차갑거나 간단하게 비벼 먹는 부카케 우동에 스다치의 산뜻한 향을 더해 도쿠시마다운 감귤 풍미를 살립니다. 우동과 지역 특산 스다치를 함께 맛볼 수 있는 식사형 상품입니다.,귀국 후 간단히 현지 맛을 재현하기 좋음.,1,https://thumbnail.image.rakuten.co.jp/@0_mall/tokushima-shop/cabinet/00401825/08_01/udon_subu2_2023.jpg?_ex=1024x1024,https://hb.afl.rakuten.co.jp/hgc/g00qb1xn.16t5u308.g00qb1xn.16t5vfeb/?pc=https%3A%2F%2Fitem.rakuten.co.jp%2Ftokushima-shop%2Fg28u60%2F&m=http%3A%2F%2Fm.rakuten.co.jp%2Ftokushima-shop%2Fi%2F10001343%2F&rafcid=wsc_i_is_b93111dd-e085-46a2-a75f-28c1ee5d2de6
PRD_398,나루토금시 고프레트 16매입,鳴門金時ゴーフレット16枚入,도쿠시마현 물산센터(판매)(徳島県物産センター（販売）),REG_001,PRC_01,972,나루토금시 고프레트는 도쿠시마 특산 고구마 나루토금시의 풍미를 담은 16매입 고프레트 과자입니다. 바삭하고 얇은 고프레트 사이에 고구마 크림을 넣은 샌드형 과자입니다. 나루토금시의 부드러운 단맛을 가볍게 먹기 좋은 서양식 과자 형태로 만든 지역 간식입니다.,개별 포장이라 직장·학교 선물에 적합.,1,https://dzwpvqehwr7zl.cloudfront.net/omios/products/generated/_review/PRD_398/PRD_398_packshot_v1.png,https://tokushima-shop.jp/?pid=190223033&utm_source=
PRD_399,나루토금시 파이 14매입,鳴門金時パイ 14枚入,도쿠시마현 물산센터(판매)(徳島県物産センター（販売）),REG_001,PRC_01,648,나루토금시 파이는 도쿠시마 특산 나루토금시 고구마의 풍미를 살린 14매입 파이 과자입니다. 상품 설명에는 나루토금시 고구마의 고급스러운 단맛과 향이 퍼지는 파이라고 소개됩니다. 바삭한 파이 식감과 고구마의 은은한 단맛을 함께 느낄 수 있는 지역 과자입니다.,부담 없는 가격의 단체용 선물로 좋음.,1,https://thumbnail.image.rakuten.co.jp/@0_mall/tokushima-shop/cabinet/00497881/15_10/kintoki_pie28a.jpg?_ex=1024x1024,https://hb.afl.rakuten.co.jp/hgc/53033622.7bbb75b6.53033623.c98a76f0/?pc=https%3A%2F%2Fitem.rakuten.co.jp%2Ftokushima-shop%2F08-02-342%2F&m=https%3A%2F%2Fitem.rakuten.co.jp%2Ftokushima-shop%2F08-02-342%2F
PRD_400,나루토 소금 버터 샌드 5개입,鳴門塩バターサンド5個入,도쿠시마현 물산센터(판매)(徳島県物産センター（販売）),REG_001,PRC_01,972,"나루토 소금 버터 샌드는 나루토의 소금과 버터 풍미를 살린 5개입 샌드 과자입니다. 상품 설명에는 소금 버터와 팥의 풍미가 균형을 이루고, 거칠게 바삭한 식감이 특징이라고 소개됩니다. 짭조름한 버터 맛과 단팥의 부드러운 단맛이 함께 나는 도쿠시마 기념품형 과자입니다.",고급스러운 포장 과자 선물로 추천.,1,https://thumbnail.image.rakuten.co.jp/@0_mall/tokushima-shop/cabinet/00497881/15_10/sio_sand5a.jpg?_ex=1024x1024,https://hb.afl.rakuten.co.jp/hgc/g00qb1xn.16t5u308.g00qb1xn.16t5vfeb/?pc=https%3A%2F%2Fitem.rakuten.co.jp%2Ftokushima-shop%2F08-02-052%2F&m=http%3A%2F%2Fm.rakuten.co.jp%2Ftokushima-shop%2Fi%2F10001335%2F&rafcid=wsc_i_is_b93111dd-e085-46a2-a75f-28c1ee5d2de6
PRD_401,아와 와산본 레이즌 샌드 8개입,阿波和三盆レーズンサンド8個入,도쿠시마현 물산센터(판매)(徳島県物産センター（販売）),REG_001,PRC_02,1110,아와 와산본 레이즌 샌드는 도쿠시마의 아와 와산본을 사용한 8개입 샌드 과자입니다. 와산본 특유의 섬세하고 부드러운 단맛을 살린 크림에 건포도를 더해 풍미를 냅니다. 부드러운 크림과 레이즌의 향을 함께 느낄 수 있는 고급형 디저트 과자입니다.,어른 취향의 디저트 선물로 좋음.,1,https://dzwpvqehwr7zl.cloudfront.net/omios/products/generated/_review/PRD_401/PRD_401_packshot_v1.png,https://tokushima-shop.jp/?pid=187694045&utm_source=
PRD_402,아와의 무희 쇼콜라 샌드 쿠키 24개입,阿波の踊り子 焼きショコラサンドクッキー24個入,야오히데(八百秀),REG_001,PRC_02,1188,"아와의 무희 쇼콜라 샌드 쿠키는 도쿠시마의 아와오도리 무희 이미지를 디자인에 활용한 24개입 쿠키입니다. 구운 쇼콜라를 쿠키 사이에 샌드한 형태로, 초콜릿의 풍미와 바삭한 식감을 함께 살렸습니다. 아와오도리라는 지역 축제 이미지를 과자 디자인에 담은 도쿠시마 기념품형 쿠키입니다.",도쿠시마 느낌이 강한 단체 선물로 적합.,1,https://thumbnail.image.rakuten.co.jp/@0_mall/tokushima-shop/cabinet/00497881/15_10/awadan_cookie24b.jpg?_ex=1024x1024,https://hb.afl.rakuten.co.jp/hgc/53033622.7bbb75b6.53033623.c98a76f0/?pc=https%3A%2F%2Fitem.rakuten.co.jp%2Fgakuhu%2Fm4533248138717%2F&m=https%3A%2F%2Fitem.rakuten.co.jp%2Fgakuhu%2Fm4533248138717%2F
PRD_403,나루토금시 포테렛 5개입,鳴門金時ポテレット5個入,일로자(イルローザ),REG_001,PRC_02,1152,나루토금시 포테렛은 도쿠시마 양과자점 일로자가 만든 5개입 고구마 디저트입니다. 촉촉한 사블레 반죽과 스위트포테이토가 하나로 어우러진 식감이 특징으로 소개됩니다. 나루토금시 고구마의 단맛을 부드러운 양과자 형태로 살린 상품입니다.,디저트 좋아하는 사람에게 고급 간식 선물로 좋음.,1,https://thumbnail.image.rakuten.co.jp/@0_mall/tokushima-shop/cabinet/00497881/15_8/poteret5b.jpg?_ex=1024x1024,https://hb.afl.rakuten.co.jp/hgc/g00qb1xn.16t5u308.g00qb1xn.16t5vfeb/?pc=https%3A%2F%2Fitem.rakuten.co.jp%2Ftokushima-shop%2Fgi0kas705p%2F&m=http%3A%2F%2Fm.rakuten.co.jp%2Ftokushima-shop%2Fi%2F10000945%2F&rafcid=wsc_i_is_b93111dd-e085-46a2-a75f-28c1ee5d2de6
PRD_404,금장만주,金長まんじゅう,주식회사 하레루야(株式会社ハレルヤ),REG_001,PRC_01,162,"금장만주는 하레루야가 1937년에 만든 도쿠시마 명과입니다. 초콜릿 풍미의 반죽으로 직접 만든 흰 팥앙금을 감싼 만주로, 쌉싸름한 겉피와 담백한 앙금의 조화가 특징입니다. 도쿠시마를 대표하는 과자 중 하나로 오래 이어진 브랜드 스토리를 지닌 상품입니다.",도쿠시마 전통 과자 입문용으로 추천.,1,https://thumbnail.image.rakuten.co.jp/@0_mall/tokushima-shop/cabinet/00497881/15_7/kintyou4c500a.jpg?_ex=1024x1024,https://hb.afl.rakuten.co.jp/hgc/g00qb1xn.16t5u308.g00qb1xn.16t5vfeb/?pc=https%3A%2F%2Fitem.rakuten.co.jp%2Ftokushima-shop%2F08-01-70%2F&m=http%3A%2F%2Fm.rakuten.co.jp%2Ftokushima-shop%2Fi%2F10000487%2F&rafcid=wsc_i_is_b93111dd-e085-46a2-a75f-28c1ee5d2de6
PRD_405,금장 골드,金長ゴールド,주식회사 하레루야(株式会社ハレルヤ),REG_001,PRC_01,162,"금장 골드는 하레루야의 금장만주 계열 고급 만주입니다. 반죽에는 계란 노른자, 마가린, 와산본을 사용하고 앙금에도 계란 노른자를 넣어 촉촉하고 부드러운 단맛을 냅니다. 제23회 전국과자대박람회에서 다도 가원상을 받은 이력이 있는 도쿠시마 명과입니다.",일반 금장만주보다 격식 있는 선물로 선택.,1,https://thumbnail.image.rakuten.co.jp/@0_mall/tokushima-shop/cabinet/00497881/15_7/kintyou10g500a.jpg?_ex=1024x1024,https://hb.afl.rakuten.co.jp/hgc/g00qb1xn.16t5u308.g00qb1xn.16t5vfeb/?pc=https%3A%2F%2Fitem.rakuten.co.jp%2Ftokushima-shop%2Fgi1oka3%2F&m=http%3A%2F%2Fm.rakuten.co.jp%2Ftokushima-shop%2Fi%2F10000302%2F&rafcid=wsc_i_is_b93111dd-e085-46a2-a75f-28c1ee5d2de6
PRD_406,프리미엄 금장만주,プレミアム金長まんじゅう,주식회사 하레루야(株式会社ハレルヤ),REG_001,PRC_01,194,"프리미엄 금장만주는 금장만주의 초콜릿 풍미를 더 진하게 확장한 하레루야의 만주입니다. 초코 반죽으로 직접 끓인 흰 앙금을 감싸고, 그 안에 다시 초코 크림을 넣어 만든 구조입니다. 살짝 데우면 겉은 바삭하고 안의 초코 크림은 부드럽게 녹아, 기존 금장만주보다 진한 디저트감을 줍니다.",적은 수량으로 맛보기 구매하기 좋음.,1,https://thumbnail.image.rakuten.co.jp/@0_mall/tokushima-shop/cabinet/00497881/15_7/kintyou10p500a.jpg?_ex=1024x1024,https://hb.afl.rakuten.co.jp/hgc/g00qb1xn.16t5u308.g00qb1xn.16t5vfeb/?pc=https%3A%2F%2Fitem.rakuten.co.jp%2Ftokushima-shop%2Fgi1oka33%2F&m=http%3A%2F%2Fm.rakuten.co.jp%2Ftokushima-shop%2Fi%2F10000851%2F&rafcid=wsc_i_is_b93111dd-e085-46a2-a75f-28c1ee5d2de6
PRD_407,나루토금시 스위트포테토,なると金時スイートポテト,주식회사 하레루야(株式会社ハレルヤ),REG_001,PRC_01,180,나루토금시 스위트포테토는 도쿠시마산 나루토금시 고구마의 단맛을 살린 하레루야의 디저트입니다. 촉촉한 반죽 속에서 나루토금시 특유의 고급스러운 단맛이 느껴지는 스위트포테이토로 소개됩니다. 지나치게 달지 않고 부드러운 식감이 특징인 고구마 과자입니다.,낱개 구매가 가능해 맛보기용으로 좋음.,1,https://thumbnail.image.rakuten.co.jp/@0_mall/tokushima-shop/cabinet/00497881/15_7/potato_atelier8a.jpg?_ex=1024x1024,https://hb.afl.rakuten.co.jp/hgc/g00qb1xn.16t5u308.g00qb1xn.16t5vfeb/?pc=https%3A%2F%2Fitem.rakuten.co.jp%2Ftokushima-shop%2F08-012-10%2F&m=http%3A%2F%2Fm.rakuten.co.jp%2Ftokushima-shop%2Fi%2F10001318%2F&rafcid=wsc_i_is_b93111dd-e085-46a2-a75f-28c1ee5d2de6
PRD_408,나루토 우즈이모,鳴門うず芋,구리오 상점(栗尾商店),REG_001,PRC_01,864,"나루토 우즈이모는 구리오 상점이 엄선한 나루토금시 고구마를 원료로 만든 도쿠시마 명물 과자입니다. 나루토 해협의 미네랄을 머금은 모래밭에서 자란 나루토금시는 고구마의 여왕이라고 불릴 만큼 향과 소박한 풍미가 뛰어난 품종으로 소개됩니다. 창업 이래 80년 넘게 이어 온 비전의 꿀 절임 바탕에 담갔다가 건조하는 과정을 거쳐, 고구마의 단맛과 쫀득한 식감을 깊게 살린 상품입니다.",달콤한 전통 고구마 간식으로 어른 선물에 좋음.,1,https://thumbnail.image.rakuten.co.jp/@0_mall/tokushima-shop/cabinet/00497881/15_2/uzuimo2021_500.jpg?_ex=1024x1024,https://hb.afl.rakuten.co.jp/hgc/53033622.7bbb75b6.53033623.c98a76f0/?pc=https%3A%2F%2Fitem.rakuten.co.jp%2Ftokushima-shop%2F08-50%2F&m=https%3A%2F%2Fitem.rakuten.co.jp%2Ftokushima-shop%2F08-50%2F
PRD_409,나루토 우즈킨 6개입,なると渦きん 6個入,구리오 상점(栗尾商店),REG_001,PRC_01,864,나루토 우즈킨은 도쿠시마현산 나루토금시 고구마를 100% 사용한 이모킨츠바입니다. 나루토 해협의 바닷바람을 맞은 모래밭에서 자라 고운 질감과 적당한 단맛을 지닌 나루토금시의 풍미를 살렸습니다. 전자레인지에 아주 짧게 데우면 고구마 향이 퍼지고 촉촉한 식감이 살아나는 점도 특징으로 소개됩니다.,차와 함께 먹는 일본식 선물 과자로 추천.,1,https://thumbnail.image.rakuten.co.jp/@0_mall/tokushima-shop/cabinet/00497881/uzukin-k.jpg?_ex=1024x1024,https://hb.afl.rakuten.co.jp/hgc/g00qb1xn.16t5u308.g00qb1xn.16t5vfeb/?pc=https%3A%2F%2Fitem.rakuten.co.jp%2Ftokushima-shop%2F08-06-010%2F&m=http%3A%2F%2Fm.rakuten.co.jp%2Ftokushima-shop%2Fi%2F10000501%2F&rafcid=wsc_i_is_b93111dd-e085-46a2-a75f-28c1ee5d2de6
PRD_410,나루토금시 고구마 양갱 스틱,鳴門金時芋ようかん 食べ切りスティックタイプ,구리오 상점(栗尾商店),REG_001,PRC_01,216,나루토금시 고구마 양갱 스틱은 구리오 상점이 나루토금시 고구마를 100% 사용해 만든 스틱형 양갱입니다. 나루토 해협의 바닷바람을 맞은 모래밭에서 자란 도쿠시마현산 나루토금시의 고운 질감과 알맞은 단맛을 살렸습니다. 옛 방식의 본반죽으로 마무리해 고구마 자체의 식감과 자연스러운 풍미를 간편한 1회분 형태로 담은 상품입니다.,가방에 넣기 쉬워 여행 중 간식으로 좋음.,1,https://thumbnail.image.rakuten.co.jp/@0_mall/tokushima-shop/cabinet/00497881/15_2/kashi_youkan1a.jpg?_ex=1024x1024,https://hb.afl.rakuten.co.jp/hgc/g00qb1xn.16t5u308.g00qb1xn.16t5vfeb/?pc=https%3A%2F%2Fitem.rakuten.co.jp%2Ftokushima-shop%2F08-06-02%2F&m=http%3A%2F%2Fm.rakuten.co.jp%2Ftokushima-shop%2Fi%2F10000505%2F&rafcid=wsc_i_is_b93111dd-e085-46a2-a75f-28c1ee5d2de6
PRD_411,나루토금시 캐러멜 도넛 대 8개입,鳴門金時 キャラメルドーナツ 大 8個入,나루토 치도리 본포(鳴門千鳥本舗),REG_001,PRC_02,1080,"나루토금시 캐러멜 도넛은 나루토 치도리 본포의 8개입 도넛형 과자입니다. 도쿠시마 특산 나루토금시 고구마의 부드러운 단맛에 캐러멜 풍미를 더한 간식입니다. 도넛 형태라 나눠 먹기 쉽고, 고구마와 캐러멜의 달콤한 조합을 전면에 둔 지역 과자입니다.",아이와 가족용 달콤한 간식 선물로 좋음.,1,https://thumbnail.image.rakuten.co.jp/@0_mall/narutochidori/cabinet/gazou2/04-934.jpg?_ex=1024x1024,https://hb.afl.rakuten.co.jp/hgc/g00qo5tn.16t5u94e.g00qo5tn.16t5vb2c/?pc=https%3A%2F%2Fitem.rakuten.co.jp%2Fnarutochidori%2F04-934%2F&m=http%3A%2F%2Fm.rakuten.co.jp%2Fnarutochidori%2Fi%2F10000583%2F&rafcid=wsc_i_is_b93111dd-e085-46a2-a75f-28c1ee5d2de6
PRD_412,나루토금시 이모켄피,なると金時 芋けんぴ,나루토노 이모야(鳴門のいも屋),REG_001,PRC_02,1222,나루토금시 이모켄피는 나루토노 이모야가 엄선한 나루토금시 고구마로 만든 바삭한 고구마 과자입니다. 고구마 전문가들이 식감과 풍미를 여러 차례 조정해 만든 고급 이모켄피로 소개됩니다. 담백한 단맛과 카리카리하고 사각거리는 식감이 특징인 도쿠시마 고구마 간식입니다.,과자처럼 먹기 쉬워 친구 선물로 좋음.,1,https://thumbnail.image.rakuten.co.jp/@0_mall/2003bussankan/cabinet/okasi/yaohide/img58425198.jpg?_ex=1024x1024,https://hb.afl.rakuten.co.jp/hgc/g00r0pwn.16t5uff7.g00r0pwn.16t5v7ac/?pc=https%3A%2F%2Fitem.rakuten.co.jp%2F2003bussankan%2F10001260%2F&m=http%3A%2F%2Fm.rakuten.co.jp%2F2003bussankan%2Fi%2F10001260%2F&rafcid=wsc_i_is_b93111dd-e085-46a2-a75f-28c1ee5d2de6
PRD_413,나루토금시 군고구마 사블레,鳴門金時 焼き芋サブレ,도쿠시마현 물산관(徳島県物産館),REG_001,PRC_02,1620,"나루토금시 군고구마 사블레는 나루토금시 고구마 페이스트를 사용한 고구마 모양 사블레 쿠키입니다. 나루토의 모래밭에서 햇빛을 받고 자란 나루토금시를 소재로 하며, 구운 고구마의 향과 단맛을 살렸습니다. 사블레 특유의 바삭한 식감과 고구마 풍미가 어우러지는 도쿠시마 과자입니다.",커피·차와 함께 먹는 선물 과자로 좋음.,1,https://thumbnail.image.rakuten.co.jp/@0_mall/mannma-mannma/cabinet/compass1772705736.jpg?_ex=1024x1024,https://hb.afl.rakuten.co.jp/hgc/53033622.7bbb75b6.53033623.c98a76f0/?pc=https%3A%2F%2Fitem.rakuten.co.jp%2Fmannma-mannma%2Fcompass1704950735%2F&m=https%3A%2F%2Fitem.rakuten.co.jp%2Fmannma-mannma%2Fcompass1704950735%2F
PRD_414,나루토금시 랑그드샤 대 12매,鳴門金時 ラングドシャ 大 12枚入,나루토 치도리 본포(鳴門千鳥本舗),REG_001,PRC_02,1296,나루토금시 랑그드샤는 나루토 치도리 본포의 12매입 랑그드샤 과자입니다. 도쿠시마 특산 나루토금시 고구마의 풍미를 부드러운 쿠키 형태로 담은 상품입니다. 얇고 가벼운 랑그드샤 식감에 고구마의 은은한 단맛을 더한 기념품형 과자입니다.,포장감이 좋아 연인·친구 선물로 적합.,1,https://thumbnail.image.rakuten.co.jp/@0_mall/narutochidori/cabinet/gazou2/04-887.jpg?_ex=1024x1024,https://hb.afl.rakuten.co.jp/hgc/g00qo5tn.16t5u94e.g00qo5tn.16t5vb2c/?pc=https%3A%2F%2Fitem.rakuten.co.jp%2Fnarutochidori%2F04-887%2F&m=http%3A%2F%2Fm.rakuten.co.jp%2Fnarutochidori%2Fi%2F10000586%2F&rafcid=wsc_i_is_b93111dd-e085-46a2-a75f-28c1ee5d2de6
PRD_415,나루토금시 우이로 6개 세트,鳴門きんとき入りういろう 100g×6個,야마쿠 식품(ヤマク食品),REG_001,PRC_02,1350,나루토금시 우이로는 야마쿠 식품의 100그램 6개 세트 우이로 과자입니다. 도쿠시마 특산 나루토금시 고구마를 넣어 쫀득한 우이로에 고구마의 단맛을 더한 상품입니다. 개별 용량으로 구성되어 전통 떡과자 계열의 식감과 지역 고구마 소재를 함께 맛볼 수 있습니다.,한국 떡 식감 좋아하는 사람에게 추천.,1,https://thumbnail.image.rakuten.co.jp/@0_mall/midorisyoten/cabinet/213/213-010-033-6m.jpg?_ex=1024x1024,https://hb.afl.rakuten.co.jp/hgc/53033622.7bbb75b6.53033623.c98a76f0/?pc=https%3A%2F%2Fitem.rakuten.co.jp%2Fmidorisyoten%2F231-010-033-6m%2F&m=https%3A%2F%2Fitem.rakuten.co.jp%2Fmidorisyoten%2F231-010-033-6m%2F
PRD_416,아와 우이로,阿波ういろ,구리오 상점(栗尾商店),REG_001,PRC_01,594,"아와 우이로는 도쿠시마의 전통적인 우이로 과자입니다. 독특하게 쫄깃한 식감과 깊은 팥 풍미, 적당한 단맛이 특징으로 소개됩니다. 기원은 간세이 연간 아와국에서 와산본이 만들어지게 된 일을 기념해 도쿠시마 번주들이 옛 음력 3월 3일 절기에 먹기 시작한 데서 비롯된 것으로 전해집니다. 지금도 지역에서 아와 우이로를 먹는 풍습이 남아 있는 향토 과자입니다.",차와 함께 먹는 전통 디저트 선물로 좋음.,1,https://thumbnail.image.rakuten.co.jp/@0_mall/tokushima-shop/cabinet/00497881/uiro_awa1.jpg?_ex=1024x1024,https://hb.afl.rakuten.co.jp/hgc/53033622.7bbb75b6.53033623.c98a76f0/?pc=https%3A%2F%2Fitem.rakuten.co.jp%2Ftokushima-shop%2F08-80%2F&m=https%3A%2F%2Fitem.rakuten.co.jp%2Ftokushima-shop%2F08-80%2F
PRD_417,고구마 우이로,芋ういろ,구리오 상점(栗尾商店),REG_001,PRC_01,594,고구마 우이로는 도쿠시마 명과 아와 우이로 계열에 고구마 풍미를 더한 과자입니다. 쫀득한 식감과 은은한 단맛이 특징인 우이로에 고구마의 부드러운 맛을 결합한 상품입니다. 전통 떡과자 같은 질감을 살리면서 지역 고구마 소재를 함께 느낄 수 있습니다.,나루토금시 계열 과자를 좋아하면 함께 구매 추천.,1,https://thumbnail.image.rakuten.co.jp/@0_mall/tokushima-shop/cabinet/00497881/uiro_imo1.jpg?_ex=1024x1024,https://hb.afl.rakuten.co.jp/hgc/53033622.7bbb75b6.53033623.c98a76f0/?pc=https%3A%2F%2Fitem.rakuten.co.jp%2Ftokushima-shop%2F08-83%2F&m=https%3A%2F%2Fitem.rakuten.co.jp%2Ftokushima-shop%2F08-83%2F
PRD_418,밤 우이로,栗ういろ,구리오 상점(栗尾商店),REG_001,PRC_01,594,"밤 우이로는 도쿠시마 명과 우이로에 밤의 풍미를 더한 과자입니다. 우이로 특유의 쫄깃한 식감과 적당한 단맛을 바탕으로, 밤이 주는 고소하고 부드러운 맛을 함께 살린 상품입니다. 전통적인 아와 우이로 계열을 다른 소재로 변주한 디저트입니다.",부모님·상사에게 무난한 전통 과자로 추천.,1,https://thumbnail.image.rakuten.co.jp/@0_mall/tokushima-shop/cabinet/00497881/uiro_kuri1.jpg?_ex=1024x1024,https://hb.afl.rakuten.co.jp/hgc/53033622.7bbb75b6.53033623.c98a76f0/?pc=https%3A%2F%2Fitem.rakuten.co.jp%2Ftokushima-shop%2F08-81%2F&m=https%3A%2F%2Fitem.rakuten.co.jp%2Ftokushima-shop%2F08-81%2F
PRD_419,사오시카 반봉,小男鹿 半棹,사오시카 본포 후지야(小男鹿本舗 冨士屋),REG_001,PRC_02,1188,"사오시카는 츠쿠네이모를 사용해 찐 도쿠시마의 고급 장대형 화과자입니다. 상품 설명에는 츠쿠네이모의 힘으로 멥쌀가루, 찹쌀가루, 고급 달걀을 섞은 반죽을 부풀려 찌는 과자라고 소개됩니다. 대납언 팥을 단팥으로 다듬어 반죽에 맞추고, 작은 사슴의 무늬처럼 보이도록 꾸민 것이 특징입니다. 윗부분에는 말차색 선을 넣어 푸른 단풍의 산뜻한 풍경을 표현합니다.",유통기한이 짧은 편이라 귀국 직전 구매 추천.,1,https://thumbnail.image.rakuten.co.jp/@0_mall/tokushima-shop/cabinet/00401799/saoshika500_01.jpg?_ex=1024x1024,https://hb.afl.rakuten.co.jp/hgc/g00qb1xn.16t5u308.g00qb1xn.16t5vfeb/?pc=https%3A%2F%2Fitem.rakuten.co.jp%2Ftokushima-shop%2F08-35%2F&m=http%3A%2F%2Fm.rakuten.co.jp%2Ftokushima-shop%2Fi%2F10000086%2F&rafcid=wsc_i_is_b93111dd-e085-46a2-a75f-28c1ee5d2de6
PRD_420,포도만주 5본입,ぶどう饅頭 5本入,히노데 본점(日乃出本店),REG_001,PRC_01,735,"포도만주는 히노데 본점의 아와·도쿠시마 명물 만주입니다. 요시노강의 맑은 물과 특제 앙금을 사용해 정성껏 쪄낸 과자로 소개됩니다. 5본입 구성은 포도알처럼 작은 만주를 꼬치 형태로 담은 상품으로, 독특한 모양과 부드러운 앙금 맛이 특징입니다.",개별성이 강해 관광 기념품 느낌이 뚜렷함.,1,https://thumbnail.image.rakuten.co.jp/@0_mall/2003bussankan/cabinet/okasi/tokusimameika/imgrc0075494713.jpg?_ex=1024x1024,https://hb.afl.rakuten.co.jp/hgc/g00r0pwn.16t5uff7.g00r0pwn.16t5v7ac/?pc=https%3A%2F%2Fitem.rakuten.co.jp%2F2003bussankan%2F10001540%2F&m=http%3A%2F%2Fm.rakuten.co.jp%2F2003bussankan%2Fi%2F10001540%2F&rafcid=wsc_i_is_b93111dd-e085-46a2-a75f-28c1ee5d2de6
PRD_421,폭포 떡구이 5개,滝の焼餅 煎茶・晩茶＜5個＞,와다노야(和田の屋),REG_001,PRC_01,830,"와다노야의 폭포 떡구이는 도쿠시마 비잔 기슭의 본점과 함께 알려진 아와 명물 구운 떡입니다. 작은 떡을 노릇하게 구워 고소한 향을 내고, 차와 함께 먹기 좋은 은은한 단맛과 쫀득한 식감을 지녔습니다. 오래된 도쿠시마 과자 문화와 비잔 풍경의 이야기가 함께 담긴 지역 화과자입니다.",바로 먹는 타입이라 여행 중 간식으로도 좋음.,1,https://dzwpvqehwr7zl.cloudfront.net/omios/products/generated/_review/PRD_421/PRD_421_packshot_v1.png,https://tokushima-aeonmall.com/shop/detail/20?utm_source=
PRD_422,와산본 아와의 풍정 소상자 32알,和三盆 阿波の風情 小箱 32粒入,도쿠시마현 물산센터(판매)(徳島県物産センター（販売）),REG_001,PRC_02,1404,"와산본 아와의 풍정은 아와 와산본당으로 만든 32알 소상자 건과자입니다. 와산본은 도쿠시마와 가가와에서 재배되는 재래 품종 치쿠토 사탕수수를 원료로 하는 전통 설탕입니다. 부드럽게 녹는 섬세한 단맛과 깔끔한 뒷맛이 특징이며, 작은 알 형태의 건과자로 차와 함께 먹기 좋습니다.",차 선물과 함께 주면 격식 있는 선물이 됨.,1,https://thumbnail.image.rakuten.co.jp/@0_mall/tokushima-shop/cabinet/00389560/awafuzei-wasan400m.jpg?_ex=1024x1024,https://hb.afl.rakuten.co.jp/hgc/g00qb1xn.16t5u308.g00qb1xn.16t5vfeb/?pc=https%3A%2F%2Fitem.rakuten.co.jp%2Ftokushima-shop%2F08-26%2F&m=http%3A%2F%2Fm.rakuten.co.jp%2Ftokushima-shop%2Fi%2F10000493%2F&rafcid=wsc_i_is_b93111dd-e085-46a2-a75f-28c1ee5d2de6
PRD_423,와산본 마리우타,和三盆 毬唄,야오히데(八百秀),REG_001,PRC_01,810,"와산본 마리우타는 야오히데가 만든 아와 와산본당 건과자입니다. 에도 시대부터 이어진 전통 설탕인 와산본을 주원료로 사용하며, 섬세하고 부드러운 단맛이 특징입니다. 작은 모양의 건과자로 구성되어 차와 곁들이기 좋고, 아와 지역의 전통 감미 문화를 담은 상품입니다.",가볍지만 고급스러운 일본식 선물로 적합.,1,https://thumbnail.image.rakuten.co.jp/@0_mall/2003bussankan/cabinet/okasi/yaohide/img59513560.jpg?_ex=1024x1024,https://hb.afl.rakuten.co.jp/hgc/g00r0pwn.16t5uff7.g00r0pwn.16t5v7ac/?pc=https%3A%2F%2Fitem.rakuten.co.jp%2F2003bussankan%2F10000238%2F&m=http%3A%2F%2Fm.rakuten.co.jp%2F2003bussankan%2Fi%2F10000238%2F&rafcid=wsc_i_is_b93111dd-e085-46a2-a75f-28c1ee5d2de6
PRD_424,아와의 풍정 치요상자 소 20개,徳島特産 和三盆糖製 阿波の風情 千代箱 小 20個入り,도쿠시마현 물산센터(판매)(徳島県物産センター（販売）),REG_001,PRC_01,864,"아와의 풍정 치요상자 소는 도쿠시마 특산 와산본당으로 만든 20개입 건과자입니다. 작은 치요상자에 담긴 구성이라 모양과 포장 자체가 아기자기한 기념품 성격을 지닙니다. 와산본 특유의 부드러운 향, 매끄러운 질감, 깔끔한 단맛을 살린 전통 건과자입니다.",포장이 예뻐 연인·상사 선물로 좋음.,1,https://dzwpvqehwr7zl.cloudfront.net/omios/products/generated/_review/PRD_424/PRD_424_packshot_v1.png,https://tokushima-shop.jp/?pid=176975682&utm_source=
PRD_425,시소 와카메 생후리카케,しそわかめ 生ふりかけ,도쿠시마현 물산관(徳島県物産館),REG_001,PRC_02,1177,"시소 와카메 생후리카케는 와카메와 시소의 감칠맛을 살린 반건조 후리카케입니다. 시소의 은은한 향이 와카메의 바다 풍미를 가볍게 받쳐 주는 것이 특징입니다. 밥, 주먹밥, 계란말이에 뿌리거나 무즙과 함께 무쳐 먹기 좋은 밥반찬형 양념입니다.",밥에 뿌려 먹는 실용 식품 선물로 좋음.,1,https://thumbnail.image.rakuten.co.jp/@0_mall/2003bussankan/cabinet/kakousyokuhin/sonota/imgrc0076221592.jpg?_ex=1024x1024,https://hb.afl.rakuten.co.jp/hgc/g00r0pwn.16t5uff7.g00r0pwn.16t5v7ac/?pc=https%3A%2F%2Fitem.rakuten.co.jp%2F2003bussankan%2F10002551%2F&m=http%3A%2F%2Fm.rakuten.co.jp%2F2003bussankan%2Fi%2F10002551%2F&rafcid=wsc_i_is_b93111dd-e085-46a2-a75f-28c1ee5d2de6
PRD_426,오노 김 맛김,大野海苔 味付け卓上のり 1本,오노 김(大野海苔),REG_001,PRC_01,628,"오노 김 맛김은 도쿠시마 특산품으로 알려진 탁상형 맛김입니다. 8절 48매 구성으로, 향 좋게 구운 김에 단맛, 매운맛, 알싸한 맛이 어우러진 양념을 입혔습니다. 밥과 함께 먹기 좋은 진한 양념 풍미가 특징인 지역 인기 김 제품입니다.",한국인 입맛에도 익숙해 실패 확률이 낮음.,1,https://thumbnail.image.rakuten.co.jp/@0_mall/shikokuumaimonya/cabinet/compass1736235928.jpg?_ex=1024x1024,https://hb.afl.rakuten.co.jp/hgc/53033622.7bbb75b6.53033623.c98a76f0/?pc=https%3A%2F%2Fitem.rakuten.co.jp%2Fchoosefood%2Fch-ohno001%2F&m=https%3A%2F%2Fitem.rakuten.co.jp%2Fchoosefood%2Fch-ohno001%2F
PRD_427,카츠텐 3매입,かつ天3枚入,타니 치쿠와 상점(谷ちくわ商店),REG_001,PRC_01,442,"카츠텐은 도쿠시마 고마쓰시마 명물로 알려진 매콤한 어묵 튀김입니다. 신선한 생선살에 칠미고추와 카레가루를 더해 매콤하게 맛을 낸 것이 특징입니다. 그대로 먹어도 좋고, 잘게 썰어 야키소바나 오코노미야키 재료, 도시락 반찬으로 활용할 수 있는 지역 어묵 상품입니다.","냉장 보관 필요, 호텔에서 바로 먹을 간식으로 추천.",1,https://thumbnail.image.rakuten.co.jp/@0_mall/tokushima-shop/cabinet/00402045/11_tani/katsu3-5.jpg?_ex=1024x1024,https://hb.afl.rakuten.co.jp/hgc/53033622.7bbb75b6.53033623.c98a76f0/?pc=https%3A%2F%2Fitem.rakuten.co.jp%2Ftokushima-shop%2F20-20%2F&m=https%3A%2F%2Fitem.rakuten.co.jp%2Ftokushima-shop%2F20-20%2F
PRD_428,아와오도리 닭 거친갈이 카레,阿波尾鶏 地鶏 あら挽カレー 180g,사다미쓰 식량공업 주식회사(貞光食糧工業株式会社),REG_001,PRC_02,1399,"아와오도리 닭 거친갈이 카레는 도쿠시마 브랜드 닭인 아와오도리 닭을 사용한 180그램 레토르트 카레입니다. 닭고기의 적당한 탄력을 살리기 위해 거칠게 간 형태로 만들었고, 화학조미료 없이도 감칠맛이 나도록 3년간 시행착오 끝에 완성한 인도풍 카레로 소개됩니다. 닭고기 식감과 향신료 풍미가 살아 있는 지역 고토치 카레입니다.",상온 보관 가능한 식품 선물로 실용적.,1,https://thumbnail.image.rakuten.co.jp/@0_mall/jgd-k/cabinet/03150580/03158437/imgrc0080336305.jpg?_ex=1024x1024,https://hb.afl.rakuten.co.jp/hgc/53033622.7bbb75b6.53033623.c98a76f0/?pc=https%3A%2F%2Fitem.rakuten.co.jp%2Fjgd-k%2F4920468522356-c1%2F&m=https%3A%2F%2Fitem.rakuten.co.jp%2Fjgd-k%2F4920468522356-c1%2F
PRD_429,한다 소면 1kg 화장상자,半田そうめん1kg 化粧箱入 阿波おどり,다키하라 제면(たきはら製麺),REG_001,PRC_02,1782,한다 소면은 도쿠시마현 명산품으로 알려진 굵은 면발의 소면입니다. 이 상품은 다키하라 제면의 한다 소면 1킬로그램을 아와오도리 디자인 화장상자에 담은 구성입니다. 일반적인 소면보다 존재감 있는 굵은 면발이 특징이라 차갑게 먹거나 국물 요리에 활용하기 좋은 지역 면 상품입니다.,여름 선물·가족용 식재료로 좋음.,1,https://thumbnail.image.rakuten.co.jp/@0_mall/tokushima-shop/cabinet/00401825/06/soumen_awa1_5a.jpg?_ex=1024x1024,https://hb.afl.rakuten.co.jp/hgc/g00qb1xn.16t5u308.g00qb1xn.16t5vfeb/?pc=https%3A%2F%2Fitem.rakuten.co.jp%2Ftokushima-shop%2F06-01%2F&m=http%3A%2F%2Fm.rakuten.co.jp%2Ftokushima-shop%2Fi%2F10000024%2F&rafcid=wsc_i_is_b93111dd-e085-46a2-a75f-28c1ee5d2de6
PRD_430,아와반차 티백 2g×30,阿波晩茶 2g×30袋,오가와 생약(小川生薬),REG_001,PRC_02,1836,"아와반차 티백은 오가와 생약이 만든 2그램 30포 구성의 국산 차입니다. 아와반차는 유산 발효 과정을 거치는 도쿠시마 전통 차로, 일반 녹차와 다른 산뜻하고 부드러운 풍미가 특징입니다. 티백 형태라 전통 발효차를 간편하게 우려 마실 수 있습니다.",카페인 부담이 적은 차 선물로 부모님께 적합.,1,https://thumbnail.image.rakuten.co.jp/@0_mall/teabox/cabinet/secret/awabancha/501000_n_pt_v2.jpg?_ex=1024x1024,https://hb.afl.rakuten.co.jp/hgc/g00qtc0n.16t5u221.g00qtc0n.16t5v78a/?pc=https%3A%2F%2Fitem.rakuten.co.jp%2Fteabox%2F130-1%2F&m=http%3A%2F%2Fm.rakuten.co.jp%2Fteabox%2Fi%2F10000425%2F&rafcid=wsc_i_is_b93111dd-e085-46a2-a75f-28c1ee5d2de6
PRD_431,고젠미소 코우덴 1kg,魚井の御膳みそ 糀傳 17割糀仕込み 1kg,우오이 상점(魚井商店),REG_001,PRC_02,1075,고젠미소 코우덴은 우오이 상점의 1킬로그램 쌀된장입니다. 쪄낸 흰눈콩에 나루토 소금과 엄선한 쌀누룩을 더해 만든 17할 누룩 배합 미소로 소개됩니다. 쌀누룩 비율이 높은 만큼 부드러운 단맛과 깊은 감칠맛을 살린 도쿠시마식 조미식품입니다.,요리하는 가족·부모님에게 실용 선물로 좋음.,1,https://thumbnail.image.rakuten.co.jp/@0_mall/oomoriya-m/cabinet/268-gz.jpg?_ex=1024x1024,https://hb.afl.rakuten.co.jp/hgc/g00qkehn.16t5u53d.g00qkehn.16t5vc95/?pc=https%3A%2F%2Fitem.rakuten.co.jp%2Foomoriya-m%2F268-gz%2F&m=http%3A%2F%2Fm.rakuten.co.jp%2Foomoriya-m%2Fi%2F10001204%2F&rafcid=wsc_i_is_b93111dd-e085-46a2-a75f-28c1ee5d2de6
PRD_432,아이조메 손수건,藍染めハンカチ,아와 유젠 공장(阿波友禅工場),REG_001,PRC_02,1650,"아이조메 손수건은 아와 유젠 공장의 천연 쪽 염색 손수건입니다. 도쿠시마에서 제작되는 전통 공예품으로, 아이하나 보카시 기법의 자연스러운 색 번짐이 특징입니다. 면 100% 소재의 약 44센티미터 손수건이며, 손작업으로 염색해 색감에 미묘한 차이가 생길 수 있는 공예 소품입니다.",먹거리 아닌 오래 남는 선물로 추천.,1,https://thumbnail.image.rakuten.co.jp/@0_mall/tokushima-shop/cabinet/00427918/18_ai/ai_hankachi6a.jpg?_ex=1024x1024,https://hb.afl.rakuten.co.jp/hgc/g00qb1xn.16t5u308.g00qb1xn.16t5vfeb/?pc=https%3A%2F%2Fitem.rakuten.co.jp%2Ftokushima-shop%2F14-51-044%2F&m=http%3A%2F%2Fm.rakuten.co.jp%2Ftokushima-shop%2Fi%2F10001068%2F&rafcid=wsc_i_is_b93111dd-e085-46a2-a75f-28c1ee5d2de6
PRD_433,오타니야키 부부 찻잔,大谷焼 夫婦湯呑 化粧木箱入,모리 도기(森陶器),REG_001,PRC_05,4950,"오타니야키 부부 찻잔은 도쿠시마를 대표하는 전통 도자기 오타니야키로 만든 페어 찻잔 세트입니다. 모리 도기의 부부 찻잔을 화장목상자에 담은 구성으로, 베이지 계열의 따뜻한 색감과 도자기 특유의 질감이 특징입니다. 일상에서 쓰기 좋은 찻잔이면서 지역 전통 공예품의 성격을 함께 지닌 상품입니다.",깨지기 쉬우니 기내용 수하물 포장 추천.,1,https://thumbnail.image.rakuten.co.jp/@0_mall/tokushima-shop/cabinet/00430932/19/yunomi2_6.jpg?_ex=1024x1024,https://hb.afl.rakuten.co.jp/hgc/53033622.7bbb75b6.53033623.c98a76f0/?pc=https%3A%2F%2Fitem.rakuten.co.jp%2Ftokushima-shop%2Fgi3oht5%2F&m=https%3A%2F%2Fitem.rakuten.co.jp%2Ftokushima-shop%2Fgi3oht5%2F
PRD_434,아와오도리 손수건,手拭い（大鳴門橋阿波踊）,오카추(岡忠),REG_001,PRC_01,770,"아와오도리 손수건은 오카추가 만든 대나루토교와 아와오도리 디자인의 손수건입니다. 아와오도리 용품으로 제작되었지만 일반 손수건으로도 사용할 수 있는 상품입니다. 소용돌이치는 나루토의 물결과 오른쪽 끝의 벚꽃 장식이 함께 들어가, 도쿠시마의 축제와 지역 풍경 이미지를 담고 있습니다.",가볍고 깨질 걱정이 없어 여행 선물로 좋음.,1,https://dzwpvqehwr7zl.cloudfront.net/omios/products/generated/_review/PRD_434/PRD_434_packshot_v1.png,https://okachu-netshop.com/?pid=100687195&utm_source=
PRD_435,대나무 치쿠와 3본입,竹ちくわ 3本入,타니 치쿠와 상점(谷ちくわ商店),REG_001,PRC_01,432,"대나무 치쿠와는 도쿠시마현 고마쓰시마의 명물로 알려진 세 본입 어묵 상품입니다. 천연 대나무에 생선살 반죽을 감아 노릇하게 구워, 대나무 향과 탄력 있는 식감이 살아납니다. 오래된 방식의 지역 치쿠와로 간식이나 반찬으로 먹기 좋은 수산 가공식품입니다.",냉장 제품이라 귀국 직전 구매 권장.,1,https://thumbnail.image.rakuten.co.jp/@0_mall/tokushima-shop/cabinet/00402045/11_tani/chikuwa3.jpg?_ex=1024x1024,https://hb.afl.rakuten.co.jp/hgc/g00qb1xn.16t5u308.g00qb1xn.16t5vfeb/?pc=https%3A%2F%2Fitem.rakuten.co.jp%2Ftokushima-shop%2F20-03%2F&m=http%3A%2F%2Fm.rakuten.co.jp%2Ftokushima-shop%2Fi%2F10000520%2F&rafcid=wsc_i_is_b93111dd-e085-46a2-a75f-28c1ee5d2de6
PRD_436,파티시에의 사과 스틱 8개입,パティシエのりんごスティック 8本入り,라그노오 사사키(ラグノオささき),REG_012,PRC_02,1600,"파티시에의 사과 스틱은 라그노오 사사키의 8개입 스틱형 애플파이입니다. 아오모리산 사과 조림과 스펀지 반죽을 파이로 감싼 형태라, 사과의 과육감과 파이의 바삭한 식감을 함께 느낄 수 있습니다. 오븐 토스터에 살짝 데우면 파이 반죽이 더 바삭해지는 상품으로 소개됩니다.","개별 포장이라 나누기 좋고, 먹기 전 토스터에 짧게 데우면 파이 향이 더 살아남.",1,https://thumbnail.image.rakuten.co.jp/@0_mall/aomori-shop/cabinet/pate8honn001.jpg?_ex=1024x1024,https://hb.afl.rakuten.co.jp/hgc/g00qcm6n.16t5u453.g00qcm6n.16t5va3c/?pc=https%3A%2F%2Fitem.rakuten.co.jp%2Faomori-shop%2F10000350%2F&m=http%3A%2F%2Fm.rakuten.co.jp%2Faomori-shop%2Fi%2F10000350%2F&rafcid=wsc_i_is_b93111dd-e085-46a2-a75f-28c1ee5d2de6
PRD_437,우스쿠레나이 12매입,薄紅 12枚入,오키나야(おきな屋),REG_012,PRC_06,6065,우스쿠레나이는 오키나야가 홍옥 사과를 얇게 가공해 만든 12매입 사과 과자입니다. 홍옥은 적당한 산미와 높은 향이 있어 과자와 요리에 자주 쓰이는 사과 품종입니다. 2-3조각으로 자른 사과 중 모양이 좋고 지름이 약 7센티미터인 것을 골라 만든 점이 특징입니다.,가격대가 있는 선물 과자라 상자 상태와 배송 조건을 확인해 고르면 좋다.,1,https://thumbnail.image.rakuten.co.jp/@0_mall/shop-aomori/cabinet/sina/okasi/okinaya/16s-050.jpg?_ex=1024x1024,https://hb.afl.rakuten.co.jp/hgc/g00rfkmn.16t5u338.g00rfkmn.16t5ve56/?pc=https%3A%2F%2Fitem.rakuten.co.jp%2Fshop-aomori%2F16s-050%2F&m=http%3A%2F%2Fm.rakuten.co.jp%2Fshop-aomori%2Fi%2F10001901%2F&rafcid=wsc_i_is_b93111dd-e085-46a2-a75f-28c1ee5d2de6
PRD_438,기적의 사과 카린토 130g,奇跡のりんごかりんとう 130g,히로사키퀴진(弘前キュイジーヌ),REG_012,PRC_01,756,기적의 사과 카린토는 자연재배 사과를 넣어 만든 아오모리식 카린토 과자입니다. 바삭한 카린토 식감에 사과의 은은한 단맛과 향을 더한 것이 특징입니다. 아오모리 사과의 이야기를 전통 튀김과자에 담은 지역 간식입니다.,얇고 깨지기 쉬운 과자라 상자 상태를 확인하고 눌리지 않게 챙기는 것이 좋음.,1,https://thumbnail.image.rakuten.co.jp/@0_mall/aomori-shop/cabinet/2018aomori/kiseki001.jpg?_ex=1024x1024,https://hb.afl.rakuten.co.jp/hgc/g00qcm6n.16t5u453.g00qcm6n.16t5va3c/?pc=https%3A%2F%2Fitem.rakuten.co.jp%2Faomori-shop%2F10000228%2F&m=http%3A%2F%2Fm.rakuten.co.jp%2Faomori-shop%2Fi%2F10000228%2F&rafcid=wsc_i_is_b93111dd-e085-46a2-a75f-28c1ee5d2de6
PRD_439,특선 네부타즈케 1kg,特撰ねぶた漬 1kg,야마모토식품(ヤマモト食品),REG_012,PRC_04,3570,"특선 네부타즈케는 야마모토식품의 1킬로그램 절임 반찬입니다. 국산 무, 오이, 다시마에 가즈노코와 오징어를 더해 간장 양념에 절인 아오모리식 밥반찬입니다. 아삭한 채소, 해산물의 감칠맛, 다시마의 점성이 어우러져 밥과 함께 먹기 좋은 풍부한 식감이 특징입니다.",냉장·냉동 보관 조건을 확인하고 장거리 이동 시 보냉 포장이나 배송 구매를 선택하는 편이 안전함.,1,https://thumbnail.image.rakuten.co.jp/@0_mall/shop-aomori/cabinet/suisan/yamamoto-foods/16c-119.jpg?_ex=1024x1024,https://hb.afl.rakuten.co.jp/hgc/g00rfkmn.16t5u338.g00rfkmn.16t5ve56/?pc=https%3A%2F%2Fitem.rakuten.co.jp%2Fshop-aomori%2F16c-119%2F&m=http%3A%2F%2Fm.rakuten.co.jp%2Fshop-aomori%2Fi%2F10002003%2F&rafcid=wsc_i_is_b93111dd-e085-46a2-a75f-28c1ee5d2de6
PRD_440,스타미나 겐타레 390g,スタミナ源たれ 390g,상북농산가공(上北農産加工),REG_012,PRC_01,486,"스타미나 겐타레는 아오모리현에서 제조한 간장을 바탕으로 사과 가공품, 양파, 생강, 마늘을 더한 390그램 양념 소스입니다. 사과의 단맛과 마늘·생강의 향이 어우러져 고기 양념이나 볶음 요리에 쓰기 좋은 감칠맛을 냅니다. 아오모리의 사과와 마늘 이미지를 함께 담은 만능 양념입니다.",액체 조미료라 기내 반입보다 위탁 수하물이 안전하며 고기나 볶음요리를 자주 하는 사람에게 잘 맞음.,0,https://thumbnail.image.rakuten.co.jp/@0_mall/quickfactory/cabinet/06559403/sauce/knk/gentare_390g_10_rk.jpg?_ex=1024x1024,https://hb.afl.rakuten.co.jp/hgc/g00t6qxn.16t5u5aa.g00t6qxn.16t5vee2/?pc=https%3A%2F%2Fitem.rakuten.co.jp%2Fquickfactory%2Fr004100%2F&m=http%3A%2F%2Fm.rakuten.co.jp%2Fquickfactory%2Fi%2F10003698%2F&rafcid=wsc_i_is_b93111dd-e085-46a2-a75f-28c1ee5d2de6
PRD_441,이기리스 토스트,イギリストースト,구도빵(工藤パン),REG_012,PRC_01,170,"이기리스 토스트는 구도빵의 아오모리 로컬 빵입니다. 영국식 산형 식빵을 사용한 데서 이름이 붙었고, 전용 산형 식빵 사이에 전용 마가린과 그래뉴당을 넣은 구성이 특징입니다. 자체 발효종 르방을 사용해 촉촉함을 살리고, 창업자가 가장 맛있다고 판단한 두께로 맞춘 아오모리 현민에게 익숙한 대표 상품입니다.",유통기한이 짧은 빵이라 귀국 직전 편의점이나 슈퍼에서 사고 눌리지 않게 따로 보관하는 것이 좋음.,1,https://thumbnail.image.rakuten.co.jp/@0_mall/megadrug/cabinet/0004nippai/4972989305598.jpg?_ex=1024x1024,https://hb.afl.rakuten.co.jp/hgc/g00rwwzn.16t5u6c7.g00rwwzn.16t5v581/?pc=https%3A%2F%2Fitem.rakuten.co.jp%2Fmegadrug%2F4972989305598%2F&m=http%3A%2F%2Fm.rakuten.co.jp%2Fmegadrug%2Fi%2F10045518%2F&rafcid=wsc_i_is_b93111dd-e085-46a2-a75f-28c1ee5d2de6
PRD_442,쓰가루 비드로 도트 젓가락받침 5개입,津軽びいどろ 箸置き ドットOR 5個入,쓰가루 비드로(津軽びいどろ),REG_012,PRC_04,3850,"쓰가루 비드로 도트 젓가락받침은 아오모리 전통 유리공예 쓰가루 비드로로 만든 5개입 젓가락받침입니다. 하나하나 손으로 만든 듯한 부드러운 둥근 형태와 색유리 특유의 밝은 색감이 특징입니다. 식탁 위에 작은 색감을 더하는 생활 공예품으로, 쓰가루 비드로의 계절감 있는 색 표현을 일상 소품에 담았습니다.","유리 제품이라 완충 포장을 요청하고, 식탁 소품 선물이라면 색상 조합을 확인한 뒤 구매하는 것이 좋음.",0,https://thumbnail.image.rakuten.co.jp/@0_mall/cosmo-style/cabinet/glass01/02-f-49053.jpg?_ex=1024x1024,https://hb.afl.rakuten.co.jp/hgc/53033622.7bbb75b6.53033623.c98a76f0/?pc=https%3A%2F%2Fitem.rakuten.co.jp%2Fcosmo-style%2F02-f-49053%2F&m=https%3A%2F%2Fitem.rakuten.co.jp%2Fcosmo-style%2F02-f-49053%2F
PRD_443,브나코 티슈 박스 스윙,BUNACO ティッシュボックス SWING,브나코(BUNACO),REG_012,PRC_06,9900,"브나코 티슈 박스 스윙은 브나코의 곡선형 목공 티슈 케이스입니다. 아오모리의 너도밤나무를 얇게 가공해 감아 올리는 브나코 특유의 방식으로, 부드러운 곡선과 가벼운 나무 질감을 살린 생활 소품입니다. 스윙이라는 이름처럼 흔들리는 듯한 형태가 특징인 인테리어용 티슈 박스입니다.",부피가 있는 생활공예품이라 매장 재고와 포장 박스 크기를 확인하고 위탁 수하물 공간을 남겨두는 것이 좋음.,0,https://thumbnail.image.rakuten.co.jp/@0_mall/sun-wa/cabinet/item_bunaco2/ib-t2391.jpg?_ex=1024x1024,https://hb.afl.rakuten.co.jp/hgc/53033622.7bbb75b6.53033623.c98a76f0/?pc=https%3A%2F%2Fitem.rakuten.co.jp%2Fsun-wa%2Fib-t911%2F&m=https%3A%2F%2Fitem.rakuten.co.jp%2Fsun-wa%2Fib-t911%2F
PRD_444,아오모리 히바 오일 500ml,青森ひば油 500ml,아부라야 야마케이(あぶら屋ヤマケイ),REG_012,PRC_06,14740,"아오모리 히바 오일은 아오모리현산 히바에서 얻은 500밀리리터 오일입니다. 유리 용기에 담긴 대용량 제품으로, 히바 특유의 숲 향과 목재 정유의 깊은 향을 활용하는 상품입니다. 금속 용기에 보관하면 변색될 수 있다는 취급 주의가 안내되어 있어, 보관 용기 선택에 신경 써야 합니다.",대용량 정유 제품이라 사용 목적과 보관 방법을 확인하고 향 제품에 익숙한 사람에게 고르면 좋다.,0,https://thumbnail.image.rakuten.co.jp/@0_mall/auc-aomorihiba/cabinet/04833711/imgrc0147187196.jpg?_ex=1024x1024,https://hb.afl.rakuten.co.jp/hgc/g00r6srn.16t5ub26.g00r6srn.16t5vb25/?pc=https%3A%2F%2Fitem.rakuten.co.jp%2Fauc-aomorihiba%2F2023%2F&m=http%3A%2F%2Fm.rakuten.co.jp%2Fauc-aomorihiba%2Fi%2F10000015%2F&rafcid=wsc_i_is_b93111dd-e085-46a2-a75f-28c1ee5d2de6
PRD_445,원조 이치고니 415g,元祖いちご煮415g,아지노 카쿠노야(味の加久の屋),REG_012,PRC_02,1566,원조 이치고니는 우니와 전복을 넣은 하치노헤 향토 맑은국을 캔으로 담은 415그램 제품입니다. 이치고니는 국물 위에 떠오른 성게가 아침 안개 속 들딸기처럼 보인다는 데서 이름이 유래한 아오모리 해산물 국입니다. 캔 제품이라 하치노헤의 향토 해물국을 간편하게 맛볼 수 있습니다.,"캔 제품이라 이동이 편하고, 데워서 바로 먹거나 밥에 곁들이기 좋다.",1,https://thumbnail.image.rakuten.co.jp/@0_mall/tamenobu/cabinet/kakunoya/imgrc0067954596.jpg?_ex=1024x1024,https://hb.afl.rakuten.co.jp/hgc/g00qunnn.16t5u548.g00qunnn.16t5v28e/?pc=https%3A%2F%2Fitem.rakuten.co.jp%2Ftamenobu%2Fichigoni-1%2F&m=http%3A%2F%2Fm.rakuten.co.jp%2Ftamenobu%2Fi%2F10000936%2F&rafcid=wsc_i_is_b93111dd-e085-46a2-a75f-28c1ee5d2de6
PRD_446,다코 마늘 카레 48개 세트,田子にんにくカレー （缶詰） 48個セット,다코 갈릭센터(田子ガーリックセンター),REG_012,PRC_06,28616,다코 마늘 카레는 아오모리 다코 지역의 마늘을 사용한 통조림 고토치 카레입니다. 다코 마늘을 알갱이째 넣고 끓여 마늘의 진한 향과 감칠맛을 살린 것이 특징입니다. 48개 세트 구성이라 대량으로 비축하거나 나누기 좋은 지역 카레 상품입니다.,"48개 세트라 개인 선물보다는 단체 나눔용으로 적합하며, 품절 여부를 먼저 확인하는 것이 좋다.",1,https://dzwpvqehwr7zl.cloudfront.net/omios/products/generated/_review/PRD_446/PRD_446_packshot_v1.png,https://www.currystadium.com/shopdetail/000000000205/
PRD_447,카시스 잼 150g,カシスジャム 150g,하토야제과(はとや製菓),REG_012,PRC_01,724,"카시스 잼은 하토야제과의 150그램 흑방스구리 잼입니다. 카시스 특유의 진한 산미와 검은 열매의 깊은 풍미를 살린 잼으로, 빵뿐 아니라 아이스크림이나 요거트와도 잘 어울립니다. 과자 재료로도 활용할 수 있어 디저트에 산뜻한 과일 맛을 더하기 좋은 상품입니다.","병 제품이라 완충 포장을 확인하고, 빵보다 요거트나 아이스크림에 곁들일 선물로도 좋음.",1,https://thumbnail.image.rakuten.co.jp/@0_mall/aomori-shop/cabinet/kasisujam001.jpg?_ex=1024x1024,https://hb.afl.rakuten.co.jp/hgc/g00qcm6n.16t5u453.g00qcm6n.16t5va3c/?pc=https%3A%2F%2Fitem.rakuten.co.jp%2Faomori-shop%2F10001691%2F&m=http%3A%2F%2Fm.rakuten.co.jp%2Faomori-shop%2Fi%2F10001711%2F&rafcid=wsc_i_is_b93111dd-e085-46a2-a75f-28c1ee5d2de6
PRD_448,희망의 물방울 품종 블렌드 1000ml,希望の雫 品種ブレンド 1000ml,제이에이 아오렌(JAアオレン),REG_012,PRC_01,568,"희망의 물방울 품종 블렌드는 농협 아오렌의 밀폐 스트레이트 사과 주스입니다. 여러 사과 품종을 블렌딩해 단맛과 신맛의 균형을 맞추고, 깊고 풍부한 풍미를 냅니다. 아오모리산 사과 주스의 산뜻함과 품종별 맛의 조화를 함께 담은 제품입니다.",병이 무거우므로 여러 병을 살 때는 박스 포장이나 배송 가능 여부를 먼저 확인하는 것이 좋음.,0,https://thumbnail.image.rakuten.co.jp/@0_mall/tokyo-shusui/cabinet/07978348/07978385/imgrc0078901543.jpg?_ex=1024x1024,https://hb.afl.rakuten.co.jp/hgc/g00tij4n.16t5ueb7.g00tij4n.16t5v81d/?pc=https%3A%2F%2Fitem.rakuten.co.jp%2Ftokyo-shusui%2F8524531006%2F&m=http%3A%2F%2Fm.rakuten.co.jp%2Ftokyo-shusui%2Fi%2F10003257%2F&rafcid=wsc_i_is_b93111dd-e085-46a2-a75f-28c1ee5d2de6
PRD_449,고긴자시 둥근 동전지갑 남색,こぎん刺し がま口（丸）紺,고긴자시(こぎん刺し),REG_012,PRC_02,1650,"고긴자시 둥근 동전지갑 남색은 아오모리현을 대표하는 전통 자수 고긴자시를 적용한 가마구치 지갑입니다. 남색 바탕의 둥근 형태에 섬세한 자수 무늬가 들어가, 작지만 전통 공예의 질감이 잘 드러납니다. 동전이나 작은 소지품을 넣기 좋은 실용 소품이면서 아오모리 민공예품의 성격을 지닌 상품입니다.",수공예품은 무늬 차이가 있으니 실물 색과 자수 상태를 확인하고 구매하면 좋음.,1,https://dzwpvqehwr7zl.cloudfront.net/omios/products/generated/_review/PRD_449/PRD_449_packshot_v1.png,https://aspam.jp/item/1822/
PRD_450,하치노헤 센베이지루 세트,八戸名物 せんべい汁セット,오우라야(大浦屋),REG_012,PRC_04,3500,"하치노헤 센베이지루 세트는 아오모리현 하치노헤의 향토음식 센베이지루를 만들 수 있는 4-5인분 구성입니다. 국물용 남부 센베이를 간장맛 국물이나 전골에 넣어 부드럽게 끓여 먹는 음식으로, 이 세트는 히나이 닭 육수를 바탕으로 한 맛을 내도록 구성되어 있습니다. 남부 센베이와 지역 국물 문화가 결합된 하치노헤 대표 향토식품입니다.",부피가 있는 냉장 세트일 수 있으므로 숙소에서 먹을지 배송할지 정하고 보관 조건을 확인하는 것이 좋음.,1,https://thumbnail.image.rakuten.co.jp/@0_mall/oura/cabinet/hianisoup.jpg?_ex=1024x1024,https://hb.afl.rakuten.co.jp/hgc/53033622.7bbb75b6.53033623.c98a76f0/?pc=https%3A%2F%2Fitem.rakuten.co.jp%2Foura%2Fsenbeijiru%2F&m=https%3A%2F%2Fitem.rakuten.co.jp%2Foura%2Fsenbeijiru%2F
PRD_451,기모리 시드르 스위트 375ml 두 병 세트,kimori シードル スイート 375ml 2本セット,히로사키 시드르공방 키모리(弘前シードル工房kimori),REG_012,PRC_03,2211,"기모리 시드르 스위트는 아오모리 히로사키의 사과로 빚은 달콤한 타입의 사과 발포주입니다. 히로사키 사과공원 안의 작은 시드르 공방인 키모리에서 만드는 제품으로, 산지 사과의 향과 부드러운 단맛을 살린 것이 특징입니다. 375밀리리터 병 두 개 구성이라 여러 번 나누어 마시기 좋은 소용량 세트입니다.","주류라 반입 한도와 파손 방지를 확인하고, 병 제품은 완충 포장을 요청하는 것이 좋음.",1,https://thumbnail.image.rakuten.co.jp/@0_mall/cameashi/cabinet/00024457/kimorisn_375set.jpg?_ex=1024x1024,https://hb.afl.rakuten.co.jp/hgc/g00pum5n.16t5u2cf.g00pum5n.16t5v890/?pc=https%3A%2F%2Fitem.rakuten.co.jp%2Fcameashi%2F10005609%2F&m=http%3A%2F%2Fm.rakuten.co.jp%2Fcameashi%2Fi%2F10005609%2F&rafcid=wsc_i_is_b93111dd-e085-46a2-a75f-28c1ee5d2de6
PRD_452,쓰가루누리 젓가락 가라누리 로,津軽塗箸 唐塗 呂,쓰가루누리 다나카(津軽塗たなか),REG_012,PRC_04,3960,쓰가루누리 젓가락 가라누리 로는 히로사키의 전통 칠기인 쓰가루누리 기법을 적용한 젓가락입니다. 가라누리는 여러 겹의 옻칠과 연마 과정을 거쳐 복잡한 얼룩무늬가 드러나는 대표적인 쓰가루누리 문양입니다. 어두운 로 색감 위에 깊이 있는 칠 무늬가 나타나 식탁에서 전통 공예품의 존재감이 잘 드러나는 제품입니다.,천연 옻칠 제품은 식기세척기 사용을 피해야 하므로 관리법을 함께 안내하면 선물 만족도가 높음.,0,https://thumbnail.image.rakuten.co.jp/@0_mall/tsugarunuri-tanaka/cabinet/chopsticks/70001.jpg?_ex=1024x1024,https://hb.afl.rakuten.co.jp/hgc/g00tx3kn.16t5u559.g00tx3kn.16t5vb06/?pc=https%3A%2F%2Fitem.rakuten.co.jp%2Ftsugarunuri-tanaka%2F70001%2F&m=http%3A%2F%2Fm.rakuten.co.jp%2Ftsugarunuri-tanaka%2Fi%2F10000030%2F&rafcid=wsc_i_is_b93111dd-e085-46a2-a75f-28c1ee5d2de6
PRD_453,사과나무 물수건 받침,りんごの木のおしぼり置き,기무라목품제작소(木村木品製作所),REG_012,PRC_02,1650,"사과나무 물수건 받침은 히로사키 사과나무를 활용해 만든 목제 테이블 소품입니다. 사과 산지에서 나온 목재의 결을 살린 제품이라 같은 형태라도 나뭇결과 색감이 조금씩 다르게 나타납니다. 가볍고 단정한 형태의 물수건 받침으로, 식탁이나 다과 자리에서 자연스러운 목재 질감을 더해 줍니다.","나무결이 제품마다 달라 실물을 보고 고르고, 습기가 많은 곳은 피하라고 함께 알려주면 좋음.",1,https://dzwpvqehwr7zl.cloudfront.net/omios/products/generated/_review/PRD_453/PRD_453_packshot_v1.png,https://www.iichi.com/listing/item/1954313
PRD_454,숙성 흑마늘 구로아오모리,熟成黒にんにく 黒青森,안심건강라이프(安心健康ライフ),REG_012,PRC_03,2980,숙성 흑마늘 구로아오모리는 아오모리현산 브랜드 마늘을 숙성시켜 만든 흑마늘입니다. 숙성 과정을 거치며 매운맛은 부드러워지고 단맛과 쫀득한 식감이 살아납니다. 첨가물 없이 마늘 본연의 숙성 풍미를 강조하는 건강식품형 상품입니다.,"건강식품은 섭취량 안내를 함께 확인하고, 향이 새지 않도록 밀봉 포장 상태를 살펴보는 것이 좋음.",1,https://thumbnail.image.rakuten.co.jp/@0_mall/tamenobu/cabinet/01220803/imgrc0069930996.jpg?_ex=1024x1024,https://hb.afl.rakuten.co.jp/hgc/g00qunnn.16t5u548.g00qunnn.16t5v28e/?pc=https%3A%2F%2Fitem.rakuten.co.jp%2Ftamenobu%2Fblack-garlic-l-1%2F&m=http%3A%2F%2Fm.rakuten.co.jp%2Ftamenobu%2Fi%2F10000087%2F&rafcid=wsc_i_is_b93111dd-e085-46a2-a75f-28c1ee5d2de6
PRD_455,숙성 흑마늘 다코노쿠로,熟成黒にんにく 田子の黒,다코상사(TAKKO商事),REG_012,PRC_02,1200,"숙성 흑마늘 다코노쿠로는 아오모리현 다코정의 마늘만 사용해 만든 흑마늘입니다. 첨가물을 넣지 않고 숙성해 마늘의 매운 향은 줄이고, 단맛과 부드러운 식감을 살린 것이 특징입니다. 다코마치 마늘의 산지성을 앞세운 제품으로, 그대로 먹거나 요리에 곁들여 숙성 마늘의 깊은 풍미를 더할 수 있습니다.","향이 있는 건강식품이므로 밀봉 상태를 확인하고, 부모님이나 건강을 챙기는 지인 선물로 고르기 좋음.",1,https://thumbnail.image.rakuten.co.jp/@0_mall/at-tsuhan/cabinet/thu2/4580225989015_1.jpg?_ex=1024x1024,https://hb.afl.rakuten.co.jp/hgc/g00qkwxn.16t5u9b7.g00qkwxn.16t5v970/?pc=https%3A%2F%2Fitem.rakuten.co.jp%2Fat-tsuhan%2F10071760%2F&m=http%3A%2F%2Fm.rakuten.co.jp%2Fat-tsuhan%2Fi%2F10045124%2F&rafcid=wsc_i_is_b93111dd-e085-46a2-a75f-28c1ee5d2de6
PRD_456,쓰가루 9매입,津軽 9枚入,라그노오 사사키(ラグノオささき),REG_012,PRC_01,516,"쓰가루는 라그노오 사사키가 만드는 얇은 사과 쿠키입니다. 아오모리현산 애플파이버와 밀가루, 달걀을 사용해 구워 고소한 반죽 맛과 은은한 사과 풍미가 함께 느껴집니다. 가볍게 부서지는 식감의 쿠키라 차나 커피와 곁들이기 좋은 지역 사과 과자입니다.","부서지기 쉬운 쿠키라 상자째 보관하고, 가벼운 가격대의 사과 과자를 찾을 때 고르기 좋음.",1,https://thumbnail.image.rakuten.co.jp/@0_mall/aspambussan/cabinet/okasi/yougasi/tugaru_9.jpg?_ex=1024x1024,https://hb.afl.rakuten.co.jp/hgc/g00rjf7n.16t5u188.g00rjf7n.16t5v268/?pc=https%3A%2F%2Fitem.rakuten.co.jp%2Faspambussan%2F10000081%2F&m=http%3A%2F%2Fm.rakuten.co.jp%2Faspambussan%2Fi%2F10000081%2F&rafcid=wsc_i_is_b93111dd-e085-46a2-a75f-28c1ee5d2de6
PRD_457,링고센 12개입,林檎仙 12個入,오키나야(翁屋),REG_012,PRC_02,1306,"링고센은 아오모리시 오키나야의 인기 과자 중 하나로 소개되는 사과 떡과자입니다. 홍옥 사과 잼을 부드러운 구히모치 안에 넣고 코냑 향을 더해, 사과의 산미와 향을 한입 크기로 담은 것이 특징입니다. 아오모리 사과를 화과자 형태로 풀어낸 제품이라 일반 쿠키나 파이와는 다른 쫀득한 식감을 느낄 수 있습니다.","상미기한이 짧은 편이라 귀국 직전에 구매하고, 술 향에 민감한 사람에게는 미리 알려주는 것이 좋음.",1,https://thumbnail.image.rakuten.co.jp/@0_mall/aspambussan/cabinet/okasi/wagasi/ringosen_12.jpg?_ex=1024x1024,https://hb.afl.rakuten.co.jp/hgc/g00rjf7n.16t5u188.g00rjf7n.16t5v268/?pc=https%3A%2F%2Fitem.rakuten.co.jp%2Faspambussan%2F10000200%2F&m=http%3A%2F%2Fm.rakuten.co.jp%2Faspambussan%2Fi%2F10000200%2F&rafcid=wsc_i_is_b93111dd-e085-46a2-a75f-28c1ee5d2de6
PRD_458,은의 네부타 사과 주스 30캔,アップルジュース銀のねぶた缶 30本,샤이니(シャイニー),REG_012,PRC_05,4924,은의 네부타 사과 주스는 샤이니가 만드는 아오모리 사과 주스 캔 제품입니다. 은의 네부타는 단맛이 은은한 왕림 사과를 바탕으로 후지 등을 블렌딩해 완숙하고 부드러운 풍미를 내는 계열로 알려져 있습니다. 30캔 구성이라 아오모리산 사과 주스의 달콤한 맛을 넉넉하게 담은 세트입니다.,30캔 세트는 무거우므로 현지에서 들고 이동하기보다 배송이나 차량 이동에 맞춰 구매하는 것이 좋음.,1,https://thumbnail.image.rakuten.co.jp/@0_mall/nozomi-market/cabinet/202602_02/b160-9-1.jpg?_ex=1024x1024,https://hb.afl.rakuten.co.jp/hgc/g00r1iqn.16t5u5f8.g00r1iqn.16t5v10a/?pc=https%3A%2F%2Fitem.rakuten.co.jp%2Fnozomi-market%2Fb160-9%2F&m=http%3A%2F%2Fm.rakuten.co.jp%2Fnozomi-market%2Fi%2F10039757%2F&rafcid=wsc_i_is_b93111dd-e085-46a2-a75f-28c1ee5d2de6
PRD_459,쓰가루누리 로열 컬렉션 젓가락 대,津軽塗 ロイヤルコレクション箸 大,쓰가루누리(津軽塗),REG_012,PRC_04,3850,"쓰가루누리 로열 컬렉션 젓가락 대는 아오모리 전통 공예인 쓰가루누리로 만든 젓가락입니다. 로열 컬렉션은 황실 헌상품의 색조에서 착안한 깊은 색감을 특징으로 하는 계열입니다. 푸른빛이 도는 차분한 문양과 칠 공예 특유의 층감이 어우러져, 실사용품이면서도 전통 무늬를 가까이 볼 수 있는 공예품입니다.",수작업 칠기라 무늬 차이가 있을 수 있으므로 색감과 길이를 확인하고 선물 포장을 요청하는 것이 좋음.,0,https://dzwpvqehwr7zl.cloudfront.net/omios/products/generated/_review/PRD_459/PRD_459_packshot_v1.png,https://aspam.jp/item/1796/
PRD_460,쓰가루누리 로열 컬렉션 술잔,津軽塗 ロイヤルコレクションぐい呑,쓰가루누리(津軽塗),REG_012,PRC_05,4400,"쓰가루누리 로열 컬렉션 술잔은 아오모리 전통 칠기 기법을 적용한 구이노미입니다. 로열 컬렉션 특유의 짙고 차분한 색감이 작은 술잔 표면에 드러나, 술잔 자체가 공예 소품처럼 보이는 것이 특징입니다. 가볍고 매끄러운 칠기 질감으로 사케나 소량의 술을 담아 쓰기 좋은 제품입니다.",칠기 술잔은 충격과 건조에 약하므로 완충 포장과 관리법을 함께 확인하는 것이 좋음.,0,https://dzwpvqehwr7zl.cloudfront.net/omios/products/generated/_review/PRD_460/PRD_460_packshot_v1.png,https://aspam.jp/item/1798/
PRD_461,쓰가루누리 사과 젓가락받침,箸置き りんご,에비스야 쓰가루누리(津軽塗専門店 恵比須屋),REG_012,PRC_03,2000,"쓰가루누리 사과 젓가락받침은 사과 모양을 본뜬 작은 칠기 소품입니다. 갈색 계열의 바탕에 빨강과 초록 색을 입혀 아오모리의 사과 이미지를 전통 칠기 질감으로 표현했습니다. 식탁에 놓으면 일본적인 분위기를 더해 주며, 사과 윗부분에는 작은 꼬치나 이쑤시개를 세울 수 있는 구조가 있습니다.","작은 칠기 제품이라 선물하기 좋고, 표면 흠집이 생기지 않게 개별 포장을 요청하면 좋음.",1,https://thumbnail.image.rakuten.co.jp/@0_mall/hanamaru-r/cabinet/hasami_sono3/10201497_0.jpg?_ex=1024x1024,https://hb.afl.rakuten.co.jp/hgc/g00s85dn.16t5u996.g00s85dn.16t5vc08/?pc=https%3A%2F%2Fitem.rakuten.co.jp%2Fhanamaru-r%2F10201497%2F&m=http%3A%2F%2Fm.rakuten.co.jp%2Fhanamaru-r%2Fi%2F10001100%2F&rafcid=wsc_i_is_b93111dd-e085-46a2-a75f-28c1ee5d2de6
PRD_462,남부 센베이 아오모리 구르메 접이상자,南部せんべい青森グルメ折箱,하치노헤야(八戸屋),REG_012,PRC_02,1836,"남부 센베이 아오모리 구르메 접이상자는 하치노헤야의 남부 센베이 모음입니다. 오징어, 연어, 명태, 가리비, 미소 마늘, 사과 센베이가 각각 세 장씩 들어 있어 아오모리의 바다와 농산물 맛을 한 상자에서 비교할 수 있습니다. 남부 센베이의 담백한 반죽에 지역 재료의 풍미를 더한 구성형 과자 세트입니다.","맛이 여러 종류라 가족이나 직장 동료와 나누기 좋고, 센베이가 깨지지 않게 상자 포장을 유지하는 것이 좋음.",1,https://thumbnail.image.rakuten.co.jp/@0_mall/shop-aomori/cabinet/sina/okasi/senbei/16c-084.jpg?_ex=1024x1024,https://hb.afl.rakuten.co.jp/hgc/g00rfkmn.16t5u338.g00rfkmn.16t5ve56/?pc=https%3A%2F%2Fitem.rakuten.co.jp%2Fshop-aomori%2F16c-084%2F&m=http%3A%2F%2Fm.rakuten.co.jp%2Fshop-aomori%2Fi%2F10001966%2F&rafcid=wsc_i_is_b93111dd-e085-46a2-a75f-28c1ee5d2de6
PRD_463,사과 드레싱 논오일,りんごドレッシングノンオイル,카네쇼(カネショウ),REG_012,PRC_01,432,"사과 드레싱 논오일은 카네쇼의 오일 프리 드레싱입니다. 간장 베이스에 양파, 셀러리, 참깨 페이스트, 머스터드, 표고버섯 파우더, 마늘 등을 더해 산뜻하면서도 감칠맛이 있는 맛을 냅니다. 사과 성분이 들어간 드레싱이라 샐러드나 냉채에 가볍게 곁들이기 좋은 제품입니다.","액체류라 위탁 수하물 포장이 안전하고, 샐러드나 냉샤브를 자주 먹는 사람에게 실용적임.",0,https://thumbnail.image.rakuten.co.jp/@0_mall/aspambussan/cabinet/taredressing/appledressing.jpg?_ex=1024x1024,https://hb.afl.rakuten.co.jp/hgc/g00rjf7n.16t5u188.g00rjf7n.16t5v268/?pc=https%3A%2F%2Fitem.rakuten.co.jp%2Faspambussan%2F10000207%2F&m=http%3A%2F%2Fm.rakuten.co.jp%2Faspambussan%2Fi%2F10000207%2F&rafcid=wsc_i_is_b93111dd-e085-46a2-a75f-28c1ee5d2de6
PRD_464,고보차 30g,ごぼう茶 30g,가시와자키청과(柏崎青果),REG_012,PRC_01,453,"고보차 30그램은 가시와자키청과의 우엉차 제품입니다. 아오모리산 우엉을 말리고 볶아 만든 차로, 우엉 특유의 구수한 향과 깔끔한 뒷맛을 따뜻한 차로 즐길 수 있습니다. 찻잎 대신 우엉을 우려 마시는 상품이라 카페인 부담이 적은 구수한 차를 찾을 때 잘 맞습니다.","가볍고 깨질 걱정이 적어 여행 짐에 넣기 좋으며, 카페인 없는 차를 찾는 사람에게 맞음.",1,https://thumbnail.image.rakuten.co.jp/@0_mall/mencosj/cabinet/organicsyoku3/ohsa-oggobotea.jpg?_ex=1024x1024,https://hb.afl.rakuten.co.jp/hgc/g00s1wzn.16t5ubf5.g00s1wzn.16t5v3af/?pc=https%3A%2F%2Fitem.rakuten.co.jp%2Fmencosj%2Fohsa-oggobotea%2F&m=http%3A%2F%2Fm.rakuten.co.jp%2Fmencosj%2Fi%2F10027520%2F&rafcid=wsc_i_is_b93111dd-e085-46a2-a75f-28c1ee5d2de6
PRD_465,도와다 바라야키 우동 4식 기프트,十和田バラ焼きうどん 4食入 ギフト,다카사고식품(高砂食品),REG_012,PRC_02,1188,"도와다 바라야키 우동 4식 기프트는 도와다의 향토 음식인 바라야키를 우동으로 즐기도록 만든 세트입니다. 도와다 바라야키 제미나르와 공동 개발한 인정 상품으로, 아오모리현산 밀가루를 쓴 우동과 간장, 사과 과즙, 마늘이 들어간 달짝지근한 소스가 함께 구성됩니다. 제9회 비원 그랑프리에서 골드 그랑프리를 받은 도와다 바라야키의 맛을 면 요리로 풀어낸 지역 식품입니다.",고기와 양파를 따로 준비해 조리하는 제품이라 요리해서 먹을 수 있는 가족 선물로 적합함.,1,https://thumbnail.image.rakuten.co.jp/@0_mall/takasago-mejya/cabinet/04315714/imgrc0103921975.jpg?_ex=1024x1024,https://hb.afl.rakuten.co.jp/hgc/g00qo8yn.16t5u68e.g00qo8yn.16t5v2e0/?pc=https%3A%2F%2Fitem.rakuten.co.jp%2Ftakasago-mejya%2Ftbu-4%2F&m=http%3A%2F%2Fm.rakuten.co.jp%2Ftakasago-mejya%2Fi%2F10001052%2F&rafcid=wsc_i_is_b93111dd-e085-46a2-a75f-28c1ee5d2de6
PRD_466,볶은깨 사과 드레싱,煎り胡麻りんごドレッシング,카네쇼(カネショウ),REG_012,PRC_01,475,"볶은깨 사과 드레싱은 카네쇼의 참깨 풍미 드레싱입니다. 간장 베이스에 볶은 참깨, 양파, 마늘, 다시마, 표고버섯 추출물을 더해 고소하면서도 감칠맛 있는 맛을 냅니다. 쓰가루 사과의 산뜻함과 참깨의 진한 향이 함께 느껴져 샐러드, 두부, 냉채류에 두루 곁들이기 좋은 소스입니다.",깨가 들어간 진한 맛이라 샐러드뿐 아니라 두부나 고기 요리에 곁들이는 용도로 추천하기 좋음.,0,https://thumbnail.image.rakuten.co.jp/@0_mall/aspambussan/cabinet/taredressing/imgrc0112804096.jpg?_ex=1024x1024,https://hb.afl.rakuten.co.jp/hgc/g00rjf7n.16t5u188.g00rjf7n.16t5v268/?pc=https%3A%2F%2Fitem.rakuten.co.jp%2Faspambussan%2F10000209%2F&m=http%3A%2F%2Fm.rakuten.co.jp%2Faspambussan%2Fi%2F10000209%2F&rafcid=wsc_i_is_b93111dd-e085-46a2-a75f-28c1ee5d2de6
PRD_467,라푸루 6개입,らぷる 6個入,시카나이센베이(しかないせんべい),REG_012,PRC_01,895,"라푸루는 시카나이센베이가 만드는 사과 디저트입니다. 반생 상태로 부드럽게 구운 반죽 안에 아삭한 식감이 남은 국내산 사과를 넣어, 포근한 빵 같은 질감과 사과의 씹는 맛이 함께 느껴집니다. 사과 산지 아오모리의 과자답게 사과의 산뜻한 향과 달콤한 반죽 맛을 함께 담은 제품입니다.","촉촉한 과자라 장거리 이동 중 눌리지 않게 상자째 보관하고, 유통기한을 확인하는 것이 좋음.",1,https://dzwpvqehwr7zl.cloudfront.net/omios/products/generated/_review/PRD_467/PRD_467_packshot_v1.png,https://aspam.jp/item/668/
PRD_468,구지라모치 1본,久慈良餅 1本,나가이 구지라모치점(永井久慈良餅店),REG_012,PRC_01,600,"구지라모치는 아오모리 아사무시 온천의 전통 과자로 알려진 떡 과자입니다. 이름에는 오래도록 사랑받는 좋은 떡이 되기를 바라는 의미가 담겨 있으며, 단맛이 과하지 않고 쫀득한 반죽 속에 호두의 고소한 풍미가 들어갑니다. 차와 함께 먹기 좋은 담백한 화과자로, 지역 온천가의 오래된 명물 분위기를 느낄 수 있는 상품입니다.","상미기한이 7일 정도로 짧아 귀국 직전 구매하고, 바로 나눠 먹을 상대에게 주는 것이 좋음.",1,https://thumbnail.image.rakuten.co.jp/@0_mall/aspambussan/cabinet/okasi/wagasi/kujiramochi.jpg?_ex=1024x1024,https://hb.afl.rakuten.co.jp/hgc/g00rjf7n.16t5u188.g00rjf7n.16t5v268/?pc=https%3A%2F%2Fitem.rakuten.co.jp%2Faspambussan%2F10000000%2F&m=http%3A%2F%2Fm.rakuten.co.jp%2Faspambussan%2Fi%2F10000000%2F&rafcid=wsc_i_is_b93111dd-e085-46a2-a75f-28c1ee5d2de6
PRD_469,이타 카린토 150g,板かりんとう 150g,나가이 구지라모치점(永井久慈良餅店),REG_012,PRC_01,600,이타 카린토는 나가이 구지라모치점이 만드는 판 모양의 카린토 과자입니다. 얇게 편 반죽을 튀겨 바삭한 식감을 살린 아사무시 온천 명물 계열의 간식입니다. 일반적인 막대형 카린토보다 넓고 얇은 형태라 씹을 때 경쾌한 식감이 두드러집니다.,"바삭한 과자라 습기와 충격을 피하고, 전통 간식을 좋아하는 사람에게 가볍게 선물하기 좋음.",1,https://thumbnail.image.rakuten.co.jp/@0_mall/aspambussan/cabinet/okasi/wagasi/itakarinntou.jpg?_ex=1024x1024,https://hb.afl.rakuten.co.jp/hgc/g00rjf7n.16t5u188.g00rjf7n.16t5v268/?pc=https%3A%2F%2Fitem.rakuten.co.jp%2Faspambussan%2F10000001%2F&m=http%3A%2F%2Fm.rakuten.co.jp%2Faspambussan%2Fi%2F10000001%2F&rafcid=wsc_i_is_b93111dd-e085-46a2-a75f-28c1ee5d2de6
PRD_470,네부타 히마쓰리 15개입,ねぶた火まつり 15個入,하토야제과(はとや製菓),REG_012,PRC_02,1512,"네부타 히마쓰리는 하토야제과의 구운 만주 과자입니다. 밀크와 버터를 넣은 반죽에 도모에 문양을 찍고, 생크림과 버터가 들어간 부드러운 흰 앙금을 감싸 구워 냅니다. 네부타 축제 이미지를 이름에 담은 과자로, 우유와 버터의 풍미가 부드러운 백앙과 어우러지는 것이 특징입니다.","15개입이라 여러 명에게 나누기 좋고, 상온 보관 과자지만 고온다습한 장소는 피하는 것이 좋음.",1,https://thumbnail.image.rakuten.co.jp/@0_mall/aspambussan/cabinet/okasi/yougasi/nebutahimaturi.jpg?_ex=1024x1024,https://hb.afl.rakuten.co.jp/hgc/g00rjf7n.16t5u188.g00rjf7n.16t5v268/?pc=https%3A%2F%2Fitem.rakuten.co.jp%2Faspambussan%2F10000095%2F&m=http%3A%2F%2Fm.rakuten.co.jp%2Faspambussan%2Fi%2F10000095%2F&rafcid=wsc_i_is_b93111dd-e085-46a2-a75f-28c1ee5d2de6
PRD_471,아오모리 히바 물수건 트레이,抗菌・消臭 おしぼりトレー 青森ヒバ製,와이도노키(わいどの木),REG_012,PRC_01,550,"아오모리 히바 물수건 트레이는 천연 아오모리 히바 목재로 만든 물수건 받침입니다. 대량 생산품이 아니라 장인이 하나씩 제작하는 제품으로 소개되며, 무도장 마감으로 히바 목재의 향과 질감을 살렸습니다. 아오모리 히바 자체의 항균성과 은은한 향을 활용해 물수건을 올려 두면 나무 향이 자연스럽게 배어나는 것이 특징입니다.","무도장 목제품이라 향을 맡아보고 고르며, 물기 많은 짐과 분리해 담는 것이 좋음.",1,https://dzwpvqehwr7zl.cloudfront.net/omios/products/generated/_review/PRD_471/PRD_471_packshot_v1.png,https://www.ydonoki.com/product/1471
PRD_472,히바 핫배스 열 정입,ひばホットバス（10錠入）,아오모리 히바(青森ヒバ),REG_012,PRC_02,1992,"히바 핫배스는 아오모리 히바 향을 목욕 시간에 즐길 수 있는 정제형 입욕제입니다. 천연 향료 히노키티올이 들어간 약용 입욕제로 소개되며, 물에 녹이면 히바 특유의 목재 향이 퍼지는 것이 특징입니다. 10정 구성이라 여러 차례 사용할 수 있고, 아오모리 히바 제품군의 향 중심 상품입니다.","액체가 아닌 정제형이라 휴대가 쉽고, 향이 강한 선물을 좋아하는 사람에게 잘 맞음.",1,https://thumbnail.image.rakuten.co.jp/@0_mall/auc-knsyouji/cabinet/imgrc0068308274.jpg?_ex=1024x1024,https://hb.afl.rakuten.co.jp/hgc/g00r1oxn.16t5uf33.g00r1oxn.16t5ve15/?pc=https%3A%2F%2Fitem.rakuten.co.jp%2Fauc-knsyouji%2F10000163%2F&m=http%3A%2F%2Fm.rakuten.co.jp%2Fauc-knsyouji%2Fi%2F10000163%2F&rafcid=wsc_i_is_b93111dd-e085-46a2-a75f-28c1ee5d2de6
PRD_473,고긴자시 사과 키홀더 남색,こぎん刺し りんごのキーホルダー 紺,고긴자시(こぎん刺し),REG_012,PRC_02,1430,"고긴자시 사과 키홀더 남색은 아오모리의 전통 자수인 고긴자시를 적용한 사과 모양 키홀더입니다. 동글동글한 사과 형태에 남색 바탕과 자수 무늬가 어우러져 작지만 지역 공예의 인상이 뚜렷합니다. 가방이나 열쇠에 달기 쉬운 소품으로, 아오모리의 사과 이미지와 고긴자시 문양을 함께 담은 제품입니다.","가방 장식용으로 부담 없고, 색상별로 고를 수 있어 소형 기념품으로 좋음.",1,https://dzwpvqehwr7zl.cloudfront.net/omios/products/generated/_review/PRD_473/PRD_473_packshot_v1.png,https://aspam.jp/item/1834/
PRD_474,카니 코반,かに小判,마루이시 누마타상점(丸石沼田商店),REG_012,PRC_01,135,"카니 코반은 마루이시 누마타상점의 게 풍미 어묵 간식입니다. 한입에 먹기 좋은 작은 고반 모양으로 만든 수산 가공품이며, 게의 향과 부드러운 어육 반죽의 식감을 함께 살린 제품입니다. 아오모리 해산물 간식이나 술안주로 어울리는 짭짤한 지역 식품입니다.","냉장 제품일 수 있으므로 보관 조건을 확인하고, 바로 먹을 간식이나 술안주용으로 구매하는 것이 좋음.",1,https://thumbnail.image.rakuten.co.jp/@0_mall/aspambussan/cabinet/nousuisannbutu/suisannbutu/kanikoban.jpg?_ex=1024x1024,https://hb.afl.rakuten.co.jp/hgc/g00rjf7n.16t5u188.g00rjf7n.16t5v268/?pc=https%3A%2F%2Fitem.rakuten.co.jp%2Faspambussan%2F10000127%2F&m=http%3A%2F%2Fm.rakuten.co.jp%2Faspambussan%2Fi%2F10000127%2F&rafcid=wsc_i_is_b93111dd-e085-46a2-a75f-28c1ee5d2de6
PRD_475,탓피,竜飛,마루이시 누마타상점(丸石沼田商店),REG_012,PRC_01,135,탓피는 마루이시 누마타상점의 튀긴 카마보코 상품입니다. 고급 어육 반죽에 무쓰만산 가리비와 새우를 더해 해산물의 단맛과 향을 살린 것이 특징입니다. 쓰가루 해협의 지명에서 따온 이름처럼 아오모리 바다의 이미지를 담은 간식형 수산 가공품입니다.,"소량 제품이라 현지에서 바로 맛보기 좋고, 냉장 필요 여부를 확인한 뒤 짧은 이동 때 구매하는 것이 안전함.",1,https://thumbnail.image.rakuten.co.jp/@0_mall/aspambussan/cabinet/nousuisannbutu/suisannbutu/tappi.jpg?_ex=1024x1024,https://hb.afl.rakuten.co.jp/hgc/g00rjf7n.16t5u188.g00rjf7n.16t5v268/?pc=https%3A%2F%2Fitem.rakuten.co.jp%2Faspambussan%2F10000131%2F&m=http%3A%2F%2Fm.rakuten.co.jp%2Faspambussan%2Fi%2F10000131%2F&rafcid=wsc_i_is_b93111dd-e085-46a2-a75f-28c1ee5d2de6
PRD_476,수제 사탕 아오모리 사과 120g,手づくり飴・青森りんご 120g,아메노 다카미야(飴のたかみや),REG_012,PRC_01,497,"수제 사탕 아오모리 사과는 아메노 다카미야의 사과 맛 사탕입니다. 사과 사탕이 단맛만 강해지기 쉬운 점과 달리, 이 제품은 선명하고 상쾌한 산미가 있어 뒷맛이 깔끔하다고 소개됩니다. 아오모리 사과의 산뜻한 향을 작은 사탕으로 담아 가볍게 나누어 먹기 좋은 과자입니다.","가볍고 나눠 먹기 좋아 사무실용 선물로 적합하며, 더운 날에는 녹지 않게 보관하면 좋음.",1,https://thumbnail.image.rakuten.co.jp/@0_mall/aomori-shop/cabinet/202602takamiya025.jpg?_ex=1024x1024,https://hb.afl.rakuten.co.jp/hgc/g00qcm6n.16t5u453.g00qcm6n.16t5va3c/?pc=https%3A%2F%2Fitem.rakuten.co.jp%2Faomori-shop%2F10001622%2F&m=http%3A%2F%2Fm.rakuten.co.jp%2Faomori-shop%2Fi%2F10001622%2F&rafcid=wsc_i_is_b93111dd-e085-46a2-a75f-28c1ee5d2de6
PRD_477,네부타즈케 250g,ねぶた漬 250g,야마모토식품(ヤマモト食品),REG_012,PRC_01,740,"네부타즈케는 야마모토식품의 아오모리 대표 절임 반찬입니다. 청어알, 오징어, 다시마 같은 바다 재료와 무, 오이 같은 산지 채소를 간장 양념에 절여 감칠맛과 아삭한 식감을 함께 냅니다. 밥 위에 곁들이기 좋은 짭짤한 반찬으로, 해산물과 채소가 섞인 아오모리식 향토 절임의 성격이 강한 제품입니다.","냉장 보관 제품이므로 보냉 포장을 준비하고, 밥반찬을 좋아하는 가족 선물로 적합함.",1,https://thumbnail.image.rakuten.co.jp/@0_mall/shop-aomori/cabinet/suisan/yamamoto-foods/suisan601.jpg?_ex=1024x1024,https://hb.afl.rakuten.co.jp/hgc/g00rfkmn.16t5u338.g00rfkmn.16t5ve56/?pc=https%3A%2F%2Fitem.rakuten.co.jp%2Fshop-aomori%2Fsuisan601%2F&m=http%3A%2F%2Fm.rakuten.co.jp%2Fshop-aomori%2Fi%2F10001860%2F&rafcid=wsc_i_is_b93111dd-e085-46a2-a75f-28c1ee5d2de6
PRD_478,히바 샴푸 225ml,ひばシャンプー 225ml,아오모리 히바(青森ヒバ),REG_012,PRC_02,1650,"히바 샴푸 225밀리리터는 아오모리 히바 제품군의 자연파 샴푸입니다. 건강한 모발과 두피를 위한 샴푸로 소개되며, 아오모리 히바 특유의 목재 향을 생활용품으로 즐길 수 있는 제품입니다. 225밀리리터 용량의 액상 샴푸라 히바 향이 나는 욕실용품을 찾는 사람에게 맞습니다.","액체류는 위탁 수하물에 넣고, 향이 취향을 탈 수 있어 사용자를 고려해 고르면 좋음.",1,https://thumbnail.image.rakuten.co.jp/@0_mall/4kiaomori/cabinet/hiba/300hiba-syampoo225.jpg?_ex=1024x1024,https://hb.afl.rakuten.co.jp/hgc/g00qavjn.16t5uafc.g00qavjn.16t5v95e/?pc=https%3A%2F%2Fitem.rakuten.co.jp%2F4kiaomori%2Fhiba-shampoo%2F&m=http%3A%2F%2Fm.rakuten.co.jp%2F4kiaomori%2Fi%2F10000875%2F&rafcid=wsc_i_is_b93111dd-e085-46a2-a75f-28c1ee5d2de6
PRD_479,금의 네부타 사과 주스 30캔,アップルジュース金のねぶた缶 30本,샤이니(シャイニー),REG_012,PRC_05,4924,금의 네부타 사과 주스는 샤이니의 아오모리 사과 주스 캔 제품입니다. 금의 네부타는 후지 사과를 기본으로 홍옥 등을 블렌딩해 산미가 깔끔하고 상쾌한 풍미가 나도록 만든 계열로 소개됩니다. 단맛보다 또렷한 산미를 선호할 때 잘 맞는 스트레이트 사과 주스 세트입니다.,"은의 네부타보다 산미가 또렷하므로, 단맛보다 깔끔한 주스를 선호하는 사람에게 권하기 좋음.",1,https://thumbnail.image.rakuten.co.jp/@0_mall/nozomi-market/cabinet/202501_09/b160-8-1.jpg?_ex=1024x1024,https://hb.afl.rakuten.co.jp/hgc/g00r1iqn.16t5u5f8.g00r1iqn.16t5v10a/?pc=https%3A%2F%2Fitem.rakuten.co.jp%2Fnozomi-market%2Fb160-8%2F&m=http%3A%2F%2Fm.rakuten.co.jp%2Fnozomi-market%2Fi%2F10039755%2F&rafcid=wsc_i_is_b93111dd-e085-46a2-a75f-28c1ee5d2de6
PRD_480,네부타 페이스팩 아테루이,ねぶたフェイスパック（アテルイ）,아오모리 네부타(青森ねぶた),REG_012,PRC_01,660,"네부타 페이스팩 아테루이는 아오모리 네부타의 강렬한 얼굴 디자인을 시트 마스크에 프린트한 잡화형 화장품입니다. 얼굴에 붙이면 네부타 분장을 한 듯한 시각적 재미가 생기는 제품으로, 지역 축제 이미지를 일상용품에 옮긴 것이 특징입니다. 가볍고 작은 패키지라 아오모리 네부타를 떠올리게 하는 기념품 성격이 강합니다.","가볍고 깨질 걱정이 없어 소형 선물로 좋고, 디자인이 취향에 맞는지 보고 고르면 좋음.",1,https://dzwpvqehwr7zl.cloudfront.net/omios/products/generated/_review/PRD_480/PRD_480_packshot_v1.png,https://aspam.jp/item/1848/
PRD_481,네부타 주스 세트 지에스엔에이,ねぶたジュースセット GS-NA,아오모리현 사과주스(青森県りんごジュース),REG_012,PRC_04,3780,"네부타 주스 세트 지에스엔에이는 금의 네부타와 은의 네부타 사과 주스를 함께 담은 세트입니다. 금의 네부타는 후지와 홍옥 계열의 블렌딩으로 산미가 깔끔하고, 은의 네부타는 왕림과 후지 등을 블렌딩해 완숙하고 부드러운 풍미를 냅니다. 두 계열을 한 번에 비교할 수 있어 아오모리 사과 주스의 단맛과 산미 차이를 느끼기 좋은 구성입니다.","여러 캔이 들어 있어 가족 선물에 좋고, 무게가 있으므로 호텔 배송이나 차량 이동에 맞춰 구매하는 편이 좋음.",1,https://thumbnail.image.rakuten.co.jp/@0_mall/happy-hellobaby/cabinet/tokusyo9/gs-na.jpg?_ex=1024x1024,https://hb.afl.rakuten.co.jp/hgc/g00r8mfn.16t5u75f.g00r8mfn.16t5v0fb/?pc=https%3A%2F%2Fitem.rakuten.co.jp%2Fhappy-hellobaby%2Fgs-a%2F&m=http%3A%2F%2Fm.rakuten.co.jp%2Fhappy-hellobaby%2Fi%2F10070850%2F&rafcid=wsc_i_is_b93111dd-e085-46a2-a75f-28c1ee5d2de6
PRD_482,스파클링 기프트 에스피에이,スパークリングギフト SP-A,아오모리현 사과주스(青森県りんごジュース),REG_012,PRC_04,3780,"스파클링 기프트 에스피에이는 세 종류의 탄산 사과 주스를 비교할 수 있는 세트입니다. 각기 다른 풍미의 스파클링 사과 주스가 들어 있어 단맛, 산미, 탄산감의 차이를 나누어 맛볼 수 있습니다. 논알코올 탄산 음료 구성이라 사과 주스를 더 가볍고 산뜻하게 즐기도록 만든 기프트형 상품입니다.","술을 마시지 않는 사람에게도 주기 좋은 세트이며, 병 파손을 막기 위해 완충 포장을 확인하는 것이 좋음.",1,https://thumbnail.image.rakuten.co.jp/@0_mall/m-sirakami/cabinet/03673406/08051507/imgrc0097191298.jpg?_ex=1024x1024,https://hb.afl.rakuten.co.jp/hgc/g00ru6wn.16t5u7d6.g00ru6wn.16t5v2b2/?pc=https%3A%2F%2Fitem.rakuten.co.jp%2Fm-sirakami%2Fmarudai_06%2F&m=http%3A%2F%2Fm.rakuten.co.jp%2Fm-sirakami%2Fi%2F10000757%2F&rafcid=wsc_i_is_b93111dd-e085-46a2-a75f-28c1ee5d2de6
PRD_483,남부 센베이 특상마메 12매입,南部せんべい 特上まめ 12枚入,마루코 이즈모리(マルコーいずもり),REG_012,PRC_01,389,남부 센베이 특상마메는 마루코 이즈모리의 땅콩 남부 센베이입니다. 밀가루에 설탕을 더한 담백하고 은은한 단맛의 반죽 위에 깎은 피너츠를 넉넉히 붙여 구워 냅니다. 바삭한 센베이 반죽과 고소한 땅콩 풍미가 뚜렷해 차와 함께 먹기 좋은 전통 과자입니다.,"가격 부담이 적고 가벼워 여러 개를 사기 좋지만, 센베이가 깨지지 않도록 위쪽에 넣어야 함.",1,https://dzwpvqehwr7zl.cloudfront.net/omios/products/generated/_review/PRD_483/PRD_483_packshot_v1.png,https://aspam.jp/item/649/
PRD_484,남부 센베이 특상 두꺼운 참깨 12매입,南部せんべい 特上厚ごま 12枚入,마루코 이즈모리(マルコーいずもり),REG_012,PRC_01,389,"남부 센베이 특상 두꺼운 참깨는 마루코 이즈모리의 참깨 남부 센베이입니다. 밀가루를 바탕으로 한 가벼운 짠맛의 반죽에 참깨를 듬뿍 붙여 구워 고소한 향을 강하게 살렸습니다. 두꺼운 참깨 토핑과 바삭한 반죽이 어우러지는 전통 센베이로, 담백하면서도 고소한 맛이 특징입니다.","고소한 맛이 강해 차와 함께 먹기 좋고, 저렴한 지역 과자를 여러 명에게 나눌 때 편리함.",1,https://dzwpvqehwr7zl.cloudfront.net/omios/products/generated/_review/PRD_484/PRD_484_packshot_v1.png,https://aspam.jp/item/651/
PRD_485,남부 사색 센베이 18매입,南部四色せんべい 18枚入,시부카와센베이(渋川せんべい),REG_012,PRC_01,648,"남부 사색 센베이는 시부카와센베이가 만드는 네 가지 남부 센베이 모음입니다. 참깨, 흰깨, 콩, 간깨 센베이를 한 상자에 담아 각각의 고소한 맛과 식감 차이를 비교할 수 있습니다. 담백한 남부 센베이 반죽에 씨앗과 콩의 풍미를 더한 구성형 전통 과자입니다.","맛이 여러 종류라 가족이나 직장에 나눠주기 좋고, 건조한 곳에 보관하면 바삭함이 오래감.",1,https://dzwpvqehwr7zl.cloudfront.net/omios/products/generated/_review/PRD_485/PRD_485_packshot_v1.png,https://aspam.jp/item/654/
PRD_486,오히나타 카보스 타르트 쿠키 12개입,おひなたかぼす かぼすタルトクッキー 12個入り,유후인 오이시이도(湯布院おいしい堂),REG_013,PRC_02,1040,"오히나타 카보스 타르트 쿠키는 오이타현산 카보스 과즙을 사용한 구움과자입니다. 둥근 카보스 반죽에 카보스 초콜릿을 더한 타르트형 쿠키로, 감귤류 특유의 산뜻한 향을 살린 것이 특징입니다. 12개입 구성이라 오이타 카보스의 상큼한 풍미를 나누어 맛보기 좋은 과자입니다.","개별 포장 과자라 나눠 주기 좋고, 쿠키가 눌리지 않도록 상자 모서리를 확인하면 좋음.",1,https://thumbnail.image.rakuten.co.jp/@0_mall/onsenken-oita/cabinet/item38/j4956058198755_1.jpg?_ex=1024x1024,https://hb.afl.rakuten.co.jp/hgc/g00syhqn.16t5ua98.g00syhqn.16t5v867/?pc=https%3A%2F%2Fitem.rakuten.co.jp%2Fonsenken-oita%2Fj4956058198755%2F&m=http%3A%2F%2Fm.rakuten.co.jp%2Fonsenken-oita%2Fi%2F10011139%2F&rafcid=wsc_i_is_b93111dd-e085-46a2-a75f-28c1ee5d2de6
PRD_487,청유자고추 50g,青柚子こしょう 50g,오이타물산(大分物産),REG_013,PRC_01,498,"청유자고추는 유자 껍질과 고추, 소금을 함께 버무려 만든 규슈식 향신료입니다. 향긋한 유자 향과 풋고추의 매운맛이 함께 나며, 사시미, 구이, 유두부, 우동, 소바 같은 요리에 곁들이는 약미로 쓰입니다. 50그램 소용량이라 매운 향을 조금씩 더해 음식의 산뜻한 맛을 살리기 좋은 양념입니다.","작은 병 제품이라 휴대가 쉽고, 개봉 후 냉장 보관이 필요한 점을 함께 알려 주면 좋음.",0,https://thumbnail.image.rakuten.co.jp/@0_mall/onsenken-oita/cabinet/item01/4520183002333.jpg?_ex=1024x1024,https://hb.afl.rakuten.co.jp/hgc/g00syhqn.16t5ua98.g00syhqn.16t5v867/?pc=https%3A%2F%2Fitem.rakuten.co.jp%2Fonsenken-oita%2Fj4520183002333%2F&m=http%3A%2F%2Fm.rakuten.co.jp%2Fonsenken-oita%2Fi%2F10000051%2F&rafcid=wsc_i_is_b93111dd-e085-46a2-a75f-28c1ee5d2de6
PRD_488,오이타 표고 전문점의 호화 일본식 다시 16팩,大分産椎茸専門店のぜいたく和風だし 16パック,우에다표고전문점(上田椎茸専門店),REG_013,PRC_02,1680,"오이타 표고 전문점의 호화 일본식 다시는 티백형 일본식 국물팩입니다. 오이타현산 돈코 표고버섯을 중심으로 시즈오카현산 본가리 가쓰오부시와 사바부시, 홋카이도산 리시리 다시마, 구마모토현산 우루메이와시를 함께 담았습니다. 표고의 깊은 향과 해산물 건어물의 감칠맛을 한 팩에 모은 다시 제품입니다.","요리를 자주 하는 사람에게 실용적이며, 습기를 피할 수 있게 밀봉 보관을 안내하면 좋음.",0,https://thumbnail.image.rakuten.co.jp/@0_mall/onsenken-oita/cabinet/item33/j4589501660327_1.jpg?_ex=1024x1024,https://hb.afl.rakuten.co.jp/hgc/g00syhqn.16t5ua98.g00syhqn.16t5v867/?pc=https%3A%2F%2Fitem.rakuten.co.jp%2Fonsenken-oita%2Fj4589501660327%2F&m=http%3A%2F%2Fm.rakuten.co.jp%2Fonsenken-oita%2Fi%2F10000165%2F&rafcid=wsc_i_is_b93111dd-e085-46a2-a75f-28c1ee5d2de6
PRD_489,카보스모치 18개입,かぼす餅 18個入,산쿄제과(三協製菓),REG_013,PRC_01,998,"카보스모치는 산쿄제과가 만드는 오이타 명과입니다. 오이타 특산 카보스의 풍미를 담은 자체 제조 앙금을 부드러운 떡으로 감싸, 감귤의 은은한 향과 말랑한 식감을 함께 느낄 수 있습니다. 벳푸 온천의 이미지와 어울리는 화과자 성격의 제품으로 18개입 상자에 담겨 있습니다.",부드러운 떡 과자라 눌림에 약하므로 다른 짐 위쪽에 넣는 것이 좋음.,1,https://thumbnail.image.rakuten.co.jp/@0_mall/cosmebox/cabinet/item40/j4530374230049_1.jpg?_ex=1024x1024,https://hb.afl.rakuten.co.jp/hgc/g00q7yxn.16t5u5ad.g00q7yxn.16t5v432/?pc=https%3A%2F%2Fitem.rakuten.co.jp%2Fcosmebox%2Fj4530374230049%2F&m=http%3A%2F%2Fm.rakuten.co.jp%2Fcosmebox%2Fi%2F10031195%2F&rafcid=wsc_i_is_b93111dd-e085-46a2-a75f-28c1ee5d2de6
PRD_490,유자 센베이 14매입,柚せんべい 14枚入,오이타물산(大分物産),REG_013,PRC_01,440,"유자 센베이는 유자 향을 살린 오이타물산의 손맛 전병입니다. 밀가루와 설탕을 바탕으로 한 반죽에 된장을 숨은 맛으로 넣어 고소함을 더하고, 유자의 상쾌한 향이 은은하게 퍼지는 것이 특징입니다. 소박한 향토 과자 느낌의 구운 과자로 차와 함께 먹기 좋은 14매입 제품입니다.","가볍고 가격 부담이 낮아 여러 개를 사기 좋지만, 전병이 깨지지 않게 포장 상태를 살피면 좋음.",1,https://thumbnail.image.rakuten.co.jp/@0_mall/cosmebox/cabinet/item66/j4520183002753_1.jpg?_ex=1024x1024,https://hb.afl.rakuten.co.jp/hgc/g00q7yxn.16t5u5ad.g00q7yxn.16t5v432/?pc=https%3A%2F%2Fitem.rakuten.co.jp%2Fcosmebox%2Fj4520183002753%2F&m=http%3A%2F%2Fm.rakuten.co.jp%2Fcosmebox%2Fi%2F10048027%2F&rafcid=wsc_i_is_b93111dd-e085-46a2-a75f-28c1ee5d2de6
PRD_491,분고 시오카제 폰즈 190ml,豊後潮風ぽん酢 190ml,분고혼텐(豊後本廛),REG_013,PRC_01,798,"분고 시오카제 폰즈는 카보스, 유자, 유자고추를 넣은 오이타식 폰즈입니다. 장기 숙성한 본격 양조 간장을 바탕으로 감귤의 산미와 향신료의 매운 향을 더해 상큼하면서도 깊은 맛을 냅니다. 전골, 구운 생선, 두부, 고기 요리, 튀김, 면 요리, 샐러드 등에 두루 쓰기 좋은 190밀리리터 조미 소스입니다.","유리병 제품이므로 완충 포장을 요청하고, 생선구이나 샤부샤부를 즐기는 사람에게 잘 맞음.",1,https://thumbnail.image.rakuten.co.jp/@0_mall/onsenken-oita/cabinet/item38/j4971989009208s3_1.jpg?_ex=1024x1024,https://hb.afl.rakuten.co.jp/hgc/g00syhqn.16t5ua98.g00syhqn.16t5v867/?pc=https%3A%2F%2Fitem.rakuten.co.jp%2Fonsenken-oita%2Fj4971989009208s3%2F&m=http%3A%2F%2Fm.rakuten.co.jp%2Fonsenken-oita%2Fi%2F10011126%2F&rafcid=wsc_i_is_b93111dd-e085-46a2-a75f-28c1ee5d2de6
PRD_492,하쿠치쿠 하나즈쓰 도쿠조 작품,白竹華筒（徳三作）,기쿤테이공방(此君亭工房),REG_013,PRC_06,10790,"하쿠치쿠 하나즈쓰는 대나무 공예가 이쿠노 토쿠조가 만든 흰 대나무 화기입니다. 지역에서 나는 마다케를 사용하고, 인간문화재였던 부친 이쿠노 쇼운사이에게서 전승된 전통 공법을 바탕으로 제작된 작품입니다. 카슈 옻칠을 더한 약 22센티미터 높이의 수공예 꽃병으로, 천연 대나무를 그대로 써 개체마다 질감 차이가 있습니다.",수공예품이라 크기와 결이 조금씩 달라 실물 확인 후 포장 상자까지 챙기는 것이 좋음.,1,https://thumbnail.image.rakuten.co.jp/@0_mall/cosmebox/cabinet/item62/j4582409025526_1.jpg?_ex=1024x1024,https://hb.afl.rakuten.co.jp/hgc/53033622.7bbb75b6.53033623.c98a76f0/?pc=https%3A%2F%2Fitem.rakuten.co.jp%2Fonsenken-oita%2Fj4582409025526%2F&m=https%3A%2F%2Fitem.rakuten.co.jp%2Fonsenken-oita%2Fj4582409025526%2F
PRD_493,유후인 오리다시 간장 라멘 4인분,湯布院 鴨だし醤油ラーメン 4人前,유후제면(由布製麺),REG_013,PRC_02,1000,"유후인 오리다시 간장 라멘은 유후인과 오리의 지역적 인연을 담은 4인분 라멘 세트입니다. 유후인은 철새의 휴식지와 합오리 농법 등으로 오래전부터 오리와 관련이 깊은 지역으로 소개되며, 이 상품은 오리 육수의 풍미를 살린 간장 라멘입니다. 면 4봉과 오리 수프, 유자고추가 함께 구성되어 진한 간장 국물과 향신료의 산뜻함을 같이 느낄 수 있습니다.","간편 포장 제품이라 집에서 조리하기 좋고, 유자고추를 곁들이면 현지 느낌이 더 살아남.",1,https://thumbnail.image.rakuten.co.jp/@0_mall/onsenken-oita/cabinet/item39/j0000000758008_1.jpg?_ex=1024x1024,https://hb.afl.rakuten.co.jp/hgc/g00syhqn.16t5ua98.g00syhqn.16t5v867/?pc=https%3A%2F%2Fitem.rakuten.co.jp%2Fonsenken-oita%2Fj0000000758008%2F&m=http%3A%2F%2Fm.rakuten.co.jp%2Fonsenken-oita%2Fi%2F10003556%2F&rafcid=wsc_i_is_b93111dd-e085-46a2-a75f-28c1ee5d2de6
PRD_494,오이타 와 우롱차 30g,大分 和 烏龍茶 30g,히메노엔(姫の園),REG_013,PRC_01,580,"오이타 와 우롱차는 히메노엔이 만든 오이타현산 우롱차입니다. 녹차에 쓰이는 국산 찻잎을 우롱차로 가공한 제품으로, 2그램 티백 15개가 들어 있습니다. 오이타는 메이지 8년에 우롱차 시제품을 만들었다는 기록이 남아 있는 지역으로 소개되며, 이 상품은 그 지역성을 살린 일본산 우롱차입니다.","부피가 작아 차를 좋아하는 사람에게 부담 없이 선물하기 좋고, 향이 날아가지 않게 밀봉 보관하면 좋음.",1,https://thumbnail.image.rakuten.co.jp/@0_mall/onsenken-oita/cabinet/item01/4953952800302.jpg?_ex=1024x1024,https://hb.afl.rakuten.co.jp/hgc/53033622.7bbb75b6.53033623.c98a76f0/?pc=https%3A%2F%2Fitem.rakuten.co.jp%2Fonsenken-oita%2Fj4953952800302%2F&m=https%3A%2F%2Fitem.rakuten.co.jp%2Fonsenken-oita%2Fj4953952800302%2F
PRD_495,벳푸 로망 유노하나 3포입,別府浪漫 湯の花 15g×3包入,이와미상사(岩見商事),REG_013,PRC_01,480,"벳푸 로망 유노하나는 벳푸 온천 이미지를 집에서 즐길 수 있게 만든 천연 유노하나 입욕 제품입니다. 산지의 온천 원천에서 얻은 천연 유노하나를 티백형 15그램 포장 3개로 구성했습니다. 가정용 욕조에 한 포를 우려내면 미네랄감 있는 우윳빛 탁탕이 되어, 벳푸 온천의 분위기를 목욕 시간에 더해 줍니다.","가볍고 깨질 걱정이 적어 비식품 선물로 좋지만, 피부가 민감한 사람에게는 성분 확인을 권하면 좋음.",1,https://thumbnail.image.rakuten.co.jp/@0_mall/onsenken-oita/cabinet/item32/j4546092000017_1.jpg?_ex=1024x1024,https://hb.afl.rakuten.co.jp/hgc/g00syhqn.16t5ua98.g00syhqn.16t5v867/?pc=https%3A%2F%2Fitem.rakuten.co.jp%2Fonsenken-oita%2Fj4546092000017%2F&m=http%3A%2F%2Fm.rakuten.co.jp%2Fonsenken-oita%2Fi%2F10000938%2F&rafcid=wsc_i_is_b93111dd-e085-46a2-a75f-28c1ee5d2de6
PRD_496,오이타 카보스 구미 8알입,大分かぼすグミ 8粒入,난코물산 오이타메이드(南光物産×Oita Made),REG_013,PRC_01,840,"오이타 카보스 구미는 난코물산과 오이타 메이드가 함께 만든 오리지널 구미입니다. 오이타현산 완숙 황카보스의 스트레이트 과즙과 향이 좋은 껍질을 사용해, 새콤하고 상쾌한 감귤 풍미를 살렸습니다. 무착색 8알 구성으로, 동그란 모양에 카보스의 산뜻한 향을 담은 작은 과자입니다.","작은 포장이라 휴대가 쉽고, 산미가 있는 간식을 좋아하는 사람에게 잘 맞음.",1,https://thumbnail.image.rakuten.co.jp/@0_mall/onsenken-oita/cabinet/item02/j4945568002294_1.jpg?_ex=1024x1024,https://hb.afl.rakuten.co.jp/hgc/53033622.7bbb75b6.53033623.c98a76f0/?pc=https%3A%2F%2Fitem.rakuten.co.jp%2Fonsenken-oita%2Fj4945568002294%2F&m=https%3A%2F%2Fitem.rakuten.co.jp%2Fonsenken-oita%2Fj4945568002294%2F
PRD_497,극상 카보스 구운소금 20g,極旨 かぼす焼塩 20g,푸드스태프(フードスタッフ),REG_013,PRC_01,440,"극상 카보스 구운소금은 오이타산 카보스와 규슈산 소금을 중심으로 만든 조미 소금입니다. 규슈산 구운소금에 카보스 파우더, 양파, 흰후추와 흑후추, 마늘 등을 더해 산뜻한 향과 짭짤한 감칠맛을 냅니다. 고기, 튀김, 구이 요리에 카보스의 상큼한 향을 간단히 더할 수 있는 20그램 소용량 향신 소금입니다.","고기나 튀김에 바로 찍어 먹기 좋아 요리 선물로 실용적이고, 작은 병이라 여러 개 구매해도 부담이 적음.",1,https://thumbnail.image.rakuten.co.jp/@0_mall/nipponmarche/cabinet/shohin18/4560260860777.jpg?_ex=1024x1024,https://hb.afl.rakuten.co.jp/hgc/53033622.7bbb75b6.53033623.c98a76f0/?pc=https%3A%2F%2Fitem.rakuten.co.jp%2Fnipponmarche%2F4560260860777%2F&m=https%3A%2F%2Fitem.rakuten.co.jp%2Fnipponmarche%2F4560260860777%2F
PRD_498,온천현 오이타 온도계 자석 오케짱 흰색,おんせん県おおいた 温度計付きマグネット 白 おけちゃん,이와미상사(岩見商事),REG_013,PRC_01,480,"온천현 오이타 온도계 자석 오케짱 흰색은 온도계가 붙은 자석 기념품입니다. 목욕물통을 모티브로 한 오케짱 로고와 '온천현 오이타' 문구를 넣어, 오이타의 온천 관광 이미지를 작은 생활 소품으로 표현했습니다. 냉장고나 현관처럼 금속 면에 붙여 둘 수 있는 흰색 마그넷입니다.","식품이 아닌 가벼운 소품이라 유통기한 걱정이 없고, 냉장고 자석을 모으는 사람에게 적합함.",1,https://thumbnail.image.rakuten.co.jp/@0_mall/onsenken-oita/cabinet/item35/j4546092010078s2_1.jpg?_ex=1024x1024,https://hb.afl.rakuten.co.jp/hgc/53033622.7bbb75b6.53033623.c98a76f0/?pc=https%3A%2F%2Fitem.rakuten.co.jp%2Fonsenken-oita%2Fj4546092010078s2%2F&m=https%3A%2F%2Fitem.rakuten.co.jp%2Fonsenken-oita%2Fj4546092010078s2%2F
PRD_499,벳푸 오리지널 드립커피 3개입,別府オリジナルドリップコーヒー 3個入り,산요산업(三洋産業),REG_013,PRC_01,556,"벳푸 오리지널 드립커피는 온천 도시 벳푸의 풍경과 관광 명소를 패키지에 담은 드립백 커피입니다. 브라질, 콜롬비아, 파푸아뉴기니산 원두를 사용한 레귤러 커피이며, 10그램 드립팩 3개로 구성되어 있습니다. 여행지 패키지와 간편한 추출 방식을 결합한 벳푸 기념품형 커피입니다.","커피를 마시는 사람에게 가볍게 주기 좋고, 낱개 드립백이라 직장 선물로도 다루기 쉬움.",1,https://thumbnail.image.rakuten.co.jp/@0_mall/onsenken-oita/cabinet/item04/j4962522903015_1.jpg?_ex=1024x1024,https://hb.afl.rakuten.co.jp/hgc/53033622.7bbb75b6.53033623.c98a76f0/?pc=https%3A%2F%2Fitem.rakuten.co.jp%2Fonsenken-oita%2Fj4962522903015%2F&m=https%3A%2F%2Fitem.rakuten.co.jp%2Fonsenken-oita%2Fj4962522903015%2F
PRD_500,표고 카보스 폰즈 200ml,しいたけのかぼすポン酢 200ml,모리상점(茂里商店),REG_013,PRC_01,698,"표고 카보스 폰즈는 모리상점의 오이타현산 표고버섯과 카보스를 사용한 폰즈 소스입니다. 표고버섯 다시의 깊은 감칠맛에 카보스의 향긋한 산미를 더해, 버섯 향과 감귤 향이 함께 살아나는 것이 특징입니다. 200밀리리터 용량의 간장 가공품으로 전골, 두부, 구이 요리에 곁들이기 좋은 조미료입니다.","유리병 제품이라 파손 방지를 챙기고, 냄비 요리나 두부 요리를 즐기는 사람에게 잘 맞음.",1,https://thumbnail.image.rakuten.co.jp/@0_mall/onsenken-oita/cabinet/j4571158959466_1.jpg?_ex=1024x1024,https://hb.afl.rakuten.co.jp/hgc/g00syhqn.16t5ua98.g00syhqn.16t5v867/?pc=https%3A%2F%2Fitem.rakuten.co.jp%2Fonsenken-oita%2Fj4571158959466%2F&m=http%3A%2F%2Fm.rakuten.co.jp%2Fonsenken-oita%2Fi%2F10000546%2F&rafcid=wsc_i_is_b93111dd-e085-46a2-a75f-28c1ee5d2de6
PRD_501,유후인 고원 드레싱 와풍 160ml,湯布院の高原ドレッシング 和風 160ml,후지진간장(富士甚醤油),REG_013,PRC_01,440,"유후인 고원 드레싱 와풍은 후지진간장의 일본식 드레싱입니다. 본양조 간장, 양파, 블랙 올리브가 어우러져 짭짤하면서도 부드러운 감칠맛을 내는 것이 특징입니다. 160밀리리터 병 제품으로 샐러드뿐 아니라 파스타나 채소 요리에 곁들이기 좋은 와풍 소스입니다.","병이 작아 가져가기 쉽고, 샐러드뿐 아니라 파스타에 쓸 수 있어 실용적인 선물임.",1,https://thumbnail.image.rakuten.co.jp/@0_mall/nipponmarche/cabinet/shohin22/4902412831592.jpg?_ex=1024x1024,https://hb.afl.rakuten.co.jp/hgc/g00te14n.16t5ud0b.g00te14n.16t5vabd/?pc=https%3A%2F%2Fitem.rakuten.co.jp%2Fnipponmarche%2F4902412831592%2F&m=http%3A%2F%2Fm.rakuten.co.jp%2Fnipponmarche%2Fi%2F10032508%2F&rafcid=wsc_i_is_b93111dd-e085-46a2-a75f-28c1ee5d2de6
PRD_502,카보스 파이 20매입,果物彩菓 カボスパイ 20枚入,오이타잇손잇핀(大分一村一品),REG_013,PRC_02,1380,"카보스 파이는 오이타 특산 카보스를 활용한 파이형 과자입니다. 카보스 잼을 접어 넣은 손작업 파이를 구워, 바삭한 파이 반죽 속에 상큼하고 향긋한 감귤 풍미가 퍼지도록 만든 것이 특징입니다. 20매입 상자 구성으로 오이타 카보스의 산뜻한 맛을 과자로 즐길 수 있습니다.","파이가 부서지기 쉬우므로 단단한 가방에 넣고, 인원수가 많은 곳에는 20매입이 편함.",1,https://thumbnail.image.rakuten.co.jp/@0_mall/onsenken-oita/cabinet/item07/j4530422230090_1.jpg?_ex=1024x1024,https://hb.afl.rakuten.co.jp/hgc/g00syhqn.16t5ua98.g00syhqn.16t5v867/?pc=https%3A%2F%2Fitem.rakuten.co.jp%2Fonsenken-oita%2Fj4530422230090%2F&m=http%3A%2F%2Fm.rakuten.co.jp%2Fonsenken-oita%2Fi%2F10002278%2F&rafcid=wsc_i_is_b93111dd-e085-46a2-a75f-28c1ee5d2de6
PRD_503,부리 소보로 보쿠부리군 100g,ブリのそぼろ ぼくぶりくん 100g,아이노사토공방(愛の里工房),REG_013,PRC_02,1080,"부리 소보로 보쿠부리군은 오이타 사이키 지역의 방어를 활용한 생선 소보로입니다. 참치의 나카오치에 해당하는 방어 부위를 사용해 잘게 풀어 만든 제품으로, 생선의 진한 맛을 밥반찬처럼 즐길 수 있습니다. 주먹밥 속 재료, 차즈케, 냉두부 고명 등에 어울리는 100그램 수산 가공품입니다.","밥이나 오차즈케에 곁들이기 좋아 음식 선물로 독특하며, 개봉 후 냉장 보관을 안내하면 좋음.",1,https://thumbnail.image.rakuten.co.jp/@0_mall/onsenken-oita/cabinet/item11/j4571381575020_1.jpg?_ex=1024x1024,https://hb.afl.rakuten.co.jp/hgc/g00syhqn.16t5ua98.g00syhqn.16t5v867/?pc=https%3A%2F%2Fitem.rakuten.co.jp%2Fonsenken-oita%2Fj4571381575020%2F&m=http%3A%2F%2Fm.rakuten.co.jp%2Fonsenken-oita%2Fi%2F10002992%2F&rafcid=wsc_i_is_b93111dd-e085-46a2-a75f-28c1ee5d2de6
PRD_504,오이타산 건표고 봉지 대 220g,大分県産 乾椎茸袋詰め 大 220g,모리상점(茂里商店),REG_013,PRC_03,2680,"오이타산 건표고 봉지 대는 원목 재배한 오이타산 건표고를 220그램 담은 가정용 상품입니다. 오이타는 원목 재배 건표고 산지로 소개되며, 이 제품은 돈코 표고의 향과 건조 버섯의 진한 감칠맛을 살렸습니다. 조림, 볶음, 파스타 같은 일상 요리에 쓰기 좋은 넉넉한 봉지 포장입니다.","가볍고 오래 보관 가능해 요리 선물로 좋으며, 향이 빠지지 않게 건조한 곳에 두면 좋음.",1,https://thumbnail.image.rakuten.co.jp/@0_mall/cosmebox/cabinet/item53/j4992280273112_1.jpg?_ex=1024x1024,https://hb.afl.rakuten.co.jp/hgc/g00q7yxn.16t5u5ad.g00q7yxn.16t5v432/?pc=https%3A%2F%2Fitem.rakuten.co.jp%2Fcosmebox%2Fj4992280273112%2F&m=http%3A%2F%2Fm.rakuten.co.jp%2Fcosmebox%2Fi%2F10039272%2F&rafcid=wsc_i_is_b93111dd-e085-46a2-a75f-28c1ee5d2de6
PRD_505,카보스고추 50g,かぼすこしょう 50g,카보스혼케(かぼす本家),REG_013,PRC_01,980,"카보스고추는 오이타 특산 그린 카보스 껍질과 청고추를 사용한 향신료입니다. 유자고추와 비슷한 방식으로 감귤 껍질의 산뜻한 향과 고추의 매운맛, 소금의 짠맛이 어우러지는 것이 특징입니다. 회, 전골, 구이, 간장 양념에 조금 더해 카보스의 향을 살리는 50그램 조미료입니다.","고기, 생선, 국물 요리에 두루 맞아 요리 애호가에게 좋고, 개봉 후 냉장 보관을 권하면 좋음.",1,https://thumbnail.image.rakuten.co.jp/@0_mall/cosmebox/cabinet/item56/j4982626710272s3_1.jpg?_ex=1024x1024,https://hb.afl.rakuten.co.jp/hgc/g00q7yxn.16t5u5ad.g00q7yxn.16t5v432/?pc=https%3A%2F%2Fitem.rakuten.co.jp%2Fcosmebox%2Fj4982626710272s3%2F&m=http%3A%2F%2Fm.rakuten.co.jp%2Fcosmebox%2Fi%2F10041448%2F&rafcid=wsc_i_is_b93111dd-e085-46a2-a75f-28c1ee5d2de6
PRD_506,표고간장 150ml,椎茸しょうゆ 150mL,오이타현 표고농협(大分県椎茸農業協同組合),REG_013,PRC_01,398,"표고간장은 오이타현 표고농협이 만든 소용량 다시 간장입니다. 오이타현산 건표고의 감칠맛에 다시마와 가쓰오부시의 맛을 더해 약간 달콤한 국물 간장으로 완성했습니다. 150밀리리터 병 제품이라 두부, 나물, 조림, 국물 간 맞춤에 표고 향을 더하기 좋습니다.","가격과 크기가 부담 없어 여러 명에게 나눠 주기 좋고, 병 제품이라 완충 포장을 챙기면 좋음.",1,https://thumbnail.image.rakuten.co.jp/@0_mall/cosmebox/cabinet/item46/j4908870568247_1.jpg?_ex=1024x1024,https://hb.afl.rakuten.co.jp/hgc/53033622.7bbb75b6.53033623.c98a76f0/?pc=https%3A%2F%2Fitem.rakuten.co.jp%2Fonsenken-oita%2Fj4908870568247%2F&m=https%3A%2F%2Fitem.rakuten.co.jp%2Fonsenken-oita%2Fj4908870568247%2F
PRD_507,오이타 베리츠 스틱 케이크 6개입,おおいたベリーツスティックケーキ 6本入り,푸드스태프(フードスタッフ),REG_013,PRC_02,1340,"오이타 베리츠 스틱 케이크는 오이타현산 브랜드 딸기 베리츠를 사용한 구움과자입니다. 베리츠는 단맛과 산미의 균형이 좋아 과자 재료와 잘 어울린다고 소개되며, 이 제품은 그 페이스트를 넣은 스틱형 피낭시에 스타일 케이크입니다. 6개입 구성으로 딸기 향과 버터리한 구움과자 질감을 함께 느낄 수 있습니다.","개별 포장이라 나눠 주기 편하고, 계절 한정 여부와 재고를 확인해 구매하는 것이 좋음.",1,https://thumbnail.image.rakuten.co.jp/@0_mall/cosmebox/cabinet/item48/j4560260841363_1.jpg?_ex=1024x1024,https://hb.afl.rakuten.co.jp/hgc/g00q7yxn.16t5u5ad.g00q7yxn.16t5v432/?pc=https%3A%2F%2Fitem.rakuten.co.jp%2Fcosmebox%2Fj4560260841363%2F&m=http%3A%2F%2Fm.rakuten.co.jp%2Fcosmebox%2Fi%2F10035534%2F&rafcid=wsc_i_is_b93111dd-e085-46a2-a75f-28c1ee5d2de6
PRD_508,오이타 부리와 카보스부리 류큐 4식 세트,大分県産ぶり＆かぼすぶりタレ漬け 4食セット,분고미식공방 키즈나야(豊後美食工房 絆屋),REG_013,PRC_05,4080,"오이타 부리와 카보스부리 류큐 4식 세트는 오이타식 생선 절임인 류큐를 간편하게 먹을 수 있는 냉동 세트입니다. 신선한 부리와 카보스를 먹여 키운 카보스부리를 각각 양념장에 절여 개별 포장했으며, 밥 위에 올리면 해산물 덮밥이나 류큐동으로 즐길 수 있습니다. 키즈나야의 간장 양념은 지나치게 달거나 맵지 않은 균형 잡힌 맛을 내며, 뜨거운 다시나 차를 부으면 해산물 차즈케로도 어울립니다.","냉동 제품이라 숙소 냉동 보관이나 배송 구매가 안전하고, 해산물을 좋아하는 사람에게 적합함.",1,https://thumbnail.image.rakuten.co.jp/@0_mall/onsenken-oita/cabinet/item15/j0000000805008s_1.jpg?_ex=1024x1024,https://hb.afl.rakuten.co.jp/hgc/53033622.7bbb75b6.53033623.c98a76f0/?pc=https%3A%2F%2Fitem.rakuten.co.jp%2Fonsenken-oita%2Fj0000000805008s%2F&m=https%3A%2F%2Fitem.rakuten.co.jp%2Fonsenken-oita%2Fj0000000805008s%2F
PRD_509,오이타 카보스 구미 세 개 세트,大分 かぼすグミ 10粒入り×3個セット,유후인 하세가와(ゆふいん はせ川),REG_013,PRC_02,1640,"오이타 카보스 구미 세 개 세트는 오이타현산 카보스 과즙을 사용한 하트형 구미입니다. 카보스는 오이타의 대표 특산 감귤로 소개되며, 이 구미는 상쾌한 향과 부담스럽지 않은 산미를 작은 캔디 형태로 담았습니다. 10알입 세 상자 구성이라 나누어 먹기 쉬운 지역 과자 세트입니다.","개별 포장 과자라 나누기 쉽고, 고온에는 변형될 수 있어 이동 중 직사광선을 피하면 좋음.",1,https://thumbnail.image.rakuten.co.jp/@0_mall/onsenken-oita/cabinet/item38/j4514017015958_1.jpg?_ex=1024x1024,https://hb.afl.rakuten.co.jp/hgc/53033622.7bbb75b6.53033623.c98a76f0/?pc=https%3A%2F%2Fitem.rakuten.co.jp%2Fonsenken-oita%2Fj4514017015958y3%2F&m=https%3A%2F%2Fitem.rakuten.co.jp%2Fonsenken-oita%2Fj4514017015958y3%2F
PRD_510,구라다시 일품 카보스 폰즈 360ml,蔵出し逸品 かぼすぽん酢 360ml,다나카간장점(田中醤油店),REG_013,PRC_02,1310,"구라다시 일품 카보스 폰즈는 다나카간장점의 카보스 폰즈입니다. 오이타현산 카보스 과즙을 넉넉히 사용하고, 생간장과 가쓰오 다시를 블렌딩해 천천히 끓여 만든 것이 특징입니다. 카보스의 산미와 간장의 깊은 맛이 함께 살아 있어 전골, 생선, 고기, 튀김, 두부 등에 곁들이는 조미료입니다.","용량이 넉넉한 병 제품이라 가족 선물에 좋고, 파손을 막기 위해 따로 감싸는 편이 안전함.",1,https://thumbnail.image.rakuten.co.jp/@0_mall/onsenken-oita/cabinet/item27/j4571158955307_1.jpg?_ex=1024x1024,https://hb.afl.rakuten.co.jp/hgc/g00syhqn.16t5ua98.g00syhqn.16t5v867/?pc=https%3A%2F%2Fitem.rakuten.co.jp%2Fonsenken-oita%2Fj4571158955307%2F&m=http%3A%2F%2Fm.rakuten.co.jp%2Fonsenken-oita%2Fi%2F10007125%2F&rafcid=wsc_i_is_b93111dd-e085-46a2-a75f-28c1ee5d2de6
PRD_511,카보스 온천 센베이 70g,かぼす温泉煎餅 70g,고토제과(後藤製菓),REG_013,PRC_01,380,"카보스 온천 센베이는 오이타산 유기농 카보스와 벳푸 온천수를 사용한 구운 전병입니다. 우스키 특산 유기농 카보스 과즙과 천연 유래 카보스 향료가 산뜻한 산미를 더하고, 반죽에는 벳푸시에서 채수한 온천수를 사용합니다. 팽창제, 착색료, 보존료를 쓰지 않는 옛 방식의 바삭한 센베이로 소개되는 70그램 과자입니다.","가벼운 봉지 과자라 여러 개 사기 좋고, 파손을 줄이려면 짐 위쪽에 넣는 편이 좋다.",1,https://thumbnail.image.rakuten.co.jp/@0_mall/onsenken-oita/cabinet/item31/j4957376170119_1.jpg?_ex=1024x1024,https://hb.afl.rakuten.co.jp/hgc/g00syhqn.16t5ua98.g00syhqn.16t5v867/?pc=https%3A%2F%2Fitem.rakuten.co.jp%2Fonsenken-oita%2Fj4957376170119%2F&m=http%3A%2F%2Fm.rakuten.co.jp%2Fonsenken-oita%2Fi%2F10008179%2F&rafcid=wsc_i_is_b93111dd-e085-46a2-a75f-28c1ee5d2de6
PRD_512,오타야키 8촌 접시,小鹿田焼 8寸皿,히로세(ヒロセ),REG_013,PRC_05,4980,"오타야키 8촌 접시는 오이타현 히타시 오타 사라야마 지구에서 이어져 온 전통 도자기입니다. 에도 시대부터 만들어진 민예 그릇으로 알려져 있으며, 기계를 쓰지 않고 손으로 만드는 수공예 도자기라는 점이 특징입니다. 직경 약 24센티미터, 높이 약 4.5센티미터의 큰 접시로, 오타야키를 대표하는 토비칸나 무늬가 식탁 위에서 자연스러운 존재감을 냅니다.","수공예품이라 무늬와 형태가 조금씩 달라 실물을 고르는 재미가 있고, 깨짐 방지 포장이 중요함.",1,https://thumbnail.image.rakuten.co.jp/@0_mall/onsenken-oita/cabinet/item22/j4983579000006_1.jpg?_ex=1024x1024,https://hb.afl.rakuten.co.jp/hgc/53033622.7bbb75b6.53033623.c98a76f0/?pc=https%3A%2F%2Fitem.rakuten.co.jp%2Fonsenken-oita%2Fj4983579000069%2F&m=https%3A%2F%2Fitem.rakuten.co.jp%2Fonsenken-oita%2Fj4983579000069%2F
PRD_513,스카시 우치와 쇼인,透かしうちわ SHOIN 松韻,토퓨(TOPYU),REG_013,PRC_06,18180,"스카시 우치와 쇼인은 대나무와 손뜨개 화지를 조합한 고급 부채입니다. 일본의 길상 상징인 송죽매에서 영감을 받은 이와우 시리즈 디자인으로, 양면 구조와 레이저 가공을 적용한 전통 공예품입니다. 바람을 일으키는 도구이면서도 실내 장식품처럼 보이는 섬세한 투각 표현이 특징입니다.","수주 생산 공예품이라 구매 전 납기를 확인하고, 물과 습기에 약해 포장 상태를 꼼꼼히 봐야 함.",1,https://thumbnail.image.rakuten.co.jp/@0_mall/onsenken-oita/cabinet/item39/j4595556769052_1.jpg?_ex=1024x1024,https://hb.afl.rakuten.co.jp/hgc/g00syhqn.16t5ua98.g00syhqn.16t5v867/?pc=https%3A%2F%2Fitem.rakuten.co.jp%2Fonsenken-oita%2Fj4595556769052%2F&m=http%3A%2F%2Fm.rakuten.co.jp%2Fonsenken-oita%2Fi%2F10011430%2F&rafcid=wsc_i_is_b93111dd-e085-46a2-a75f-28c1ee5d2de6
PRD_514,조토쿠야 카보스 리큐르 720ml,常徳屋 かぼすリキュール 720ml,조토쿠야주조장(常徳屋酒造場),REG_013,PRC_03,2830,"조토쿠야 카보스 리큐르는 조토쿠야주조장이 만든 오이타 카보스 리큐르입니다. 10도 이상 11도 미만의 술로, 산미가 풍부하고 향이 산뜻한 카보스 과즙을 사용한 것이 특징입니다. 단맛을 억제한 타입이라 카보스의 청량한 향과 보리소주 기반의 깔끔한 술맛을 함께 느낄 수 있습니다.","주류라 구매 전 반입 한도와 병 포장을 확인하고, 술을 즐기는 사람에게 선물하기 좋음.",1,https://thumbnail.image.rakuten.co.jp/@0_mall/onsenken-oita/cabinet/j4580149923072_1.jpg?_ex=1024x1024,https://hb.afl.rakuten.co.jp/hgc/53033622.7bbb75b6.53033623.c98a76f0/?pc=https%3A%2F%2Fitem.rakuten.co.jp%2Fonsenken-oita%2Fj4580149923072%2F&m=https%3A%2F%2Fitem.rakuten.co.jp%2Fonsenken-oita%2Fj4580149923072%2F
PRD_515,하나무쓰메아미 대나무 손가방,花六ツ目編み 竹かご 手提バッグ,야마시타공예 이치자(山下工芸 ICHIZA),REG_013,PRC_06,59800,"하나무쓰메아미 대나무 손가방은 야마시타공예 이치자의 대나무 공예 가방입니다. 장인이 선별한 대나무를 하나씩 대나무살로 가공해 엮고, 꽃 육각눈 짜임을 장식적으로 살린 것이 특징입니다. 대나무, 천, 끈, 면, 합성가죽을 함께 사용한 수공예 손가방으로 자연 소재 특유의 가벼운 질감이 드러납니다.","고가의 수공예품이라 실사용보다 기념성 선물에 맞고, 수주 생산 여부와 보관 방법을 확인해야 함.",1,https://thumbnail.image.rakuten.co.jp/@0_mall/onsenken-oita/cabinet/item02/j4518860215244_1.jpg?_ex=1024x1024,https://hb.afl.rakuten.co.jp/hgc/g00syhqn.16t5ua98.g00syhqn.16t5v867/?pc=https%3A%2F%2Fitem.rakuten.co.jp%2Fonsenken-oita%2Fj4518860215244%2F&m=http%3A%2F%2Fm.rakuten.co.jp%2Fonsenken-oita%2Fi%2F10000690%2F&rafcid=wsc_i_is_b93111dd-e085-46a2-a75f-28c1ee5d2de6
PRD_516,시치토이 냄비받침 토비형 15cm,七島藺なべ敷き トビ型 15cm,기쓰키 시치토이 마이스터클럽(杵築七島藺マイスタークラブ),REG_013,PRC_05,4850,"시치토이 냄비받침 토비형은 오이타현산 시치토이로 엮은 전통 생활 공예품입니다. 시치토이는 에도 시대부터 기쓰키 지역을 지탱해 온 소재로 소개되며, 이 제품은 15센티미터 크기의 냄비받침으로 만들어졌습니다. 짜임이 날아오르는 듯 보이는 데서 토비형이라는 이름이 붙은 수공예 소품입니다.","가볍지만 형태가 눌리지 않게 챙기고, 자연 소재라 습기가 적은 곳에서 보관하는 것이 좋음.",1,https://thumbnail.image.rakuten.co.jp/@0_mall/onsenken-oita/cabinet/item16/j2800000000073_1.jpg?_ex=1024x1024,https://hb.afl.rakuten.co.jp/hgc/53033622.7bbb75b6.53033623.c98a76f0/?pc=https%3A%2F%2Fitem.rakuten.co.jp%2Fonsenken-oita%2Fj2800000000073%2F&m=https%3A%2F%2Fitem.rakuten.co.jp%2Fonsenken-oita%2Fj2800000000073%2F
PRD_517,오이타산 소주 비교 세트,大分県産焼酎 飲み比べセット,가야시마주류(萱島酒類),REG_013,PRC_06,7580,"오이타산 소주 비교 세트는 가야시마주류의 쌀소주와 보리소주 세 병을 비교할 수 있는 720밀리리터 세트입니다. 구성은 가야시마 쌀 미사부로 25도, 분고 세이메이 상압 보리 30도, 분고 세이메이 지쿠라쿠 25도입니다. 쌀 미사부로는 부드럽고 섬세한 향과 달콤한 여운이 있는 무여과 쌀소주로, 보리소주 두 병은 깔끔함과 풍부한 향의 차이를 비교할 수 있습니다.","주류라 선물 대상의 음주 여부와 반입 제한을 확인하고, 병 파손 방지 포장을 요청하면 좋음.",1,https://thumbnail.image.rakuten.co.jp/@0_mall/onsenken-oita/cabinet/item32/kome_mugi_take.jpg?_ex=1024x1024,https://hb.afl.rakuten.co.jp/hgc/g00syhqn.16t5ua98.g00syhqn.16t5v867/?pc=https%3A%2F%2Fitem.rakuten.co.jp%2Fonsenken-oita%2Fj4571311507282s3%2F&m=http%3A%2F%2Fm.rakuten.co.jp%2Fonsenken-oita%2Fi%2F10008227%2F&rafcid=wsc_i_is_b93111dd-e085-46a2-a75f-28c1ee5d2de6
PRD_518,유자고추 다케짱 150g,柚子こしょう竹ちゃん 150g,벳푸쓰케모노(別府漬物),REG_013,PRC_01,598,"유자고추 다케짱은 별후츠케모노가 만드는 죽순 반찬입니다. 규슈산 유자고추로 맛을 낸 죽순 제품으로, 죽순의 아삭한 식감에 매콤함과 감귤 껍질의 산뜻한 향이 더해집니다. 150그램 용량의 밥반찬형 조림·절임 상품으로, 유자고추 풍미를 살린 피리카라 스타일이 특징입니다.","반찬 선물로 좋지만 향이 있는 절임류라 밀봉 상태를 확인하고, 개봉 후 냉장 보관을 안내하면 좋음.",1,https://thumbnail.image.rakuten.co.jp/@0_mall/onsenken-oita/cabinet/item12/j4560373731162s3_1.jpg?_ex=1024x1024,https://hb.afl.rakuten.co.jp/hgc/g00syhqn.16t5ua98.g00syhqn.16t5v867/?pc=https%3A%2F%2Fitem.rakuten.co.jp%2Fonsenken-oita%2Fj4560373731162s3%2F&m=http%3A%2F%2Fm.rakuten.co.jp%2Fonsenken-oita%2Fi%2F10003187%2F&rafcid=wsc_i_is_b93111dd-e085-46a2-a75f-28c1ee5d2de6
PRD_519,대나무 감싸개 종이컵 홀더,竹つつみ ペーパーカップホルダー,아카시분쇼도(明石文昭堂),REG_013,PRC_04,3980,"대나무 감싸개 종이컵 홀더는 벳푸 대나무 공예의 윤고 짜임을 활용한 수공예품입니다. 벳푸의 대나무 공예가 모리구치 다쓰가 엮은 제품으로 소개되며, 직경 약 60밀리미터, 높이 약 55밀리미터의 작은 컵 홀더 형태입니다. 종이컵을 감싸는 용도뿐 아니라 유리잔을 넣어 작은 화기로 쓰기에도 어울리는 대나무 생활 소품입니다.","일상에서 쓰기 좋은 공예 소품이며, 천연 대나무라 물에 오래 닿지 않도록 관리하면 좋음.",1,https://thumbnail.image.rakuten.co.jp/@0_mall/cosmebox/cabinet/item67/j4582409025823_1.jpg?_ex=1024x1024,https://hb.afl.rakuten.co.jp/hgc/53033622.7bbb75b6.53033623.c98a76f0/?pc=https%3A%2F%2Fitem.rakuten.co.jp%2Fonsenken-oita%2Fj4582409025823%2F&m=https%3A%2F%2Fitem.rakuten.co.jp%2Fonsenken-oita%2Fj4582409025823%2F
PRD_520,하나무쓰메아미 대나무 철발 대,竹かご 花六つ目編み 鉄鉢 大,야마시타공예 이치자(山下工芸 ICHIZA),REG_013,PRC_06,10980,"하나무쓰메아미 대나무 철발 대는 벳푸 대나무 공예의 전통을 담은 바구니형 생활 공예품입니다. 승려가 탁발할 때 쓰던 둥근 철제 그릇인 철발을 모티브로 하고, 바닥에는 꽃 육각눈 짜임을 넣어 장식성을 살렸습니다. 폭 230밀리미터, 높이 80밀리미터, 깊이 230밀리미터 정도의 대나무 바구니라 과일이나 작은 물건을 담는 용도로 쓰기 좋습니다.","장식과 수납을 겸할 수 있어 생활용품 선물로 좋고, 수공예품이라 치수 차이를 감안해야 함.",1,https://thumbnail.image.rakuten.co.jp/@0_mall/onsenken-oita/cabinet/item02/j4518860210201_1.jpg?_ex=1024x1024,https://hb.afl.rakuten.co.jp/hgc/53033622.7bbb75b6.53033623.c98a76f0/?pc=https%3A%2F%2Fitem.rakuten.co.jp%2Fonsenken-oita%2Fj4518860210201%2F&m=https%3A%2F%2Fitem.rakuten.co.jp%2Fonsenken-oita%2Fj4518860210201%2F
PRD_521,벳푸 소에부미 편지지 다케가와라 온천,別府そえぶみ箋 竹瓦温泉,아카시분쇼도(明石文昭堂),REG_013,PRC_02,1010,"벳푸 소에부미 편지지 다케가와라 온천은 벳푸 온천의 상징인 다케가와라 온천을 그린 한지 편지지 세트입니다. 미노와시를 사용한 봉투 5장과 편지지 30장 구성으로, 손글씨 메모를 남기기 좋은 작은 문구 상품입니다. 다케가와라 온천은 메이지 12년에 대나무 기와 지붕의 온천으로 세워졌고, 이후 기와지붕으로 개수되며 그 이름이 전해졌다고 설명됩니다.","가볍고 납작해 여행 중 보관하기 쉽고, 문구류를 좋아하는 사람에게 부담 없는 기념품이 됨.",1,https://thumbnail.image.rakuten.co.jp/@0_mall/cosmebox/cabinet/item60/j4582633290189_1.jpg?_ex=1024x1024,https://hb.afl.rakuten.co.jp/hgc/53033622.7bbb75b6.53033623.c98a76f0/?pc=https%3A%2F%2Fitem.rakuten.co.jp%2Fonsenken-oita%2Fj4582633290189%2F&m=https%3A%2F%2Fitem.rakuten.co.jp%2Fonsenken-oita%2Fj4582633290189%2F
PRD_522,자비에르와 루이사 대분 명과 24개입,ざびえる本舗 大分銘菓詰合 24個入,자비에르혼포(ざびえる本舗),REG_013,PRC_04,3880,"자비에르와 루이사 대분 명과 24개입은 자비에르혼포의 대표 과자 두 종류를 담은 세트입니다. 자비에르는 바이올렛 리큐어 향을 입힌 흰 앙금을 밀크와 버터 풍미의 카스텔라 반죽으로 감싸 구운 남만풍 과자입니다. 루이사는 버터 풍미의 비스킷 반죽 안에 백앙과 럼주에 절인 건포도 앙금을 넣은 과자로, 세트에는 자비에르 12개와 루이사 12개가 들어 있습니다.","격식 있는 상자 포장이라 가족이나 직장 선물에 좋고, 상온 보관 가능 기간을 확인하면 좋음.",1,https://thumbnail.image.rakuten.co.jp/@0_mall/hihirose/cabinet/09385591/imgrc0092607152.jpg?_ex=1024x1024,https://hb.afl.rakuten.co.jp/hgc/53033622.7bbb75b6.53033623.c98a76f0/?pc=https%3A%2F%2Fitem.rakuten.co.jp%2Fhihirose%2F320162044580101590175%2F&m=https%3A%2F%2Fitem.rakuten.co.jp%2Fhihirose%2F320162044580101590175%2F
PRD_523,분고노 가와리 딸기맛 10개입,BUNGO乃 菓和里 いちご味 10個入り,자비에르혼포(ざびえる本舗),REG_013,PRC_03,2040,"분고노 가와리 딸기맛은 자비에르혼포가 오이타현산 브랜드 딸기 베리츠를 사용해 만든 계절 과자입니다. 베리츠를 섞은 카스텔라 반죽에 우유 풍미의 앙금을 감싸 촉촉하게 구워, 딸기의 산미와 단맛을 부드러운 과자 질감으로 살렸습니다. 선명한 붉은빛과 딸기 향이 특징인 10개입 오이타 명과입니다.","계절 한정 상품이라 판매 기간을 확인하고, 개별 포장이라 소규모 선물로 쓰기 좋음.",1,https://thumbnail.image.rakuten.co.jp/@0_mall/onsenken-oita/cabinet/item20/j4580101590748_1.jpg?_ex=1024x1024,https://hb.afl.rakuten.co.jp/hgc/g00syhqn.16t5ua98.g00syhqn.16t5v867/?pc=https%3A%2F%2Fitem.rakuten.co.jp%2Fonsenken-oita%2Fj4580101590748%2F&m=http%3A%2F%2Fm.rakuten.co.jp%2Fonsenken-oita%2Fi%2F10005385%2F&rafcid=wsc_i_is_b93111dd-e085-46a2-a75f-28c1ee5d2de6
PRD_524,대분 유자고추 센베이 12매입,大分柚子こしょう せんべい 12枚入,난코물산(南光物産),REG_013,PRC_02,1750,"대분 유자고추 센베이는 오이타현산 유자고추를 사용한 매콤한 쌀 센베이입니다. 유자고추의 발상지로 소개되는 오이타의 지역성을 담아, 유자의 향긋함과 고추의 매운맛이 함께 퍼지는 것이 특징입니다. 쌀가루를 사용해 바삭하게 구운 12매입 전병 과자입니다.","단맛보다 짭짤한 간식을 좋아하는 사람에게 좋고, 매운맛 정도를 설명해 주면 좋음.",1,https://thumbnail.image.rakuten.co.jp/@0_mall/nipponmarche/cabinet/shohin10/4990022525499.jpg?_ex=1024x1024,https://hb.afl.rakuten.co.jp/hgc/53033622.7bbb75b6.53033623.c98a76f0/?pc=https%3A%2F%2Fitem.rakuten.co.jp%2Fnipponmarche%2F4990022525499%2F&m=https%3A%2F%2Fitem.rakuten.co.jp%2Fnipponmarche%2F4990022525499%2F
PRD_525,유후인 단고지루와 흑밀 야세우마,おおいた ゆふいん 団子汁・黒蜜やせうま,유후제면(由布製麺),REG_013,PRC_02,1180,"유후인 단고지루와 흑밀 야세우마는 오이타의 두 가지 향토 면 요리를 한 봉지에서 만들 수 있는 세트입니다. 구성은 면 280그램, 미소 국물 양념 2개, 콩가루 3개, 흑밀 2개로, 같은 면을 짭짤한 단고지루와 달콤한 야세우마로 나누어 즐기도록 설계되었습니다. 유후인 지역 제면소의 면을 바탕으로 오이타식 식사와 디저트형 면을 함께 담은 상품입니다.","한 제품으로 식사와 디저트 느낌을 모두 낼 수 있어 가족 선물에 좋고, 조리법을 함께 확인하면 편함.",1,https://thumbnail.image.rakuten.co.jp/@0_mall/onsenken-oita/cabinet/item03/j4993917002204_1.jpg?_ex=1024x1024,https://hb.afl.rakuten.co.jp/hgc/g00syhqn.16t5ua98.g00syhqn.16t5v867/?pc=https%3A%2F%2Fitem.rakuten.co.jp%2Fonsenken-oita%2Fj4993917002204%2F&m=http%3A%2F%2Fm.rakuten.co.jp%2Fonsenken-oita%2Fi%2F10002679%2F&rafcid=wsc_i_is_b93111dd-e085-46a2-a75f-28c1ee5d2de6
PRD_526,오이타 와스위츠 야세우마,大分和スイーツ やせうま,요쓰이제면(四井製麺),REG_013,PRC_01,340,"오이타 와스위츠 야세우마는 오이타현산 밀가루로 만든 쫄깃한 면에 콩가루와 흑밀을 곁들이는 향토 디저트입니다. 구성은 면 80그램, 흑밀 2개, 키나코 2개이며, 국산 대두의 고소한 콩가루와 진한 흑밀의 단맛이 특징입니다. 헤이안 시대에 유모 야세가 어린 군주에게 만들어 주었다는 유래가 전해지는 오이타 명물 간식입니다.","가격이 낮아 체험용으로 사기 좋고, 조리가 필요한 제품이라 먹는 방법을 함께 알려 주면 좋음.",1,https://thumbnail.image.rakuten.co.jp/@0_mall/onsenken-oita/cabinet/item27/j4950627190492_1.jpg?_ex=1024x1024,https://hb.afl.rakuten.co.jp/hgc/g00syhqn.16t5ua98.g00syhqn.16t5v867/?pc=https%3A%2F%2Fitem.rakuten.co.jp%2Fonsenken-oita%2Fj4950627190492%2F&m=http%3A%2F%2Fm.rakuten.co.jp%2Fonsenken-oita%2Fi%2F10007314%2F&rafcid=wsc_i_is_b93111dd-e085-46a2-a75f-28c1ee5d2de6
PRD_527,찰보리 야세우마 180g,もち麦やせうま 180g,도카(東華),REG_013,PRC_01,850,"찰보리 야세우마는 오이타현 구스정산 찰보리를 넣어 만든 건면 타입의 야세우마입니다. 국산 밀가루와 오이타산 찰보리 가루, 소금만으로 만든 180그램 건면으로, 식품 첨가물을 쓰지 않는 제품으로 소개됩니다. 햇볕에 말려 숙성한 면이라 쫄깃한 식감과 찰보리의 구수한 맛을 함께 느낄 수 있습니다.","건면이라 휴대와 보관이 쉽고, 식이섬유가 많은 지역 면 제품을 찾는 사람에게 적합함.",1,https://thumbnail.image.rakuten.co.jp/@0_mall/onsenken-oita/cabinet/item22/j4589676182044_1.jpg?_ex=1024x1024,https://hb.afl.rakuten.co.jp/hgc/53033622.7bbb75b6.53033623.c98a76f0/?pc=https%3A%2F%2Fitem.rakuten.co.jp%2Fonsenken-oita%2Fj4589676182044%2F&m=https%3A%2F%2Fitem.rakuten.co.jp%2Fonsenken-oita%2Fj4589676182044%2F
PRD_528,오이타 카보스 구미 10알입,大分 かぼすグミ 10粒入り,유후인 하세가와(ゆふいん はせ川),REG_013,PRC_01,780,오이타 카보스 구미 10알입은 오이타현산 카보스 과즙을 넣은 하트형 구미입니다. 카보스 특유의 상쾌한 향과 부담스럽지 않은 산미를 작은 과일 구미로 담은 것이 특징입니다. 카보스가 오이타현의 대표 특산 감귤이라는 점을 살린 개별 포장형 지역 과자입니다.,"작고 가벼운 간식이라 이동 중 구매하기 좋고, 산뜻한 맛을 좋아하는 사람에게 어울림.",1,https://thumbnail.image.rakuten.co.jp/@0_mall/onsenken-oita/cabinet/item38/j4514017015958_1.jpg?_ex=1024x1024,https://hb.afl.rakuten.co.jp/hgc/53033622.7bbb75b6.53033623.c98a76f0/?pc=https%3A%2F%2Fitem.rakuten.co.jp%2Fonsenken-oita%2Fj4514017015958%2F&m=https%3A%2F%2Fitem.rakuten.co.jp%2Fonsenken-oita%2Fj4514017015958%2F
PRD_529,오이타 분고 토리텐 4팩 세트,大分豊後とり天 300g×4パック,마인즈(レストランMINDS),REG_013,PRC_06,8480,"오이타 분고 토리텐은 오이타 현민의 대표적인 소울푸드로 소개되는 닭튀김 제품입니다. 국산 닭고기를 간장, 술, 달걀, 밀가루, 생강, 마늘 등으로 양념한 300그램 4팩 구성에 오리지널 찍어 먹는 소스가 함께 들어 있습니다. 집에서 튀겨 토리텐 특유의 바삭한 튀김옷과 닭고기의 감칠맛을 즐길 수 있는 냉동 세트입니다.","냉동 상품이라 현지 구매보다 배송이 안전하고, 튀김 조리가 가능한 사람에게 선물하는 편이 좋음.",1,https://thumbnail.image.rakuten.co.jp/@0_mall/onsenken-oita/cabinet/item34/j0000000737008_1.jpg?_ex=1024x1024,https://hb.afl.rakuten.co.jp/hgc/g00syhqn.16t5ua98.g00syhqn.16t5v867/?pc=https%3A%2F%2Fitem.rakuten.co.jp%2Fonsenken-oita%2Fj0000000737008%2F&m=http%3A%2F%2Fm.rakuten.co.jp%2Fonsenken-oita%2Fi%2F10008878%2F&rafcid=wsc_i_is_b93111dd-e085-46a2-a75f-28c1ee5d2de6
PRD_530,오이타산 갈치 류큐 4식 세트,大分県産 太刀魚のタレ漬け りゅうきゅう 4食分セット,분고미식공방 키즈나야(豊後美食工房 絆屋),REG_013,PRC_05,4180,"오이타산 갈치 류큐 4식 세트는 오이타산 갈치를 양념장에 절인 냉동 해산물 세트입니다. 70그램씩 4식분으로 구성되어 있으며, 갈치를 간장 양념에 재워 류큐동이나 해산물 덮밥으로 먹기 좋게 만들었습니다. 오이타 향토요리 류큐를 갈치로 풀어낸 상품으로, 따뜻한 다시나 차를 부으면 차즈케처럼도 즐길 수 있습니다.","해동 후 밥 위에 올려 먹기 좋아 간편하지만, 냉동 보관 조건을 맞출 수 있을 때 고르는 것이 안전함.",1,https://thumbnail.image.rakuten.co.jp/@0_mall/onsenken-oita/cabinet/item15/j0000000805010s_1.jpg?_ex=1024x1024,https://hb.afl.rakuten.co.jp/hgc/53033622.7bbb75b6.53033623.c98a76f0/?pc=https%3A%2F%2Fitem.rakuten.co.jp%2Fonsenken-oita%2Fj0000000805010s%2F&m=https%3A%2F%2Fitem.rakuten.co.jp%2Fonsenken-oita%2Fj0000000805010s%2F
PRD_531,류큐 타레 280ml,りゅうきゅうたれ 280ml,유와키야간장(ユワキヤ醤油),REG_013,PRC_01,598,류큐 타레는 오이타 향토요리 류큐를 만들기 위한 유와키야간장의 전용 양념장입니다. 생선회를 이 양념에 재우면 어부 마을의 소울푸드로 알려진 류큐식 절임을 만들 수 있습니다. 가문 레시피와 별부 가나와 지역의 전전 명관으로 알려진 도키와야 여관 레시피를 바탕으로 만든 간장 베이스 타레입니다.,"생선 요리를 자주 하는 사람에게 실용적이고, 병 제품이라 액체류 포장을 확인하는 것이 좋음.",1,https://thumbnail.image.rakuten.co.jp/@0_mall/kabosu/cabinet/12808852/imgrc0097555566.jpg?_ex=1024x1024,https://hb.afl.rakuten.co.jp/hgc/g00ptwon.16t5ub57.g00ptwon.16t5v0c5/?pc=https%3A%2F%2Fitem.rakuten.co.jp%2Fkabosu%2Fryuukyuu280%2F&m=http%3A%2F%2Fm.rakuten.co.jp%2Fkabosu%2Fi%2F10000072%2F&rafcid=wsc_i_is_b93111dd-e085-46a2-a75f-28c1ee5d2de6
PRD_532,뼈있는 부쓰키리 가라아게 생 1kg,ブツ切唐揚げ 骨付き 味付け 生 1kg,가라아게노 하나부사(からあげのはなぶさ),REG_013,PRC_04,3080,"뼈있는 부쓰키리 가라아게 생 1킬로그램은 가라아게노 하나부사의 양념 생닭 튀김용 제품입니다. 국산 닭고기를 뼈째 토막 내 간장, 요리술, 일미 등으로 밑간했으며, 보존료와 착색료를 쓰지 않는 상품으로 소개됩니다. 뼈에서 나오는 감칠맛을 살린 대분식 가라아게용 재료라 집에서 바로 튀겨 먹기 좋습니다.",냉장 지정일 수령이 필요한 상품이라 여행 중 직접 운반보다 일정 맞춘 배송 구매가 안전함.,1,https://thumbnail.image.rakuten.co.jp/@0_mall/onsenken-oita/cabinet/item38/j0000000520003_1.jpg?_ex=1024x1024,https://hb.afl.rakuten.co.jp/hgc/g00syhqn.16t5ua98.g00syhqn.16t5v867/?pc=https%3A%2F%2Fitem.rakuten.co.jp%2Fonsenken-oita%2Fj0000000520003%2F&m=http%3A%2F%2Fm.rakuten.co.jp%2Fonsenken-oita%2Fi%2F10010886%2F&rafcid=wsc_i_is_b93111dd-e085-46a2-a75f-28c1ee5d2de6
PRD_533,나카쓰 가라아게 칩스 85g,中津からあげチップス 85g,다카라컨펙트(宝コンフェクト),REG_013,PRC_01,640,"나카쓰 가라아게 칩스는 오이타의 대표 닭튀김인 나카쓰 가라아게를 이미지한 스낵입니다. 오이타현산 어린 닭고기를 사용한 85그램 유과류 과자로, 간장 베이스의 가라아게 풍미를 바삭한 칩 형태로 풀어냈습니다. 실제 튀김 요리의 향을 간식으로 가볍게 맛보도록 만든 지역 스낵입니다.","가볍고 부담 없는 과자 선물로 좋으며, 짭짤한 맛이라 맥주 안주용으로도 잘 어울림.",1,https://thumbnail.image.rakuten.co.jp/@0_mall/cosmebox/cabinet/item54/j4945409019306_1.jpg?_ex=1024x1024,https://hb.afl.rakuten.co.jp/hgc/g00q7yxn.16t5u5ad.g00q7yxn.16t5v432/?pc=https%3A%2F%2Fitem.rakuten.co.jp%2Fcosmebox%2Fj4945409019306%2F&m=http%3A%2F%2Fm.rakuten.co.jp%2Fcosmebox%2Fi%2F10040156%2F&rafcid=wsc_i_is_b93111dd-e085-46a2-a75f-28c1ee5d2de6
PRD_534,오이타의 맛 토리텐폰 280ml,大分の味 とり天ポン 280ml,유와키야간장(ユワキヤ醤油),REG_013,PRC_01,540,"오이타의 맛 토리텐폰은 유와키야간장의 토리텐용 폰즈 간장입니다. 닭뼈 육수의 맛을 더한 쓰유 폰즈로, 오이타 명물 토리텐에 맞춰 산미와 감칠맛의 균형을 잡은 것이 특징입니다. 280밀리리터 병 제품이라 닭튀김뿐 아니라 튀김이나 구이 요리에 곁들이는 소스로도 쓰기 좋습니다.","토리텐이나 샐러드에 쓰기 좋아 음식 선물로 실용적이며, 액체류라 병마개 밀봉을 확인하면 좋음.",1,https://thumbnail.image.rakuten.co.jp/@0_mall/kabosu/cabinet/12808791/toriten-main.jpg?_ex=1024x1024,https://hb.afl.rakuten.co.jp/hgc/g00ptwon.16t5ub57.g00ptwon.16t5v0c5/?pc=https%3A%2F%2Fitem.rakuten.co.jp%2Fkabosu%2Ftoritenpon280%2F&m=http%3A%2F%2Fm.rakuten.co.jp%2Fkabosu%2Fi%2F10000060%2F&rafcid=wsc_i_is_b93111dd-e085-46a2-a75f-28c1ee5d2de6
PRD_535,토리텐 양념 소스 260ml,とり天の素 260ml,후지진간장(富士甚醤油),REG_013,PRC_01,340,"토리텐 양념 소스는 후지진간장이 만든 오이타 명물 토리텐용 절임 양념액입니다. 오이타에서는 닭고기에 밑간을 한 뒤 튀김가루를 묻혀 튀겨 토리텐을 만들며, 이 제품은 그 밑간을 간편하게 해 주는 소스입니다. 260밀리리터 용량의 마늘 풍미 조미액이라 닭고기를 재워 튀김용으로 준비하기 좋습니다.","요리를 직접 해보려는 사람에게 좋고, 한 병으로 여러 번 쓸 수 있어 실용적인 지역 양념임.",1,https://thumbnail.image.rakuten.co.jp/@0_mall/onsenken-oita/cabinet/item37/j4902412321987_1.jpg?_ex=1024x1024,https://hb.afl.rakuten.co.jp/hgc/g00syhqn.16t5ua98.g00syhqn.16t5v867/?pc=https%3A%2F%2Fitem.rakuten.co.jp%2Fonsenken-oita%2Fj4902412321987%2F&m=http%3A%2F%2Fm.rakuten.co.jp%2Fonsenken-oita%2Fi%2F10001104%2F&rafcid=wsc_i_is_b93111dd-e085-46a2-a75f-28c1ee5d2de6
PRD_536,기비당고 10개입,きびだんご10個入,야마가타에이주도(山方永寿堂),REG_014,PRC_01,550,기비당고 10개입은 오카야마의 모모타로 전설을 상징하는 대표적인 한입 떡과자입니다. 부드럽고 말랑한 식감의 작은 당고가 개별 포장되어 있어 나누어 먹기 쉽습니다. 오카야마 기념 과자 중에서도 지역 설화와 연결된 상징성이 강한 상품입니다.,"개별 포장이라 나눠 주기 좋고, 복숭아 모양 상자가 눌리지 않게 챙기면 좋음.",1,https://thumbnail.image.rakuten.co.jp/@0_mall/the-fuji-2/cabinet/11458287/11458289/851_5/stk-851-76549-1.jpg?_ex=1024x1024,https://hb.afl.rakuten.co.jp/hgc/g00uoeun.16t5u7a4.g00uoeun.16t5v7b4/?pc=https%3A%2F%2Fitem.rakuten.co.jp%2Fthe-fuji-2%2Fstk-851-76549%2F&m=http%3A%2F%2Fm.rakuten.co.jp%2Fthe-fuji-2%2Fi%2F10000777%2F&rafcid=wsc_i_is_b93111dd-e085-46a2-a75f-28c1ee5d2de6
PRD_537,오테만주,大手まんぢゅう,오테만주 이베야(大手饅頭伊部屋),REG_014,PRC_01,972,"오테만주는 1837년 오카야마성 대수문 근처에서 창업한 것으로 전해지는 오카야마 대표 만주입니다. 비젠쌀과 누룩을 바탕으로 만든 얇은 피가 고운 팥앙금을 감싸며, 증기로 쪄내 아마자케 같은 은은한 향이 배어납니다. 일본 3대 만주 중 하나로 소개되는 오래된 술만주로, 부드러운 단맛과 발효 향이 특징입니다.","제조 후 맛이 중요한 과자라 유통기한을 확인하고, 차 선물과 함께 고르면 잘 어울림.",1,https://thumbnail.image.rakuten.co.jp/@0_mall/japanpost-ts/cabinet/creative/8067090035.jpg?_ex=1024x1024,https://hb.afl.rakuten.co.jp/hgc/g00u55on.16t5ucbc.g00u55on.16t5vabb/?pc=https%3A%2F%2Fitem.rakuten.co.jp%2Fjapanpost-ts%2F4967090311%2F&m=http%3A%2F%2Fm.rakuten.co.jp%2Fjapanpost-ts%2Fi%2F10002439%2F&rafcid=wsc_i_is_b93111dd-e085-46a2-a75f-28c1ee5d2de6
PRD_538,무라스즈메,むらすずめ,깃코도(橘香堂),REG_014,PRC_01,680,"무라스즈메는 구라시키를 대표하는 명과 중 하나입니다. 밀가루, 설탕, 달걀을 섞어 구운 부드러운 크레이프풍 얇은 피가 홋카이도 도카치산 팥으로 만든 팥앙금을 삿갓 모양으로 감쌉니다. 계란 풍미의 폭신한 겉피와 단맛을 절제한 팥앙금이 어우러지는 부드러운 화과자입니다.","납작하지만 부드러운 과자라 상자 눌림을 피하고, 단팥을 좋아하는 사람에게 권하기 좋음.",1,https://thumbnail.image.rakuten.co.jp/@0_mall/ashibahanbai/cabinet/nakayama/imgrc0077348086.jpg?_ex=1024x1024,https://hb.afl.rakuten.co.jp/hgc/g00tnzgn.16t5ub74.g00tnzgn.16t5vb17/?pc=https%3A%2F%2Fitem.rakuten.co.jp%2Fashibahanbai%2F01-n03-000021%2F&m=http%3A%2F%2Fm.rakuten.co.jp%2Fashibahanbai%2Fi%2F10006850%2F&rafcid=wsc_i_is_b93111dd-e085-46a2-a75f-28c1ee5d2de6
PRD_539,다카세부네 양갱,高瀬舟羊羮,고미야양갱(古見屋羊羮),REG_014,PRC_01,550,"다카세부네 양갱은 오카야마 오치아이 지역의 전통 간식으로 알려진 한입 양갱입니다. 다카세부네 배를 떠올리게 하는 형태로 만든 작은 양갱이라, 개별로 먹기 쉽고 진한 팥 단맛을 간결하게 즐길 수 있습니다. 오카야마 지역의 옛 물길과 배 문화를 떠올리게 하는 형태의 과자로, 지역색이 드러나는 소형 양갱입니다.",표면이 살짝 당화된 식감을 즐기는 과자라 진한 차나 커피 선물과 잘 맞음.,1,https://dzwpvqehwr7zl.cloudfront.net/omios/products/generated/_review/PRD_539/PRD_539_packshot_v1.png,https://www.okayamakan.or.jp/products/detail/110
PRD_540,시미즈 백도 과일 통조림,フルーツ缶詰 清水白桃,스나미제조소(角南製造所),REG_014,PRC_02,1620,"시미즈 백도 과일 통조림은 스나미제조소가 만든 오카야마산 복숭아 통조림입니다. 시미즈 백도는 오카야마 이치노미야 시미즈에서 발견된 품종으로, 부드러운 과육과 높은 향, 복숭아 중에서도 높은 당도가 특징으로 소개됩니다. 오카야마산 과실만 사용해 백도의 우아한 단맛과 촉촉한 식감을 통조림으로 담은 제품입니다.","무게가 있는 캔 제품이라 수하물에 넣기 좋고, 격식 있는 과일 선물로 쓰기 편함.",1,https://dzwpvqehwr7zl.cloudfront.net/omios/products/generated/_review/PRD_540/PRD_540_packshot_v1.png,https://www.okayamakan.or.jp/products/detail/490
PRD_541,피오네 과일 통조림,フルーツ缶詰 ピオーネ,스나미제조소(角南製造所),REG_014,PRC_02,1620,"피오네 과일 통조림은 스나미제조소가 만든 오카야마산 포도 통조림입니다. 피오네는 씨가 없고 알이 크며 달콤한 과육이 특징인 품종으로, 오카야마현에서 인기 있는 대표 포도 중 하나로 소개됩니다. 과일의 향과 단맛, 촉촉한 식감을 살려 통조림으로 담은 고급 과일 가공품입니다.","씨 없는 포도 통조림이라 어른 선물에도 좋고, 복숭아 통조림과 묶어 선물하기 좋음.",1,https://dzwpvqehwr7zl.cloudfront.net/omios/products/generated/_review/PRD_541/PRD_541_packshot_v1.png,https://www.okayamakan.or.jp/products/detail/491
PRD_542,손연 소면 마쓰노유키,手延べ素麺 松乃雪,가모가와 손연소면(かも川手延べ素麺),REG_014,PRC_02,1026,"손연 소면 마쓰노유키는 비추 가모가타 지역의 전통 손연 제법으로 만든 오카야마 소면입니다. 에도 시대부터 이어진 방식으로 면을 늘리고 숙성하는 과정을 반복해 한 가닥씩 만든다고 소개됩니다. 500그램 구성의 소면으로, 깊은 맛과 은은한 단맛이 특징인 오래된 산지의 면 상품입니다.","건면이라 들고 오기 편하고, 여름 선물이나 가벼운 식사용 기념품으로 알맞음.",1,https://thumbnail.image.rakuten.co.jp/@0_mall/kamotenomen/cabinet/08470954/my4k_01.jpg?_ex=1024x1024,https://hb.afl.rakuten.co.jp/hgc/g00q24bn.16t5u78b.g00q24bn.16t5ve70/?pc=https%3A%2F%2Fitem.rakuten.co.jp%2Fkamotenomen%2F667162%2F&m=http%3A%2F%2Fm.rakuten.co.jp%2Fkamotenomen%2Fi%2F10000032%2F&rafcid=wsc_i_is_b93111dd-e085-46a2-a75f-28c1ee5d2de6
PRD_543,미마사카 손연 말이 면 와소면 와소바 세트,美作手延べ巻き麺 和そうめん・和そば 各10個,미마사카소면 야마모토(美作そうめん山本),REG_014,PRC_05,4320,"미마사카 손연 말이 면 세트는 둥글게 말아 포장한 와소면과 와소바를 각각 10개씩 담은 상품입니다. 미마사카 지역은 예부터 면 만들기에 알맞은 기후를 지닌 곳으로 소개되며, 엄선한 재료와 물, 독자적인 손연 기술로 전통적인 말이 면 형태를 완성했습니다. 소면과 소바를 함께 담아 식감과 향의 차이를 비교할 수 있는 오카야마 면 세트입니다.","개별 포장 면이라 선물용으로 보기 좋고, 상자 크기를 확인해 캐리어 공간을 남겨두면 좋음.",1,https://dzwpvqehwr7zl.cloudfront.net/omios/products/generated/_review/PRD_543/PRD_543_packshot_v1.png,https://www.okayamakan.or.jp/products/detail/1716
PRD_544,캐러멜 자쿠루,キャラメルザックル,히루젠저지우유 오카야마판매(蒜山ジャージー牛乳岡山販売),REG_014,PRC_01,457,"캐러멜 자쿠루는 히루젠 저지 생크림으로 만든 캐러멜을 무첨가 소프트 프랑스 빵에 입힌 과자입니다. 장인이 빵 만들기부터 캐러멜 만들기까지 수작업으로 완성하며, 빵을 두 번 구워 바삭한 식감을 살린 것이 특징입니다. 히루젠의 우유 이미지를 담은 스테디셀러 과자로, 캐러멜의 단맛과 구운 빵의 경쾌한 식감이 함께 느껴집니다.","수분에 약한 과자라 밀봉 상태를 보고, 커피와 어울리는 간식으로 선물하기 좋음.",1,https://thumbnail.image.rakuten.co.jp/@0_mall/i-taiyou/cabinet/03401594/03405783/imgrc0075873571.gif?_ex=1024x1024,https://hb.afl.rakuten.co.jp/hgc/g00rsr0n.16t5uc9d.g00rsr0n.16t5v310/?pc=https%3A%2F%2Fitem.rakuten.co.jp%2Fi-taiyou%2F10000007%2F&m=http%3A%2F%2Fm.rakuten.co.jp%2Fi-taiyou%2Fi%2F10000007%2F&rafcid=wsc_i_is_b93111dd-e085-46a2-a75f-28c1ee5d2de6
PRD_545,히루젠 저지 버터 사탕 150g,蒜山ジャージー バター飴 150g,히루젠저지우유 오카야마판매(蒜山ジャージー牛乳岡山販売),REG_014,PRC_01,540,"히루젠 저지 버터 사탕은 히루젠 저지 버터, 물엿, 그래뉴당만으로 만든 단순한 원료의 사탕입니다. 보존료나 첨가물을 쓰지 않는 제품으로 소개되며, 저지 버터의 진한 풍미와 자연스러운 단맛을 살렸습니다. 150그램 포장으로 히루젠 유제품의 고소한 맛을 작은 사탕으로 담은 과자입니다.",상온 휴대가 쉽지만 습기에 약하므로 뚜껑을 닫아 보관하도록 안내하면 좋음.,1,https://thumbnail.image.rakuten.co.jp/@0_mall/kojistore/cabinet/select_lp/imgrc0147353287.jpg?_ex=1024x1024,https://hb.afl.rakuten.co.jp/hgc/g00tm1rn.16t5u43b.g00tm1rn.16t5v2c0/?pc=https%3A%2F%2Fitem.rakuten.co.jp%2Fkojistore%2F1129-010297%2F&m=http%3A%2F%2Fm.rakuten.co.jp%2Fkojistore%2Fi%2F10008129%2F&rafcid=wsc_i_is_b93111dd-e085-46a2-a75f-28c1ee5d2de6
PRD_546,가지타니 비스킷 레트로팩,梶谷のビスケットレトロパック,오케이에프(OKF株式会社),REG_014,PRC_02,1404,"가지타니 비스킷 레트로팩은 오카야마에서 오래 사랑받은 가지타니식품 비스킷을 담은 레트로풍 과자 세트입니다. 여러 맛을 레트로한 패키지 분위기로 담아낸 구성이라, 오래된 동네 과자점 비스킷 같은 친근한 인상을 줍니다. 옛 과자 패키지 분위기를 살린 제품이라 오카야마의 오래된 비스킷 문화를 떠올리게 하는 기념품 성격이 강합니다.","여러 봉지가 들어 있어 나눠 먹기 좋고, 가벼운 과자라 직장 선물로 편함.",1,https://dzwpvqehwr7zl.cloudfront.net/omios/products/generated/_review/PRD_546/PRD_546_packshot_v1.png,https://www.okayamakan.or.jp/products/detail/2050
PRD_547,사쿠슈구로 아마낫토,作州黒甘納豆,하레노쿠니 오카야마농협 쇼에이본부(晴れの国岡山農業協同組合 勝英統括本部),REG_014,PRC_01,450,"사쿠슈구로 아마낫토는 오카야마 쇼에이 지역 특산 검은콩인 사쿠슈구로 대두의 풍미를 살린 콩 과자입니다. 단맛을 비교적 가볍게 조절한 시보리 아마낫토로 만들어, 검은콩의 고소함과 부드러운 단맛이 함께 느껴집니다. 팥이 아닌 대두의 깊은 맛을 살린 담백한 화과자형 간식입니다.",차와 함께 먹기 좋은 콩 과자라 단맛이 강하지 않은 선물을 찾을 때 적합함.,1,https://thumbnail.image.rakuten.co.jp/@0_mall/nipponmarche/cabinet/shohin26/4908628123285_01.jpg?_ex=1024x1024,https://hb.afl.rakuten.co.jp/hgc/g00te14n.16t5ud0b.g00te14n.16t5vabd/?pc=https%3A%2F%2Fitem.rakuten.co.jp%2Fnipponmarche%2F4908628123285%2F&m=http%3A%2F%2Fm.rakuten.co.jp%2Fnipponmarche%2Fi%2F10030520%2F&rafcid=wsc_i_is_b93111dd-e085-46a2-a75f-28c1ee5d2de6
PRD_548,구라시키 감말랭이말이,くらしき柿巻,고쿠와산업(國和産業),REG_014,PRC_02,1263,구라시키 감말랭이말이는 숙성한 감을 말아 만든 구라시키풍 전통 과일 다과입니다. 말린 감을 말아 만든 다과라 감의 농축된 단맛과 쫀득하고 부드러운 식감이 중심이 됩니다. 차와 함께 조금씩 썰어 먹기 좋은 과일 가공 다과입니다.,"얇게 썰어 차나 술과 곁들이기 좋고, 첨가물이 없는 과일 과자를 찾는 사람에게 잘 맞음.",1,https://dzwpvqehwr7zl.cloudfront.net/omios/products/generated/_review/PRD_548/PRD_548_packshot_v1.png,https://www.okayamakan.or.jp/products/detail/114
PRD_549,유자 센베이 100g,ゆずせんべい 100g,오카모토야(おかもと屋),REG_014,PRC_01,378,"유자 센베이 100그램은 오카야마 최상이나리 명물로 알려진 작은 유자향 센베이입니다. 오카야마현산 밀가루로 구운 10엔 동전 크기의 센베이에 유자 페이스트를 입혀, 바삭하고 가벼운 식감과 은은한 유자 향을 냅니다. 일본 3대 이나리 중 하나로 소개되는 최상이나리 주변에서 오래 친숙한 과자로 설명됩니다.","가볍고 바삭한 과자라 눌림을 피하고, 유자 향을 좋아하는 사람에게 부담 없이 주기 좋음.",1,https://thumbnail.image.rakuten.co.jp/@0_mall/chokuhan/cabinet/kashi/800-senbe-yuzu04.jpg?_ex=1024x1024,https://hb.afl.rakuten.co.jp/hgc/g00pasjn.16t5ue79.g00pasjn.16t5v734/?pc=https%3A%2F%2Fitem.rakuten.co.jp%2Fchokuhan%2Fyuzu-senbei01%2F&m=http%3A%2F%2Fm.rakuten.co.jp%2Fchokuhan%2Fi%2F10045820%2F&rafcid=wsc_i_is_b93111dd-e085-46a2-a75f-28c1ee5d2de6
PRD_550,네코 미니 타르트 여름맛 9개 세트,ねこみにたるとセット9個入 夏フレーバー,스타일(スタイル),REG_014,PRC_04,3500,"네코 미니 타르트 여름맛 세트는 오카야마시 타르트 전문점의 고양이 모양 미니 타르트 9개 구성입니다. 독자적인 코팅 공정으로 바삭한 식감을 유지하고, 크림은 히루젠 저지 우유를 사용한 화이트 커스터드에 저지방 생크림을 더해 만듭니다. 여름 한정 풍미를 담은 작은 타르트 세트라 모양과 맛의 변화를 함께 즐길 수 있습니다.","냉동 배송 상품이라 직접 운반보다 배송이 안전하고, 귀여운 모양 선물을 찾을 때 좋음.",1,https://dzwpvqehwr7zl.cloudfront.net/omios/products/generated/_review/PRD_550/PRD_550_packshot_v1.png,https://www.okayamakan.or.jp/products/detail/2160
PRD_551,중간매운맛 와규 스파이스 카레,中辛旨口 和牛スパイスカレー,뎃타 스즈란식품가공(哲多すずらん食品加工),REG_014,PRC_01,788,중간매운맛 와규 스파이스 카레는 오카야마 니이미 지역의 치야규를 사용한 레토르트 비프 카레입니다. 현지 와규 목장에서 자란 치야규의 맛을 살리도록 공장장이 조합한 레시피로 만든 스파이스 카레로 소개됩니다. 세 단계 가열 조리로 고기가 흐트러지지 않으면서 속까지 부드럽게 익는 중간매운맛이 특징입니다.,"상자째 전자레인지 조리가 가능해 간편하며, 무게가 가벼워 여행 선물로 부담이 적음.",1,https://thumbnail.image.rakuten.co.jp/@0_mall/nipponmarche/cabinet/shohin21/4991228511125_01.jpg?_ex=1024x1024,https://hb.afl.rakuten.co.jp/hgc/g00te14n.16t5ud0b.g00te14n.16t5vabd/?pc=https%3A%2F%2Fitem.rakuten.co.jp%2Fnipponmarche%2F4991228511125%2F&m=http%3A%2F%2Fm.rakuten.co.jp%2Fnipponmarche%2Fi%2F10013383%2F&rafcid=wsc_i_is_b93111dd-e085-46a2-a75f-28c1ee5d2de6
PRD_552,히루젠 야키소바 세트 2식입,ひるぜん焼そばセット 2食入,오구라산업(小倉産業),REG_014,PRC_01,713,"히루젠 야키소바 세트는 오카야마현 북부 히루젠 지역의 된장 소스 야키소바를 만들 수 있는 2식 구성입니다. 히루젠에서는 쇼와 30년대 무렵부터 겨울 저장식으로 만든 된장으로 야키소바나 징기스칸을 먹어 왔다고 설명됩니다. 이 세트는 면 2개, 특제 된장 소스 2개, 산초를 담아 진한 단맛과 매운맛의 미소 소스, 산초의 향을 함께 살립니다.","고기와 채소는 따로 준비해야 하므로, 조리형 기념품을 좋아하는 사람에게 주면 좋음.",1,https://dzwpvqehwr7zl.cloudfront.net/omios/products/generated/_review/PRD_552/PRD_552_packshot_v1.png,https://www.okayamakan.or.jp/products/detail/1788
PRD_553,진한 에비메시 소스,濃厚えびめしのたれ,오구라산업(小倉産業),REG_014,PRC_01,540,"진한 에비메시 소스는 검은 볶음밥으로 알려진 오카야마 명물 에비메시용 양념입니다. 에비메시는 밥에 소스를 입혀 짙은 색과 감칠맛을 내는 향토적인 볶음밥 계열 음식으로, 이 제품은 그 맛을 만들기 위한 농후한 소스입니다. 새우 풍미를 살린 진한 소스라 밥에 고르게 배어들었을 때 달콤짭짤하고 깊은 맛을 냅니다.",밥과 새우를 준비하면 바로 조리할 수 있어 현지 음식을 집에서 해보려는 사람에게 좋음.,1,https://dzwpvqehwr7zl.cloudfront.net/omios/products/generated/_review/PRD_553/PRD_553_packshot_v1.png,https://www.okayamakan.or.jp/products/detail/1401
PRD_554,쓰야마 호르몬 우동 소스,津山ホルモンうどんのたれ,이시이식품(石井食品),REG_014,PRC_01,411,"쓰야마 호르몬 우동 소스는 오카야마 쓰야마 지역의 호르몬 우동 맛을 내기 위한 전용 양념입니다. 호르몬 우동뿐 아니라 호르몬구이, 채소볶음, 볶음밥의 양념에도 어울리도록 달콤짭짤한 감칠맛을 갖춘 소스입니다. 구운 고기와도 맞는 농도와 간을 지녀, 기름진 내장류의 풍미를 진하게 받쳐주는 타입입니다.","우동면과 고기를 따로 준비해야 하므로, 요리용 양념 선물로 설명을 곁들이면 좋음.",1,https://thumbnail.image.rakuten.co.jp/@0_mall/tanabe645/cabinet/compass1697783101.jpg?_ex=1024x1024,https://hb.afl.rakuten.co.jp/hgc/g00t3yon.16t5u1e8.g00t3yon.16t5vefb/?pc=https%3A%2F%2Fitem.rakuten.co.jp%2Ftanabe645%2Fhorumonudontare%2F&m=http%3A%2F%2Fm.rakuten.co.jp%2Ftanabe645%2Fi%2F10000106%2F&rafcid=wsc_i_is_b93111dd-e085-46a2-a75f-28c1ee5d2de6
PRD_555,황부추 바라즈시 재료,黄ニラばら寿司の素,소사쿠일본요리 당크(そうさく日本料理 ダンク),REG_014,PRC_02,1080,"황부추 바라즈시 재료는 오카야마 특산 황부추를 중심으로 만든 바라즈시용 재료입니다. 단맛과 산미가 균형을 이루도록 조리되어 초밥밥에 섞었을 때 산뜻하면서도 깊은 맛을 냅니다. 황부추를 중심으로 여러 재료의 식감이 살아 있어, 오카야마식 바라즈시의 다채로운 맛을 간편하게 구성할 수 있는 제품입니다.",밥에 섞기만 하면 여러 인분을 만들 수 있어 가족이 함께 먹는 선물로 좋음.,1,https://thumbnail.image.rakuten.co.jp/@0_mall/suikinkarou/cabinet/kinira-ka002.jpg?_ex=1024x1024,https://hb.afl.rakuten.co.jp/hgc/g00sykln.16t5u9c2.g00sykln.16t5v65f/?pc=https%3A%2F%2Fitem.rakuten.co.jp%2Fsuikinkarou%2Fkinira-ka002%2F&m=http%3A%2F%2Fm.rakuten.co.jp%2Fsuikinkarou%2Fi%2F10000062%2F&rafcid=wsc_i_is_b93111dd-e085-46a2-a75f-28c1ee5d2de6
PRD_556,오카야마 바라즈시,岡山ばらずし,산포산업(三宝産業),REG_014,PRC_01,720,오카야마 바라즈시는 세토내해의 해산물과 산지 채소를 한데 올리거나 섞어 만드는 오카야마의 대표 향토 초밥입니다. 에도 시대 비젠 오카야마의 절약령 속에서 여러 재료를 한 접시에 담아 한 가지 반찬처럼 보이게 했다는 이야기와 함께 전해집니다. 산포산업의 오카야마 바라즈시는 이런 향토 초밥을 집에서 만들 수 있도록 여러 속재료를 준비한 제품입니다.,"상온 조리형이라 가져가기 쉽고, 따뜻한 밥만 있으면 완성되는 점을 알려 주면 좋음.",1,https://dzwpvqehwr7zl.cloudfront.net/omios/products/generated/_review/PRD_556/PRD_556_packshot_v1.png,https://www.okayamakan.or.jp/products/detail/140
PRD_557,히나세 카키오코 소스 600g,日生(ひなせ)カキオコソース 600g,다카토리간장(鷹取醤油),REG_014,PRC_01,777,"히나세 카키오코 소스는 세토내해 어촌 히나세의 굴 오코노미야키 맛을 살리기 위한 전용 소스입니다. 히나세 카키오코는 쇼와 40년대 굴 양식이 시작된 뒤 지역 명물로 자리 잡은 음식으로, 산처럼 올린 양배추와 부드러운 반죽, 굴의 진한 풍미가 특징입니다. 이 소스는 굴의 감칠맛과 오코노미야키의 달콤짭짤한 맛을 함께 받쳐 주도록 만들어진 제품입니다.","굴이나 해산물 튀김에도 어울리며, 병 제품이라 뚜껑 밀봉을 확인하는 것이 좋음.",1,https://thumbnail.image.rakuten.co.jp/@0_mall/profoods/cabinet/revice3/r30500635.jpg?_ex=1024x1024,https://hb.afl.rakuten.co.jp/hgc/g00pw95n.16t5ud6b.g00pw95n.16t5v182/?pc=https%3A%2F%2Fitem.rakuten.co.jp%2Fprofoods%2F10013767%2F&m=http%3A%2F%2Fm.rakuten.co.jp%2Fprofoods%2Fi%2F10013767%2F&rafcid=wsc_i_is_b93111dd-e085-46a2-a75f-28c1ee5d2de6
PRD_558,오카야마 파스타 세트,岡山のパスタセット,하레노쿠니 오카야마관(晴れの国おかやま館),REG_014,PRC_03,2010,"오카야마 파스타 세트는 오카야마산 재료를 활용한 파스타와 소스를 함께 담은 구성입니다. 세트 안의 마쉬룸 크림 소스는 히루젠 저지 우유의 진한 밀크감에 세토우치시산 마쉬룸의 감칠맛이 녹아든 크림 소스입니다. 산뜻한 산미를 더한 소스가 포함되어, 지역 식재료의 고소함과 향을 파스타 한 접시에 모아 보여주는 제품입니다.","한 상자에서 면과 소스를 함께 해결할 수 있어 요리 선물로 편하고, 재고 상황을 확인하면 좋음.",1,https://dzwpvqehwr7zl.cloudfront.net/omios/products/generated/_review/PRD_558/PRD_558_packshot_v1.png,https://www.okayamakan.or.jp/products/detail/1864
PRD_559,찰보리 파스타 200g,もち麦パスタ 200g,오야마제면(小山製麺),REG_014,PRC_01,480,"찰보리 파스타 200그램은 오카야마현 가사오카시산 찰보리를 사용한 건강 지향 파스타입니다. 일반 페투치네가 진한 화이트소스나 미트소스와 잘 맞는 데 비해, 이 찰보리 파스타는 가벼운 오일 소스나 차가운 냉파스타에도 잘 어울린다고 설명됩니다. 찰보리 특유의 고소함과 탄력 있는 식감이 중심이 되는 2인분 구성입니다.",건면이라 가볍고 보관이 쉬워 요리 좋아하는 사람에게 실용적인 기념품이 됨.,1,https://thumbnail.image.rakuten.co.jp/@0_mall/nipponmarche/cabinet/syohin16/imgrc0077413392.jpg?_ex=1024x1024,https://hb.afl.rakuten.co.jp/hgc/g00te14n.16t5ud0b.g00te14n.16t5vabd/?pc=https%3A%2F%2Fitem.rakuten.co.jp%2Fnipponmarche%2F4990022557063%2F&m=http%3A%2F%2Fm.rakuten.co.jp%2Fnipponmarche%2Fi%2F10026874%2F&rafcid=wsc_i_is_b93111dd-e085-46a2-a75f-28c1ee5d2de6
PRD_560,가사오카 라멘 2식입,笠岡ラーメン 2食入,오야마제면(小山製麺),REG_014,PRC_01,450,"가사오카 라멘은 닭뼈를 베이스로 한 국물과 오야도리를 간장에 조려 만든 니도리 차슈가 특징인 오카야마 가사오카의 지역 라멘입니다. 이 제품은 그 가사오카 라멘의 면과 수프를 함께 담은 2식 구성입니다. 닭 육수의 깊은 맛과 니도리 문화가 어우러져, 돼지고기 차슈 중심의 라멘과 다른 담백하면서도 진한 인상을 줍니다.","토핑은 따로 준비해야 하지만, 현지 라멘 맛을 간단히 재현할 수 있어 부담 없는 선물임.",1,https://thumbnail.image.rakuten.co.jp/@0_mall/nipponmarche/cabinet/syohin16/imgrc0077413751.jpg?_ex=1024x1024,https://hb.afl.rakuten.co.jp/hgc/g00te14n.16t5ud0b.g00te14n.16t5vabd/?pc=https%3A%2F%2Fitem.rakuten.co.jp%2Fnipponmarche%2F4990022557094%2F&m=http%3A%2F%2Fm.rakuten.co.jp%2Fnipponmarche%2Fi%2F10026877%2F&rafcid=wsc_i_is_b93111dd-e085-46a2-a75f-28c1ee5d2de6
PRD_561,오카야마 봇케에 라멘,岡山ぼっけぇラーメン,산키상회(サンキ商会),REG_014,PRC_02,1296,"오카야마 봇케에 라멘은 오카야마 시모이시이의 인기 라멘점 봇케에 라멘의 맛을 바탕으로 한 제품입니다. 돼지뼈와 닭뼈를 함께 쓴 걸쭉한 특농 수프가 핵심이며, 오카야마 사투리로 매우 크다는 뜻의 봇케에라는 이름처럼 진한 인상을 주는 라멘입니다. 전국 방송에 여러 차례 소개된 점포의 개성을 담아, 농후한 국물 맛을 전면에 세운 상품입니다.","맛이 진한 편이라 라멘을 좋아하는 사람에게 잘 맞고, 조리 설명을 확인해 끓이면 좋음.",1,https://thumbnail.image.rakuten.co.jp/@0_mall/chagatapark/cabinet/catalog/2015/3248-618702.jpg?_ex=1024x1024,https://hb.afl.rakuten.co.jp/hgc/g00rqoyn.16t5u71f.g00rqoyn.16t5va4b/?pc=https%3A%2F%2Fitem.rakuten.co.jp%2Fchagatapark%2F3248-618702%2F&m=http%3A%2F%2Fm.rakuten.co.jp%2Fchagatapark%2Fi%2F10018636%2F&rafcid=wsc_i_is_b93111dd-e085-46a2-a75f-28c1ee5d2de6
PRD_562,오카야마 백도 잼,岡山白桃ジャム,오노 플랫츠(有限会社オノ・フラッツ),REG_014,PRC_01,972,"오카야마 백도 잼은 오카야마 백도의 식감과 향을 살린 과일 잼입니다. 백도 특유의 부드러운 향과 과육감이 중심이며, 약간의 리큐어 향이 더해져 단맛만 두드러지지 않는 성숙한 풍미를 냅니다. 토스트나 디저트에 곁들였을 때 백도의 산뜻한 과실감을 더해주는 타입입니다.","유리병 제품이라 완충 포장을 확인하고, 빵이나 요거트를 즐기는 사람에게 선물하기 좋다.",1,https://dzwpvqehwr7zl.cloudfront.net/omios/products/generated/_review/PRD_562/PRD_562_packshot_v1.png,https://www.okayamakan.or.jp/products/detail/1865
PRD_563,오카야마 모모코 머스캣 젤리 4개입,おかやま桃子 マスカットじゅれ 4個入,프루츠 재팬(株式会社フルーツ・ジャパン),REG_014,PRC_01,777,"오카야마 모모코 머스캣 젤리는 오카야마를 대표하는 포도인 머스캣 오브 알렉산드리아와 샤인 머스캣을 사용한 과일 젤리입니다. 두 품종의 향과 단맛을 살려, 맑고 산뜻한 포도 풍미가 중심이 됩니다. 4개입 구성의 작은 젤리라 과일 산지 오카야마의 포도 이미지를 담은 디저트 제품입니다.",가볍고 나눠 먹기 쉬운 4개입이라 과일 디저트를 좋아하는 사람에게 부담 없이 건네기 좋다.,1,https://dzwpvqehwr7zl.cloudfront.net/omios/products/generated/_review/PRD_563/PRD_563_packshot_v1.png,https://www.okayamakan.or.jp/products/detail/1638
PRD_564,와규 시튜,和牛シチュー,뎃타 스즈란식품가공(哲多すずらん食品加工),REG_014,PRC_01,734,와규 시튜는 오카야마 니이미 지역 식재료를 활용해 온 철다 스즈란식품가공의 비프 시튜입니다. 와규 고기의 깊은 감칠맛을 중심으로 진한 소스와 부드러운 고기 식감을 살린 레토르트형 상품입니다. 지역 축산물의 풍미를 집에서 간편하게 즐길 수 있는 서양식 가공식품입니다.,"상온 레토르트라 가져가기 편하고, 따뜻하게 데워 바로 먹을 수 있어 실용적임.",1,https://thumbnail.image.rakuten.co.jp/@0_mall/monone/cabinet/shohin11/4991228112216_01.jpg?_ex=1024x1024,https://hb.afl.rakuten.co.jp/hgc/g00thk9n.16t5u105.g00thk9n.16t5v71e/?pc=https%3A%2F%2Fitem.rakuten.co.jp%2Fmonone%2F4991228112216%2F&m=http%3A%2F%2Fm.rakuten.co.jp%2Fmonone%2Fi%2F10001953%2F&rafcid=wsc_i_is_b93111dd-e085-46a2-a75f-28c1ee5d2de6
PRD_565,기미세 다시 간장,だし醤油,기미세 간장(キミセ醤油株式会社),REG_014,PRC_01,388,"기미세 다시 간장은 가쓰오부시, 다시마, 표고버섯으로 낸 천연 다시와 엄선한 재료를 사용한 다시 간장입니다. 비젠야키 큰 항아리에서 숙성시키는 방식이 특징으로, 간장에 깊은 감칠맛과 둥근 향을 더합니다. 조림, 국물, 무침처럼 간장과 다시의 균형이 중요한 요리에 쓰기 좋은 오카야마 조미료입니다.","300ml 병 제품이라 여러 맛을 골라 사기 좋고, 요리를 자주 하는 사람에게 실용적이다.",0,https://thumbnail.image.rakuten.co.jp/@0_mall/kamadashi/cabinet/10213121/imgrc0179498385.jpg?_ex=1024x1024,https://hb.afl.rakuten.co.jp/hgc/g00s5r3n.16t5u618.g00s5r3n.16t5v2eb/?pc=https%3A%2F%2Fitem.rakuten.co.jp%2Fkamadashi%2F3521%2F&m=http%3A%2F%2Fm.rakuten.co.jp%2Fkamadashi%2Fi%2F10000057%2F&rafcid=wsc_i_is_b93111dd-e085-46a2-a75f-28c1ee5d2de6
PRD_566,오카야마 카레,岡山カレー,쓰무구(つむぐ株式会社),REG_014,PRC_01,880,"오카야마 카레는 복숭아 처트니를 사용한 지역 카레입니다. 처트니는 과일이나 채소를 졸여 만드는 페이스트로, 이 제품은 복숭아에 향신료를 더해 끓인 처트니를 넣어 만듭니다. 매콤한 맛에 복숭아의 단맛과 깊은 코쿠가 더해져 부드럽게 마무리되는 것이 특징이며, 오카야마 카레를 통한 지역 활성화 기획과 연결된 상품입니다.",패키지가 지역색을 잘 보여 주어 가벼운 식품 기념품으로 고르기 좋음.,1,https://thumbnail.image.rakuten.co.jp/@0_mall/shokutatsu/cabinet/item/ocnw/ocnw-033.jpg?_ex=1024x1024,https://hb.afl.rakuten.co.jp/hgc/g00u4cvn.16t5ua72.g00u4cvn.16t5v7f4/?pc=https%3A%2F%2Fitem.rakuten.co.jp%2Fshokutatsu%2Focnw-033%2F&m=http%3A%2F%2Fm.rakuten.co.jp%2Fshokutatsu%2Fi%2F10002259%2F&rafcid=wsc_i_is_b93111dd-e085-46a2-a75f-28c1ee5d2de6
PRD_567,모모타로 카레,桃太郎カレー,산세이물산(三盛物産),REG_014,PRC_01,540,"모모타로 카레는 오카야마현산 복숭아 퓌레를 넣은 중간매운맛 비프 카레입니다. 오카야마의 과일 왕국 이미지와 모모타로 전설을 함께 담은 지역 테마 카레로 소개됩니다. 복숭아의 산미와 은은한 단맛, 향신료의 매운맛이 어우러져 쇠고기 카레의 코쿠를 더 깊게 만드는 것이 특징입니다.","동화풍 패키지라 관광 기념 느낌이 강하고, 아이가 있는 집에도 주기 쉬움.",1,https://thumbnail.image.rakuten.co.jp/@0_mall/nipponmarche/cabinet/10260967/4944861030683_01.jpg?_ex=1024x1024,https://hb.afl.rakuten.co.jp/hgc/g00te14n.16t5ud0b.g00te14n.16t5vabd/?pc=https%3A%2F%2Fitem.rakuten.co.jp%2Fnipponmarche%2F4944861030683%2F&m=http%3A%2F%2Fm.rakuten.co.jp%2Fnipponmarche%2Fi%2F10006236%2F&rafcid=wsc_i_is_b93111dd-e085-46a2-a75f-28c1ee5d2de6
PRD_568,사슴 소시지 슈크루트,鹿ソーセージのシュークルート,가가미노 야마벤클럽 노노몬(鏡野やま弁クラブののもん),REG_014,PRC_02,1512,사슴 소시지 슈크루트는 오카야마현 북부에서 잡은 야생 사슴고기를 활용한 지비에 통조림입니다. 사슴고기 소시지를 자우어크라우트와 함께 담아 프랑스 알자스 지방의 향토요리 슈크루트 형식으로 완성했습니다. 담백한 고기 맛에 양배추 절임의 산미와 향신료 향이 더해지는 개성 있는 가공식품입니다.,술안주로 독특하지만 취향이 갈릴 수 있어 지비에를 좋아하는 사람에게 고르면 좋음.,1,https://thumbnail.image.rakuten.co.jp/@0_mall/jshop-web/cabinet/syouhin/niku_01/nonomon06.jpg?_ex=1024x1024,https://hb.afl.rakuten.co.jp/hgc/g00qbdfn.16t5u0a9.g00qbdfn.16t5vf1c/?pc=https%3A%2F%2Fitem.rakuten.co.jp%2Fjshop-web%2Fnonomon06_ss%2F&m=http%3A%2F%2Fm.rakuten.co.jp%2Fjshop-web%2Fi%2F10005008%2F&rafcid=wsc_i_is_b93111dd-e085-46a2-a75f-28c1ee5d2de6
PRD_569,어부 자랑 첫물 김 조림,漁師自慢一番摘みのり佃煮,오카야마현어업협동조합연합회(岡山県漁業協同組合連合会),REG_014,PRC_01,432,"어부 자랑 첫물 김 조림은 오카야마현산 첫물 김을 사용한 병조림 반찬입니다. 첫 수확 김의 향과 부드러운 식감을 달콤짭짤하게 조려, 밥과 잘 어울리는 진한 감칠맛을 냅니다. 오카야마현 어업협동조합연합회 상품으로, 지역 바다의 김을 일상 반찬으로 가공한 제품입니다.","유리병 제품이라 옷 사이에 고정해 포장하면 좋고, 밥반찬 선물로 쓰기 쉽다.",1,https://thumbnail.image.rakuten.co.jp/@0_mall/unidy/cabinet/tasya128/7293022-e.jpg?_ex=1024x1024,https://hb.afl.rakuten.co.jp/hgc/g00pjh9n.16t5u4e2.g00pjh9n.16t5v7e5/?pc=https%3A%2F%2Fitem.rakuten.co.jp%2Funidy%2F7293022%2F&m=http%3A%2F%2Fm.rakuten.co.jp%2Funidy%2Fi%2F11168848%2F&rafcid=wsc_i_is_b93111dd-e085-46a2-a75f-28c1ee5d2de6
PRD_570,소자 셀러리 미네스트로네,そうじゃセロリのミネストローネ,소자 지타베공사(そうじゃ地食べ公社),REG_014,PRC_01,400,"소자 셀러리 미네스트로네는 소자 지역 셀러리를 사용한 토마토 베이스 수프입니다. 토마토 특유의 산미와 셀러리의 향긋하고 독특한 풍미가 맞물리도록 만든 레토르트 미네스트로네입니다. 채소의 산뜻함과 국물의 깊이를 함께 살린 제품이라, 셀러리 향이 음식의 개성을 분명하게 만듭니다.","가볍게 데워 먹는 제품이라 간편식 선물로 좋고, 셀러리 향이 강하지 않은 점을 알려 주면 좋음.",1,https://dzwpvqehwr7zl.cloudfront.net/omios/products/generated/_review/PRD_570/PRD_570_packshot_v1.png,https://www.okayamakan.or.jp/products/detail/1823
PRD_571,적미죽,赤米がゆ,소자 지타베공사(そうじゃ地食べ公社),REG_014,PRC_01,200,적미죽은 소자산 멥쌀과 적미를 사용한 오카야마 지역 죽 상품입니다. 붉은빛 쌀이 더하는 고소함과 부드러운 죽의 식감이 특징입니다. 소자 지역의 적미 이야기를 담은 가공식품이라 간편식이면서 향토 식재료의 성격도 함께 지닙니다.,"상온 보관 기간이 길어 실용적인 비상식으로도 좋고, 부담 없는 가격이라 함께 곁들이기 좋음.",1,https://thumbnail.image.rakuten.co.jp/@0_mall/emedama/cabinet/3494/4549980963494_1.jpg?_ex=1024x1024,https://hb.afl.rakuten.co.jp/hgc/53033622.7bbb75b6.53033623.c98a76f0/?pc=https%3A%2F%2Fitem.rakuten.co.jp%2Femedama%2F4549980963494%2F&m=https%3A%2F%2Fitem.rakuten.co.jp%2Femedama%2F4549980963494%2F
PRD_572,생고구마 수제 곤약 3개입,生芋手造りこんにゃく 3個入,사에키곤약(佐伯蒟蒻),REG_014,PRC_01,324,"생고구마 수제 곤약은 사에키곤약이 에도 시대부터 이어 온 곤약 만들기를 계승해 만드는 제품입니다. 전처리부터 제품화까지 3일을 들여 하나씩 정성스럽게 만들며, 오카야마현산 곤약감자를 사용합니다. 단단한 씹는 맛과 양념이 잘 배는 성질이 특징이라 차게 식혀 회곤약처럼 먹거나 조림, 오뎅에 쓰기 좋은 곤약입니다.","식감이 좋은 반찬 재료라 요리하는 사람에게 좋고, 무거운 액상 포장을 확인해 담으면 좋음.",1,https://dzwpvqehwr7zl.cloudfront.net/omios/products/generated/_review/PRD_572/PRD_572_packshot_v1.png,https://www.okayamakan.or.jp/products/detail/1513
PRD_573,오카야마 바라즈시 소분 타입,岡山ばらずし 小分けタイプ,산포산업(三宝産業),REG_014,PRC_01,980,"오카야마 바라즈시 소분 타입은 오카야마 향토 초밥 바라즈시를 필요한 양만큼 만들 수 있도록 나눈 제품입니다. 1인분부터 4인분까지 양을 조절하기 쉬운 구성이어서, 초밥밥에 섞어 간편하게 바라즈시의 속재료를 갖출 수 있습니다. 여러 재료가 어우러지는 오카야마 바라즈시의 특징을 소량 조리에 맞춘 타입입니다.","한 번에 다 쓰지 않아도 되어 1인 가구 선물로 편하고, 밥에 섞는 방식이라 조리가 간단함.",1,https://dzwpvqehwr7zl.cloudfront.net/omios/products/generated/_review/PRD_573/PRD_573_packshot_v1.png,https://www.okayamakan.or.jp/products/detail/1264
PRD_574,데님 미니 토트,デニム　ミニトート,베티스미스(ベティスミス),REG_014,PRC_03,2090,"데님 미니 토트는 청바지 제조사 베티스미스가 만든 작은 데님 토트백입니다. 샘플 원단이나 제품 생산 뒤 남은 원단을 활용해 만드는 제품으로, 오카야마 데님의 실용적인 재활용 감각을 담고 있습니다. 데님 특유의 질감과 캐주얼한 분위기가 중심이며, 생산 과정상 원단 색에는 개체 차이가 생길 수 있습니다.",색감이 제품마다 다를 수 있어 매장에서 실물 톤과 봉제 상태를 확인하면 좋다.,0,https://thumbnail.image.rakuten.co.jp/@0_mall/overfrag/cabinet/banner/05587018/06443937/imgrc0091025465.jpg?_ex=1024x1024,https://hb.afl.rakuten.co.jp/hgc/g00sbqrn.16t5u3f5.g00sbqrn.16t5v99e/?pc=https%3A%2F%2Fitem.rakuten.co.jp%2Foverfrag%2Frdbg0097%2F&m=http%3A%2F%2Fm.rakuten.co.jp%2Foverfrag%2Fi%2F10001875%2F&rafcid=wsc_i_is_b93111dd-e085-46a2-a75f-28c1ee5d2de6
PRD_575,원조 기비단고 3종 세트,元祖きびだんご3種セット,고에이도(廣榮堂),REG_014,PRC_02,1728,"원조 기비단고 3종 세트는 오카야마의 대표 명과 기비단고를 여러 맛으로 담은 고에이도 세트입니다. 고에이도의 원조 기비단고는 찹쌀에 설탕과 물엿을 더해 반죽하고 마지막에 기장 가루로 풍미를 더한 전통 과자입니다. 입안에서 부드럽고 폭신하게 풀리는 식감과 은은한 단맛이 특징이며, 오카야마 모모타로 이야기와 함께 떠올리는 지역 과자입니다.","오카야마를 상징하는 과자라 여행 선물 설명이 쉽고, 상자 포장이라 나눠 주기 좋다.",1,https://dzwpvqehwr7zl.cloudfront.net/omios/products/generated/_review/PRD_575/PRD_575_packshot_v1.png,https://www.okayamakan.or.jp/products/detail/97
PRD_576,굴 매콤조림,牡蠣のうま辛煮,가키노이에 시오카제(牡蠣の家しおかぜ),REG_014,PRC_02,1112,굴 매콤조림은 가키노이에 시오카제가 만드는 굴 가공식품 중 하나입니다. 오카야마 세토우치시 무시아케 해역의 굴을 바탕으로 굴의 농후한 맛에 매운 양념을 더한 병조림입니다. 밥반찬이나 술안주로 먹기 좋은 진한 해산물 반찬입니다.,"밥반찬과 술안주 모두 가능하지만, 해산물 알레르기가 있는 사람에게는 피하는 것이 좋음.",1,https://dzwpvqehwr7zl.cloudfront.net/omios/products/generated/_review/PRD_576/PRD_576_packshot_v1.png,https://www.okayamakan.or.jp/products/detail/1703
PRD_577,가이쿤 굴 훈제 올리브오일 절임 소,海燻 牡蠣の燻製 オリーブオイル漬け 小,가키노이에 시오카제(牡蠣の家しおかぜ),REG_014,PRC_02,1344,"가이쿤 굴 훈제 올리브오일 절임 소는 오카야마현 세토우치시 무시아케의 굴을 사용한 병조림입니다. 굴을 벚나무 칩으로 시간을 들여 훈제한 뒤 엑스트라버진 올리브오일에 담가, 훈연 향과 굴의 감칠맛, 오일의 부드러운 풍미가 함께 살아납니다. 병 안의 오일도 굴 향을 머금어 파스타 재료로 활용할 수 있는 것이 특징입니다.","파스타나 안주로 쓰기 좋아 미식 선물에 어울리며, 유리병 완충 포장이 필요함.",1,https://dzwpvqehwr7zl.cloudfront.net/omios/products/generated/_review/PRD_577/PRD_577_packshot_v1.png,https://www.okayamakan.or.jp/products/detail/727
PRD_578,우조 블랙 소금 김,烏城ブラック 塩のり,오카야마현 어업협동조합연합(岡山県漁業協同組合連合),REG_014,PRC_01,756,"우조 블랙 소금 김은 오카야마성의 검은 외관에서 온 별칭 우조를 테마로 한 소금 김입니다. 김은 색이 짙을수록 상질로 여겨진다는 설명을 바탕으로, 오카야마시의 이른 시기 수확 김을 사용합니다. 풍미가 강하고 입안에서 부드럽게 녹는 식감이 특징인 오카야마 김 제품입니다.","탁상 용기라 보관과 사용이 편하고, 밥이나 안주용으로 실용적인 선물임.",1,https://dzwpvqehwr7zl.cloudfront.net/omios/products/generated/_review/PRD_578/PRD_578_packshot_v1.png,https://www.okayamakan.or.jp/products/detail/2090
PRD_579,이치방노바시 손연 우동,一番のばし手延べうどん,가모가와 손연소면(かも川手延べ素麺),REG_014,PRC_01,453,"이치방노바시 손연 우동은 비추 가모가타에 에도 시대부터 전해져 온 손연 제법으로 만든 우동입니다. 반죽을 늘리고 숙성시키는 과정을 반복하며 한 가닥씩 만드는 방식이라, 매끄럽고 탄력 있는 식감이 살아납니다. 모찌모찌하고 잘 넘어가는 우동의 특징을 살리기 위해 원료와 전통 제법을 함께 강조한 제품입니다.","상온 보관 가능한 면이라 여행 마지막 날에도 사기 좋고, 가족용 식품 선물로 무난함.",1,https://thumbnail.image.rakuten.co.jp/@0_mall/auc-nittoshoji/cabinet/02104309/02104313/kmg-tu-20.jpg?_ex=1024x1024,https://hb.afl.rakuten.co.jp/hgc/g00r6i9n.16t5u625.g00r6i9n.16t5va75/?pc=https%3A%2F%2Fitem.rakuten.co.jp%2Fauc-nittoshoji%2F40402205%2F&m=http%3A%2F%2Fm.rakuten.co.jp%2Fauc-nittoshoji%2Fi%2F10000102%2F&rafcid=wsc_i_is_b93111dd-e085-46a2-a75f-28c1ee5d2de6
PRD_580,구니미마루 소금 김,邦美丸の塩海苔,구니미마루(邦美丸),REG_014,PRC_01,864,"구니미마루 소금 김은 생산자가 직접 엄선한 고품질 김에 식물유와 소금만 더한 단순한 맛의 김입니다. 오카야마현 다마노시 무네아게산 김을 바탕으로 하며, 소금의 깔끔한 간과 뒤에 남는 고소한 김 향이 특징으로 소개됩니다. 복잡한 양념보다 김 자체의 향과 바삭한 식감을 살린 제품입니다.","주먹밥이나 술안주로 쓰기 좋고, 김이 눅눅해지지 않게 건조한 곳에 보관해야 함.",1,https://thumbnail.image.rakuten.co.jp/@0_mall/bookfan/cabinet/01095/bk4093867119.jpg?_ex=1024x1024,https://hb.afl.rakuten.co.jp/hgc/g00rk0pn.16t5u621.g00rk0pn.16t5v79f/?pc=https%3A%2F%2Fitem.rakuten.co.jp%2Fbookfan%2Fbk-4093867119%2F&m=http%3A%2F%2Fm.rakuten.co.jp%2Fbookfan%2Fi%2F12900622%2F&rafcid=wsc_i_is_b93111dd-e085-46a2-a75f-28c1ee5d2de6
PRD_581,무첨가 맛김,無添加 味付けのり,난조노리(南條海苔),REG_014,PRC_01,594,"무첨가 맛김은 세토우치 오카야마의 구라시키시 시모쓰이산 김으로 만든 조미김입니다. 아미노산 등 조미료를 넣지 않은 방식이 특징이라, 김의 향과 기본 양념의 맛을 비교적 깔끔하게 느낄 수 있습니다. 8절 40매 구성의 탁상용 맛김으로, 시모쓰이 바다 김의 풍미를 살린 제품입니다.","화학조미료를 피하는 사람에게 권하기 좋고, 가벼운 식품 선물로 들고 가기 편함.",1,https://thumbnail.image.rakuten.co.jp/@0_mall/kuroshionoriten/cabinet/item01/simple/ajin_nm120_v1.jpg?_ex=1024x1024,https://hb.afl.rakuten.co.jp/hgc/g00prt2n.16t5u03e.g00prt2n.16t5ve44/?pc=https%3A%2F%2Fitem.rakuten.co.jp%2Fkuroshionoriten%2Fajituke-nori-120%2F&m=http%3A%2F%2Fm.rakuten.co.jp%2Fkuroshionoriten%2Fi%2F10000802%2F&rafcid=wsc_i_is_b93111dd-e085-46a2-a75f-28c1ee5d2de6
PRD_582,비젠야키 맥주컵,備前焼 ビールカップ,쇼엔(松園),REG_014,PRC_04,3630,"비젠야키 맥주컵은 유약을 쓰지 않는 비젠야키의 거친 질감과 흙의 표정을 살린 맥주용 컵입니다. 비젠야키 맥주컵은 미세하고 크림 같은 거품을 만들기 쉬워 맥주 맛을 부드럽게 느끼게 한다고 설명됩니다. 직경 7센티미터, 높이 11센티미터의 종이상자 구성으로, 실용 그릇이면서 오카야마 전통 도자의 분위기를 담은 제품입니다.","도자기라 깨짐 방지 포장이 필수이고, 색과 형태가 하나씩 다른 점을 감안해 고르면 좋음.",1,https://thumbnail.image.rakuten.co.jp/@0_mall/wayukan/cabinet/05671695/05805113/bizenmug01.jpg?_ex=1024x1024,https://hb.afl.rakuten.co.jp/hgc/g00sohmn.16t5uff7.g00sohmn.16t5v2ee/?pc=https%3A%2F%2Fitem.rakuten.co.jp%2Fwayukan%2Fkentomug%2F&m=http%3A%2F%2Fm.rakuten.co.jp%2Fwayukan%2Fi%2F10001196%2F&rafcid=wsc_i_is_b93111dd-e085-46a2-a75f-28c1ee5d2de6
PRD_583,비젠야키 손잡이 컵 종이상자,備前焼 手付カップ 紙箱,시바오카 도센도(柴岡 陶泉堂),REG_014,PRC_04,3850,"비젠야키 손잡이 컵은 일본 육고요 중 하나로 천 년 전통을 지닌 비젠야키로 만든 컵입니다. 유약을 전혀 쓰지 않고 구워내는 비젠야키 특유의 소박하고 깊은 표정이 살아 있습니다. 온도가 쉽게 내려가지 않는다고 설명되는 도자기라 따뜻한 커피의 온기를 오래 지키고, 차가운 아이스커피도 미지근해지기 어렵게 해 주는 실용성이 특징입니다.","상자 포장이 있어 선물하기 좋지만, 수작업 도자기라 실제 색감 차이를 확인하면 좋음.",1,https://dzwpvqehwr7zl.cloudfront.net/omios/products/generated/_review/PRD_583/PRD_583_packshot_v1.png,https://www.okayamakan.or.jp/products/detail/1933
PRD_584,비젠야키 네코다마 1개입,備前焼 ねこ玉 1個入,시바오카 도센도(柴岡 陶泉堂),REG_014,PRC_01,550,"비젠야키 네코다마는 고양이 모양으로 만든 작은 비젠야키 구슬입니다. 비젠야키는 예로부터 물을 맛있게 하고 꽃병의 생화를 오래가게 한다고 전해져, 이 제품도 물이나 술, 밥짓기, 화병 등에 넣는 생활 소품으로 소개됩니다. 도자기 특성상 모양과 색이 하나씩 달라, 장식품으로 두었을 때도 개체마다 다른 표정을 보여줍니다.","작고 가벼운 공예품이라 부담 없이 사기 좋고, 물에 넣기 전 세척 방법을 확인하면 좋음.",1,https://dzwpvqehwr7zl.cloudfront.net/omios/products/generated/_review/PRD_584/PRD_584_packshot_v1.png,https://www.okayamakan.or.jp/products/detail/1869
PRD_585,비젠야키 모모타마 모모타로,備前焼 ももたま 桃太郎,시즈타니워크센터 세토(閑谷ワークセンターせと),REG_014,PRC_01,880,"비젠야키 모모타마 모모타로는 오카야마 전통 공예 비젠야키와 오카야마의 모모타로 전설을 결합한 작은 장식 도자기입니다. 이야기 속 모모타로와 동물, 오니 등을 떠올리게 하는 둥근 오브제 형태로 만들어졌습니다. 유약 없는 비젠야키의 흙빛 질감에 지역 설화의 캐릭터성을 더한 생활 장식품입니다.",오카야마 상징성이 강한 소형 기념품이라 여러 사람에게 부담 없이 주기 좋음.,1,https://dzwpvqehwr7zl.cloudfront.net/omios/products/generated/_review/PRD_585/PRD_585_packshot_v1.png,https://www.okayamakan.or.jp/products/detail/1920
PRD_586,만요 카키모치 감염 믹스,万葉かき餅 甘塩ミックス,사와다농산(さわだ農産),REG_015,PRC_01,350,"만요 카키모치 감염 믹스는 자가 재배 쌀 100%로 만든 구운 카키모치입니다. 보존료와 착색료를 사용하지 않고, 한 장씩 손으로 말린 뒤 기름 없이 정성스럽게 구워 만듭니다. 은은한 단맛의 카키모치와 적당한 소금맛 카키모치를 함께 담아, 바삭한 쌀 과자의 담백함과 두 가지 간의 차이를 느낄 수 있는 제품입니다.","가볍고 가격 부담이 낮아 여러 개를 사기 좋고, 떡과자가 깨지지 않게 위쪽에 넣으면 좋음.",1,https://dzwpvqehwr7zl.cloudfront.net/omios/products/generated/_review/PRD_586/PRD_586_packshot_v1.png,https://www.tottori-ichi.jp/view/item/000000000565
PRD_587,전자레인지 카키모치 건조,レンジかき餅 乾燥,사와다농산(さわだ農産),REG_015,PRC_01,400,전자레인지 카키모치 건조는 전자레인지로 데워 바삭하게 먹는 건조 카키모치입니다. 건조된 쌀떡 과자가 열을 받으면 사각거리는 식감으로 살아나는 것이 특징입니다. 기름에 튀긴 과자보다 쌀의 담백함과 가벼운 바삭함을 전면에 둔 제품입니다.,"조리 체험형 간식이라 먹는 방법을 함께 알려 주면 좋고, 습기를 피해서 보관해야 함.",1,https://thumbnail.image.rakuten.co.jp/@0_mall/maedayahonpo/cabinet/shohin01/syokuhin/syokuhin06/konnyakumai-sku.jpg?_ex=1024x1024,https://hb.afl.rakuten.co.jp/hgc/g00s82xn.16t5ub6d.g00s82xn.16t5vab0/?pc=https%3A%2F%2Fitem.rakuten.co.jp%2Fmaedayahonpo%2Fkonnyakumai%2F&m=http%3A%2F%2Fm.rakuten.co.jp%2Fmaedayahonpo%2Fi%2F10144108%2F&rafcid=wsc_i_is_b93111dd-e085-46a2-a75f-28c1ee5d2de6
PRD_588,사구 푸딩 6개 세트,砂プリン6個セット,토토푸딩(Totto PURIN),REG_015,PRC_03,2916,"사구 푸딩 6개 세트는 돗토리 사구를 콘셉트로 만든 토토푸딩의 지역 푸딩입니다. 일반 푸딩의 액체 캐러멜을 독자적인 제법으로 분말 캐러멜로 바꾸어, 사구의 모래 같은 질감과 이미지를 살렸습니다. 우유, 생크림, 계란 노른자, 바닐라빈을 바탕으로 한 부드러운 푸딩에 분말 캐러멜의 사각거리는 식감이 더해지는 것이 특징입니다.",냉장 관리가 필요한 디저트라 이동 시간이 길면 배송이나 보냉 포장을 선택하는 편이 안전함.,1,https://dzwpvqehwr7zl.cloudfront.net/omios/products/generated/_review/PRD_588/PRD_588_packshot_v1.png,https://www.tottori-ichi.jp/view/item/000000000980
PRD_589,사구의 풍문 미니,砂丘の風紋mini,교야과포(京屋菓舗),REG_015,PRC_01,680,"사구의 풍문 미니는 돗토리 사구에 바람이 만든 무늬를 떠올리게 하는 작은 라쿠간 과자입니다. 와산본과 현미가루를 바탕으로 매실 엑스를 더해, 부드러운 단맛 속에 곡물의 고소함과 산뜻한 향을 냅니다. 전통 건과자 라쿠간의 결을 살리면서 돗토리 사구의 이미지를 담은 지역 과자입니다.","부서지기 쉬운 건과자라 단단한 곳에 넣고, 차를 좋아하는 사람에게 선물하기 좋음.",1,https://dzwpvqehwr7zl.cloudfront.net/omios/products/generated/_review/PRD_589/PRD_589_packshot_v1.png,https://www.tottori-ichi.jp/view/item/000000000137
PRD_590,후루사토 7개입,ふる里 7個入,교야과포(京屋菓舗),REG_015,PRC_02,1790,"후루사토 7개입은 교야과포가 돗토리와 인연 있는 소재를 담아 구성한 구운 과자 세트입니다. 돗토리 지역 이미지를 살린 두 종류의 구운 과자를 한 상자에 넣어, 여러 맛을 조금씩 맛볼 수 있는 구성입니다. 손망두, 설탕, 물엿, 캐러멜 페이스트, 찹쌀, 한천 등을 사용해 부드러운 단맛과 구운 과자의 고소함을 냅니다.","선물 상자 구성이 깔끔해 가족 선물로 좋고, 여러 과자를 조금씩 맛보고 싶을 때 적합함.",1,https://thumbnail.image.rakuten.co.jp/@0_mall/smilespoon/cabinet/92/7243792_1.jpg?_ex=1024x1024,https://hb.afl.rakuten.co.jp/hgc/g00tmwcn.16t5u143.g00tmwcn.16t5v0a9/?pc=https%3A%2F%2Fitem.rakuten.co.jp%2Fsmilespoon%2F7243792%2F&m=http%3A%2F%2Fm.rakuten.co.jp%2Fsmilespoon%2Fi%2F10045607%2F&rafcid=wsc_i_is_b93111dd-e085-46a2-a75f-28c1ee5d2de6
PRD_591,구운 게 센베이 27매입,焼かにせんべい 27枚入,돗토리시 후루사토물산관(鳥取市ふるさと物産館),REG_015,PRC_02,1296,"구운 게 센베이 27매입은 돗토리시 후루사토물산관의 게 풍미 센베이입니다. 산인지역 해산물 이미지를 살린 지역 과자로, 바삭한 센베이 안에 게의 고소하고 짭조름한 풍미를 담은 제품입니다. 27매입 구성이라 여럿이 나누기 쉬운 해산물 과자형 기념품입니다.","개수 여유가 있어 나눠 주기 좋고, 센베이가 깨지지 않도록 다른 짐 위쪽에 두면 좋음.",1,https://thumbnail.image.rakuten.co.jp/@0_mall/sanninnomiyage/cabinet/07007140/07007155/imgrc0087678621.jpg?_ex=1024x1024,https://hb.afl.rakuten.co.jp/hgc/g00tcd1n.16t5u222.g00tcd1n.16t5veec/?pc=https%3A%2F%2Fitem.rakuten.co.jp%2Fsanninnomiyage%2F10000139%2F&m=http%3A%2F%2Fm.rakuten.co.jp%2Fsanninnomiyage%2Fi%2F10000139%2F&rafcid=wsc_i_is_b93111dd-e085-46a2-a75f-28c1ee5d2de6
PRD_592,돗토리 사구를 한입에 8개입,鳥取砂丘をまるかじり 8個入,파니니(ぱにーに),REG_015,PRC_02,1900,"돗토리 사구를 한입에는 돗토리 사구를 테마로 한 파니니의 구운 과자입니다. 단단하게 구워 겉은 자작하게 바삭하고 속은 촉촉한 식감으로 완성한 것이 특징입니다. 진하고 깊은 맛의 구운 과자라, 사구를 모티프로 한 이름과 함께 지역 디저트의 개성을 살립니다.","상자형 과자라 관광지 느낌이 강하고, 사진이 있는 패키지를 선호하는 선물에 적합함.",1,https://thumbnail.image.rakuten.co.jp/@0_mall/gottuou/cabinet/prema/p-sakyu_top.jpg?_ex=1024x1024,https://hb.afl.rakuten.co.jp/hgc/g00s3lrn.16t5u2b1.g00s3lrn.16t5vf81/?pc=https%3A%2F%2Fitem.rakuten.co.jp%2Fgottuou%2F7770401%2F&m=http%3A%2F%2Fm.rakuten.co.jp%2Fgottuou%2Fi%2F10001269%2F&rafcid=wsc_i_is_b93111dd-e085-46a2-a75f-28c1ee5d2de6
PRD_593,이십세기 8매입,二十世紀 8枚入り,깃코야(亀甲や),REG_015,PRC_01,712,"이십세기 8매입은 돗토리 대표 과일인 이십세기 배를 모티프로 한 깃코야의 과자입니다. 배를 둥글게 썬 모습을 물엿 바탕 위에 표현하고, 배 껍질의 윤기와 심지 모양까지 살린 디자인이 특징입니다. 얇고 섬세한 외형으로 이십세기 배 산지의 이미지를 담은 지역 과자입니다.","배 향이 은은한 과자라 차와 함께 먹기 좋고, 가벼운 지역 과자 선물로 무난함.",1,https://dzwpvqehwr7zl.cloudfront.net/omios/products/generated/_review/PRD_593/PRD_593_packshot_v1.png,https://www.tottori-ichi.jp/view/item/000000000688
PRD_594,돗토리 브랜 케이크 하프,鳥取ブランケーキ ハーフ,깃코야(亀甲や),REG_015,PRC_02,1080,"돗토리 브랜 케이크 하프는 깃코야가 만든 브랜디 풍미의 하프 사이즈 양과자입니다. 케이크에 브랜디가 충분히 스며들어 향이 깊고 촉촉한 맛을 내며, 홍차나 커피와 잘 맞는다고 소개됩니다. 깃코야는 게이오 4년인 1868년에 창업한 돗토리의 오래된 과자점으로, 이 제품은 전통 과자점이 만든 서양식 케이크라는 성격을 지닙니다.","크기가 부담스럽지 않아 소규모 선물로 좋고, 절단해 차와 함께 내기 좋음.",1,https://dzwpvqehwr7zl.cloudfront.net/omios/products/generated/_review/PRD_594/PRD_594_packshot_v1.png,https://www.tottori-ichi.jp/view/item/000000000729
PRD_595,토토푸딩 네 개 세트,プリン専門店Totto PURINプリン食べ比べ4個セット,토토푸딩(Totto PURIN),REG_015,PRC_02,1650,"토토푸딩 네 개 세트는 토토푸딩의 대표 푸딩을 비교할 수 있도록 담은 4개 구성입니다. 사구 푸딩 2개, 나메라카 푸딩 1개, 소금 캐러멜 푸딩 1개로 이루어져, 분말 캐러멜의 식감과 부드러운 푸딩, 짭조름한 캐러멜 풍미를 함께 담습니다. 토토푸딩은 닛케이 플러스원 지역 푸딩 랭킹에서 전국 1위로 소개된 이력이 있어 돗토리 사구 지역 디저트의 상징성이 큽니다.","냉장 여부와 보냉 시간을 확인하고, 디저트 선물로는 귀국 직전 구매가 좋음.",1,https://dzwpvqehwr7zl.cloudfront.net/omios/products/generated/_review/PRD_595/PRD_595_packshot_v1.png,https://www.tottori-ichi.jp/view/item/000000000981?category_page_id=ct251
PRD_596,이나바즈루 고리키 사케카스 구즈모치 8개입,いなば鶴 強力 酒粕入りくず餅 8個入り,나카가와주조(中川酒造),REG_015,PRC_02,1393,"이나바즈루 고리키 사케카스 구즈모치는 나카가와주조의 술지게미를 활용한 구즈모치입니다. 술쌀 품종 고리키로 만든 술의 사케카스를 앙금에 반죽해 넣어, 일반적인 구즈모치보다 은은한 술 향과 독특한 풍미가 납니다. 부드러운 떡 식감 속에 팥의 단맛과 사케카스의 향이 겹쳐지는 지역 과자입니다.","술향이 은은한 과자라 성인 선물에 잘 맞고, 차게 먹으면 식감이 더 좋아짐.",1,https://dzwpvqehwr7zl.cloudfront.net/omios/products/generated/_review/PRD_596/PRD_596_packshot_v1.png,https://www.tottori-ichi.jp/view/item/000000000797
PRD_597,돗토리산 생강 파우더 15g,鳥取県産 生姜パウダー 15g,돗토리인의 곳쓰오시장(鳥取人のごっつおう市場),REG_015,PRC_01,996,"돗토리산 생강 파우더 15그램은 돗토리현 시카노초산 지코 생강을 100% 사용한 분말 생강입니다. 신선한 생강의 매운맛과 향을 최대한 살려 파우더로 만든 것이 특징입니다. 소량으로도 생강 향을 더하기 쉬워 음료, 요리, 과자에 생강의 따뜻한 풍미를 보탤 수 있는 제품입니다.","차나 요리에 조금씩 쓰기 좋아 실용적이고, 습기를 피해 밀봉 보관해야 함.",1,https://thumbnail.image.rakuten.co.jp/@0_mall/gottuou/cabinet/harada01/h-powder20_top.jpg?_ex=1024x1024,https://hb.afl.rakuten.co.jp/hgc/g00s3lrn.16t5u2b1.g00s3lrn.16t5vf81/?pc=https%3A%2F%2Fitem.rakuten.co.jp%2Fgottuou%2F7770030%2F&m=http%3A%2F%2Fm.rakuten.co.jp%2Fgottuou%2Fi%2F10001222%2F&rafcid=wsc_i_is_b93111dd-e085-46a2-a75f-28c1ee5d2de6
PRD_598,사이카엔 특급 신칸센 배 시럽,彩花園 特級新甘泉シロップ,돗토리시 후루사토물산관(鳥取市ふるさと物産館),REG_015,PRC_02,1780,"사이카엔 특급 신칸센 배 시럽은 돗토리 브랜드 배 신칸센의 풍미를 담은 과일 시럽입니다. 아이스크림, 요거트, 빙수에 바로 더할 수 있는 농축된 단맛과 배 향이 특징입니다. 과육감보다 배의 향과 단맛을 시럽 형태로 살린 제품이라 디저트 재료로 쓰기 좋은 타입입니다.",탄산수나 요구르트에 곁들이기 좋아 음료를 즐기는 사람에게 추천하기 좋음.,1,https://dzwpvqehwr7zl.cloudfront.net/omios/products/generated/_review/PRD_598/PRD_598_packshot_v1.png,https://www.tottori-ichi.jp/view/item/000000001682
PRD_599,돗토리산 목이버섯 조림 3봉 세트,鳥取産きくらげのつくだに 100g3袋セット,기코폿포(木子ぽっぽ),REG_015,PRC_02,1620,"돗토리산 목이버섯 조림 3봉 세트는 돗토리산 목이버섯을 달콤하게 조린 반찬입니다. 간장 맛을 강하게 세우기보다 다진 생강, 참깨, 가쓰오부시를 사용해 부드러운 단맛과 은은한 향을 냅니다. 목이버섯 특유의 아삭하고 쫄깃한 식감이 살아 있어 밥 위에 올리거나 오차즈케, 주먹밥 속재료로도 어울리는 제품입니다.","식감이 좋은 반찬 선물로 실용적이며, 개봉 후 냉장 보관을 안내하면 좋음.",1,https://dzwpvqehwr7zl.cloudfront.net/omios/products/generated/_review/PRD_599/PRD_599_packshot_v1.png,https://www.tottori-ichi.jp/view/item/000000000446
PRD_600,특제 다나카 미소 500g,特製こだわりみそ たなか味噌 500g,다나카농장(田中農場),REG_015,PRC_02,1080,"특제 다나카 미소 500그램은 다나카농장의 쌀미소입니다. 쌀누룩의 산뜻한 발효감으로 과일 같은 맛과 부드러운 단맛을 내며, 대두의 감칠맛과 누룩 향이 함께 살아납니다. 일반적인 미소보다 쌀 비율을 높여 만들고 국내산 원재료를 고집한 점이 특징입니다.","무게가 있는 조미료라 수하물용으로 좋고, 된장국이나 양념장으로 쓰는 방법을 알려 주면 좋음.",1,https://dzwpvqehwr7zl.cloudfront.net/omios/products/generated/_review/PRD_600/PRD_600_packshot_v1.png,https://www.tottori-ichi.jp/view/item/000000000494
PRD_601,돗토리 커리 수프,打ち豆とトマトのカレースープ TOTTORI CURRY Soup,미치노에키 세이류차야 가와하라(道の駅清流茶屋かわはら),REG_015,PRC_01,518,"돗토리 커리 수프는 으깬 콩과 토마토를 활용한 카레 수프입니다. 화학조미료를 쓰지 않고 재료의 맛을 살리는 방향으로 만든 것이 특징입니다. 토마토의 산미, 콩의 고소함, 카레 향이 함께 어우러져 가볍지만 깊은 맛을 내는 돗토리풍 간편 수프입니다.",간단히 데워 먹기 좋은 레토르트라 가벼운 식사 선물로 고르기 좋음.,1,https://dzwpvqehwr7zl.cloudfront.net/omios/products/generated/_review/PRD_601/PRD_601_packshot_v1.png,https://www.tottori-ichi.jp/view/item/000000001621
PRD_602,돗토리 커리 필라프,打ち豆と野菜のカレーピラフ TOTTORI CURRY Pilaf,미치노에키 세이류차야 가와하라(道の駅清流茶屋かわはら),REG_015,PRC_01,734,"돗토리 커리 필라프는 으깬 콩과 채소를 넣은 카레 필라프 세트입니다. 화학조미료를 사용하지 않고 재료 본연의 맛을 살리며, 돗토리산 무세미와 연근, 우엉, 표고버섯, 당근 등 국내산 건조 채소를 함께 담았습니다. 카레 루의 향과 뿌리채소의 식감, 쌀의 담백함이 어우러지는 간편 식사형 제품입니다.","조리형 간편식이라 혼자 사는 사람에게 좋고, 다른 커리 시리즈와 묶어도 어울림.",1,https://dzwpvqehwr7zl.cloudfront.net/omios/products/generated/_review/PRD_602/PRD_602_packshot_v1.png,https://www.tottori-ichi.jp/view/item/000000001622
PRD_603,후쿠다양봉장 렌게 벌꿀 90g,福田養蜂場 れんげはちみつ 90g,후쿠다양봉장(福田養蜂場),REG_015,PRC_02,1180,"후쿠다양봉장 렌게 벌꿀 90그램은 렌게꽃 꿀을 소용량 병에 담은 제품입니다. 렌게 벌꿀은 꽃 향이 부드럽고 단맛이 둥근 편이라 빵, 차, 요거트에 자연스러운 단맛을 더하기 좋은 꿀로 알려져 있습니다. 90그램 구성이라 돗토리 지역 양봉장의 벌꿀을 부담 없이 쓰기 좋은 크기입니다.","병 제품이라 누수와 파손을 확인하고, 차나 빵을 즐기는 사람에게 잘 맞음.",1,https://dzwpvqehwr7zl.cloudfront.net/omios/products/generated/_review/PRD_603/PRD_603_packshot_v1.png,https://www.tottori-ichi.jp/view/item/000000001568?category_page_id=ct252
PRD_604,이나사 사시미 간장 360ml,イナサ さしみ醤油 360ml,야마사키양조본포(山崎醸造本舗),REG_015,PRC_01,510,"이나사 사시미 간장 360밀리리터는 야마사키양조본포가 만드는 회용 간장입니다. 탈지대두, 밀, 아미노산액, 소금, 설탕 등을 바탕으로 만든 진한 맛의 간장으로, 회와 냉두부, 달걀밥, 샐러드에 맞는다고 소개됩니다. 일반 진간장보다 단맛과 감칠맛을 더한 사시미 간장 계열 제품입니다.","유리병 액체라 완충 포장을 챙기고, 해산물을 자주 먹는 사람에게 실용적임.",1,https://dzwpvqehwr7zl.cloudfront.net/omios/products/generated/_review/PRD_604/PRD_604_packshot_v1.png,https://www.tottori-ichi.jp/view/item/000000000826
PRD_605,돗토리 락교 단식초절임 200g,鳥取のらっきょう甘酢漬け 200g,돗토리 락교전문점(とっとりらっきょう専門店),REG_015,PRC_02,1050,돗토리 락교 단식초절임 200그램은 돗토리 락교전문점의 새콤달콤한 절임 반찬입니다. 아삭하고 하얀 락교를 적당한 단맛과 산미로 절여 산뜻한 맛을 냅니다. 돗토리 사구 지역 특산 락교의 식감을 살린 대표적인 절임 제품입니다.,"카레나 술안주와 잘 맞고, 향이 있는 절임이라 밀봉 상태를 확인하고 포장하면 좋음.",1,https://dzwpvqehwr7zl.cloudfront.net/omios/products/generated/_review/PRD_605/PRD_605_packshot_v1.png,https://www.tottori-ichi.jp/view/item/000000001201
PRD_606,완숙 흑락교 병조림 70g,完熟黒らっきょう 70g 瓶詰,돗토리 락교전문점(とっとりらっきょう専門店),REG_015,PRC_01,980,"완숙 흑락교 병조림 70그램은 돗토리시 후쿠베초산 락교를 100% 원료로 만든 검은 락교 제품입니다. 수확한 생락교를 전용 기계로 숙성해 만들며, 완성된 흑락교는 당도가 높고 끈적하게 농축된 단맛을 지닌다고 설명됩니다. 첨가물을 쓰지 않은 병조림 형태로, 70그램에 약 30~35알이 들어 있습니다.","일반 락교보다 독특한 맛이라 미식 선물에 어울리며, 병 파손에 주의해야 함.",1,https://dzwpvqehwr7zl.cloudfront.net/omios/products/generated/_review/PRD_606/PRD_606_packshot_v1.png,https://www.tottori-ichi.jp/view/item/000000001200
PRD_607,핑크 간장 하나키후진 로즈 50ml,ピンク醤油 華貴婦人 ROSE 50ml,브릴리언트 어소시에이츠(ブリリアントアソシエイツ),REG_015,PRC_02,1080,"핑크 간장 하나키후진 로즈 50밀리리터는 화려한 분홍빛을 내는 달콤한 간장입니다. 약간의 점성이 있는 단맛 간장으로, 식탁에 색감을 더하는 조미료라는 콘셉트가 강합니다. 하나키후진 시리즈의 장미 테마 제품으로, 색과 향미를 함께 앞세운 돗토리발 개성파 조미료입니다.","색이 독특해 화제성 있는 선물로 좋고, 작은 병이라 파손만 조심하면 휴대가 쉬움.",1,https://thumbnail.image.rakuten.co.jp/@0_mall/gottuou/cabinet/imgrc0069858338.jpg?_ex=1024x1024,https://hb.afl.rakuten.co.jp/hgc/g00s3lrn.16t5u2b1.g00s3lrn.16t5vf81/?pc=https%3A%2F%2Fitem.rakuten.co.jp%2Fgottuou%2F4905109%2F&m=http%3A%2F%2Fm.rakuten.co.jp%2Fgottuou%2Fi%2F10000735%2F&rafcid=wsc_i_is_b93111dd-e085-46a2-a75f-28c1ee5d2de6
PRD_608,핑크 카레 하나키후진,ピンク華麗 華貴婦人,브릴리언트 어소시에이츠(ブリリアントアソシエイツ),REG_015,PRC_02,1080,"핑크 카레 하나키후진은 돗토리의 진푸카쿠 서양관 이미지를 담은 분홍색 레토르트 카레입니다. 비츠를 활용한 선명한 색감이 특징이며, 보이는 색과 달리 카레다운 향신료 풍미를 갖춘 상품입니다. 관광지 스토리와 캐릭터성을 함께 담은 돗토리 기념 식품입니다.",맛보다 재미 요소가 강한 선물이라 사진 찍기 좋아하는 사람에게 잘 맞음.,1,https://thumbnail.image.rakuten.co.jp/@0_mall/gottuou/cabinet/04403079/imgrc0067513933.jpg?_ex=1024x1024,https://hb.afl.rakuten.co.jp/hgc/g00s3lrn.16t5u2b1.g00s3lrn.16t5vf81/?pc=https%3A%2F%2Fitem.rakuten.co.jp%2Fgottuou%2F4905100%2F&m=http%3A%2F%2Fm.rakuten.co.jp%2Fgottuou%2Fi%2F10000008%2F&rafcid=wsc_i_is_b93111dd-e085-46a2-a75f-28c1ee5d2de6
PRD_609,알배기 게 갑라모리,子持ちがに 甲羅盛り,가니노 야마요네(かにの山米),REG_015,PRC_02,1800,"알배기 게 갑라모리는 세코가니를 삶아 게딱지에 담은 뒤 냉동한 해산물 제품입니다. 작은 크기부터 큰 크기까지 구성되며, 게살과 알의 진한 맛을 한데 담은 것이 특징입니다. 가니노 야마요네의 자체 가공품은 감미료와 보존료를 쓰지 않는 무첨가 제조 방식으로 소개됩니다.","냉동 제품이라 보냉 배송이 안전하고, 게를 좋아하는 사람에게 특별한 선물로 좋음.",1,https://thumbnail.image.rakuten.co.jp/@0_mall/matubagani/cabinet/matuba/seko/seko-koura-cyu1.jpg?_ex=1024x1024,https://hb.afl.rakuten.co.jp/hgc/g00q1s6n.16t5u7f4.g00q1s6n.16t5vdef/?pc=https%3A%2F%2Fitem.rakuten.co.jp%2Fmatubagani%2Fseko-koura2%2F&m=http%3A%2F%2Fm.rakuten.co.jp%2Fmatubagani%2Fi%2F10002212%2F&rafcid=wsc_i_is_b93111dd-e085-46a2-a75f-28c1ee5d2de6
PRD_610,특별재배 락교 단식초절임 6봉,特別栽培らっきょうの甘酢漬 160g×6袋,사구농원(砂丘農園),REG_015,PRC_04,3900,"특별재배 락교 단식초절임 6봉은 사구농원의 돗토리현산 락교 절임 세트입니다. 자가 재배한 락교를 쌀식초, 설탕, 발효조미료, 술, 소금, 간장, 다시마 육수, 고춧가루 등으로 새콤달콤하게 절였습니다. 160그램씩 나뉜 6봉 구성이라 락교의 아삭한 식감과 산뜻한 단맛을 소분 형태로 담은 제품입니다.","여러 봉지라 나눠 주기 좋고, 절임류 특유의 향이 새지 않게 밀봉 포장을 확인해야 함.",1,https://dzwpvqehwr7zl.cloudfront.net/omios/products/generated/_review/PRD_610/PRD_610_packshot_v1.png,https://www.tottori-ichi.jp/view/item/000000001640
PRD_611,무첨가 천일건조 생선 3종 13매 세트,無添加・天日干し3種13枚入り,야마네상점(山根商店),REG_015,PRC_03,2138,"무첨가 천일건조 생선 3종 13매 세트는 야마네상점이 손으로 만든 건어물 모음입니다. 돗토리 아지로항에서 잡힌 신선한 생선을 사용하고, 한 장씩 손질해 무첨가 천일건조 방식으로 말립니다. 절묘한 염도와 건조도를 맞추는 제법이 특징이라 생선의 감칠맛이 응축된 실속형 건어물 세트입니다.","냉동·냉장 보관 조건을 확인하고, 해산물 선물은 배송 구매가 안전함.",1,https://dzwpvqehwr7zl.cloudfront.net/omios/products/generated/_review/PRD_611/PRD_611_packshot_v1.png,https://www.tottori-ichi.jp/view/item/000000001212
PRD_612,노도구로 포함 건어물 5종 18매 세트,高級魚のどぐろの干物入り 干物セット 5種18枚入,야마네상점(山根商店),REG_015,PRC_06,5724,"노도구로 포함 건어물 5종 18매 세트는 야마네상점의 무첨가 천일건조 건어물 모음입니다. 말리는 과정에서 생선 단백질 일부가 아미노산으로 분해되어, 단순한 소금구이와 다른 깊은 감칠맛을 낸다고 설명됩니다. 고급 생선 노도구로를 포함한 다섯 종류 구성이라 산인지역 해산물의 다양한 맛을 한 세트에 담습니다.","가격대가 있는 냉동 해산물이라 가까운 사람에게 보내기 좋고, 직접 운반은 보냉이 필요함.",1,https://dzwpvqehwr7zl.cloudfront.net/omios/products/generated/_review/PRD_612/PRD_612_packshot_v1.png,https://www.tottori-ichi.jp/view/item/000000001211
PRD_613,말차 과자 시쿤,至薫,우루와시 재패니즈티(URUWASHI JAPANESETEA),REG_015,PRC_01,480,"말차 과자 시쿤은 우루와시 재패니즈티의 말차 반생과자입니다. 교토 우지 말차를 넉넉히 사용해 말차의 감칠맛과 단맛, 향을 응축한 과자로 소개됩니다. 설탕, 물엿, 손망두, 연유, 말차 등을 사용해 부드러운 단맛 속에 차의 향이 진하게 남는 제품입니다.","가볍고 가격 부담이 낮아 여러 개 사기 좋고, 차 선물과 함께 묶으면 좋음.",1,https://dzwpvqehwr7zl.cloudfront.net/omios/products/generated/_review/PRD_613/PRD_613_packshot_v1.png,https://www.tottori-ichi.jp/view/item/000000001572?category_page_id=ct251
PRD_614,아즈마야 푸딩 여섯 개 세트,あづまやさんのプリン6個セット,요시오카온천 아즈마야(吉岡温泉 あづまや),REG_015,PRC_04,3000,"아즈마야 푸딩 여섯 개 세트는 요시오카온천 아즈마야의 푸딩 세트입니다. 우유, 생크림, 계란, 설탕을 바탕으로 만들며, 생크림을 듬뿍 사용해 입안에서 부드럽게 풀리는 식감을 살립니다. 진하고 매끄러운 질감이 특징인 온천 숙소형 디저트 제품입니다.",푸딩은 냉장 운반 조건이 중요하므로 보냉 포장과 이동 시간을 먼저 확인해야 함.,1,https://dzwpvqehwr7zl.cloudfront.net/omios/products/generated/_review/PRD_614/PRD_614_packshot_v1.png,https://www.tottori-ichi.jp/view/item/000000000647?category_page_id=ct251
PRD_615,활 모사에비 500g,活モサエビ500g,사카나야 신센구미(さかなや新鮮組),REG_015,PRC_05,4800,"활 모사에비 500그램은 돗토리에서 친숙한 모사에비를 산 채로 담은 해산물 상품입니다. 모사에비는 단맛이 강하고 살이 부드러운 새우로, 신선할수록 새우 특유의 단맛과 진한 향이 두드러집니다. 소금구이, 조림, 튀김, 프라이 등 열을 가하는 조리에도 맞는 새우로 소개됩니다.",생물 해산물이라 여행 중 직접 휴대보다 도착일을 맞춘 배송이 안전함.,1,https://dzwpvqehwr7zl.cloudfront.net/omios/products/generated/_review/PRD_615/PRD_615_packshot_v1.png,https://www.tottori-ichi.jp/view/item/000000000193
PRD_616,천연 이와가키 1kg 세트,天然岩牡蠣 1kg以上,사카나야 신센구미(さかなや新鮮組),REG_015,PRC_03,2980,"천연 이와가키 1킬로그램 세트는 여름 한정으로 소개되는 돗토리산 천연 바위굴입니다. 바다의 우유라 불리는 이와가키답게 입안에 퍼지는 바다 향, 진한 맛, 탱글한 식감이 특징입니다. 1킬로그램 이상, 3~5개 구성으로 미네랄과 비타민이 풍부한 산인 돗토리의 여름 제철 해산물입니다.",계절과 냉장 배송 조건이 중요하므로 판매 기간과 수령 일정을 먼저 확인해야 함.,1,https://dzwpvqehwr7zl.cloudfront.net/omios/products/generated/_review/PRD_616/PRD_616_packshot_v1.png,https://www.tottori-ichi.jp/view/item/000000000642
PRD_617,천연 이와가키 나츠키 특대,天然岩牡蠣 夏輝 特大,이마루(いまる),REG_015,PRC_05,4200,"천연 이와가키 나츠키 특대는 돗토리산 브랜드 바위굴 나츠키 중 특대 크기의 생식용 상품입니다. 자연 암반에서 맨몸 잠수로 채취한 천연 바위굴로, 현지 돗토리에서도 보기 드문 희소성이 강조됩니다. 한 개가 약 350~450그램 전후인 큰 크기라 진한 바다 향과 두툼한 식감이 특징입니다.",신선도 관리가 핵심이므로 선물용이면 배송일과 수령 시간을 정확히 맞추는 것이 좋음.,1,https://thumbnail.image.rakuten.co.jp/@0_mall/shokukore/cabinet/img/39/39-iwanatsukiob-3c.jpg?_ex=1024x1024,https://hb.afl.rakuten.co.jp/hgc/g00tqcnn.16t5u7d8.g00tqcnn.16t5v22c/?pc=https%3A%2F%2Fitem.rakuten.co.jp%2Fshokukore%2F39-iwanatsukiob-3%2F&m=http%3A%2F%2Fm.rakuten.co.jp%2Fshokukore%2Fi%2F10002974%2F&rafcid=wsc_i_is_b93111dd-e085-46a2-a75f-28c1ee5d2de6
PRD_618,두부치쿠와와 도미치쿠와 8본 세트,とうふちくわ＆鯛ちくわ8本セット,가로야상점(かろや商店),REG_015,PRC_02,1340,"두부치쿠와와 도미치쿠와 8본 세트는 돗토리 명물 두부치쿠와와 도미치쿠와를 함께 담은 어묵 세트입니다. 두부치쿠와는 찐 뒤 가볍게 불에 그을리는 방식이라 구운 자국이 거의 없고 흰색을 유지하는 것이 특징입니다. 두부의 담백함과 치쿠와의 탄력, 도미치쿠와의 생선 감칠맛을 한 구성에서 비교할 수 있는 제품입니다.","냉장 식품이라 이동 시간에 주의하고, 현지 어묵을 맛보고 싶은 사람에게 잘 맞음.",1,https://dzwpvqehwr7zl.cloudfront.net/omios/products/generated/_review/PRD_618/PRD_618_packshot_v1.png,https://www.tottori-ichi.jp/view/item/000000000182
PRD_619,하룻밤건조 참가자미 대형상자,一夜干し真カレイ 大箱入り,야마초상점(山長商店),REG_015,PRC_02,1500,"하룻밤건조 참가자미 대형상자는 하마사카산 붉가자미와 소금만으로 만든 야마초상점의 건어물입니다. 하룻밤 말린 가자미라 담백하고 깔끔한 맛이 특징이며, 굽는 조리에 맞는 제품으로 소개됩니다. 내용량은 680그램이고 가자미 크기에 따라 4~10마리가 들어가는 대형 상자 구성입니다.","생선 냄새가 새지 않도록 포장을 확인하고, 냉동 보관 가능한 사람에게 선물하면 좋음.",1,https://dzwpvqehwr7zl.cloudfront.net/omios/products/generated/_review/PRD_619/PRD_619_packshot_v1.png,https://www.tottori-ichi.jp/view/item/000000000345
PRD_620,신물 호타루이카 오키즈케,新物 ホタルイカ 沖漬け,이마루(いまる),REG_015,PRC_03,2380,"신물 호타루이카 오키즈케는 산인 앞바다에서 잡은 호타루이카를 특제 양념에 절인 해산물 가공품입니다. 호타루이카는 도야마가 유명하지만, 이 제품은 산인지역산 원료를 앞세워 짭조름하고 진한 내장 풍미를 살립니다. 양념이 배어 있어 회처럼 먹는 방식뿐 아니라 파스타나 오차즈케 재료로도 어울리는 제품입니다.",짠맛과 해산물 향이 있는 제품이라 술을 즐기는 사람에게 적합하고 냉장 보관을 확인해야 함.,1,https://thumbnail.image.rakuten.co.jp/@0_mall/matubagani/cabinet/hotaru/nama-hotaru-main1200.jpg?_ex=1024x1024,https://hb.afl.rakuten.co.jp/hgc/g00q1s6n.16t5u7f4.g00q1s6n.16t5vdef/?pc=https%3A%2F%2Fitem.rakuten.co.jp%2Fmatubagani%2F1020-1%2F&m=http%3A%2F%2Fm.rakuten.co.jp%2Fmatubagani%2Fi%2F10000031%2F&rafcid=wsc_i_is_b93111dd-e085-46a2-a75f-28c1ee5d2de6
PRD_621,야마요네 붉은 해삼 폰즈절임 냉동 2팩,山米の「赤なまこポン酢漬け」（冷凍）２パック,가니노 야마요네(かにの山米),REG_015,PRC_03,2700,"야마요네 붉은 해삼 폰즈절임은 붉은 해삼을 폰즈 소스에 절여 냉동한 2팩 구성의 해산물 가공품입니다. 폰즈에는 간장, 식초, 카부스와 다이다이 과즙, 조당, 미림이 들어가며 다시마, 가쓰오부시, 고추가 감칠맛과 향을 더합니다. 가니노 야마요네의 자체 가공품은 감미료와 보존료를 쓰지 않는 무첨가 방식으로 소개됩니다.",식감이 독특해 취향이 분명하므로 해산물 애호가에게 선물하는 편이 좋음.,1,https://thumbnail.image.rakuten.co.jp/@0_mall/matubagani/cabinet/sengyo2/kakouhin/aka-namako-ponzuduke.jpg?_ex=1024x1024,https://hb.afl.rakuten.co.jp/hgc/g00q1s6n.16t5u7f4.g00q1s6n.16t5vdef/?pc=https%3A%2F%2Fitem.rakuten.co.jp%2Fmatubagani%2Fnama-pon2%2F&m=http%3A%2F%2Fm.rakuten.co.jp%2Fmatubagani%2Fi%2F10003492%2F&rafcid=wsc_i_is_b93111dd-e085-46a2-a75f-28c1ee5d2de6
PRD_622,희소 흑산호 네쓰케 스트랩,希少黒珊瑚の根付ストラップ,오카다흑산호공방(岡田黒珊瑚工房),REG_015,PRC_04,3300,"희소 흑산호 네쓰케 스트랩은 오카다흑산호공방이 만든 작은 흑산호 장식 스트랩입니다. 흑산호 특유의 깊고 어두운 광택을 살린 소재감이 중심이며, 네쓰케 형태라 가방이나 소지품에 달 수 있는 공예 소품입니다. 돗토리 공방 제작품으로 희소한 산호 소재의 단정한 분위기를 담았습니다.","식품이 아닌 오래 남는 기념품으로 좋고, 소재 특성상 긁힘을 피하도록 보관하면 좋음.",1,https://dzwpvqehwr7zl.cloudfront.net/omios/products/generated/_review/PRD_622/PRD_622_packshot_v1.png,https://www.tottori-ichi.jp/view/item/000000001703
PRD_623,희소 흑산호 넥타이핀,希少黒珊瑚のネクタイピン,오카다흑산호공방(岡田黒珊瑚工房),REG_015,PRC_06,5500,"희소 흑산호 넥타이핀은 오카다흑산호공방이 흑산호를 사용해 만든 남성용 장식품입니다. 검은 산호의 차분한 색과 광택이 넥타이핀의 포인트가 되며, 금속 장식과 다른 자연 소재의 깊은 인상을 줍니다. 정장 차림에 작게 들어가는 공예 액세서리입니다.","비즈니스용 선물로 좋고, 작은 액세서리라 전용 케이스 포장을 확인하면 좋음.",1,https://dzwpvqehwr7zl.cloudfront.net/omios/products/generated/_review/PRD_623/PRD_623_packshot_v1.png,https://www.tottori-ichi.jp/view/item/000000001700
PRD_624,주조미 고리키 폰센베이 스무 봉 세트,酒米「強力」ポン煎餅 20袋セット,나카가와주조(中川酒造),REG_015,PRC_06,7409,"주조미 고리키 폰센베이는 돗토리현 고유의 술쌀 고리키를 100% 사용한 쌀 전병입니다. 나카가와주조 상품으로, 바삭한 식감과 구스노키야 간장 맛이 특징입니다. 1봉 8매씩 20봉으로 구성되어 술쌀의 고소함과 간장의 짭조름한 풍미를 함께 담은 과자입니다.","대용량 과자라 여러 명에게 나눌 선물로 적합하고, 상자가 큰지 확인하는 것이 좋음.",1,https://dzwpvqehwr7zl.cloudfront.net/omios/products/generated/_review/PRD_624/PRD_624_packshot_v1.png,https://www.tottori-ichi.jp/view/item/000000000799?category_page_id=ct251
PRD_625,이나바의 방울,因幡の鈴,기린야(麒麟屋),REG_015,PRC_02,1440,이나바의 방울은 기린사자와 샨샨 우산 문양을 넣은 네쓰케 스트랩형 작은 방울입니다. '기린을 부르는 태평의 물소리'라는 테마를 바탕으로 돗토리의 기린사자 문화와 샨샨 우산춤 이미지를 함께 담았습니다. 소리와 문양을 통해 돗토리 지역 축제와 전통 이미지를 전하는 기념 소품입니다.,"작고 가벼워 휴대가 쉽고, 오래 남는 소품 선물을 찾을 때 적합함.",1,https://thumbnail.image.rakuten.co.jp/@0_mall/neowing-r/cabinet/item_img_1360/neobk-2425419.jpg?_ex=1024x1024,https://hb.afl.rakuten.co.jp/hgc/g00q63an.16t5u136.g00q63an.16t5ve31/?pc=https%3A%2F%2Fitem.rakuten.co.jp%2Fneowing-r%2Fneobk-2425419%2F&m=http%3A%2F%2Fm.rakuten.co.jp%2Fneowing-r%2Fi%2F13381352%2F&rafcid=wsc_i_is_b93111dd-e085-46a2-a75f-28c1ee5d2de6
PRD_626,빙글빙글 샨샨 우산 메시지 카드,しゃんしゃん傘のメッセージカード,갤러리숍 소라(gallery shop SORA),REG_015,PRC_02,1800,빙글빙글 샨샨 우산 메시지 카드는 돗토리 샨샨 우산을 모티프로 한 움직임 있는 카드입니다. 회전하는 구조가 특징이라 우산 장식이 빙글빙글 도는 모습으로 축제의 경쾌한 이미지를 살립니다. 메시지를 전하는 종이 카드에 지역 축제 모티프를 더한 장식형 문구 제품입니다.,축제 분위기가 강한 문구류라 가볍게 마음을 전하는 선물로 좋음.,1,https://dzwpvqehwr7zl.cloudfront.net/omios/products/generated/_review/PRD_626/PRD_626_packshot_v1.png,https://www.tottori-ichi.jp/view/item/000000001686
PRD_627,돗토리 물고기 손수건 2매 세트,鳥っとり・魚っとり手ぬぐい 2枚セット,갤러리숍 소라(gallery shop SORA),REG_015,PRC_04,3300,"돗토리 물고기 손수건 2매 세트는 돗토리의 자연을 새와 물고기 이미지로 재치 있게 표현한 손수건입니다. 면 100% 소재이며 각 34그램, 세로 23센티미터와 가로 12센티미터 크기의 두 장 구성입니다. 일상용 천 소품 안에 돗토리의 자연 이미지를 담은 디자인 상품입니다.","가볍고 납작해 여행 가방에 넣기 좋고, 생활용품 선물로 부담이 적음.",1,https://dzwpvqehwr7zl.cloudfront.net/omios/products/generated/_review/PRD_627/PRD_627_packshot_v1.png,https://www.tottori-ichi.jp/view/item/000000001684
PRD_628,이나바노스즈 세 개 세트,因幡の鈴 お得な3個セット,기린야(麒麟屋),REG_015,PRC_04,3680,"이나바노스즈 세 개 세트는 기린사자와 샨샨 우산 문양이 들어간 작은 방울 스트랩을 3개 담은 구성입니다. '기린을 부르는 태평의 물소리'라는 테마처럼 소리와 문양으로 돗토리의 전통 이미지를 표현합니다. 기린사자, 샨샨 우산춤, 돗토리 지역 이야기를 함께 담은 기념 소품 세트입니다.",금속 소품은 흠집이 보일 수 있으니 표면 상태를 확인하고 포장하면 좋음.,1,https://dzwpvqehwr7zl.cloudfront.net/omios/products/generated/_review/PRD_628/PRD_628_packshot_v1.png,https://www.tottori-ichi.jp/view/item/000000000604?category_page_id=ct255
PRD_629,오지 아시부쿠로 기프트 비교 세트,5本指あしぶくろギフト履き比べセット,기시다공방(岸田工房),REG_015,PRC_02,1650,"오지 아시부쿠로 기프트 비교 세트는 다섯 발가락 형태의 아시부쿠로를 실크 1족과 면 1족으로 구성한 제품입니다. 서로 다른 소재의 착용감을 비교할 수 있도록 만든 세트라, 실크의 부드러움과 면의 편안한 감촉을 나란히 느낄 수 있습니다. 발가락이 분리된 구조가 특징인 실용 양말 세트입니다.","실용적인 생활용품 선물로 좋고, 사이즈와 소재 민감도를 확인하면 실패가 적음.",0,https://dzwpvqehwr7zl.cloudfront.net/omios/products/generated/_review/PRD_629/PRD_629_packshot_v1.png,https://www.tottori-ichi.jp/view/item/000000001310
PRD_630,배나무 단면 코스터 돗토리 명소 디자인,梨の木輪切りコースター 鳥取県名所デザイン,오피스 다나카(オフィスたなか),REG_015,PRC_01,800,"배나무 단면 코스터 돗토리 명소 디자인은 돗토리현산 이십세기 배나무 가지를 둥글게 잘라 만든 코스터입니다. 지름 약 90~100밀리미터, 두께 약 5밀리미터의 나무 단면 위에 돗토리의 옛 유적과 명소 디자인을 새길 수 있는 제품입니다. 배 산지의 소재와 지역 명소 이미지를 함께 담은 목제 생활 소품입니다.","나무결이 살아 있는 소형 생활소품이라 깨질 걱정이 적고, 물기 관리만 해주면 오래 씀.",1,https://dzwpvqehwr7zl.cloudfront.net/omios/products/generated/_review/PRD_630/PRD_630_packshot_v1.png,https://www.tottori-ichi.jp/view/item/000000000458
PRD_631,배나무 십이지 문자 스트랩,梨の木 干支文字ストラップ,오피스 다나카(オフィスたなか),REG_015,PRC_02,1000,"배나무 십이지 문자 스트랩은 돗토리 배나무를 소재로 십이지 글자를 새긴 목제 스트랩입니다. 배나무의 밝은 색과 자연스러운 결을 살린 작은 장식품으로, 십이지 문자가 전통적인 의미를 더합니다. 지역 과수 소재를 활용한 가벼운 휴대용 목공 소품입니다.","띠에 맞춰 고를 수 있어 개인 선물로 좋고, 작은 액세서리라 여러 개 사기 편함.",1,https://thumbnail.image.rakuten.co.jp/@0_mall/nairetyoukoku/cabinet/strap/mojikirinuki/ushi0072.jpg?_ex=1024x1024,https://hb.afl.rakuten.co.jp/hgc/g00rizsn.16t5u432.g00rizsn.16t5v33d/?pc=https%3A%2F%2Fitem.rakuten.co.jp%2Fnairetyoukoku%2Fetoushi18x22%2F&m=http%3A%2F%2Fm.rakuten.co.jp%2Fnairetyoukoku%2Fi%2F10000296%2F&rafcid=wsc_i_is_b93111dd-e085-46a2-a75f-28c1ee5d2de6
PRD_632,구로게와규 특선 윗어깨살 500g,国産黒毛和牛特選上肩肉500g,프레시푸드 우라키(フレッシュフードうらき),REG_015,PRC_06,5700,"구로게와규 특선 윗어깨살 500그램은 에이사 규격·최상위 등급 등급 국내산 구로게와규의 윗어깨살 상품입니다. 500그램 구성으로, 손질 방식에 따라 스키야키, 샤브샤브, 야키니쿠 용도에 맞출 수 있다고 소개됩니다. 어깨살 특유의 진한 고기 맛과 지방의 감칠맛을 함께 살리는 부위입니다.",냉장·냉동 육류는 반입 규정 확인이 필요해 현지 소비나 배송용으로 보는 것이 안전함.,0,https://dzwpvqehwr7zl.cloudfront.net/omios/products/generated/_review/PRD_632/PRD_632_packshot_v1.png,https://www.tottori-ichi.jp/view/item/000000001158?category_page_id=ct252
PRD_633,호지차 과자 시세이,至聖,우루와시 재패니즈티(URUWASHI JAPANESETEA),REG_015,PRC_01,480,"호지차 과자 시세이는 우루와시 재패니즈티의 호지차 반생과자입니다. 볶은 차 특유의 구수하고 향긋한 풍미를 과자에 담은 제품으로, 말차 과자와 다른 고소한 차 향이 중심입니다. 한정 수량 상품으로 소개되며 부드러운 단맛과 호지차 향을 함께 느낄 수 있습니다.","작은 과자라 깨짐 부담이 적고, 말차 맛 제품과 함께 비교용으로 사기 좋음.",1,https://thumbnail.image.rakuten.co.jp/@0_mall/energy/cabinet/nopoint/14987416034538.jpg?_ex=1024x1024,https://hb.afl.rakuten.co.jp/hgc/g00px3sn.16t5u195.g00px3sn.16t5v668/?pc=https%3A%2F%2Fitem.rakuten.co.jp%2Fenergy%2Fal-4987416034538-se%2F&m=http%3A%2F%2Fm.rakuten.co.jp%2Fenergy%2Fi%2F10086018%2F&rafcid=wsc_i_is_b93111dd-e085-46a2-a75f-28c1ee5d2de6
PRD_634,대복떡 9종 모둠,大福餅の詰め合わせ 9種,도이제과(土井製菓),REG_015,PRC_03,2140,대복떡 9종 모둠은 도이제과의 정번 대복떡 아홉 가지를 담은 세트입니다. 창업 당시의 제법과 전통을 계승하면서 현대적인 맛으로 조정한다는 도이제과의 방향성이 함께 소개됩니다. 여러 맛의 대복떡을 한 구성에 담아 찹쌀떡의 부드러운 식감과 각기 다른 소의 맛을 비교할 수 있는 제품입니다.,"냉장이나 소비기한을 확인해야 하며, 다양한 맛을 나눠 먹는 가족 선물로 좋음.",1,https://dzwpvqehwr7zl.cloudfront.net/omios/products/generated/_review/PRD_634/PRD_634_packshot_v1.png,https://www.tottori-ichi.jp/view/item/000000001665
PRD_635,샌드라도라야키 팥과 팥버터,サンドら焼き あんことあんこバター,도이제과(土井製菓),REG_015,PRC_02,1850,"샌드라도라야키 팥과 팥버터는 도이제과의 샌드형 도라야키 세트입니다. 기본 팥소 맛과 팥버터 맛을 함께 담아, 도라야키 반죽의 폭신함에 팥의 단맛과 버터의 고소함을 더합니다. 전통 도라야키를 현대적인 샌드 과자처럼 구성한 제품입니다.","버터가 들어간 과자라 온도 관리와 소비기한을 확인하고, 달콤한 화과자를 좋아하는 사람에게 적합함.",1,https://dzwpvqehwr7zl.cloudfront.net/omios/products/generated/_review/PRD_635/PRD_635_packshot_v1.png,https://www.tottori-ichi.jp/view/item/000000001669
PRD_636,소보로 낫토 300g 6개입,そぼろ納豆300ｇ 6個入,텐구낫토(天狗納豆株式会社),REG_016,PRC_05,4536,소보로 낫토 300그램 6개입은 미토 명물 낫토에 무말랭이를 더한 이바라키식 낫토 제품입니다. 낫토의 끈기와 콩 풍미에 무말랭이의 오독한 식감이 더해져 밥반찬으로 먹기 좋은 타입입니다. 300그램씩 6개로 구성되어 넉넉한 양의 지역 특산 낫토를 담았습니다.,냉장 보관이 필요한 발효식품이라 이동 시간이 길면 보냉 포장이나 배송을 이용하는 편이 안전함.,1,https://thumbnail.image.rakuten.co.jp/@0_mall/wagamachi-tokusan/cabinet/main95/2712806542.jpg?_ex=1024x1024,https://hb.afl.rakuten.co.jp/hgc/g00rr3hn.16t5u3d6.g00rr3hn.16t5v918/?pc=https%3A%2F%2Fitem.rakuten.co.jp%2Fwagamachi-tokusan%2F2712806542%2F&m=http%3A%2F%2Fm.rakuten.co.jp%2Fwagamachi-tokusan%2Fi%2F10134706%2F&rafcid=wsc_i_is_b93111dd-e085-46a2-a75f-28c1ee5d2de6
PRD_637,구라카타 급속냉동 구운밤 3팩 세트,甘さ抜群!貴重品種『倉方』の急速冷凍焼き栗 250g×3セット,가스미가우라에프시(かすみがうらＦＣ),REG_016,PRC_04,3240,구라카타 급속냉동 구운밤은 가스미가우라시에서 재배한 희소 품종 구라카타 밤만을 원료로 사용합니다. 구라카타는 작고 당도가 높으며 속껍질이 벗겨지기 쉬워 구운밤에 알맞은 품종으로 소개됩니다. 구운 뒤 급속냉동해 단맛과 향을 유지한 250그램 3팩 구성의 밤 간식입니다.,냉동 상품이라 숙소에서 보관하기 어렵다면 도착일을 맞춘 배송 구매가 좋음.,1,https://dzwpvqehwr7zl.cloudfront.net/omios/products/generated/_review/PRD_637/PRD_637_packshot_v1.png,https://www.ibarakimeisan.com/c/category/vegetable/129-4-vegetable
PRD_638,샴록 머스터드 미토 세트 우메카오리,シャムロックマスタード 【ギフト】水戸セット 梅香,히어앤드데어(Here and There 合同会社),REG_016,PRC_05,4800,"샴록 머스터드 미토 세트 우메카오리는 이바라키현산 매실과 적자소를 활용한 머스터드 세트입니다. 우메카오리 맛은 캐나다산 머스터드 시드, 곡물식초, 이바라키현산 적자소, 소금, 설탕을 바탕으로 합니다. 매실의 산미와 적자소의 향이 겨자의 알싸함에 더해지는 미토 테마 조미료입니다.",유리병이 포함된 선물 세트라 완충 포장을 확인하고 육류 요리를 즐기는 사람에게 추천하기 좋음.,1,https://dzwpvqehwr7zl.cloudfront.net/omios/products/generated/_review/PRD_638/PRD_638_packshot_v1.png,https://www.ibarakimeisan.com/c/category/vegetable/238-2-vegetable
PRD_639,히라보시 마루보시 건고구마 5팩 세트,平ぼし・丸ぼし 5パックセット,다쓰야(辰屋),REG_016,PRC_05,4400,"히라보시 마루보시 건고구마 5팩 세트는 다쓰야의 고급 평건조 호시이모와 통건조 호시이모를 함께 담은 구성입니다. 평건조는 풍미와 뒤맛, 품위 있는 단맛이 특징인 대표적인 호시이모 형태로 소개됩니다. 마루보시는 껍질에 가까운 부분과 중심부를 동시에 맛볼 수 있는 독특한 식감 때문에 호시이모 애호가들에게 인기가 높은 타입입니다.",말린 고구마는 무게 대비 포만감이 있어 가족 간식 선물로 좋고 직사광선을 피해서 보관하면 좋음.,1,https://dzwpvqehwr7zl.cloudfront.net/omios/products/generated/_review/PRD_639/PRD_639_packshot_v1.png,https://www.ibarakimeisan.com/c/category/vegetable/168-7-vegetable
PRD_640,버섯 모둠 라지 사이즈,きのこの詰め合わせ Lサイズ(2.000g),나나카이키노코생산조합(七会きのこ生産組合),REG_016,PRC_06,5000,"버섯 모둠 라지 사이즈는 나나카이키노코생산조합의 버섯을 2,000그램 담은 산지 모둠입니다. 여러 종류의 신선한 버섯을 넉넉하게 구성한 상품으로, 버섯의 향과 식감을 한 번에 활용하기 좋습니다. 나나카이 지역 생산자의 버섯을 중심으로 한 대용량 채소 모둠입니다.",부피와 중량이 큰 식재료라 직접 휴대보다 요리할 날에 맞춰 배송받는 방식이 편함.,1,https://dzwpvqehwr7zl.cloudfront.net/omios/products/generated/_review/PRD_640/PRD_640_packshot_v1.png,https://www.ibarakimeisan.com/c/category/vegetable/237-1-vegetable
PRD_641,아게모치 김간장맛 5품 세트,あげ餅のりしょうゆ味5品セット,다가미푸즈(田上フーズ),REG_016,PRC_04,3000,아게모치 김간장맛 5품 세트는 다가미푸즈의 김간장 풍미 튀김떡 과자 모음입니다. 바삭한 아게모치에 김의 고소함과 간장의 짭조름한 감칠맛을 입힌 것이 특징입니다. 여러 봉지로 구성되어 쌀 과자의 고소한 식감과 김간장 맛을 넉넉하게 담은 간식 세트입니다.,"가벼운 과자류라 여러 사람에게 나눠 주기 좋고, 깨짐을 줄이려면 상자 위쪽에 넣으면 좋음.",1,https://dzwpvqehwr7zl.cloudfront.net/omios/products/generated/_review/PRD_641/PRD_641_packshot_v1.png,https://www.ibarakimeisan.com/c/category/vegetable/236-2-vegetable
PRD_642,전자레인지 슈마이 18개입,【レンジで簡単!お肉屋さんのシュウマイ】18個（6個×3）,다카하시정육점(有限会社髙橋肉店),REG_016,PRC_03,2500,"전자레인지 슈마이 18개입은 다카하시정육점이 만든 고기 슈마이입니다. 6개씩 3묶음으로 구성되어 총 18개가 들어 있으며, 정육점 제품답게 고기 풍미를 중심에 둔 간편식입니다. 전자레인지 조리에 맞춘 형태라 만두피 안의 고기소를 간편하게 데워 먹을 수 있는 냉동 슈마이입니다.",냉동 제품이라 귀국 직전 구매하거나 현지 배송을 이용하는 것이 품질 유지에 좋음.,1,https://dzwpvqehwr7zl.cloudfront.net/omios/products/generated/_review/PRD_642/PRD_642_packshot_v1.png,https://www.ibarakimeisan.com/c/category/meet-fish/40-10-meet-fish
PRD_643,쓰쿠바햄 버라이어티 세트,筑波ハム バラエティーセット：IBRK02,쓰쿠바햄(有限会社筑波ハム),REG_016,PRC_06,9900,"쓰쿠바햄 버라이어티 세트는 쓰쿠바햄의 인기 육가공품을 여러 종류로 담은 구성입니다. 햄과 소시지류를 중심으로 한 세트라 훈연 향, 고기 감칠맛, 각 제품별 식감을 비교할 수 있습니다. 쓰쿠바 지역 육가공 브랜드의 대표 상품을 모은 버라이어티형 세트입니다.",냉장 보관이 필요하고 가격대가 있어 가족이나 직장 상사 선물로 고를 때 배송 조건을 확인하면 좋음.,1,https://dzwpvqehwr7zl.cloudfront.net/omios/products/generated/_review/PRD_643/PRD_643_packshot_v1.png,https://www.ibarakimeisan.com/c/category/meet-fish/80-8-meet-fish
PRD_644,히타치규 A5 설로인 스테이크 하프컷,常陸牛Ａ5 サーロインステーキ ハーフカット 木箱入り,요시카와상사(株式会社 𠮷川商事),REG_016,PRC_06,8991,"히타치규 최상위 등급 설로인 스테이크 하프컷은 이바라키 브랜드 소고기 히타치규의 최상위 등급 등급 설로인을 목상자에 담은 제품입니다. 100그램씩 5장, 총 500그램의 하프컷 구성이라 두께와 양을 나누어 쓰기 쉽습니다. 설로인 특유의 부드러운 식감과 지방의 풍미를 살린 고급 스테이크용 부위입니다.",고가의 냉장·냉동 육류라 선물용이면 수령 날짜와 보냉 배송 가능 여부를 먼저 확인해야 함.,1,https://dzwpvqehwr7zl.cloudfront.net/omios/products/generated/_review/PRD_644/PRD_644_packshot_v1.png,https://www.ibarakimeisan.com/c/category/meet-fish/193-2-meet-fish
PRD_645,히타치규 햄버그 6개입 화장상자,常陸牛ハンバーグ6個入り化粧箱,니쿠노이이지마(肉のイイジマ),REG_016,PRC_05,4750,"히타치규 햄버그 6개입 화장상자는 이바라키 브랜드 소고기 히타치규의 감칠맛을 살린 햄버그 세트입니다. 고기 맛이 중심이 되는 햄버그를 여섯 개 담은 구성으로, 화장상자에 넣어 정돈된 형태로 제공됩니다. 히타치규 특유의 진한 육향과 부드러운 식감을 가정식 햄버그 형태로 담은 제품입니다.",조리하기 쉬운 냉동 햄버그라 고기 선물을 부담스럽지 않게 주고 싶을 때 적합함.,1,https://dzwpvqehwr7zl.cloudfront.net/omios/products/generated/_review/PRD_645/PRD_645_packshot_v1.png,https://www.ibarakimeisan.com/c/category/meet-fish/216-29-meet-fish
PRD_646,이바라키소다치 카레 세트,茨城そだちカレーセット,이이지마(株式会社イイジマ),REG_016,PRC_05,4800,이바라키소다치 카레 세트는 로즈포크 카레와 히타치규 카레를 함께 담은 레토르트 카레 모음입니다. 히타치규 카레 중간매운맛 200그램 2개와 로즈포크 카레 중간매운맛 200그램 2개로 구성됩니다. 이바라키를 대표하는 소고기와 돼지고기의 맛을 카레로 비교할 수 있는 지역 식재료 세트입니다.,상온 보관 가능한 카레류는 이동이 쉬워 고기 선물이 부담스러운 사람에게 대안으로 좋음.,1,https://dzwpvqehwr7zl.cloudfront.net/omios/products/generated/_review/PRD_646/PRD_646_packshot_v1.png,https://www.ibarakimeisan.com/c/category/meet-fish/216-28-meet-fish
PRD_647,다이쇼 카레 유미부타 3종 세트,大賞カレー弓豚3種詰め合わせ,레스토랑나카다이(レストラン中台),REG_016,PRC_04,3200,"다이쇼 카레 유미부타 3종 세트는 쓰치우라에서 오래 이어 온 양식점 레스토랑 나카다이의 카레 선물 상자입니다. 현지 이바라키의 희소 브랜드 돼지고기 유미부타를 사용한 카레를 중심으로, 유미부타 프리미엄 카레, 쓰치우라 화이트 렌콘 카레, 스페어립 카레 세 가지가 들어 있습니다. 양식점의 카레 노하우와 지역 돼지고기, 연근 소재를 함께 담은 제품입니다.",맛 비교가 가능한 레토르트라 혼자 사는 사람이나 카레를 좋아하는 지인에게 선물하기 좋음.,1,https://thumbnail.image.rakuten.co.jp/@0_mall/monmiya/cabinet/areas/areas2/40007101.jpg?_ex=1024x1024,https://hb.afl.rakuten.co.jp/hgc/g00rrxhn.16t5u27b.g00rrxhn.16t5vd35/?pc=https%3A%2F%2Fitem.rakuten.co.jp%2Fmonmiya%2F30000072%2F&m=http%3A%2F%2Fm.rakuten.co.jp%2Fmonmiya%2Fi%2F10006697%2F&rafcid=wsc_i_is_b93111dd-e085-46a2-a75f-28c1ee5d2de6
PRD_648,냉동 교자 삼매,冷凍餃子三昧,교자노히타치(餃子の常陸),REG_016,PRC_05,4500,"냉동 교자 삼매는 교자노히타치의 냉동 만두 세트입니다. 여러 맛의 교자를 한 구성에 담아 히타치 지역 교자 전문점의 만두를 비교할 수 있는 제품입니다. 냉동 상태로 보관되는 간편식이지만, 고기소와 채소소의 감칠맛을 중심으로 한 식사형 만두 세트입니다.",냉동식품이라 직접 들고 오기보다 현지 체류 중 먹거나 배송으로 받는 편이 좋음.,1,https://dzwpvqehwr7zl.cloudfront.net/omios/products/generated/_review/PRD_648/PRD_648_packshot_v1.png,https://www.ibarakimeisan.com/c/category/meet-fish/170-1-meet-fish
PRD_649,지복의 커스터드 푸딩 8개입,至福のカスタードプリン（8個入り）,이바라키유업(茨城乳業株式会社),REG_016,PRC_02,1555,"지복의 커스터드 푸딩 8개입은 이바라키유업의 커스터드 푸딩 세트입니다. 품위 있는 단맛의 푸딩에 살짝 쌉싸름한 캐러멜 소스를 더해, 단맛과 쓴맛의 균형을 냅니다. 마지막 한 입까지 진한 맛이 이어지도록 마무리한 부드러운 디저트 제품입니다.","냉장 디저트라 가까운 일정 안에 먹을 수 있을 때 구매하고, 선물 전 소비기한을 확인해야 함.",1,https://dzwpvqehwr7zl.cloudfront.net/omios/products/generated/_review/PRD_649/PRD_649_packshot_v1.png,https://www.ibarakimeisan.com/c/category/wa-yogashi/75-4-wa-yogashi
PRD_650,후카사쿠 멜론 젤리 9개입,メロン農家が作ったフカサクメロンゼリー9個入,후카사쿠농원(農業法人深作農園),REG_016,PRC_03,2800,"후카사쿠 멜론 젤리 9개입은 멜론 농가 후카사쿠농원이 만든 멜론 젤리입니다. 멜론 산지 농가가 만든 제품답게 멜론의 향과 단맛을 젤리 형태로 살린 것이 특징입니다. 9개입 구성의 과일 디저트로, 이바라키 멜론의 산뜻한 풍미를 담은 제품입니다.","상자 디자인도 멜론 느낌이 강해 지역 선물로 좋고, 상온 보관 조건을 확인하면 휴대가 편함.",1,https://dzwpvqehwr7zl.cloudfront.net/omios/products/generated/_review/PRD_650/PRD_650_packshot_v1.png,https://www.ibarakimeisan.com/c/category/wa-yogashi/14-6-wa-yogashi
PRD_651,골드 푸딩 6개입,ゴールドぷりん（6個入り）,후지야(株式会社ふじ屋),REG_016,PRC_03,2400,"골드 푸딩 6개입은 후지야의 푸딩 디저트 세트입니다. 진한 색감과 부드러운 식감을 앞세운 제품으로, 여섯 개가 한 구성에 들어 있습니다. 이바라키 지역 과자 카테고리에서 소개되는 달콤한 후식용 푸딩입니다.",개별 포장 디저트라 나눠 먹기 좋지만 냉장 필요 여부와 소비기한을 먼저 확인해야 함.,1,https://thumbnail.image.rakuten.co.jp/@0_mall/jr-ems/cabinet/08097234/imgrc0120012466.jpg?_ex=1024x1024,https://hb.afl.rakuten.co.jp/hgc/g00qstcn.16t5ua99.g00qstcn.16t5v256/?pc=https%3A%2F%2Fitem.rakuten.co.jp%2Fjr-ems%2Fr-c021553%2F&m=http%3A%2F%2Fm.rakuten.co.jp%2Fjr-ems%2Fi%2F10017303%2F&rafcid=wsc_i_is_b93111dd-e085-46a2-a75f-28c1ee5d2de6
PRD_652,오쿠쿠지 사과 케이크 비교 세트,奥久慈りんごのケーキ 食べ比べセット,하트케어센터히타치나카(ハートケアセンターひたちなか),REG_016,PRC_04,3200,"오쿠쿠지 사과 케이크 비교 세트는 오쿠쿠지 사과 케이크와 얼그레이 사과 케이크를 함께 담은 파운드케이크 구성입니다. 두 제품 모두 이바라키현 다이고산 오쿠쿠지 사과, 국산 버터, 국산 밀가루를 사용합니다. 기본 케이크는 오쿠쿠지 사과 콩포트를 살리고, 얼그레이 버전은 찻잎 향을 더해 사과의 산미와 홍차 향을 비교할 수 있습니다.","사과 디저트를 좋아하는 사람에게 좋고, 케이크류라 눌리지 않도록 상자째 보관하면 좋음.",1,https://dzwpvqehwr7zl.cloudfront.net/omios/products/generated/_review/PRD_652/PRD_652_packshot_v1.png,https://www.ibarakimeisan.com/c/category/wa-yogashi/188-4-wa-yogashi
PRD_653,인기 셀렉트 아이스 4종 8개 세트,人気のセレクトアイス4種×2個 合計8個,오미타마후루사토식품공사(小美玉ふるさと食品公社),REG_016,PRC_05,4000,"인기 셀렉트 아이스 4종 8개 세트는 오미타마후루사토식품공사의 냉동 디저트 모음입니다. 국산 와코차를 사용한 와코차 아이스, 차잎을 넉넉히 사용한 진한 차 아이스, 딸기와 와코차를 조합한 딸기 와코차 아이스 등 네 가지 맛이 2개씩 들어 있습니다. 부드러운 단맛, 차의 떫은맛, 딸기의 산미를 한 세트에서 비교할 수 있는 아이스크림 구성입니다.",냉동 보관이 필수라 현지에서 바로 먹거나 배송용 선물로 고르는 것이 좋음.,1,https://dzwpvqehwr7zl.cloudfront.net/omios/products/generated/_review/PRD_653/PRD_653_packshot_v1.png,https://www.ibarakimeisan.com/c/category/wa-yogashi/211-3-wa-yogashi
PRD_654,숯불 손구이 센베이 모둠 세트,炭火手焼きせんべい詰合せセット,에즈라베이카제조본포(江面米菓製造本舗),REG_016,PRC_03,2700,"숯불 손구이 센베이 모둠 세트는 에즈라베이카제조본포의 쌀 센베이 세트입니다. 숯불로 손수 구운 기본 센베이와 참깨 센베이, 하난모모가 각각 8매씩 들어 있는 세 봉 구성입니다. 숯불 손구이 특유의 고소한 향과 바삭한 식감, 맛별 차이를 함께 담은 전통 쌀 과자입니다.","잘 부서지는 센베이류라 단단한 짐 아래에 두지 말고, 사무실 나눔용으로도 무난함.",1,https://dzwpvqehwr7zl.cloudfront.net/omios/products/generated/_review/PRD_654/PRD_654_packshot_v1.png,https://www.ibarakimeisan.com/c/category/wa-yogashi/167-4-wa-yogashi
PRD_655,스위트 마론 8개입,すいーとまろん (8個入り）,나가타푸즈(有限会社ナガタフーズ),REG_016,PRC_03,2600,"스위트 마론 8개입은 나가타푸즈가 이바라키현 가사마시산 밤을 사용해 만든 한입 크기 구움과자입니다. 가사마시는 밤 재배 면적과 생산량으로 알려진 산지이며, 큰 일교차와 화강암질 토양이 품질 좋은 밤을 기르는 지역으로 소개됩니다. 밤의 자연스러운 단맛과 부드러운 식감을 살린 이바라키 밤 디저트입니다.","밤 과자는 차와 잘 어울려 어른 선물로 좋고, 개별 포장 여부를 확인해 나눠 주기 좋음.",1,https://dzwpvqehwr7zl.cloudfront.net/omios/products/generated/_review/PRD_655/PRD_655_packshot_v1.png,https://www.ibarakimeisan.com/c/category/wa-yogashi/177-4-wa-yogashi
PRD_656,이바라키스 딸기 구미 20봉,いばらキッスのいちごグミ（20袋）,나메가타시오사이농협(なめがたしおさい農業協同組合),REG_016,PRC_03,2300,이바라키스 딸기 구미 20봉은 이바라키 딸기 품종 이바라키스의 향을 담은 소포장 구미입니다. 딸기 특유의 산뜻한 단맛과 과일 향을 젤리 같은 구미 식감으로 표현한 과자입니다. 20봉 구성이라 이바라키 딸기 브랜드를 간편한 간식 형태로 담은 제품입니다.,"20봉 구성이라 여러 명에게 나눠 주기 쉽고, 어린이나 친구용 가벼운 선물로 알맞음.",1,https://dzwpvqehwr7zl.cloudfront.net/omios/products/generated/_review/PRD_656/PRD_656_packshot_v1.png,https://www.ibarakimeisan.com/c/category/wa-yogashi/81-8-wa-yogashi
PRD_657,커피 봉봉 5개 세트,珈琲ボンボン 5個セット,에나크코피다이에이(ENAK KOPI ダイエイ),REG_016,PRC_02,1850,"커피 봉봉 5개 세트는 에낙 코피 다이에이의 발리섬 커피를 활용한 봉봉 과자입니다. 달콤한 봉봉 안에 커피 향을 담아, 쌉싸름한 향과 단맛이 함께 느껴지는 작은 디저트입니다. 커피 풍미를 한입 과자 형태로 즐길 수 있도록 만든 5개 구성입니다.","커피를 좋아하는 사람에게 부담 없이 주기 좋고, 초콜릿류처럼 온도 변화에 주의하면 좋음.",1,https://dzwpvqehwr7zl.cloudfront.net/omios/products/generated/_review/PRD_657/PRD_657_packshot_v1.png,https://www.ibarakimeisan.com/c/category/wa-yogashi/70-3-wa-yogashi
PRD_658,고르곤졸라 치즈케이크,ゴルゴンゾーラチーズケーキ,메이즘랜드(株式会社メイズムランド),REG_016,PRC_03,2500,고르곤졸라 치즈케이크는 프랑스산 크림치즈와 이탈리아산 고르곤졸라 피칸테를 사용한 진한 치즈케이크입니다. 고르곤졸라 피칸테의 짭조름하고 개성 있는 향이 크림치즈의 부드러운 산미와 만나 성숙한 풍미를 냅니다. 일반적인 달콤한 치즈케이크보다 치즈의 깊은 맛과 향을 전면에 둔 디저트입니다.,개성이 강한 치즈 맛이라 단맛만 좋아하는 사람보다 치즈 애호가에게 선물하는 편이 좋음.,1,https://thumbnail.image.rakuten.co.jp/@0_mall/senka-land/cabinet/08597552/compass1637225350.jpg?_ex=1024x1024,https://hb.afl.rakuten.co.jp/hgc/g00tcrdn.16t5ueb3.g00tcrdn.16t5vfa7/?pc=https%3A%2F%2Fitem.rakuten.co.jp%2Fsenka-land%2Fnanairo-gorgonzola-1%2F&m=http%3A%2F%2Fm.rakuten.co.jp%2Fsenka-land%2Fi%2F10007011%2F&rafcid=wsc_i_is_b93111dd-e085-46a2-a75f-28c1ee5d2de6
PRD_659,고구마 치즈케이크와 스위트포테이토 모둠,お芋のチーズケーキ・スイートポテト詰め合わせ,마루다이프레시푸즈(マルダイフレッシュフーズ株式会社),REG_016,PRC_05,4960,"고구마 치즈케이크와 스위트포테이토 모둠은 고구마 디저트 두 종류를 함께 담은 세트입니다. 치즈케이크는 크림치즈, 계란, 우유, 고구마 등을 사용하고, 스위트포테이토는 고구마에 생크림, 우유, 설탕을 더해 만듭니다. 치즈케이크 5개와 스위트포테이토 5개 구성으로, 고구마의 단맛과 크림의 부드러움을 비교할 수 있습니다.",여러 맛을 나눠 먹기 좋은 상자 구성이라 가족용 선물로 고르고 보관 온도를 확인하면 좋음.,1,https://dzwpvqehwr7zl.cloudfront.net/omios/products/generated/_review/PRD_659/PRD_659_packshot_v1.png,https://www.ibarakimeisan.com/c/category/wa-yogashi/219-2-wa-yogashi
PRD_660,차 피낭시에와 멜론 피낭시에 12개입,お茶フィナンシェ＆メロンフィナンシェ合計12個入,마쓰다제차(松田製茶),REG_016,PRC_04,3500,"차 피낭시에와 멜론 피낭시에 12개입은 마쓰다제차의 구움과자 세트입니다. 차 향을 살린 피낭시에와 멜론 풍미의 피낭시에를 함께 담아, 이바라키의 차와 멜론 이미지를 디저트로 표현합니다. 버터 향이 있는 피낭시에 반죽에 서로 다른 지역 풍미를 더한 12개입 구성입니다.","지역 특산 맛이 두 가지라 선물 설명이 쉽고, 개별 포장 여부를 확인하면 나눠 주기 편함.",1,https://dzwpvqehwr7zl.cloudfront.net/omios/products/generated/_review/PRD_660/PRD_660_packshot_v1.png,https://www.ibarakimeisan.com/c/category/wa-yogashi/211-2-wa-yogashi
PRD_661,사와노후지 페일에일 6병,クラフトビール『澤乃不二』（ペールエール）6本,가스미가우라미래만들기컴퍼니(株式会社かすみがうら未来づくりカンパニー),REG_016,PRC_05,4000,사와노후지 페일에일은 옛 주조장 창고를 개수한 에구치야 양조장에서 만드는 크래프트맥주입니다. 아이다호7 홉을 비터링에 넉넉히 사용해 깔끔하고 산뜻한 맛으로 완성한 페일에일입니다. 라벨은 과거 에구치야에서 팔던 일본주 사와노후지의 라벨을 현대적으로 복각한 디자인입니다.,"주류라 면세 한도와 운반 규정을 확인하고, 병 제품은 완충 포장이 필요함.",1,https://dzwpvqehwr7zl.cloudfront.net/omios/products/generated/_review/PRD_661/PRD_661_packshot_v1.png,https://www.ibarakimeisan.com/c/category/alcohol/129-3-alcohol
PRD_662,마쓰자카리 히타치해변공원 라벨 세트,松盛 ひたち海浜公園 ラベルセット,오카베합명회사(岡部合名会社),REG_016,PRC_02,1980,마쓰자카리 히타치해변공원 라벨 세트는 오카베합명회사의 지역 사케 세트입니다. 히타치해변공원을 테마로 한 라벨을 입혀 관광지 기념성과 지역성을 함께 담은 주류 상품입니다. 사케 브랜드 마쓰자카리의 맛에 이바라키 대표 명소의 이미지를 더한 구성입니다.,"병 사케는 파손과 주류 반입 기준을 확인하고, 라벨 디자인을 중시하는 선물에 잘 맞음.",1,https://thumbnail.image.rakuten.co.jp/@0_mall/mondoko/cabinet/sake/imgrc0107103085.jpg?_ex=1024x1024,https://hb.afl.rakuten.co.jp/hgc/g00q6htn.16t5ua42.g00q6htn.16t5v2ff/?pc=https%3A%2F%2Fitem.rakuten.co.jp%2Fmondoko%2Fkaihinlabel%2F&m=http%3A%2F%2Fm.rakuten.co.jp%2Fmondoko%2Fi%2F10105125%2F&rafcid=wsc_i_is_b93111dd-e085-46a2-a75f-28c1ee5d2de6
PRD_663,우시쿠샤토 맥주 3종 6병 세트,牛久シャトー ビール 3種6本セット （ミュンヘナー・へレス2本、ジャーマン・ピルスナー2本、メルツェン2本）,우시쿠샤토(牛久シャトー株式会社),REG_016,PRC_05,4620,"우시쿠샤토 맥주 3종 6병 세트는 뮌헤너 헤레스, 저먼 필스너, 메르첸을 두 병씩 담은 독일식 맥주 구성입니다. 헤레스는 황금빛과 은은한 홉 향, 필스너는 홉 향과 드라이한 목넘김, 메르첸은 몰트의 코쿠와 쌉쌀함이 특징입니다. 우시쿠샤토는 1903년 우시쿠에 세워진 일본 최초의 본격 와인 양조장 역사와 연결된 브랜드입니다.",맥주병 6개라 무게가 있으므로 직접 휴대 시 수하물 무게와 포장을 먼저 계산하는 것이 좋음.,1,https://dzwpvqehwr7zl.cloudfront.net/omios/products/generated/_review/PRD_663/PRD_663_packshot_v1.png,https://www.ibarakimeisan.com/c/category/alcohol/183-1-alcohol
PRD_664,유키맥주 크래프트비어 프리미엄 5병 세트,クラフトビールプレミアム5本セット,유키맥주양조(結城麦酒醸造),REG_016,PRC_04,3300,유키맥주 크래프트비어 프리미엄 5병 세트는 유키시와 이바라키현 주변 재료를 활용한 수제맥주 구성입니다. 지역산 부원료와 유키시산 보리 일부를 사용한 것이 특징입니다. 지역 농산물의 개성을 맥주 스타일에 녹인 프리미엄 크래프트비어 세트입니다.,여러 맛을 비교하기 좋은 주류 선물이라 병 파손 방지 포장과 반입 제한을 확인해야 함.,1,https://dzwpvqehwr7zl.cloudfront.net/omios/products/generated/_review/PRD_664/PRD_664_packshot_v1.png,https://www.ibarakimeisan.com/c/category/alcohol/218-2-alcohol
PRD_665,하나노이 다이긴조 기리상자,花の井 大吟醸 桐箱入り,니시오카본점(株式会社西岡本店),REG_016,PRC_06,5500,"하나노이 다이긴조 기리상자는 사쿠라가와시 마카베마치에서 240년 넘게 이어 온 니시오카본점의 대표 다이긴조입니다. 최고급 사케쌀로 꼽히는 야마다니시키와 쓰쿠바산 수계의 복류수를 사용해 빚었습니다. 기리나무 상자에 담긴 격식 있는 구성으로, 향이 섬세하고 맑은 다이긴조의 품격을 앞세운 사케입니다.","상자 포장이 좋아 정중한 선물에 어울리며, 병 제품이라 수하물 포장에 신경 써야 함.",1,https://dzwpvqehwr7zl.cloudfront.net/omios/products/generated/_review/PRD_665/PRD_665_packshot_v1.png,https://www.ibarakimeisan.com/c/category/alcohol/95-5-alcohol
PRD_666,하냐노이 준마이주 720ml 2병 세트,はにゃのい 純米酒 720ml 2本セット,니시오카본점(株式会社西岡本店),REG_016,PRC_04,3850,"하냐노이 준마이주 720밀리리터 2병 세트는 니시오카본점 하나노이의 준마이주에 새 라벨을 입힌 제품입니다. 초크 아티스트 기쿠치 리카가 그린 고양이와 강아지 분위기의 라벨이 특징입니다. 술 자체는 하나노이의 준마이주이며, 친근한 캐릭터 라벨로 지역 사케를 가볍고 밝게 표현한 구성입니다.","라벨이 밝아 캐주얼한 주류 선물로 좋고, 두 병 구성이라 무게와 포장 상태를 확인하면 좋음.",1,https://dzwpvqehwr7zl.cloudfront.net/omios/products/generated/_review/PRD_666/PRD_666_packshot_v1.png,https://www.ibarakimeisan.com/c/category/alcohol/95-3-alcohol
PRD_667,쓰키노나미다 고구마 삼형제 소주,いも ほしいも やきいも焼酎月の涙 芋三兄弟,오카베합명회사(岡部合名会社),REG_016,PRC_06,5000,"쓰키노나미다 고구마 삼형제 소주는 이바라키현산 고구마를 원료로 한 세 가지 고구마 소주 세트입니다. 기본 고구마 소주는 옹기 저장으로 둥글고 부드러운 맛을 내고, 구운고구마 소주는 속까지 익힌 고구마의 고소함과 단맛을 살립니다. 호시이모 소주는 말리는 과정에서 깊어진 고구마의 단맛을 강조한 것이 특징입니다.","특산 고구마 이야기를 함께 전하기 좋은 술 선물이며, 주류 반입 가능 수량을 확인해야 함.",1,https://dzwpvqehwr7zl.cloudfront.net/omios/products/generated/_review/PRD_667/PRD_667_packshot_v1.png,https://www.ibarakimeisan.com/c/category/alcohol/24-4-alcohol
PRD_668,미쓰쿠니 다이긴조와 히타치 와인 세트,光圀大吟醸と常陸ワイン山ブドウ交配種赤のセット,히야마주조(檜山酒造株式会社),REG_016,PRC_06,6050,"미쓰쿠니 다이긴조와 히타치 와인 세트는 다이긴조 사케와 산포도 교배종 레드 와인을 함께 담은 주류 구성입니다. 히타치 와인은 자체 농원에서 재배한 산포도 교배종을 100% 사용하며, 풍부한 맛과 산미, 탄닌의 균형이 특징입니다. 미쓰쿠니 다이긴조는 효고현산 야마다니시키와 국산 쌀누룩을 사용한 맑은 인상의 사케입니다.","사케와 와인을 모두 즐기는 사람에게 좋고, 병이 두 종류라 각각 완충해 포장하면 안전함.",1,https://dzwpvqehwr7zl.cloudfront.net/omios/products/generated/_review/PRD_668/PRD_668_packshot_v1.png,https://www.ibarakimeisan.com/c/category/alcohol/166-2-alcohol
PRD_669,아이유 다이긴조 감평회 출품주,愛友 大吟醸鑑評会出品酒,아이유주조(愛友酒造株式会社),REG_016,PRC_06,6820,아이유 다이긴조 감평회 출품주는 아이유주조가 감평회 출품용으로 빚은 다이긴조입니다. 다이긴조 특유의 섬세한 향과 깨끗한 맛을 앞세운 고급 사케입니다. 감평회 출품주라는 성격 때문에 원료 처리와 향미 균형을 정교하게 맞춘 품목으로 볼 수 있습니다.,"일반 기념품보다 격식 있는 술 선물에 적합하며, 구매 전 보관 온도와 포장 옵션을 확인하면 좋음.",1,https://dzwpvqehwr7zl.cloudfront.net/omios/products/generated/_review/PRD_669/PRD_669_packshot_v1.png,https://www.ibarakimeisan.com/c/category/alcohol/50-1-alcohol
PRD_670,소보로 낫토 300g 네 개입,そぼろ納豆300ｇ 4個入,텐구낫토(天狗納豆株式会社),REG_016,PRC_04,3024,소보로 낫토 300그램 네 개입은 텐구낫토의 이바라키식 낫토 반찬입니다. 낫토에 무말랭이를 더해 콩의 끈기와 무의 오독한 식감을 함께 살린 것이 특징입니다. 300그램씩 4개 구성이라 밥반찬으로 쓰기 좋은 지역 낫토 제품입니다.,냉장 보관 제품이라 보냉 포장 가능 여부를 확인하고 밥반찬 선물로 고르면 좋음.,1,https://thumbnail.image.rakuten.co.jp/@0_mall/wagamachi-tokusan/cabinet/main95/2712806541.jpg?_ex=1024x1024,https://hb.afl.rakuten.co.jp/hgc/g00rr3hn.16t5u3d6.g00rr3hn.16t5v918/?pc=https%3A%2F%2Fitem.rakuten.co.jp%2Fwagamachi-tokusan%2F2712806541%2F&m=http%3A%2F%2Fm.rakuten.co.jp%2Fwagamachi-tokusan%2Fi%2F10134680%2F&rafcid=wsc_i_is_b93111dd-e085-46a2-a75f-28c1ee5d2de6
PRD_671,쓰쿠바햄 요구르트 세트,筑波ハム ヨーグルトセット：YODR,쓰쿠바햄(有限会社筑波ハム),REG_016,PRC_04,3294,"쓰쿠바햄 요구르트 세트는 쓰쿠바햄이 만든 유제품 요구르트 구성입니다. 햄과 소시지로 알려진 브랜드가 함께 전개하는 유제품 세트라, 산지 유제품의 부드러운 산미와 신선한 맛을 중심에 둡니다. 여러 병 또는 컵으로 구성된 요구르트를 한 번에 담은 음료형 세트입니다.",냉장 보관이 필요한 유제품이라 가까운 곳에서 먹을 계획이 없다면 배송 구매가 안전함.,1,https://dzwpvqehwr7zl.cloudfront.net/omios/products/generated/_review/PRD_671/PRD_671_packshot_v1.png,https://www.ibarakimeisan.com/c/category/drink/80-10-drink
PRD_672,자가제 리퀴드 커피 3병 기프트,〖ラッピング込〗自家製リキッドコーヒー ３本ギフト,다다이마커피(ただいまコーヒー),REG_016,PRC_04,3600,"자가제 리퀴드 커피 3병 기프트는 다다이마커피의 액상 커피 세 병 구성입니다. 병에 담긴 리퀴드 커피라 원두 추출액의 향과 쓴맛을 차갑게 또는 얼음과 함께 즐기기 쉬운 형태입니다. 포장 포함 구성으로, 히타치 지역 커피 전문점의 맛을 병 음료로 담은 제품입니다.","병 음료라 무게가 있지만 바로 마시기 좋고, 커피를 자주 마시는 사람에게 실용적임.",1,https://dzwpvqehwr7zl.cloudfront.net/omios/products/generated/_review/PRD_672/PRD_672_packshot_v1.png,https://www.ibarakimeisan.com/c/youto/hahanohi/78-5-drink
PRD_673,사시마차 엄선 5종 세트,さしま茶こだわり５種セット,노구치엔본점(のぐち園本店),REG_016,PRC_05,4500,"사시마차 엄선 5종 세트는 노구치엔본점의 사시마차 다섯 가지를 담은 차 세트입니다. 사시마차는 이바라키 서부 사시마 지역의 차로, 품목별로 향과 떫은맛, 감칠맛의 차이를 비교할 수 있습니다. 한 세트 안에 여러 차를 담아 지역 차의 폭을 보여주는 구성입니다.","가볍고 보관이 쉬운 차류라 어른 선물로 안정적이며, 개봉 후 밀봉 보관을 안내하면 좋음.",1,https://dzwpvqehwr7zl.cloudfront.net/omios/products/generated/_review/PRD_673/PRD_673_packshot_v1.png,https://www.ibarakimeisan.com/c/category/drink/197-2-drink
PRD_674,한정 고가 사시마차,限定古河さしま茶（古河公方公園摘み茶）,고가차전문점회(古河茶専門店会),REG_016,PRC_01,900,"한정 고가 사시마차는 고가공방공원에서 딴 찻잎을 사용한 한정 사시마차입니다. 특정 장소에서 수확한 찻잎이라는 점이 상품의 가장 큰 특징이며, 고가 지역의 풍경과 차 문화를 함께 담습니다. 사시마차 특유의 향과 산뜻한 떫은맛을 지역 한정 콘셉트로 표현한 제품입니다.",가격 부담이 낮고 지역 한정성이 뚜렷해 차를 좋아하는 지인에게 가볍게 주기 좋음.,1,https://dzwpvqehwr7zl.cloudfront.net/omios/products/generated/_review/PRD_674/PRD_674_packshot_v1.png,https://www.ibarakimeisan.com/c/category/drink/111-1-drink
PRD_675,사시마차 말차라떼 2상자 세트,茨城名産さしま茶入り抹茶ラテ2箱セット,노구치도쿠타로상점(株式会社野口徳太郎商店),REG_016,PRC_03,2560,"사시마차 말차라떼 2상자 세트는 이바라키 명산 사시마차를 넣어 만든 말차 라떼 음료입니다. 말차의 향과 우유의 부드러운 단맛이 어우러지는 타입으로, 차의 쌉쌀함을 라떼 형태로 마시기 쉽게 풀어냅니다. 두 상자 구성이라 사시마차의 맛을 부드러운 음료로 즐기는 제품입니다.","분말 음료라 휴대가 쉽고, 차 맛은 좋아하지만 진한 녹차가 부담스러운 사람에게 잘 맞음.",1,https://dzwpvqehwr7zl.cloudfront.net/omios/products/generated/_review/PRD_675/PRD_675_packshot_v1.png,https://www.ibarakimeisan.com/c/category/drink/83-2-drink
PRD_676,사자커피 드립 아이스커피 6병 세트,ドリップアイスコーヒー6本セット（サザコーヒー）,사자커피(株式会社サザコーヒーホールディングス),REG_016,PRC_05,4700,사자커피 드립 아이스커피 6병 세트는 사자커피가 엄선한 원두를 네르드립으로 추출한 블랙 타입 아이스커피입니다. 차갑고 산뜻한 느낌 속에서도 커피 본연의 향과 코쿠가 살아 있도록 만든 병 음료입니다. 이바라키를 대표하는 커피 브랜드의 추출 방식을 담은 6병 구성입니다.,유명 커피 브랜드 선물로 설명하기 쉽지만 병이 무거우므로 직접 운반 시 수하물 무게를 확인해야 함.,1,https://dzwpvqehwr7zl.cloudfront.net/omios/products/generated/_review/PRD_676/PRD_676_packshot_v1.png,https://www.ibarakimeisan.com/c/category/drink/33-1-drink
PRD_677,오쿠쿠지차 기프트,奥久慈茶ギフト,가네타엔(有限会社かねた園),REG_016,PRC_04,3240,"오쿠쿠지차 기프트는 이바라키 오쿠쿠지 지역의 차를 담은 녹차 선물 구성입니다. 오쿠쿠지의 산간 지역 이미지를 바탕으로 한 차 상품으로, 녹차의 향과 산뜻한 떫은맛을 중심에 둡니다. 가네타엔의 지역 차를 정돈된 구성으로 묶은 제품입니다.","상온 보관이 쉬워 여행 선물로 안정적이고, 차통이나 봉지 포장 상태를 확인해 고르면 좋음.",1,https://dzwpvqehwr7zl.cloudfront.net/omios/products/generated/_review/PRD_677/PRD_677_packshot_v1.png,https://www.ibarakimeisan.com/c/category/drink/21-2-drink
PRD_678,미토 검은 투구,水戸黒之兜 黒,유게쓰본점(株式会社祐月本店),REG_016,PRC_06,130900,"미토 검은 투구는 유게쓰본점이 만든 검은색 투구 장식 공예품입니다. 미토 지역의 전통 인형 제작사가 전개하는 장식품으로, 검은 투구의 묵직한 색감과 갑옷 장식의 격식을 살립니다. 계절 장식이나 전통 공예품으로 둘 수 있는 이바라키 공예 상품입니다.",고가의 장식품이라 구매 전 배송 보험과 전용 포장 여부를 확인하고 기념용으로 신중히 고르는 것이 좋음.,1,https://dzwpvqehwr7zl.cloudfront.net/omios/products/generated/_review/PRD_678/PRD_678_packshot_v1.png,https://www.ibarakimeisan.com/c/category/craft/240-2-craft
PRD_679,이바라키 향토공예 등나무 베개,【茨城県郷土工芸品指定品】藤製枕,미하라시테이(偕楽園売店 見晴亭),REG_016,PRC_06,16500,"이바라키 향토공예 등나무 베개는 이바라키현 향토공예품으로 지정된 등나무 소재 베개입니다. 등나무를 엮어 만든 구조라 통기성이 좋고, 자연 소재 특유의 단단하면서도 가벼운 질감을 지닙니다. 전통 생활도구를 공예품 형태로 이어 온 제품입니다.","식품이 아닌 오래 남는 공예 선물이며, 형태가 눌리지 않도록 여유 있는 포장이 필요함.",1,https://dzwpvqehwr7zl.cloudfront.net/omios/products/generated/_review/PRD_679/PRD_679_packshot_v1.png,https://www.ibarakimeisan.com/c/category/craft/141-17-craft
PRD_680,히타치 주석기 텀블러 시라나미,常陸錫器 タンブラー 白波,사와하타제작소(株式会社澤幡製作所),REG_016,PRC_06,8830,히타치 주석기 텀블러 시라나미는 이바라키현 도카이무라의 주물 공장이 만드는 주석기 브랜드 제품입니다. 주석 특유의 은빛 질감과 손에 닿는 금속의 차분한 무게감이 특징입니다. '시라나미'라는 이름처럼 흰 물결 이미지를 담은 텀블러형 공예 생활용품입니다.,"음료를 차갑게 즐기는 사람에게 실용적이며, 금속 표면이 긁히지 않게 케이스 포장을 확인하면 좋음.",1,https://dzwpvqehwr7zl.cloudfront.net/omios/products/generated/_review/PRD_680/PRD_680_packshot_v1.png,https://www.ibarakimeisan.com/c/category/craft/205-4-craft
PRD_681,수차 삼나무 선향과 원컵 세트,【茨城県伝統工芸品】水車杉線香+一品ワンカップ,미하라시테이(偕楽園売店 見晴亭),REG_016,PRC_06,5000,"수차 삼나무 선향과 원컵 세트는 이바라키 전통공예품으로 소개되는 수차 삼나무 선향과 지역 원컵 술을 함께 담은 구성입니다. 선향은 삼나무 향을 중심으로 한 전통 향 제품이며, 원컵 술과 묶어 독특한 지역 기념품 성격을 냅니다. 향과 술이라는 서로 다른 지역 상품을 한 세트로 구성한 제품입니다.","향 제품과 주류가 함께 있어 받는 사람 취향을 확인하고, 향이 새지 않게 밀봉 상태를 살피면 좋음.",1,https://dzwpvqehwr7zl.cloudfront.net/omios/products/generated/_review/PRD_681/PRD_681_packshot_v1.png,https://www.ibarakimeisan.com/c/category/craft/141-6-craft
PRD_682,콜럼버스 도마 히노키 대형,コロンブスのまな板 檜（大）,오사키재목점(株式会社大崎材木店),REG_016,PRC_06,6600,"콜럼버스 도마 히노키 대형은 오사키재목점의 히노키 목재 도마입니다. 대형 사이즈라 조리 공간을 넓게 쓰기 좋고, 히노키 특유의 밝은 색과 나무결, 은은한 향이 특징입니다. 목재를 다루는 재목점의 소재 감각을 주방 생활용품으로 옮긴 제품입니다.","부피가 있는 생활용품이라 가방 크기를 확인하고, 목재 제품은 사용 전 관리법을 함께 알려 주면 좋음.",1,https://dzwpvqehwr7zl.cloudfront.net/omios/products/generated/_review/PRD_682/PRD_682_packshot_v1.png,https://www.ibarakimeisan.com/c/category/craft/199-2-craft
PRD_683,치유의 토끼 선물용 조각,癒しうさぎプレゼント用彫刻,종합미술공방(株式会社綜合美術工房),REG_016,PRC_06,23400,치유의 토끼 선물용 조각은 종합미술공방의 토끼 모티프 조각품입니다. 토끼의 부드러운 이미지와 '치유'라는 테마를 결합한 장식용 공예품입니다. 오래 두고 볼 수 있는 조각 형태라 생활 공간에 작은 상징물처럼 놓는 제품입니다.,깨지거나 긁힐 수 있는 장식품이므로 전용 포장과 배송 옵션을 확인하는 것이 좋음.,1,https://thumbnail.image.rakuten.co.jp/@0_mall/mdnat/cabinet/x82/y1n/oxpj7uh_0.jpg?_ex=1024x1024,https://hb.afl.rakuten.co.jp/hgc/g00usdsn.16t5ua0f.g00usdsn.16t5v4a2/?pc=https%3A%2F%2Fitem.rakuten.co.jp%2Fmdnat%2Fwmr-3rv-oxpj7uh%2F&m=http%3A%2F%2Fm.rakuten.co.jp%2Fmdnat%2Fi%2F10049347%2F&rafcid=wsc_i_is_b93111dd-e085-46a2-a75f-28c1ee5d2de6
PRD_684,낫토 비누,納豆せっけん,스즈키허브연구소(鈴木ハーブ研究所),REG_016,PRC_02,1650,"낫토 비누는 스즈키허브연구소가 낫토 이미지를 살려 만든 수제 비누입니다. 미용액 성분을 반죽에 넣고, 조밀한 거품과 허브 향을 특징으로 내세웁니다. 이바라키의 대표 식품인 낫토를 스킨케어 상품으로 풀어낸 지역성 있는 비누입니다.","식품이 아닌 뷰티 기념품이라 휴대가 쉽고, 민감성 피부라면 성분을 확인하고 선물하면 좋음.",1,https://thumbnail.image.rakuten.co.jp/@0_mall/auc-heartland/cabinet/item/turusara-all.jpg?_ex=1024x1024,https://hb.afl.rakuten.co.jp/hgc/g00qxrin.16t5uca9.g00qxrin.16t5va0c/?pc=https%3A%2F%2Fitem.rakuten.co.jp%2Fauc-heartland%2Fturusara%2F&m=http%3A%2F%2Fm.rakuten.co.jp%2Fauc-heartland%2Fi%2F10002950%2F&rafcid=wsc_i_is_b93111dd-e085-46a2-a75f-28c1ee5d2de6
PRD_685,낫토 로션,納豆ローション,스즈키허브연구소(鈴木ハーブ研究所),REG_016,PRC_03,2600,"낫토 로션은 스즈키허브연구소의 낫토 시리즈 보습 로션입니다. 낫토 유래 성분인 폴리글루탐산을 활용해 피부 표면에 수분막을 만드는 콘셉트로 소개됩니다. 150밀리리터 구성의 로션으로, 이바라키 명산 낫토의 이미지를 스킨케어 제품으로 확장한 상품입니다.",액체 화장품이라 기내 반입 용량과 누수 방지 포장을 확인하고 선물하면 좋음.,1,https://thumbnail.image.rakuten.co.jp/@0_mall/sherb/cabinet/event/thumb/or_01.jpg?_ex=1024x1024,https://hb.afl.rakuten.co.jp/hgc/g00sbxjn.16t5ubf0.g00sbxjn.16t5v134/?pc=https%3A%2F%2Fitem.rakuten.co.jp%2Fsherb%2For%2F&m=http%3A%2F%2Fm.rakuten.co.jp%2Fsherb%2Fi%2F10000040%2F&rafcid=wsc_i_is_b93111dd-e085-46a2-a75f-28c1ee5d2de6
PRD_686,반찬미소 참치미소,おかず味噌 まぐろみそ,가리유시(かりゆし),REG_017,PRC_01,500,"반찬미소 참치미소는 미야코지마산 미소에 참치, 흑설탕, 생강, 술, 미림 등을 더해 만든 풍미 있는 반찬 미소입니다. 참치의 감칠맛과 미소의 짭조름함, 흑설탕의 둥근 단맛이 함께 어우러집니다. 밥이나 주먹밥에 곁들이기 좋은 이시가키 특산품 계열의 조미 반찬입니다.",작은 병 제품이라 휴대가 쉽지만 액체류처럼 뚜껑 밀봉 상태를 확인하면 좋음.,1,https://thumbnail.image.rakuten.co.jp/@0_mall/kagoshimaya/cabinet/12053437/imgrc0111968579.jpg?_ex=1024x1024,https://hb.afl.rakuten.co.jp/hgc/g00t69fn.16t5u70c.g00t69fn.16t5v7e0/?pc=https%3A%2F%2Fitem.rakuten.co.jp%2Fkagoshimaya%2Fts-163%2F&m=http%3A%2F%2Fm.rakuten.co.jp%2Fkagoshimaya%2Fi%2F10007446%2F&rafcid=wsc_i_is_b93111dd-e085-46a2-a75f-28c1ee5d2de6
PRD_687,반찬미소 스태미나 돼지고기미소,おかず味噌 スタミナぶたみそ,가리유시(かりゆし),REG_017,PRC_01,500,반찬미소 스태미나 돼지고기미소는 돼지고기와 미소를 바탕으로 한 반찬용 양념입니다. 돼지고기의 감칠맛과 미소의 짭조름한 맛이 중심이 되어 밥과 잘 어울리는 진한 풍미를 냅니다. 이시가키섬 특산품으로 소개되는 가리유시의 오카즈미소 라인업입니다.,"밥반찬 선물로 실용적이고, 향이 있는 조미식품이라 비닐 포장을 한 번 더 해두면 좋음.",1,https://thumbnail.image.rakuten.co.jp/@0_mall/kagoshimaya/cabinet/12053437/imgrc0111967132.jpg?_ex=1024x1024,https://hb.afl.rakuten.co.jp/hgc/g00t69fn.16t5u70c.g00t69fn.16t5v7e0/?pc=https%3A%2F%2Fitem.rakuten.co.jp%2Fkagoshimaya%2Fts-162%2F&m=http%3A%2F%2Fm.rakuten.co.jp%2Fkagoshimaya%2Fi%2F10007445%2F&rafcid=wsc_i_is_b93111dd-e085-46a2-a75f-28c1ee5d2de6
PRD_688,이시가키섬산 파인애플 4kg,石垣島産パイナップル4kg,아카리팜(あかりファーム),REG_017,PRC_06,5500,"이시가키섬산 파인애플 4킬로그램은 아카리팜의 완숙 파인애플 상품입니다. 4킬로그램 이상 구성은 보통 2~3개의 파인애플로 이루어지며, 이시가키섬의 따뜻한 기후에서 자란 과일의 달콤한 향을 담습니다. 산지 파인애플의 신선한 과즙과 남국 과일 특유의 산미가 특징입니다.","생과일은 배송 조건과 수령 일정을 먼저 확인하고, 여행 중에는 숙소 수령 가능 여부를 보는 것이 좋음.",1,https://thumbnail.image.rakuten.co.jp/@0_mall/okinawachurakikaku/cabinet/ishigakijima/peachpine_3p.jpg?_ex=1024x1024,https://hb.afl.rakuten.co.jp/hgc/g00qaw6n.16t5u63d.g00qaw6n.16t5v927/?pc=https%3A%2F%2Fitem.rakuten.co.jp%2Fokinawachurakikaku%2Fock02651%2F&m=http%3A%2F%2Fm.rakuten.co.jp%2Fokinawachurakikaku%2Fi%2F10002457%2F&rafcid=wsc_i_is_b93111dd-e085-46a2-a75f-28c1ee5d2de6
PRD_689,코무공방 머그컵 2,マグカップ2 こむ工房,코무공방(こむ工房),REG_017,PRC_03,2200,"코무공방의 머그컵 2는 차분하고 안정적인 색감이 특징인 제품입니다. 이 머그컵은 한 점 한 점 정성을 들여 수작업으로 만들어진 것이 특징입니다. 코무공방 시리즈 중 하나로, 크기가 다소 작은 편이라 아담한 느낌을 줍니다.","도자기라 매장에서 완충 포장을 부탁하고, 컵 안쪽 균열이나 유약 상태를 확인하면 좋음.",1,https://dzwpvqehwr7zl.cloudfront.net/omios/products/generated/_review/PRD_689/PRD_689_packshot_v1.png,https://www.jaima-mark.net/SHOP/kom023.html
PRD_690,코무공방 삼점오촌 소바치,3.5寸小鉢 こむ工房,코무공방(こむ工房),REG_017,PRC_02,1800,코무공방에서 제작된 소바치입니다. 이 제품은 차분하고 안정적인 색감을 특징으로 합니다. 모든 작품이 한 점 한 점 정성스럽게 수작업으로 만들어져 높은 완성도를 자랑합니다.,"작은 그릇은 여러 개를 겹쳐 사기 쉬우므로, 흔들리지 않게 개별 포장 여부를 확인하면 좋음.",1,https://dzwpvqehwr7zl.cloudfront.net/omios/products/generated/_review/PRD_690/PRD_690_packshot_v1.png,https://www.jaima-mark.net/SHOP/kom022.html
PRD_691,쿠스 미소,くうすみそ,피니온(ぴにおん),REG_017,PRC_01,972,"쿠스 미소는 진한 미소에 향신료의 매콤한 풍미를 더한 미소 가공품입니다. 국내 제조 미소를 바탕으로 설탕, 간장, 고춧가루, 마늘, 생강, 참깨, 땅콩, 후추 등을 섞어 짭조름하고 농후한 맛을 냅니다. 밥이나 채소, 고기 요리에 곁들이기 좋은 양념형 반찬 미소입니다.",매운맛이 있는 양념이라 고기나 두부 요리를 즐기는 사람에게 추천하기 좋음.,1,https://thumbnail.image.rakuten.co.jp/@0_mall/oki-nanaya/cabinet/cm2/kuusumiso-s1.jpg?_ex=1024x1024,https://hb.afl.rakuten.co.jp/hgc/g00qmjnn.16t5ufdc.g00qmjnn.16t5v6a7/?pc=https%3A%2F%2Fitem.rakuten.co.jp%2Foki-nanaya%2F10000148%2F&m=http%3A%2F%2Fm.rakuten.co.jp%2Foki-nanaya%2Fi%2F10000148%2F&rafcid=wsc_i_is_b93111dd-e085-46a2-a75f-28c1ee5d2de6
PRD_692,자색고구마 잼,紅芋ジャム,피니온(ぴにおん),REG_017,PRC_01,626,"자색고구마 잼은 피니온이 만든 이시가키섬 특산품 계열의 잼입니다. 자색고구마 특유의 보랏빛 색감과 부드러운 단맛을 살린 스프레드형 상품입니다. 빵이나 과자에 바르기 좋은 형태로, 섬의 농산물 이미지를 담은 달콤한 가공식품입니다.","병 잼이라 파손 방지 포장이 필요하고, 빵이나 요구르트를 즐기는 사람에게 실용적임.",1,https://thumbnail.image.rakuten.co.jp/@0_mall/okinawaselection/cabinet/shohin/bin/renewal/imgrc0093894648.jpg?_ex=1024x1024,https://hb.afl.rakuten.co.jp/hgc/g00tk3jn.16t5ucbd.g00tk3jn.16t5vd5c/?pc=https%3A%2F%2Fitem.rakuten.co.jp%2Fokinawaselection%2F24-b04-0005%2F&m=http%3A%2F%2Fm.rakuten.co.jp%2Fokinawaselection%2Fi%2F10000128%2F&rafcid=wsc_i_is_b93111dd-e085-46a2-a75f-28c1ee5d2de6
PRD_693,다로가마 평접시,平皿 太朗窯,다로가마(太朗窯),REG_017,PRC_02,1750,"오키나와와 야에야마(이시가키섬 포함 주변 도서) 지역의 생물이나 일상적인 풍경을 그린 다로가마 평접시입니다. 이 접시는 백상아리, 바다거북, 고래상어, 만타 가오리 등 다양한 해양 생물을 주제로 제작되었습니다. 작품은 이시가키섬 북부 히라쿠보에 위치한 다로가마에서 생산자 후리이 타로 씨가 흙을 빚어 만들었습니다. 모든 제품이 수작업으로 만들어지기 때문에 접시마다 개성이 담긴 약간의 차이가 있습니다.",수작업 도자기는 무늬 차이가 있으니 실제 색감을 보고 마음에 드는 개체를 고르는 것이 좋음.,1,https://dzwpvqehwr7zl.cloudfront.net/omios/products/generated/_review/PRD_693/PRD_693_packshot_v1.png,https://www.jaima-mark.net/SHOP/taro146.html
PRD_694,타코라이스 소스,タコライスソース,이시가키섬 바다의것 산의것(農業生産法人石垣島海のもの山のもの),REG_017,PRC_01,756,"이 소스는 '바다의 것 산의 것'에서 개발한 타코라이스 소스로, 2013년 신이시가키 공항 개항 당시 특별히 기획된 한정 상품 중 하나입니다. 이시가키 섬의 특산품인 타코라이스 소스는 파인애플을 베이스로 만들어진 것이 특징입니다. 상추와 토마토를 접시에 담아낸 후, 여기에 타코라이스 소스를 뿌려 완성할 수 있습니다.","상온 조미 소스라 휴대가 편하고, 간단 조리를 좋아하는 사람에게 선물하기 좋음.",1,https://thumbnail.image.rakuten.co.jp/@0_mall/aokiya-ws/cabinet/imgrc0150524748.jpg?_ex=1024x1024,https://hb.afl.rakuten.co.jp/hgc/g00tpozn.16t5ue48.g00tpozn.16t5v10d/?pc=https%3A%2F%2Fitem.rakuten.co.jp%2Faokiya-ws%2F10000011%2F&m=http%3A%2F%2Fm.rakuten.co.jp%2Faokiya-ws%2Fi%2F10000011%2F&rafcid=wsc_i_is_b93111dd-e085-46a2-a75f-28c1ee5d2de6
PRD_695,히바치 향신료,ヒバーチ,이시가키섬 바다의것 산의것(農業生産法人石垣島海のもの山のもの),REG_017,PRC_01,540,히바치는 깊게 볶은(딥 로스트) 롱페퍼입니다. 이 제품은 달콤한 향과 독특한 풍미를 자랑합니다. 깊게 볶는 과정을 거쳐 특유의 매력적인 맛을 느낄 수 있습니다.,"작고 가벼워 여러 개 사기 좋고, 후추 대용으로 쓰는 방법을 알려 주면 활용도가 높음.",1,https://thumbnail.image.rakuten.co.jp/@0_mall/okinawachurakikaku/cabinet/food/hihatsu/ock01027_01.jpg?_ex=1024x1024,https://hb.afl.rakuten.co.jp/hgc/g00qaw6n.16t5u63d.g00qaw6n.16t5v927/?pc=https%3A%2F%2Fitem.rakuten.co.jp%2Fokinawachurakikaku%2Fock01027%2F&m=http%3A%2F%2Fm.rakuten.co.jp%2Fokinawachurakikaku%2Fi%2F10002648%2F&rafcid=wsc_i_is_b93111dd-e085-46a2-a75f-28c1ee5d2de6
PRD_696,다로가마 술잔,ぐい呑み 太朗窯,다로가마(太朗窯),REG_017,PRC_02,1750,"다로가마 술잔은 오키나와와 야에야마의 생물을 모티프로 그려 넣은 야치문 술잔입니다. 이시가키섬 북부 히라쿠보에 가마를 둔 도예가 후리이 타로가 제작하는 작품입니다. 손으로 만든 도자기라 형태와 색감이 조금씩 달라, 같은 시리즈 안에서도 각각의 개성이 살아납니다.","수작업 제품이라 무늬와 크기가 조금씩 달라, 원하는 그림과 재고를 확인하고 고르면 좋다.",1,https://dzwpvqehwr7zl.cloudfront.net/omios/products/generated/_review/PRD_696/PRD_696_packshot_v1.png,https://www.jaima-mark.net/SHOP/taro144.html
PRD_697,코노하가마 꽃무늬 머그컵,花柄マグカップ 木の葉窯,코노하가마(木の葉窯),REG_017,PRC_02,1800,"코노하가마에서 제작한 꽃무늬 머그컵입니다. 이 머그컵은 코노하가마 특유의 아름다운 꽃무늬 패턴이 돋보이는 작품입니다. 도자기(야치문) 소재로 만들어져 따뜻하고 정감 있는 분위기를 연출합니다. 같은 디자인으로 꾸민 작은 접시, 텀블러, 젓가락 받침 등 다양한 식기류와 세트로 구성하여 사용하기 좋습니다.",컵 손잡이 부분은 충격에 약하니 포장 전 손상 여부를 한 번 더 확인하는 것이 좋음.,1,https://dzwpvqehwr7zl.cloudfront.net/omios/products/generated/_review/PRD_697/PRD_697_packshot_v1.png,https://www.jaima-mark.net/SHOP/konoha_13.html
PRD_698,코노하가마 민사 무늬 찻잔 갈색,みんさー柄湯のみ 茶 木の葉窯,코노하가마(木の葉窯),REG_017,PRC_02,1000,"코노하가마에서 제작한 민사 무늬 찻잔입니다. 이 찻잔은 갈색을 띠고 있으며, 독특한 민사 패턴이 특징입니다. 코노하가마의 다양한 작품 중 하나로, 차를 마실 때 사용하기 좋은 분위기를 더해줍니다.","민사 무늬 의미를 함께 설명하면 선물성이 높고, 같은 무늬의 다른 식기와 세트로 맞추기 좋음.",1,https://dzwpvqehwr7zl.cloudfront.net/omios/products/generated/_review/PRD_698/PRD_698_packshot_v1.png,https://www.jaima-mark.net/SHOP/konoha_15.html
PRD_699,흰배뜸부기 머그컵 흰색,シロハラクイナマグカップ 白,비임(BEAM),REG_017,PRC_06,5532,"흰배뜸부기 머그컵 흰색은 이리오모테섬 비임파리 가마의 손그림 머그컵입니다. 컵에는 오키나와의 새인 시로하라쿠이나가 그려져 지역 자연을 떠올리게 합니다. 가야마 에미코가 만드는 수작업 도자기로, 굽는 과정에 따라 색과 형태가 조금씩 달라지는 점이 특징입니다.","새 그림이 있는 공예품이라 동물이나 자연을 좋아하는 사람에게 잘 맞고, 포장 박스 유무를 확인하면 좋음.",1,https://dzwpvqehwr7zl.cloudfront.net/omios/products/generated/_review/PRD_699/PRD_699_packshot_v1.png,https://www.jaima-mark.net/SHOP/beam-015.html
PRD_700,흰배뜸부기 프리컵 갈색,シロハラクイナフリーカップ 茶（リニューアル）,비임(BEAM),REG_017,PRC_04,3726,"흰배뜸부기 프리컵 갈색은 이리오모테섬 비임파리 가마에서 만든 야치문 컵입니다. 갈색 바탕의 프리컵에 시로하라쿠이나를 손으로 그려 넣어 섬의 생물 이미지를 담았습니다. 모든 제품이 하나씩 수작업으로 만들어져 색상, 모양, 크기에 자연스러운 차이가 생깁니다.","음료용과 장식용을 겸할 수 있어 선물하기 좋고, 같은 시리즈의 색상을 비교해 고르면 좋음.",1,https://dzwpvqehwr7zl.cloudfront.net/omios/products/generated/_review/PRD_700/PRD_700_packshot_v1.png,https://www.jaima-mark.net/SHOP/beam-013.html
PRD_701,민사 무늬 프리컵,ミンサー柄フリーカップ 陶工房天竺,도공방 텐지쿠(陶工房天竺),REG_017,PRC_02,1268,민사 무늬 프리컵은 도공방 텐지쿠가 만든 야치문 컵입니다. 야에야마의 전통 문양인 민사는 '언제까지나 변치 않기를' 바라는 의미를 담는 무늬로 알려져 있습니다. 이 컵은 그 민사 무늬를 독자적인 컵 형태에 표현해 생활 식기에 지역 공예의 이야기를 더한 제품입니다.,민사 무늬 생활공예품은 짝 선물로도 좋아서 컵 색상과 크기를 맞춰 구매하면 좋음.,1,https://dzwpvqehwr7zl.cloudfront.net/omios/products/generated/_review/PRD_701/PRD_701_packshot_v1.png,https://www.jaima-mark.net/SHOP/009-001.html
PRD_702,이시가키 소금 180g,石垣の塩（180g）,이시가키의소금(株式会社石垣の塩),REG_017,PRC_01,730,이시가키 소금은 180그램 용량으로 구성되어 있습니다. 이 소금은 일본 최남단에 위치한 야에야마 제도의 메조 만 해수를 사용합니다. 섬사람들이 직접 만든 방식으로 맛과 풍미를 더한 것이 특징입니다. 해당 제품은 오키나와현 이시가키시에 소재한 회사에서 생산됩니다.,"가볍고 유통기한 부담이 적어 요리하는 사람에게 주기 좋고, 습기를 피해 보관하면 좋음.",1,https://thumbnail.image.rakuten.co.jp/@0_mall/shizenkan-genki/cabinet/os009/os9570.jpg?_ex=1024x1024,https://hb.afl.rakuten.co.jp/hgc/g00qeinn.16t5u9e8.g00qeinn.16t5vee2/?pc=https%3A%2F%2Fitem.rakuten.co.jp%2Fshizenkan-genki%2Fos1781%2F&m=http%3A%2F%2Fm.rakuten.co.jp%2Fshizenkan-genki%2Fi%2F10029529%2F&rafcid=wsc_i_is_b93111dd-e085-46a2-a75f-28c1ee5d2de6
PRD_703,생강 흑당,しょうが黒糖,시모지흑당가공소(有限会社下地黒糖加工所),REG_017,PRC_01,356,"오키나와산 생강과 흑당을 주재료로 만든 제품입니다. 이 상품은 깊고 달콤한 맛이 특징이며, 은은하면서도 풍부한 향을 느낄 수 있습니다. 오키나와의 신선한 재료가 어우러져 더욱 매력적인 풍미를 선사합니다.","가격이 낮고 가벼워 여러 봉지를 사기 좋으며, 생강 향을 좋아하는 사람에게 추천하기 좋음.",1,https://thumbnail.image.rakuten.co.jp/@0_mall/okinawaharuya/cabinet/09173267/imgrc0105748183.jpg?_ex=1024x1024,https://hb.afl.rakuten.co.jp/hgc/g00tkq5n.16t5uf3e.g00tkq5n.16t5v80f/?pc=https%3A%2F%2Fitem.rakuten.co.jp%2Fokinawaharuya%2F8767-01%2F&m=http%3A%2F%2Fm.rakuten.co.jp%2Fokinawaharuya%2Fi%2F10000064%2F&rafcid=wsc_i_is_b93111dd-e085-46a2-a75f-28c1ee5d2de6
PRD_704,땅콩 흑당,ピーナツ黒糖,시모지흑당가공소(有限会社下地黒糖加工所),REG_017,PRC_01,475,"땅콩 흑당은 땅콩과 이리오모테 섬산 흑설탕을 사용하여 만든 고소하고 진한 맛의 콩 과자입니다. 자연스러운 단맛과 풍부한 땅콩 향이 특징인 간식입니다. 바삭하게 구워낸 깊고 농후한 풍미가 일품이며, 가볍게 즐기는 간식이나 차와 함께 먹기 좋습니다.","봉지 간식이라 휴대가 쉽고, 견과류 알레르기가 있는 사람에게는 미리 확인하는 것이 좋음.",1,https://thumbnail.image.rakuten.co.jp/@0_mall/san-a/cabinet/04273376/imgrc0086426039.jpg?_ex=1024x1024,https://hb.afl.rakuten.co.jp/hgc/g00pybdn.16t5uab0.g00pybdn.16t5v672/?pc=https%3A%2F%2Fitem.rakuten.co.jp%2Fsan-a%2F4964038906535%2F&m=http%3A%2F%2Fm.rakuten.co.jp%2Fsan-a%2Fi%2F10003150%2F&rafcid=wsc_i_is_b93111dd-e085-46a2-a75f-28c1ee5d2de6
PRD_705,구운 쇼콜라 이시가키 소금 친스코 상자,焼きショコラ 石垣の塩ちんすこう 箱（2個入ｘ24袋）,미야기과자점(宮城菓子店),REG_017,PRC_03,2181,"구운 쇼콜라 이시가키 소금 친스코 상자는 미야기과자점의 초콜릿 친스코입니다. 초콜릿 맛 친스코에 이시가키 소금을 더해 단맛을 또렷하게 살리고, 구운 초코칩의 바삭한 식감을 넣은 것이 특징입니다. 2개씩 24봉으로 나뉜 상자 구성이라 전통 과자인 친스코를 쇼콜라 풍미로 즐기는 제품입니다.","개수가 많아 직장이나 학급 나눔용으로 좋고, 과자가 부서지지 않게 위쪽에 넣으면 좋음.",1,https://dzwpvqehwr7zl.cloudfront.net/omios/products/generated/_review/PRD_705/PRD_705_packshot_v1.png,https://ishigakitokusan.shop-pro.jp/?pid=183504585
PRD_706,야에야마 친스코 3종 봉지,八重山ちんすこう 3種類 袋 （2個入×15袋）,미야기과자점(宮城菓子店),REG_017,PRC_01,700,"야에야마 친스코 3종 봉지는 미야기과자점의 친스코 과자 구성입니다. 2개들이 봉지가 15봉 들어 있어 여러 맛의 친스코를 나누어 담은 형태입니다. 친스코는 오키나와를 대표하는 전통 구움과자로, 이 상품은 야에야마 지역 기념 과자 라인업으로 구성된 제품입니다.",가성비가 좋고 나눠 주기 쉬워 부담 없는 여행 과자 선물로 적합함.,1,https://dzwpvqehwr7zl.cloudfront.net/omios/products/generated/_review/PRD_706/PRD_706_packshot_v1.png,https://ishigakitokusan.shop-pro.jp/?pid=183504591
PRD_707,마린블루 작은 접시,小皿 マリンブルー 陶工房天竺,도공방 텐지쿠(陶工房天竺),REG_017,PRC_01,897,마린블루 작은 접시는 도공방 텐지쿠가 야에야마 바다의 푸른빛을 표현한 야치문 접시입니다. 깊고 맑은 해색을 떠올리게 하는 유약 색감이 특징입니다. 작은 접시 형태라 식탁 위에서 소량의 반찬이나 디저트를 담는 생활 식기로 쓰기 좋은 공예품입니다.,작은 접시는 여러 장을 사기 쉬우므로 같은 색감인지 비교하고 포장 간격을 확보하면 좋음.,1,https://dzwpvqehwr7zl.cloudfront.net/omios/products/generated/_review/PRD_707/PRD_707_packshot_v1.png,https://www.jaima-mark.net/SHOP/tenjiku-001.html
PRD_708,이시가키섬 엔젤 브라운 케이크,石垣島エンジェルブラウンケーキ,나하베이커리(那覇ベーカリー),REG_017,PRC_01,864,"이시가키섬 엔젤 브라운 케이크는 2013년 공항 개항을 기념하여 탄생한 케이크입니다. 나하베이커리에서 만든 이 케이크는 지역의 재료를 아낌없이 사용하여 만들었습니다. 특히 버터 대신 달콤한 흑설탕을 가득 넣은 것이 특징이며, 부드럽고 폭신한 식감이 일품입니다. 현지에서도 큰 인기를 얻고 있는 인기 간식거리입니다.","상자형 케이크라 눌리지 않게 챙기고, 커피와 함께 먹는 간식 선물로 좋음.",1,https://dzwpvqehwr7zl.cloudfront.net/omios/products/generated/_review/PRD_708/PRD_708_packshot_v1.png,https://ishigakitokusan.shop-pro.jp/?pid=183504595
PRD_709,이시가키섬 바나나 케이크,石垣島バナナケーキ,나하베이커리(那覇ベーカリー),REG_017,PRC_01,864,이시가키섬 바나나 케이크는 나하베이커리가 만드는 지역 밀착형 구움과자입니다. 바나나의 향과 과일 단맛이 살아 있는 촉촉하고 폭신한 파운드케이크 계열 상품으로 소개됩니다. 이시가키섬에서 이어 온 제과점의 남국 과일 이미지를 담은 케이크입니다.,"아이들도 먹기 쉬운 달콤한 케이크라 가족 선물로 무난하고, 상자가 눌리지 않게 포장하면 좋음.",1,https://dzwpvqehwr7zl.cloudfront.net/omios/products/generated/_review/PRD_709/PRD_709_packshot_v1.png,https://ishigakitokusan.shop-pro.jp/?pid=183504596
PRD_710,태양의 차 10포,太陽のお茶（10包）,하타사토(農業産業法人株式会社畑里),REG_017,PRC_01,918,"태양의 차 10포는 농업생산법인 하타사토가 만든 섬 허브 블렌드 티입니다. 울금, 구아바, 쿠미스크친, 월도 등 이시가키섬의 허브를 섞은 차로 소개됩니다. 3그램 티백 10포 구성이라, 여러 섬 허브의 향과 쌉싸래한 맛을 한 잔에 담은 제품입니다.","가볍고 깨질 걱정이 없어 여행 선물로 좋고, 따뜻한 물에 우려 마시는 방법을 함께 알려 주면 좋음.",1,https://thumbnail.image.rakuten.co.jp/@0_mall/shonantrend/cabinet/10-1.jpg?_ex=1024x1024,https://hb.afl.rakuten.co.jp/hgc/g00siryn.16t5u336.g00siryn.16t5vdec/?pc=https%3A%2F%2Fitem.rakuten.co.jp%2Fshonantrend%2Fharb03%2F&m=http%3A%2F%2Fm.rakuten.co.jp%2Fshonantrend%2Fi%2F10002223%2F&rafcid=wsc_i_is_b93111dd-e085-46a2-a75f-28c1ee5d2de6
PRD_711,월도차 10포,月桃茶（10包）,하타사토(農業産業法人株式会社畑里),REG_017,PRC_01,918,"월도차 10포는 농업생산법인 하타사토의 월도 허브티입니다. 월도는 오키나와에서 산닌으로도 불리며, 잎을 떡을 싸거나 생활 속 향초처럼 활용해 온 식물입니다. 이 상품은 3그램 티백 10포 구성으로, 월도 특유의 향과 식물성 풍미를 간편하게 우려 마시는 차입니다.","향이 선명한 차라 허브티를 좋아하는 사람에게 적합하고, 습기를 피해서 보관하면 좋음.",1,https://thumbnail.image.rakuten.co.jp/@0_mall/shonantrend/cabinet/10gettou.jpg?_ex=1024x1024,https://hb.afl.rakuten.co.jp/hgc/g00siryn.16t5u336.g00siryn.16t5vdec/?pc=https%3A%2F%2Fitem.rakuten.co.jp%2Fshonantrend%2Fharb05%2F&m=http%3A%2F%2Fm.rakuten.co.jp%2Fshonantrend%2Fi%2F10002225%2F&rafcid=wsc_i_is_b93111dd-e085-46a2-a75f-28c1ee5d2de6
PRD_712,망고 주스,マンゴージュース,가비라팜(株式会社川平ファーム),REG_017,PRC_02,1728,"망고 주스는 이시가키섬 가비라팜의 500밀리리터 과일 주스입니다. 망고와 소량의 그래뉴당만으로 만들며, 알폰소종과 카라바오종 망고를 블렌드해 진한 과일 향을 냅니다. 걸쭉한 질감과 충분한 단맛, 깔끔한 뒷맛이 특징인 남국 과일 음료입니다.","병 음료라 무게와 파손에 주의하고, 남국 과일 선물을 찾는 사람에게 좋음.",1,https://thumbnail.image.rakuten.co.jp/@0_mall/nakae/cabinet/img014/4908838112109-2c.jpg?_ex=1024x1024,https://hb.afl.rakuten.co.jp/hgc/g00pifhn.16t5u4b4.g00pifhn.16t5v646/?pc=https%3A%2F%2Fitem.rakuten.co.jp%2Fnakae%2F4908838112109-2c%2F&m=http%3A%2F%2Fm.rakuten.co.jp%2Fnakae%2Fi%2F10024783%2F&rafcid=wsc_i_is_b93111dd-e085-46a2-a75f-28c1ee5d2de6
PRD_713,민사 무늬 류큐유리 록글라스 파랑,ミンサー入り琉球ガラス／ロックグラス 青,류큐유리(琉球ガラス),REG_017,PRC_02,1768,이 제품은 불어 유리 기법을 사용하여 제작되었습니다. 잔에는 물결 모양과 같은 금이 간 무늬가 특징적으로 들어가 있습니다. 여기에 민사 문양의 깎인 장식이 더해져 디자인적 포인트를 주었습니다. 전체적으로 아름다운 색감의 류큐 유리 재질로 만들어진 록글라스입니다.,"유리잔은 기포와 색 차이가 매력이라 실물을 보고 고르고, 반드시 완충 포장을 요청해야 함.",1,https://dzwpvqehwr7zl.cloudfront.net/omios/products/generated/_review/PRD_713/PRD_713_packshot_v1.png,https://www.jaima-mark.net/SHOP/rg006.html
PRD_714,이시가키섬 허브티 로젤,石垣島ハーブティー・ローゼル,이시가키시특산품판매센터(石垣市特産品販売センター),REG_017,PRC_01,580,이시가키섬 허브티 로젤은 농장에서 수확한 하이비스커스 로젤을 건조한 스트레이트 티입니다. 로젤 특유의 루비 레드 색과 산뜻한 산미가 특징입니다. 이시가키섬의 허브 원료를 단순하게 말려 차로 만든 제품이라 식물의 색과 향이 또렷하게 드러납니다.,"부피가 작고 가벼워 차 선물로 좋으며, 신맛이 있는 허브티인지 미리 설명하면 좋음.",1,https://thumbnail.image.rakuten.co.jp/@0_mall/nauhiaherb/cabinet/imgrc0098734974.jpg?_ex=1024x1024,https://hb.afl.rakuten.co.jp/hgc/g00tnben.16t5u3b3.g00tnben.16t5ve0f/?pc=https%3A%2F%2Fitem.rakuten.co.jp%2Fnauhiaherb%2Fpf1jg2c0wqa%2F&m=http%3A%2F%2Fm.rakuten.co.jp%2Fnauhiaherb%2Fi%2F10000067%2F&rafcid=wsc_i_is_b93111dd-e085-46a2-a75f-28c1ee5d2de6
PRD_715,야에야마 클로렐라 알 620정,八重山クロレラ粒 620粒,야에야마식산(八重山殖産株式会社),REG_017,PRC_06,5800,"야에야마식산에서 선보이는 제품으로, 건강 관리를 위한 야에야마 클로렐라 알입니다. 주원료인 클로렐라는 건강을 지원하는 데 도움을 줄 수 있습니다. 본 제품은 총 620정(124그램)의 내용량으로 구성되어 있어 꾸준히 섭취하기 좋습니다.","건강식품은 복용 대상과 성분을 확인하고, 장기 보관용 선물로 고르면 좋음.",1,https://thumbnail.image.rakuten.co.jp/@0_mall/shimanoya/cabinet/item/euglena/yaeyamachlorella-01.jpg?_ex=1024x1024,https://hb.afl.rakuten.co.jp/hgc/53033622.7bbb75b6.53033623.c98a76f0/?pc=https%3A%2F%2Fitem.rakuten.co.jp%2Fshimanoya%2Fyaeyama-chchlorella%2F&m=https%3A%2F%2Fitem.rakuten.co.jp%2Fshimanoya%2Fyaeyama-chchlorella%2F
PRD_716,민사 꽃병받침 소형 니라이카나이,花瓶敷（小）・ニライカナイ,아자미야(あざみ屋),REG_017,PRC_02,1100,"이 꽃병받침은 아자미야에서 선보이는 소형 니라이카나이 디자인의 제품입니다. 이곳은 야에야마의 푸른 바다와 하늘, 그리고 신들이 사는 곳인 '니라이카나이'를 주제로 했습니다. 니라이카나이는 곧 '낙원'을 의미하며, 이러한 아름다운 풍경을 민사 직조 기법으로 표현했습니다.","납작하고 가벼워 여행 가방에 넣기 쉽고, 식품이 아닌 오래 남는 기념품으로 좋음.",1,https://thumbnail.image.rakuten.co.jp/@0_mall/minsah54/cabinet/07257179/k01/tcc-s01.jpg?_ex=1024x1024,https://hb.afl.rakuten.co.jp/hgc/g00tpb2n.16t5ue09.g00tpb2n.16t5v8d2/?pc=https%3A%2F%2Fitem.rakuten.co.jp%2Fminsah54%2Ftcc-s%2F&m=http%3A%2F%2Fm.rakuten.co.jp%2Fminsah54%2Fi%2F10000086%2F&rafcid=wsc_i_is_b93111dd-e085-46a2-a75f-28c1ee5d2de6
PRD_717,민사 유이주머니 미니 노보탄,結ふくろ(ミニ) 野牡丹,아자미야(あざみ屋),REG_017,PRC_03,2200,"민사 유이주머니 미니 노보탄은 아자미야가 만든 작은 민사 직물 주머니입니다. 노보탄 디자인을 적용한 미니 사이즈로, 작은 소품을 담는 용도에 맞춘 제품입니다. 야에야마의 민사 직조 전통을 일상적인 파우치 형태로 옮긴 잡화입니다.","액세서리나 동전 보관용으로 실용적이고, 색과 무늬를 직접 보고 고르면 만족도가 높음.",1,https://dzwpvqehwr7zl.cloudfront.net/omios/products/generated/_review/PRD_717/PRD_717_packshot_v1.png,https://ishigakitokusan.shop-pro.jp/?pid=183504738
PRD_718,민사 무늬 류큐유리 록글라스 빨강,ミンサー入り琉球ガラス／ロックグラス 赤,류큐유리(琉球ガラス),REG_017,PRC_02,1901,"민사 무늬 류큐유리 록글라스 빨강은 불어유리 기법으로 만든 붉은 계열의 류큐유리 잔입니다. 표면에는 잔물결 같은 균열 무늬가 들어가고, 그 위에 민사 무늬를 깎아 넣어 장식성을 더했습니다. 류큐유리의 색감과 야에야마 민사 문양을 함께 담은 생활 공예품입니다.","파란색 제품과 함께 세트로 고르기 좋고, 기내보다 단단히 싸서 위탁 수하물에 넣는 편이 안전함.",1,https://dzwpvqehwr7zl.cloudfront.net/omios/products/generated/_review/PRD_718/PRD_718_packshot_v1.png,https://www.jaima-mark.net/SHOP/rg005.html
PRD_719,이시가키섬 월도수,石垣島月桃水,선샤토(サンシャトー),REG_017,PRC_01,968,"이시가키섬 월도수는 산샤토의 월도 플로럴 워터입니다. 월도 잎에서 정유를 추출하는 증류 과정에서 얻는 향기 성분의 물로, 별도의 첨가물을 쓰지 않은 순수한 제품으로 소개됩니다. 100밀리리터 구성의 룸 스프레이용 상품으로, 월도의 풀잎 같은 향을 공간에 가볍게 남기는 제품입니다.","액체 화장품이라 기내 반입 용량을 확인하고, 향에 민감한 사람에게는 먼저 설명하는 것이 좋음.",1,https://thumbnail.image.rakuten.co.jp/@0_mall/nauhiaherb/cabinet/10337428/g500x37060.jpg?_ex=1024x1024,https://hb.afl.rakuten.co.jp/hgc/g00tnben.16t5u3b3.g00tnben.16t5ve0f/?pc=https%3A%2F%2Fitem.rakuten.co.jp%2Fnauhiaherb%2Fgtjyouryu1%2F&m=http%3A%2F%2Fm.rakuten.co.jp%2Fnauhiaherb%2Fi%2F10000015%2F&rafcid=wsc_i_is_b93111dd-e085-46a2-a75f-28c1ee5d2de6
PRD_720,이시가키섬 월도 에센셜오일,石垣島月桃 エッセンシャルオイル,선샤토(サンシャトー),REG_017,PRC_04,3630,이시가키섬 월도 에센셜오일은 산샤토가 월도 잎에서 추출한 5밀리리터 향 오일입니다. 많은 양의 잎에서 소량만 얻어지는 성분으로 소개되는 제품입니다. 월도 특유의 청량하고 식물적인 향을 아로마 램프 등 방향 용도로 사용하는 향 제품입니다.,작지만 향이 강한 제품이라 사용법과 희석 필요 여부를 확인해 선물하면 좋음.,1,https://thumbnail.image.rakuten.co.jp/@0_mall/misa-image/cabinet/item/imgrc0072142400.jpg?_ex=1024x1024,https://hb.afl.rakuten.co.jp/hgc/g00tnxhn.16t5u1a0.g00tnxhn.16t5vac5/?pc=https%3A%2F%2Fitem.rakuten.co.jp%2Fmisa-image%2Fget_aloma%2F&m=http%3A%2F%2Fm.rakuten.co.jp%2Fmisa-image%2Fi%2F10000112%2F&rafcid=wsc_i_is_b93111dd-e085-46a2-a75f-28c1ee5d2de6
PRD_721,배스 더 바캉스 나이트재스민 향,Bath the Vacance ナイトジャスミンの香り,이시가키시상공회프래그런스위원회(石垣市商工会フレグランス委員会),REG_017,PRC_01,352,배스 더 바캉스 나이트재스민 향은 이시가키시상공회 프래그런스위원회의 탄산 입욕제입니다. 오키나와 야에야마 제도의 자연을 욕실 향으로 표현한 배스 더 바캉스 라인업입니다. 나이트재스민 향은 밤의 촉촉한 공기처럼 달콤하고 농밀한 향조를 앞세워 남국의 정서를 담은 제품입니다.,"가볍고 가격 부담이 낮아 여러 향을 함께 사기 좋고, 향 취향을 고려해 고르면 좋음.",1,https://dzwpvqehwr7zl.cloudfront.net/omios/products/generated/_review/PRD_721/PRD_721_packshot_v1.png,https://ishigakitokusan.shop-pro.jp/?pid=183504756
PRD_722,배스 더 바캉스 시콰사 향,Bath the Vacance シークヮーサーの香り,이시가키시상공회프래그런스위원회(石垣市商工会フレグランス委員会),REG_017,PRC_01,352,"배스 더 바캉스 시콰사 향은 이시가키시상공회 프래그런스위원회의 탄산 입욕제입니다. 배스 더 바캉스는 오키나와 야에야마 제도의 자연을 향으로 담은 목욕 제품 라인입니다. 시콰사 향은 강한 산미가 있는 오키나와 감귤의 이미지를 바탕으로, 산뜻하고 깔끔한 시트러스 계열 향을 특징으로 합니다.","식품을 피하고 싶은 선물에 좋고, 향 제품이라 받는 사람의 향 선호를 확인하면 좋음.",1,https://dzwpvqehwr7zl.cloudfront.net/omios/products/generated/_review/PRD_722/PRD_722_packshot_v1.png,https://ishigakitokusan.shop-pro.jp/?pid=183504757
PRD_723,2026년판 야에야마 수첩,2026年版 八重山手帳,난잔샤(南山舎),REG_017,PRC_02,1980,"2026년판 야에야마 수첩은 1987년부터 이어져 온 야에야마 지역 플래너의 최신판입니다. 39년째 발행되는 수첩으로, 야에야마의 생활 정보와 지역 감성을 담아 매년 개량되어 왔습니다. 2026년판은 천문 현상 일러스트, 야에야마 속담, 계절 구분도, 토도 칸 확대 등 실용 요소를 보강한 리뉴얼판입니다.","연도형 상품이라 사용 시기를 확인하고, 현지 지도를 자주 보는 여행자에게 선물하기 좋음.",1,https://dzwpvqehwr7zl.cloudfront.net/omios/products/generated/_review/PRD_723/PRD_723_packshot_v1.png,https://www.jaima-mark.net/SHOP/book-tetyou02-2026.html
PRD_724,다케토미섬 다카나여관 피야시,竹富島 高那旅館の「ぴーやし」,다카나여관(高那旅館),REG_017,PRC_02,1350,"다케토미섬 다카나여관의 피야시는 후추와는 다른 매콤한 향과 독특한 풍미를 지닌 섬 조미료입니다. 피야시는 야에야마 지역에서 쓰이는 향신료 계열 상품으로, 음식에 스파이시한 향을 더하는 데 어울립니다. 다케토미섬의 오래된 여관 이름을 달고 있어 지역 식문화의 이야기가 함께 담긴 제품입니다.","후추와 다른 향이 있어 향신료를 즐기는 사람에게 좋고, 작은 병이라 휴대가 편함.",1,https://dzwpvqehwr7zl.cloudfront.net/omios/products/generated/_review/PRD_724/PRD_724_packshot_v1.png,https://www.jaima-mark.net/SHOP/041-001.html
PRD_725,요네코야키 시사 와하 소형,シーサー （ワッハS）,요네코야키공방(米子焼工房),REG_017,PRC_03,2310,"요네코야키공방의 오리지널 작품인 이 시사는 보는 이에게 편안함과 치유되는 느낌을 선사합니다. 찰흙으로 제작된 시사를 1,100도의 고온에서 구워내어 견고함을 더했습니다. 이후 요네코야키공방 특유의 여유롭고 조화로운 색감으로 여러 번 덧칠하여 독특하고 아름다운 분위기를 완성하였습니다.","깨질 수 있는 도자기라 전용 완충 포장을 요청하고, 식품이 아닌 오래 남는 기념품으로 좋음.",1,https://thumbnail.image.rakuten.co.jp/@0_mall/okinawa-takarajima/cabinet/zakka/mifaiyou-blue.jpg?_ex=1024x1024,https://hb.afl.rakuten.co.jp/hgc/53033622.7bbb75b6.53033623.c98a76f0/?pc=https%3A%2F%2Fitem.rakuten.co.jp%2Fokinawa-takarajima%2F06727095%2F&m=https%3A%2F%2Fitem.rakuten.co.jp%2Fokinawa-takarajima%2F06727095%2F
PRD_726,요네코야키 초록 태양 가면,面太陽 緑,요네코야키공방(米子焼工房),REG_017,PRC_06,11880,"이 시사 가면은 점토를 사용하여 제작된 공예품입니다. 먼저 1,100도의 고온에서 구워내어 견고함을 더했습니다. 이후 요네코야키공방 특유의 여유롭고 조화로운 색감을 여러 번 덧칠하는 과정을 거쳐 완성되었습니다. 독특하고 부드러운 색조가 특징인 이 가면은 공방만의 개성과 장인의 손길이 담긴 작품입니다.",벽 장식용으로 존재감이 커서 구매 전 크기와 포장 박스 상태를 확인하는 것이 좋음.,1,https://thumbnail.image.rakuten.co.jp/@0_mall/auc-okinawakariyushi/cabinet/00830888/img66080083.jpg?_ex=1024x1024,https://hb.afl.rakuten.co.jp/hgc/g00qknfn.16t5ua17.g00qknfn.16t5vee0/?pc=https%3A%2F%2Fitem.rakuten.co.jp%2Fauc-okinawakariyushi%2Ft-3021%2F&m=http%3A%2F%2Fm.rakuten.co.jp%2Fauc-okinawakariyushi%2Fi%2F10001059%2F&rafcid=wsc_i_is_b93111dd-e085-46a2-a75f-28c1ee5d2de6
PRD_727,난잔샤 오리지널 섬문자 스티커 네 종류,【南山舎オリジナル】島もじステッカー ４種類,난잔샤(南山舎),REG_017,PRC_01,300,"난잔샤 오리지널 섬문자 스티커 네 종류는 야에야마의 섬 문자를 그래픽으로 옮긴 스티커 세트입니다. 새로 제작된 문자 스티커 4종으로, 지역 출판사 난잔샤의 감각을 담은 잡화입니다. 수첩이나 소품에 붙이기 좋은 작은 상품이면서 야에야마 팬 문화와 지역성을 함께 보여줍니다.","작고 가벼운 잡화라 여러 장을 사기 좋고, 노트북이나 캐리어 꾸미기용 선물로 무난함.",1,https://dzwpvqehwr7zl.cloudfront.net/omios/products/generated/_review/PRD_727/PRD_727_packshot_v1.png,https://www.jaima-mark.net/SHOP/sticker012.html
PRD_728,꽃의 대륙 협업 티셔츠,花の大陸コラボＴシャツ by南山舎×イチグスクモード,이치구스쿠모드(イチグスクモード),REG_017,PRC_05,4400,"꽃의 대륙 협업 티셔츠는 남산사와 이치구스쿠모드가 함께 만든 콜라보레이션 의류입니다. 꽃의 대륙을 테마로 한 디자인을 티셔츠에 담았고, 흰색과 검은색 두 가지 색상으로 구성됩니다. 소형부터 대형까지 다양한 사이즈가 구성되어 있어 일상복처럼 입기 좋습니다. 지역 브랜드 협업의 의미를 담은 야에야마 계열 기념품 성격의 상품입니다.",의류는 사이즈 재고가 빨리 달라질 수 있어 색상과 치수를 확인하고 구매하는 것이 좋음.,1,https://dzwpvqehwr7zl.cloudfront.net/omios/products/generated/_review/PRD_728/PRD_728_packshot_v1.png,https://www.jaima-mark.net/SHOP/T_hanatai.html
PRD_729,이리오모테섬 에코투어리즘협회 오리지널 손수건 다섯 종류,西表島エコツーリズム協会オリジナルてぬぐい ５種,이리오모테섬 에코투어리즘협회(西表島エコツーリズム協会),REG_017,PRC_02,1400,"이리오모테섬 에코투어리즘협회 오리지널 손수건 다섯 종류는 협회가 만든 테누구이 라인업입니다. 이리오모테섬의 자연과 생태 관광 이미지를 담은 천 손수건으로, 다섯 가지 디자인으로 전개되는 상품입니다. 섬의 자연 보전과 여행 문화가 연결된 지역 잡화입니다.","천 제품이라 깨질 걱정이 없고, 자연 보호나 섬 여행을 좋아하는 사람에게 주기 좋음.",1,https://dzwpvqehwr7zl.cloudfront.net/omios/products/generated/_review/PRD_729/PRD_729_packshot_v1.png,https://www.jaima-mark.net/SHOP/ireco007.html
PRD_730,이리오모테섬 손기술첩 이호,西表島手わざ帖#2 わら・竹・すすき,이리오모테섬 에코투어리즘협회(西表島エコツーリズム協会),REG_017,PRC_01,817,"이리오모테섬 손기술첩 2호는 짚, 대나무, 스스키를 다루는 섬의 수공예를 기록한 책입니다. 짚신처럼 널리 알려진 생활용품부터 이리오모테섬 특유의 재료 활용 방식까지 소개합니다. 풍요로운 자연에서 이어진 손기술과 생활문화를 책자 형태로 남긴 지역 기록물입니다.",책자는 가볍고 훼손 우려가 적어 공예나 민속문화에 관심 있는 사람에게 알맞음.,1,https://dzwpvqehwr7zl.cloudfront.net/omios/products/generated/_review/PRD_730/PRD_730_packshot_v1.png,https://www.jaima-mark.net/SHOP/ireco005.html
PRD_731,후코라사 타월 핑크,ふこらさタオル ピンク,후코라사타월(ふこらさタオル),REG_017,PRC_02,1100,"후코라사 타월 핑크는 야에야마의 오메데타이(경사스러운) 문양들을 가득 수놓은 타월입니다. 카지마야, 민서 무늬, 부부가스리 등 다양한 패턴들이 곳곳에 배치되어 있습니다. 이처럼 여러 가지 의미를 담은 야에야마의 전통적인 아름다움을 느낄 수 있는 제품입니다.",섬유 제품이라 부피가 작고 깨질 걱정이 없어 짐이 많은 여행 마지막 날에도 사기 좋음.,1,https://dzwpvqehwr7zl.cloudfront.net/omios/products/generated/_review/PRD_731/PRD_731_packshot_v1.png,https://www.jaima-mark.net/SHOP/000-001.html
PRD_732,야에야마 캐릭터 핸드타월,八重山キャラクターハンドタオル,야에야마캐릭터(八重山キャラクター),REG_017,PRC_01,900,"야에야마 캐릭터 핸드타월은 야에야마의 섬 캐릭터를 담은 작은 타월입니다. 손을 닦거나 가볍게 휴대하기 좋은 생활 잡화 형태로, 지역 캐릭터의 친근한 이미지를 전면에 둔 상품입니다. 야에야마 타월 라인업 안에서 여행지의 분위기를 일상용품으로 옮긴 제품입니다.",아이들이나 캐릭터 굿즈를 좋아하는 사람에게 부담 없는 선물로 고르기 좋음.,1,https://dzwpvqehwr7zl.cloudfront.net/omios/products/generated/_review/PRD_732/PRD_732_packshot_v1.png,https://www.jaima-mark.net/SHOP/handtowel.html
PRD_733,앙가마 부부 록글라스,ロックグラス／アンガマ夫妻 【石垣島】,차그(CHAG),REG_017,PRC_01,922,"앙가마 부부 록글라스는 이시가키섬 캐릭터 '앙가마 부부'를 담은 난잔샤 오리지널 유리잔입니다. 앙가마는 야에야마의 전통 행사 이미지를 떠올리게 하는 캐릭터로, 컵 디자인에 지역의 익살스러운 분위기를 더합니다. 록글라스 형태라 음료용으로 쓰면서 이시가키섬의 캐릭터 문화를 함께 즐기는 잡화입니다.","캐릭터 유리잔은 그림이 잘 보이는지 확인하고, 깨짐 방지를 위해 단독 포장을 요청하는 것이 좋음.",1,https://dzwpvqehwr7zl.cloudfront.net/omios/products/generated/_review/PRD_733/PRD_733_packshot_v1.png,https://www.jaima-mark.net/SHOP/chag01.html
PRD_734,시사 형제 록글라스,ロックグラス／シーサー兄弟 【竹富島】,차그(CHAG),REG_017,PRC_01,922,시사 형제 록글라스는 다케토미섬 캐릭터 '시사 형제'를 그려 넣은 난잔샤 오리지널 잔입니다. 오키나와의 수호 동물 시사 이미지를 귀여운 형제 캐릭터로 풀어낸 디자인이 특징입니다. 다케토미섬의 밝은 여행지 감성을 일상 컵에 담은 지역 캐릭터 상품입니다.,섬별 캐릭터 시리즈는 받는 사람의 여행 취향에 맞춰 섬을 골라 사면 더 의미가 있음.,1,https://dzwpvqehwr7zl.cloudfront.net/omios/products/generated/_review/PRD_734/PRD_734_packshot_v1.png,https://www.jaima-mark.net/SHOP/chag02.html
PRD_735,야에야마 클로렐라 알 300정,八重山クロレラ粒 300粒,야에야마식산(八重山殖産株式会社),REG_017,PRC_04,3780,"야에야마 클로렐라 알 300정은 야에야마식산의 클로렐라 정제 상품입니다. 300정 구성의 알약 형태라 보관과 섭취가 간편한 건강식품 계열 제품입니다. 같은 브랜드의 620정 제품보다 작은 용량으로, 야에야마 클로렐라를 일상적으로 접하기 쉬운 구성입니다.","큰 병이 부담스러울 때 고르기 좋고, 건강식품은 복용 중인 약과 함께 확인하고 선물하면 안전함.",1,https://thumbnail.image.rakuten.co.jp/@0_mall/reko/cabinet/chrollera/imgrc0086012690.jpg?_ex=1024x1024,https://hb.afl.rakuten.co.jp/hgc/g00t795n.16t5u2a9.g00t795n.16t5v542/?pc=https%3A%2F%2Fitem.rakuten.co.jp%2Freko%2Fchlorella-bottle%2F&m=http%3A%2F%2Fm.rakuten.co.jp%2Freko%2Fi%2F10000020%2F&rafcid=wsc_i_is_b93111dd-e085-46a2-a75f-28c1ee5d2de6
PRD_736,카프 갓파에비센 카프소스맛,カープかっぱえびせん(カープソース味),가루비(カルビー),REG_018,PRC_01,810,카프 갓파에비센 카프소스맛은 히로시마 도요 카프 이미지를 담은 지역 한정 스낵입니다. 새우 스낵 갓파에비센에 히로시마식 소스 풍미를 더한 맛으로 소개됩니다. 야구단 캐릭터성과 히로시마 소스 문화를 함께 엮은 간식 상품입니다.,"가볍고 소포장이라 나눠 주기 좋고, 야구를 좋아하는 사람에게 특히 반응이 좋음.",1,https://dzwpvqehwr7zl.cloudfront.net/omios/products/generated/_review/PRD_736/PRD_736_packshot_v1.png,https://shop.tau-hiroshima.jp/products/detail/16787
PRD_737,세토우치 레몬농원 드레싱,瀬戸内レモン農園ドレッシング,야마토푸즈(ヤマトフーズ株式会社),REG_018,PRC_01,540,야마토푸즈의 세토우치 레몬농원 드레싱은 자체 제작한 간장(쇼유)을 베이스로 만들었습니다. 여기에 곱게 갈아 넣은 국내산 양파와 상큼하면서도 은은하게 쌉싸름한 맛이 특징인 세토우치 레몬 필을 더했습니다. 이 모든 재료가 어우러져 깊고 풍미 가득한 드레싱으로 완성되었습니다.,"병 조미료라 누수 방지 포장을 하고, 샐러드나 생선요리를 자주 먹는 사람에게 좋음.",1,https://thumbnail.image.rakuten.co.jp/@0_mall/setouchilemon-nouen/cabinet/08324377/imgrc0089166435.jpg?_ex=1024x1024,https://hb.afl.rakuten.co.jp/hgc/g00t5n6n.16t5u04f.g00t5n6n.16t5v1b3/?pc=https%3A%2F%2Fitem.rakuten.co.jp%2Fsetouchilemon-nouen%2F10000165%2F&m=http%3A%2F%2Fm.rakuten.co.jp%2Fsetouchilemon-nouen%2Fi%2F10000165%2F&rafcid=wsc_i_is_b93111dd-e085-46a2-a75f-28c1ee5d2de6
PRD_738,붕장어 산초 솥밥 소스,穴子と実山椒のまぜる釜めしの素,스이신(株式会社酔心),REG_018,PRC_02,1500,붕장어 산초 솥밥 소스는 붕장어와 실산초를 넣어 밥에 섞는 가마메시용 재료입니다. 히로시마에서 친숙한 붕장어의 감칠맛에 산초 열매의 향긋한 매운맛을 더한 구성이 특징입니다. 밥과 함께 섞어 조리하면 해산물의 고소함과 산초 향이 살아나는 솥밥을 만들 수 있는 상품입니다.,"쌀과 함께 조리하는 제품이라 요리를 즐기는 사람에게 좋고, 조리법을 함께 알려 주면 좋음.",1,https://dzwpvqehwr7zl.cloudfront.net/omios/products/generated/_review/PRD_738/PRD_738_packshot_v1.png,https://shop.tau-hiroshima.jp/products/detail/16774
PRD_739,오노미치 라멘 마루보시 2식 상자,箱入 尾道ラーメン丸ぼし 2食,소라(有限会社空),REG_018,PRC_01,864,오노미치 라멘 마루보시 2식 상자는 간장 베이스 국물과 등지방의 단맛을 조합한 오노미치 라멘 상품입니다. 깊은 다시와 등지방이 어우러진 스프에 평타면을 맞춘 왕도 스타일로 소개됩니다. 2식 상자 구성이라 오노미치 라멘의 진한 간장 풍미를 집에서 끓여 먹는 제품입니다.,"상온 면류라 휴대가 편하고, 라멘을 좋아하는 사람에게 부담 없는 선물로 좋음.",1,https://dzwpvqehwr7zl.cloudfront.net/omios/products/generated/_review/PRD_739/PRD_739_packshot_v1.png,https://shop.tau-hiroshima.jp/products/detail/16772
PRD_740,히로시마나 다시마,広島菜こんぶ,사사키도시로상점(有限会社佐々木敏郎商店),REG_018,PRC_01,432,"히로시마의 전통 채소인 '히로시마나'를 주재료로 사용했습니다. 이 제품은 다시마의 깊은 감칠맛과 히로시마나 특유의 풍미가 조화롭게 어우러진 것이 특징입니다. 재료 본연의 향과 아삭한 식감을 살린 소박하면서도 깊은 맛을 느낄 수 있습니다. 또한, 짠맛과 다시의 균형에 세심하게 신경 써서 정성껏 완성된 제품입니다.","작은 반찬류라 여러 개 사기 좋고, 흰밥을 자주 먹는 사람에게 실용적인 선물임.",1,https://thumbnail.image.rakuten.co.jp/@0_mall/yamatoyo/cabinet/shouhin/14641-1.jpg?_ex=1024x1024,https://hb.afl.rakuten.co.jp/hgc/g00s48hn.16t5ua28.g00s48hn.16t5v915/?pc=https%3A%2F%2Fitem.rakuten.co.jp%2Fyamatoyo%2Fhiroshimana_kelp%2F&m=http%3A%2F%2Fm.rakuten.co.jp%2Fyamatoyo%2Fi%2F10000653%2F&rafcid=wsc_i_is_b93111dd-e085-46a2-a75f-28c1ee5d2de6
PRD_741,직화솥 생강홍차,直火釜炊き生姜紅茶,준세이식품마루시마(株式会社純正食品マルシマ),REG_018,PRC_01,378,직화솥 생강홍차는 생강과 홍차를 직화솥으로 끓여 만든 차 상품입니다. 생강의 따뜻한 향과 홍차의 떫은맛이 어우러져 겨울 음료 같은 인상을 냅니다. 히로시마 브랜드샵의 식품 라인업에 포함된 간편한 생강 홍차입니다.,"몸을 따뜻하게 하는 차 선물로 좋고, 가벼워 겨울철 지인 선물로 여러 개 고르기 좋음.",1,https://thumbnail.image.rakuten.co.jp/@0_mall/keiyushop/cabinet/marusima/6361.jpg?_ex=1024x1024,https://hb.afl.rakuten.co.jp/hgc/g00qofqn.16t5uc3f.g00qofqn.16t5vf6b/?pc=https%3A%2F%2Fitem.rakuten.co.jp%2Fkeiyushop%2Fj006361-ju%2F&m=http%3A%2F%2Fm.rakuten.co.jp%2Fkeiyushop%2Fi%2F10016920%2F&rafcid=wsc_i_is_b93111dd-e085-46a2-a75f-28c1ee5d2de6
PRD_742,무인도 유기농 레몬과즙,無人島育ちのオーガニックレモン果汁,에비스농원(エビス農園),REG_018,PRC_02,1058,무인도 유기농 레몬과즙은 사람이 살지 않는 섬에서 자란 유기농 레몬을 짜 만든 과즙 상품입니다. 레몬의 산미와 향을 그대로 쓰기 좋은 액상 형태라 음식이나 음료에 더하기 쉽습니다. 세토우치 레몬 산지 이미지를 담은 히로시마 지역 식품입니다.,"요리와 음료에 두루 쓰이는 제품이라 실용적이고, 병 파손 방지 포장을 챙기면 좋음.",1,https://dzwpvqehwr7zl.cloudfront.net/omios/products/generated/_review/PRD_742/PRD_742_packshot_v1.png,https://shop.tau-hiroshima.jp/products/detail/16762
PRD_743,세토우치 레몬 무절임,瀬戸内レモン大根,사사키도시로상점(有限会社佐々木敏郎商店),REG_018,PRC_01,432,"세토우치산 무농약 레몬을 통째로 사용하고 껍질까지 활용한 무절임 스타일의 반찬입니다. 상큼한 산미와 향이 가득 퍼지는 것이 특징입니다. 대근 특유의 아삭한 식감을 유지하기 위해 밑처리 과정과 절이는 시간에 세심한 노력을 기울였습니다. 또한, 레몬 본연의 풍미를 해치지 않도록 간을 맞추는 과정에도 많은 배려를 더해 완성했습니다.","절임류는 향이 새지 않게 한 번 더 포장하고, 식사 반찬 선물로 고르면 좋음.",1,https://thumbnail.image.rakuten.co.jp/@0_mall/seijoishii/cabinet/image_496/4960324132749_m1.jpg?_ex=1024x1024,https://hb.afl.rakuten.co.jp/hgc/g00r2eln.16t5u053.g00r2eln.16t5v67c/?pc=https%3A%2F%2Fitem.rakuten.co.jp%2Fseijoishii%2F4960324132749%2F&m=http%3A%2F%2Fm.rakuten.co.jp%2Fseijoishii%2Fi%2F10046094%2F&rafcid=wsc_i_is_b93111dd-e085-46a2-a75f-28c1ee5d2de6
PRD_744,요리장의 고기 양념,コワモテ料理長の俺の肉たれ,크레이튼베이호텔(株式会社総合センター クレイトンベイホテル),REG_018,PRC_01,810,"요리장의 고기 양념은 구레시 클레이턴베이호텔의 일본요리장 다카바야시가 만든 고기용 만능 소스입니다. 생강, 된장, 풋고추를 바탕으로 한 펀치 있는 맛이 특징이며, 찍거나 뿌리거나 볶는 방식에 맞는 고기 양념으로 소개됩니다. 호텔 조리장의 캐릭터와 레시피 감각을 상품화한 384그램 조미 소스입니다.",바비큐나 구이 요리에 쓰기 좋아 고기를 즐기는 사람에게 선물하면 활용도가 높음.,1,https://dzwpvqehwr7zl.cloudfront.net/omios/products/generated/_review/PRD_744/PRD_744_packshot_v1.png,https://shop.tau-hiroshima.jp/products/detail/16750
PRD_745,세토우치 레몬크림 모미지 4개입,瀬戸内レモンクリームもみじ4個入,야마다야(やまだ屋),REG_018,PRC_01,670,세토우치 레몬크림 모미지 4개입은 야마다야의 레몬 크림 모미지 만주입니다. 세토우치산 레몬의 향과 산미를 살린 크림을 단풍잎 모양 카스텔라 반죽 안에 넣은 제품입니다. 전통적인 히로시마 모미지 만주를 상큼한 감귤 크림 맛으로 변주한 4개입 과자입니다.,"4개입이라 소규모 선물에 좋고, 크림 맛 과자라 직사광선을 피해서 보관하면 좋음.",1,https://thumbnail.image.rakuten.co.jp/@0_mall/momiji-yamadaya/cabinet/proimg/2023th2/th_lemon_c4.jpg?_ex=1024x1024,https://hb.afl.rakuten.co.jp/hgc/g00qkd9n.16t5u6e6.g00qkd9n.16t5v41c/?pc=https%3A%2F%2Fitem.rakuten.co.jp%2Fmomiji-yamadaya%2F4504%2F&m=http%3A%2F%2Fm.rakuten.co.jp%2Fmomiji-yamadaya%2Fi%2F10000147%2F&rafcid=wsc_i_is_b93111dd-e085-46a2-a75f-28c1ee5d2de6
PRD_746,세토우치 귤크림 모미지 4개입,瀬戸内みかんクリームもみじ4個入,야마다야(やまだ屋),REG_018,PRC_01,670,세토우치 귤크림 모미지 4개입은 야마다야의 감귤 크림 모미지 만주입니다. 세토우치산 귤을 사용한 크림을 넣어 귤 향과 둥근 단맛을 살린 것이 특징입니다. 히로시마 명물 모미지 만주에 세토우치 감귤의 산뜻한 이미지를 더한 4개입 반생과자입니다.,"레몬맛보다 부드러운 과일향을 원할 때 좋고, 여러 맛 모미지를 비교해 사기 좋음.",1,https://thumbnail.image.rakuten.co.jp/@0_mall/momiji-yamadaya/cabinet/proimg/2023th2/th_mikan_c4.jpg?_ex=1024x1024,https://hb.afl.rakuten.co.jp/hgc/g00qkd9n.16t5u6e6.g00qkd9n.16t5v41c/?pc=https%3A%2F%2Fitem.rakuten.co.jp%2Fmomiji-yamadaya%2F4604%2F&m=http%3A%2F%2Fm.rakuten.co.jp%2Fmomiji-yamadaya%2Fi%2F10000148%2F&rafcid=wsc_i_is_b93111dd-e085-46a2-a75f-28c1ee5d2de6
PRD_747,먹는 소금레몬 사탕,食べる塩レモン飴,오리올리(株式会社ORIOLI),REG_018,PRC_01,490,"먹는 소금레몬 사탕은 세토다산 레몬 과즙을 담은 소금 레몬 맛 사탕입니다. 세토다는 일본 내 레몬 생산지로 잘 알려진 지역이며, 이 상품은 그 레몬의 상큼한 산미에 소금의 짭조름함을 더했습니다. 씹을 때 사각하게 부서지는 새로운 식감을 내세운 레몬 캔디입니다.","가볍고 녹을 걱정이 적어 여럿에게 나눠 주기 좋고, 여름 여행 선물로도 잘 맞음.",1,https://thumbnail.image.rakuten.co.jp/@0_mall/genkini-nare/cabinet/samune/umesiolemoncandy/250lemon1.jpg?_ex=1024x1024,https://hb.afl.rakuten.co.jp/hgc/g00szrrn.16t5ub13.g00szrrn.16t5ve36/?pc=https%3A%2F%2Fitem.rakuten.co.jp%2Fgenkini-nare%2Fsiolemon1%2F&m=http%3A%2F%2Fm.rakuten.co.jp%2Fgenkini-nare%2Fi%2F10000117%2F&rafcid=wsc_i_is_b93111dd-e085-46a2-a75f-28c1ee5d2de6
PRD_748,히로시마 국물 없는 탄탄멘 아라레,広島汁なし担担麺あられ,히로시마에프엠방송(広島エフエム放送株式会社),REG_018,PRC_01,280,히로시마 국물 없는 탄탄멘 아라레는 히로시마에프엠이 새로운 지역 명물을 목표로 만든 오리지널 아라레 시리즈입니다. 국물 없는 탄탄멘의 매콤하고 고소한 이미지를 쌀과자 맛으로 옮긴 제품입니다. 라디오 방송국의 지역 기획과 히로시마 음식 문화를 함께 담은 간식입니다.,"매콤한 과자라 맥주 안주 선물로 좋고, 저렴해 다른 과자와 묶어 사기 쉬움.",1,https://dzwpvqehwr7zl.cloudfront.net/omios/products/generated/_review/PRD_748/PRD_748_packshot_v1.png,https://shop.tau-hiroshima.jp/products/detail/16775
PRD_749,히로시마 오코노미소스 아라레,広島お好みソースあられ,히로시마에프엠방송(広島エフエム放送株式会社),REG_018,PRC_01,280,"히로시마 오코노미소스 아라레는 오타후쿠소스와 히로시마에프엠의 협업으로 탄생한 쌀과자입니다. 식품 도매사 아사히식품, 쌀과자 제조사 도요제과, 라디오국 히로시마에프엠이 함께 만든 상품으로 소개됩니다. 오코노미소스 파우더의 달콤하고 짭조름한 풍미를 아라레에 입혀 히로시마식 오코노미야키의 이미지를 간식으로 풀어낸 제품입니다.",지역 음식 이미지가 강한 과자라 히로시마 여행 느낌을 가볍게 전하기 좋음.,1,https://dzwpvqehwr7zl.cloudfront.net/omios/products/generated/_review/PRD_749/PRD_749_packshot_v1.png,https://shop.tau-hiroshima.jp/products/detail/16764
PRD_750,행복토끼 쿠키캔,幸せうさぎのクッキー缶,무란베이커리(ムーラン株式会社),REG_018,PRC_03,2500,"행복토끼 쿠키캔은 무란베이커리의 구움과자 쿠키 세트입니다. 엄선한 재료로 파티시에 수준의 쿠키를 만들었다고 소개되는 상품으로, 히로시마 스위츠 라인업에 속합니다. 토끼 이미지를 담은 캔 패키지와 여러 쿠키를 함께 즐기는 구성의 디저트입니다.","캔이 남아 기념품 느낌이 좋고, 쿠키가 깨지지 않게 평평하게 보관하면 좋음.",1,https://dzwpvqehwr7zl.cloudfront.net/omios/products/generated/_review/PRD_750/PRD_750_packshot_v1.png,https://shop.tau-hiroshima.jp/products/detail/16736
PRD_751,흑깨 콩가루 사탕,黒ごまきなこ飴,준세이식품마루시마(株式会社純正食品マルシマ),REG_018,PRC_01,505,흑깨 콩가루 사탕은 오노미치의 콩가루 공방에서 볶은 국내산 유기농 콩가루와 검은깨를 사용한 사탕입니다. 콩가루의 고소함과 검은깨의 진한 향이 중심이 되는 맛입니다. 사각하게 씹히는 식감을 더해 옛날 과자 같은 익숙함과 새로운 간식의 느낌을 함께 냅니다.,"달지 않은 고소한 간식을 좋아하는 어른 선물로 좋고, 낱개로 나눠 먹기 편함.",1,https://thumbnail.image.rakuten.co.jp/@0_mall/junkura/cabinet/shop_item_images/58xx/5884.jpg?_ex=1024x1024,https://hb.afl.rakuten.co.jp/hgc/g00trmin.16t5u035.g00trmin.16t5v4ae/?pc=https%3A%2F%2Fitem.rakuten.co.jp%2Fjunkura%2F5884%2F&m=http%3A%2F%2Fm.rakuten.co.jp%2Fjunkura%2Fi%2F10012571%2F&rafcid=wsc_i_is_b93111dd-e085-46a2-a75f-28c1ee5d2de6
PRD_752,미하라 쌀가루 구움과자,【三原市フェア】米粉の焼き菓子,파티스리피스(PÂTISSERIE PIECE),REG_018,PRC_02,1250,미하라 쌀가루 구움과자는 미하라시산 쌀가루 쿠키를 모나카 속에 채운 과자입니다. 바삭한 모나카와 사각거리며 부서지는 쌀가루 쿠키의 식감이 함께 느껴지는 것이 특징입니다. 지역 쌀가루를 구움과자로 풀어낸 미하라시 페어 상품입니다.,지역 행사성 상품이라 재고가 바뀔 수 있어 구매 전 판매 여부를 확인하면 좋음.,1,https://dzwpvqehwr7zl.cloudfront.net/omios/products/generated/_review/PRD_752/PRD_752_packshot_v1.png,https://shop.tau-hiroshima.jp/products/detail/16710
PRD_753,레몬 팥,レモンあずき,마고코로식재 와(真ごころ食材 和),REG_018,PRC_01,734,레몬 팥은 히로시마현 시라키산 팥과 구레시 가마가리산 완숙 레몬을 조합한 팥 디저트 계열 상품입니다. 팥의 부드러운 단맛에 레몬의 산미와 향을 더해 가볍고 산뜻한 맛을 냅니다. 히로시마 지역산 콩과 감귤을 함께 알리는 식품으로 소개된 제품입니다.,빵이나 떡에 곁들이기 좋아 디저트 만들기를 좋아하는 사람에게 추천하기 좋음.,1,https://thumbnail.image.rakuten.co.jp/@0_mall/tjhiroshima/cabinet/item/nagomi/imgrc0131464096.jpg?_ex=1024x1024,https://hb.afl.rakuten.co.jp/hgc/53033622.7bbb75b6.53033623.c98a76f0/?pc=https%3A%2F%2Fitem.rakuten.co.jp%2Ftjhiroshima%2Fa00211005%2F&m=https%3A%2F%2Fitem.rakuten.co.jp%2Ftjhiroshima%2Fa00211005%2F
PRD_754,후지이야 초코 모미지 만주,藤い屋(チョコ)もみじ饅頭1個,후지이야(藤い屋),REG_018,PRC_01,150,후지이야 초코 모미지 만주는 쌉싸름한 초콜릿 크림을 카스텔라 반죽과 맞춘 모미지 만주입니다. 후지이야의 단풍잎 모양 만주에 초콜릿 풍미를 넣어 전통 과자의 달콤함을 현대적인 맛으로 변주했습니다. 낱개 상품이라 한 개 단위로 히로시마 명물의 초코 맛을 접할 수 있습니다.,"낱개라 맛보기용으로 좋고, 여러 맛을 조합해 작은 선물 세트처럼 만들기 좋음.",1,https://dzwpvqehwr7zl.cloudfront.net/omios/products/generated/_review/PRD_754/PRD_754_packshot_v1.png,https://shop.tau-hiroshima.jp/products/detail/16689
PRD_755,야마다야 도요카 낱개,やまだ屋 桐葉菓（とうようか）1個,야마다야(株式会社やまだ屋),REG_018,PRC_01,180,"야마다야 도요카는 찹쌀가루 반죽으로 속을 감싸 구워낸 야마다야의 과자입니다. 겉은 쫀득한 식감이 나도록 구워지고, 갓 구운 듯한 부드러운 맛을 내는 것이 특징입니다. 모미지 만주로 알려진 야마다야가 전개하는 또 다른 히로시마 반생과자입니다.","낱개 구매가 가능해 맛을 본 뒤 상자 상품을 고르기 좋고, 소비기한을 확인하면 좋음.",1,https://thumbnail.image.rakuten.co.jp/@0_mall/momiji-yamadaya/cabinet/proimg/2023th/th_meika10.jpg?_ex=1024x1024,https://hb.afl.rakuten.co.jp/hgc/g00qkd9n.16t5u6e6.g00qkd9n.16t5v41c/?pc=https%3A%2F%2Fitem.rakuten.co.jp%2Fmomiji-yamadaya%2Fmaika10%2F&m=http%3A%2F%2Fm.rakuten.co.jp%2Fmomiji-yamadaya%2Fi%2F10000082%2F&rafcid=wsc_i_is_b93111dd-e085-46a2-a75f-28c1ee5d2de6
PRD_756,야마다야 모미지 패밀리 8개 상자,やまだ屋 もみじファミリー8個箱,야마다야(株式会社やまだ屋),REG_018,PRC_02,1160,"야마다야 모미지 패밀리 8개 상자는 인기 모미지 만주 맛을 모은 8개입 상자입니다. 구성에는 고운 팥앙금, 통팥앙금, 녹차 앙금, 초콜릿, 크림 맛이 들어갑니다. 히로시마 명물인 모미지 만주가 지닌 기본 맛과 달콤한 변주 맛을 한 상자에 담은 야마다야의 혼합 세트입니다.","맛 구성이 다양해 가족이나 회사 선물로 무난하고, 상자가 눌리지 않게 챙기면 좋음.",1,https://dzwpvqehwr7zl.cloudfront.net/omios/products/generated/_review/PRD_756/PRD_756_packshot_v1.png,https://shop.tau-hiroshima.jp/products/detail/16684
PRD_757,혼노보노 히로시마 레몬 쿠키,ほんのぼーの ひろしまのれもんのクッキー,벤쿄도(有限会社勉強堂),REG_018,PRC_01,842,"혼노보노 히로시마 레몬 쿠키는 벤쿄도가 만든 세토다산 에코레몬 과즙 사용 쿠키입니다. 원재료는 밀가루, 아몬드파우더, 버터, 기비설탕, 레몬 과즙, 달걀, 소금 중심으로 단순하게 구성되어 있습니다. 보존료와 착색료를 쓰지 않는 방향으로 만든 구움과자라 레몬의 산뜻한 향과 버터 쿠키의 고소함이 함께 느껴지는 제품입니다.",쿠키류는 부서지기 쉬우므로 상자 모서리 상태를 확인하고 짐 위쪽에 넣는 것이 좋음.,1,https://dzwpvqehwr7zl.cloudfront.net/omios/products/generated/_review/PRD_757/PRD_757_packshot_v1.png,https://shop.tau-hiroshima.jp/products/detail/16471
PRD_758,아게타군 아크릴 키홀더 도가아나모,おしゃべり唐揚げあげ太くんアクリルキーホルダー どがあなも,램페이지(株式会社RAMPAGE),REG_018,PRC_01,700,"아게타군 아크릴 키홀더 도가아나모는 말하는 닭튀김 캐릭터 '아게타군'을 담은 아크릴 키홀더입니다. 히로시마 브랜드샵 타우의 굿즈·잡화 라인업에 속하며, 같은 캐릭터의 다른 말풍선 버전과 함께 전개됩니다. '도가아나모'라는 히로시마식 말맛을 캐릭터 굿즈로 풀어낸 작은 액세서리입니다.","작고 가벼운 캐릭터 굿즈라 여러 명에게 나눠 주기 좋고, 디자인 문구를 보고 고르면 좋음.",1,https://dzwpvqehwr7zl.cloudfront.net/omios/products/generated/_review/PRD_758/PRD_758_packshot_v1.png,https://shop.tau-hiroshima.jp/products/detail/16810
PRD_759,히로쿠마 피유 가죽 키홀더,ひろくま PUレザーキーホルダー,후지세이(株式会社FUJISEY),REG_018,PRC_01,660,"히로쿠마 인조가죽 가죽 키홀더는 히로시마 캐릭터 히로쿠마 일러스트를 넣은 키홀더입니다. 인조가죽 가죽 소재로 만든 잡화이며, 높이 약 72밀리미터 크기의 휴대용 액세서리로 소개됩니다. 캐릭터의 부드러운 이미지를 가방이나 열쇠에 달 수 있는 형태로 만든 히로시마 굿즈입니다.",가방에 달기 좋은 잡화라 색상과 표면 흠집을 확인하고 구매하면 좋음.,1,https://dzwpvqehwr7zl.cloudfront.net/omios/products/generated/_review/PRD_759/PRD_759_packshot_v1.png,https://shop.tau-hiroshima.jp/products/detail/16795
PRD_760,후지이야 고시앙 모미지 만주 15개 상자,藤い屋(こしあん)もみじ饅頭15個箱,후지이야(藤い屋),REG_018,PRC_03,2100,"후지이야의 전통 방식으로 만들어져 팥 본연의 깊은 맛을 느낄 수 있습니다. 특히 고시안은 팥 껍질을 벗긴 후 콩알 부분만 따로 끓여내어, 후지이야만의 특징인 '연보라색'의 고급스러운 안을 만듭니다. 이 연보라빛의 우아한 풍미는 후지이야의 대표적인 메뉴입니다. 숙련된 장인이 속재료와의 균형을 고려하여 틀에 기름칠을 하고 굽는 과정을 거쳐, 카스텔라가 모양대로 잘 부풀어 오르도록 정성껏 만듭니다.","인원이 많은 곳에 나눠 주기 좋고, 대표 브랜드 선물이라 실패 가능성이 낮음.",1,https://dzwpvqehwr7zl.cloudfront.net/omios/products/generated/_review/PRD_760/PRD_760_packshot_v1.png,https://shop.tau-hiroshima.jp/products/detail/16660
PRD_761,그것 가라 카푸초 2026,それ行けカーぷっちょ2026,유하미카쿠토(味覚糖株式会社),REG_018,PRC_01,324,그것 가라 카푸초 2026은 히로시마 도요 카프 이미지를 담은 푸초 계열 과자입니다. 타우 온라인 스토어에서는 히로시마 레몬 카테고리에 포함된 상품으로 소개됩니다. 야구단 응원 굿즈 성격과 레몬 맛 캔디의 지역성을 함께 담은 2026년판 스낵입니다.,"작고 가격이 낮아 야구 팬 지인에게 가볍게 주기 좋고, 유통기한을 확인하면 좋음.",1,https://thumbnail.image.rakuten.co.jp/@0_mall/exicoast02/cabinet/13275282/imgrc0113620005.jpg?_ex=1024x1024,https://hb.afl.rakuten.co.jp/hgc/g00t2xqn.16t5u1b8.g00t2xqn.16t5v5cf/?pc=https%3A%2F%2Fitem.rakuten.co.jp%2Fexicoast02%2Fb0gtdmrscs%2F&m=http%3A%2F%2Fm.rakuten.co.jp%2Fexicoast02%2Fi%2F10007503%2F&rafcid=wsc_i_is_b93111dd-e085-46a2-a75f-28c1ee5d2de6
PRD_762,황금 레몬 유즈코쇼,黄金れもん柚子胡椒,아마노자쿠(農事組合法人あまのじゃく),REG_018,PRC_02,1080,"황금 레몬 유즈코쇼는 히로시마 레몬을 활용한 유즈코쇼 조미료입니다. 유즈코쇼 특유의 매운 향에 레몬의 산미와 향을 더한 조합이 특징입니다. 생선, 고기, 면 요리 등에 조금씩 더해 풍미를 살리는 히로시마 레몬 계열 양념 상품입니다.","고기와 생선 모두에 어울려 요리 선물로 실용적이고, 작은 병이라 휴대가 쉬움.",1,https://dzwpvqehwr7zl.cloudfront.net/omios/products/generated/_review/PRD_762/PRD_762_packshot_v1.png,https://shop.tau-hiroshima.jp/products/detail/16551
PRD_763,히로시마 레몬 스노볼,ほんのぼーの ひろしまのれもんのスノーボール,벤쿄도(有限会社勉強堂),REG_018,PRC_01,842,"히로시마 레몬 스노볼은 혼노보노 라인의 레몬 쿠키입니다. 레몬의 산뜻한 향과 달콤새콤한 맛을 살리고, 스노볼 쿠키 특유의 호로호로 부서지는 식감을 내세웁니다. 히로시마 레몬을 가벼운 구움과자 형태로 즐기는 과자입니다.","가루가 묻어나는 과자라 개별 포장 상태를 확인하고, 차와 함께 줄 선물로 좋음.",1,https://dzwpvqehwr7zl.cloudfront.net/omios/products/generated/_review/PRD_763/PRD_763_packshot_v1.png,https://shop.tau-hiroshima.jp/products/detail/16472
PRD_764,피넛 페이스트,ピーナッツペースト,아그리얼라이언스(アグリ・アライアンス株式会社),REG_018,PRC_02,1512,"피넛 페이스트는 땅콩, 기비설탕, 소금만으로 만든 단순한 구성의 페이스트입니다. 땅콩 본연의 고소한 맛을 살리고, 폴리페놀이 들어 있는 얇은 껍질까지 그대로 활용한 것이 특징입니다. 빵이나 과자에 바르는 스프레드로 쓰기 좋은 히로시마 식품입니다.","빵을 자주 먹는 사람에게 실용적이고, 병 제품이라 완충 포장을 챙기면 좋음.",1,https://thumbnail.image.rakuten.co.jp/@0_mall/rosemarypark/cabinet/io/mame/peanut_paste_1.jpg?_ex=1024x1024,https://hb.afl.rakuten.co.jp/hgc/g00rrusn.16t5u9be.g00rrusn.16t5v064/?pc=https%3A%2F%2Fitem.rakuten.co.jp%2Frosemarypark%2F10000626%2F&m=http%3A%2F%2Fm.rakuten.co.jp%2Frosemarypark%2Fi%2F10000626%2F&rafcid=wsc_i_is_b93111dd-e085-46a2-a75f-28c1ee5d2de6
PRD_765,히로시마 생레몬식초,広島のおいしい生レモン酢,센니치식초양조(千日酢造株式会社),REG_018,PRC_02,1080,히로시마 생레몬식초는 히로시마현 원료를 고집해 만든 레몬 식초입니다. 제조사가 자체 식초의 맛을 바탕으로 레몬의 산뜻한 향을 더한 상품으로 소개됩니다. 식초의 산미와 레몬 향이 함께 살아 있어 음료나 조리에 활용하기 좋은 조미 식품입니다.,드레싱이나 음료에 쓰기 좋아 건강한 조미료를 찾는 사람에게 추천하기 좋음.,1,https://dzwpvqehwr7zl.cloudfront.net/omios/products/generated/_review/PRD_765/PRD_765_packshot_v1.png,https://shop.tau-hiroshima.jp/products/detail/16459
PRD_766,사기섬 레몬소금,佐木島 レモン塩,사기시마미칸지마(株式会社鷺島みかんじま),REG_018,PRC_01,756,"사기섬 레몬소금은 히로시마 사기지마의 레몬을 사용한 레몬 소금입니다. 농약, 제초제, 화학비료를 쓰지 않은 레몬을 사용한 상품으로 소개됩니다. 소금의 짠맛에 레몬 향과 산미가 더해져 생선, 고기, 채소 요리에 산뜻한 풍미를 더하는 조미료입니다.","작은 조미료라 휴대가 쉽고, 해산물이나 닭고기 요리를 좋아하는 사람에게 잘 맞음.",1,https://dzwpvqehwr7zl.cloudfront.net/omios/products/generated/_review/PRD_766/PRD_766_packshot_v1.png,https://shop.tau-hiroshima.jp/products/detail/16453
PRD_767,세토우치 핫사쿠 라무네,瀬戸内はっさくラムネ,사이토음료공업(齋藤飲料工業株式会社),REG_018,PRC_01,140,세토우치 핫사쿠 라무네는 세토우치 감귤인 핫사쿠 이미지를 담은 탄산음료입니다. 라무네 특유의 청량한 단맛에 핫사쿠의 산뜻한 감귤 향을 더한 지역 음료로 소개됩니다. 히로시마 구르메 라인업 안에서 세토우치 과일의 상쾌한 맛을 강조한 제품입니다.,"유리병 음료라 현지에서 마시거나 파손 방지 포장을 하고, 어린이 선물로도 무난함.",1,https://dzwpvqehwr7zl.cloudfront.net/omios/products/generated/_review/PRD_767/PRD_767_packshot_v1.png,https://shop.tau-hiroshima.jp/products/detail/16447
PRD_768,레모네이드 베이스,レモネードベース,도비시마감귤공방(とびしま柑橘工房株式会社),REG_018,PRC_01,594,"도비시마감귤공방에서 선보이는 레모네이드 베이스 제품입니다. 이 제품은 특히 토비시마 해도를 대표하는 지역의 국내산 레몬을 사용하여 만들었습니다. 신선하고 향긋한 맛이 특징인 레모네이드 베이스로, 다양한 음료를 만드는 데 활용하기 좋습니다.","음료를 직접 만들어 먹기 좋아 여름 선물로 좋고, 병 입구 밀봉을 확인해야 함.",1,https://thumbnail.image.rakuten.co.jp/@0_mall/bijin-seikatsu/cabinet/food/leg/leg_r.jpg?_ex=1024x1024,https://hb.afl.rakuten.co.jp/hgc/g00t4b5n.16t5u9e9.g00t4b5n.16t5vf1c/?pc=https%3A%2F%2Fitem.rakuten.co.jp%2Fbijin-seikatsu%2F3063-1002%2F&m=http%3A%2F%2Fm.rakuten.co.jp%2Fbijin-seikatsu%2Fi%2F10000569%2F&rafcid=wsc_i_is_b93111dd-e085-46a2-a75f-28c1ee5d2de6
PRD_769,세토우치 레몬 야채수프,瀬戸内レモン野菜スープ,닛토식품공업(日東食品工業株式会社),REG_018,PRC_01,540,세토우치 레몬 야채수프는 분말 형태로 즐길 수 있는 수프입니다. 세토우치 레몬 가루가 선사하는 상큼하고 청량한 풍미가 특징입니다. 여기에 색감이 아름다운 11가지 종류의 국내산 채소를 균형 있게 조합하여 맛과 영양을 더했습니다.,가볍게 먹는 즉석 수프라 사무실 간식이나 혼자 사는 사람 선물로 좋음.,1,https://thumbnail.image.rakuten.co.jp/@0_mall/nipponmarche/cabinet/syohin16/4902362096386.jpg?_ex=1024x1024,https://hb.afl.rakuten.co.jp/hgc/g00te14n.16t5ud0b.g00te14n.16t5vabd/?pc=https%3A%2F%2Fitem.rakuten.co.jp%2Fnipponmarche%2F4902362096386%2F&m=http%3A%2F%2Fm.rakuten.co.jp%2Fnipponmarche%2Fi%2F10022533%2F&rafcid=wsc_i_is_b93111dd-e085-46a2-a75f-28c1ee5d2de6
PRD_770,세토우치 레몬 레모네이드,瀬戸内レモンのレモネード,이마오카제과(今岡製菓株式会社),REG_018,PRC_01,378,"세토우치 레몬 레모네이드는 세토우치 레몬을 사용한 레모네이드 음료입니다. 레몬의 산미와 단맛을 살린 상큼한 맛이 중심인 히로시마 구르메 상품입니다. 병이나 팩 음료처럼 바로 마시는 레모네이드 계열 제품으로, 세토우치 감귤 산지의 이미지를 담고 있습니다.","가격 부담이 낮고 가벼워 여러 개 구매하기 좋으며, 따뜻하게도 차갑게도 마시기 좋음.",1,https://thumbnail.image.rakuten.co.jp/@0_mall/okawa-shop/cabinet/0040/4901401202535-6.jpg?_ex=1024x1024,https://hb.afl.rakuten.co.jp/hgc/g00rfsnn.16t5ue3b.g00rfsnn.16t5vb11/?pc=https%3A%2F%2Fitem.rakuten.co.jp%2Fokawa-shop%2F4901401202535-6%2F&m=http%3A%2F%2Fm.rakuten.co.jp%2Fokawa-shop%2Fi%2F10017420%2F&rafcid=wsc_i_is_b93111dd-e085-46a2-a75f-28c1ee5d2de6
PRD_771,레몬진저 베이스,レモンジンジャーベース,도비시마감귤공방(とびしま柑橘工房株式会社),REG_018,PRC_01,594,"레몬진저 베이스는 도비시마감귤공방의 무첨가 레몬 생강 시럽입니다. 히로시마 안게나다 도비시마 해도산 레몬, 히로시마현산 생강, 국산 첨채당과 기비설탕을 사용한 제품으로 소개됩니다. 물이나 탄산수, 따뜻한 물에 섞으면 레몬의 산미와 생강의 매운 향이 어우러진 음료 베이스가 됩니다.","생강 향이 있어 겨울철 선물로 좋고, 희석 비율을 함께 알려 주면 바로 쓰기 편함.",1,https://thumbnail.image.rakuten.co.jp/@0_mall/bijin-seikatsu/cabinet/food/leg/leg_r.jpg?_ex=1024x1024,https://hb.afl.rakuten.co.jp/hgc/g00t4b5n.16t5u9e9.g00t4b5n.16t5vf1c/?pc=https%3A%2F%2Fitem.rakuten.co.jp%2Fbijin-seikatsu%2F3063-1002%2F&m=http%3A%2F%2Fm.rakuten.co.jp%2Fbijin-seikatsu%2Fi%2F10000569%2F&rafcid=wsc_i_is_b93111dd-e085-46a2-a75f-28c1ee5d2de6
PRD_772,카프 레모네이드,Carpレモネード,오다제과(有限会社織田製菓),REG_018,PRC_01,540,카프 레모네이드는 히로시마 도요 카프의 본거지인 히로시마현산 레몬을 사용한 분말 청량음료입니다. 차갑게도 따뜻하게도 마실 수 있어 계절과 관계없이 쓰기 쉬운 레모네이드 상품으로 소개됩니다. 야구단 캐릭터성과 히로시마 레몬의 지역성을 함께 담은 음료입니다.,야구 기념품과 식품의 성격을 함께 가져 카프 팬에게 가볍게 주기 좋음.,1,https://dzwpvqehwr7zl.cloudfront.net/omios/products/generated/_review/PRD_772/PRD_772_packshot_v1.png,https://shop.tau-hiroshima.jp/products/detail/16170
PRD_773,미쓰야 나기 타우 아크릴 플레이트,三ツ矢凪×tauアクリルプレート,미쓰야 나기(三ツ矢凪),REG_018,PRC_03,2530,미쓰야 나기 타우 아크릴 플레이트는 미쓰야 나기와 타우가 협업한 아크릴 굿즈입니다. 투명한 아크릴 소재에 캐릭터 디자인을 담은 장식용 플레이트 형태입니다. 히로시마 브랜드샵의 굿즈·잡화 라인업에서 캐릭터 팬을 겨냥해 전개되는 상품입니다.,아크릴 제품은 표면 스크래치가 보일 수 있어 보호 필름 상태를 확인하고 사면 좋음.,1,https://dzwpvqehwr7zl.cloudfront.net/omios/products/generated/_review/PRD_773/PRD_773_packshot_v1.png,https://shop.tau-hiroshima.jp/products/detail/16756
PRD_774,오초 레모네이드,大長レモネード,나카모토본점(株式会社中元本店),REG_018,PRC_01,302,"오초 레모네이드는 히로시마현 구레시 오초 지역의 레몬 이미지를 담은 레모네이드입니다. 오초가 있는 오사키시모지마는 히로시마 레몬 산지로 알려져 있으며, 레몬의 산미와 향을 살린 지역 음료로 전개됩니다. 상큼한 레몬 맛을 중심에 둔 히로시마 구르메 상품입니다.",한 병씩 가볍게 즐기기 좋지만 병 음료라 귀국용보다는 현지 소비나 배송이 편함.,1,https://thumbnail.image.rakuten.co.jp/@0_mall/nozomi-market/cabinet/202509_19/b617-2-1.jpg?_ex=1024x1024,https://hb.afl.rakuten.co.jp/hgc/g00r1iqn.16t5u5f8.g00r1iqn.16t5v10a/?pc=https%3A%2F%2Fitem.rakuten.co.jp%2Fnozomi-market%2Fb617-2%2F&m=http%3A%2F%2Fm.rakuten.co.jp%2Fnozomi-market%2Fi%2F10115265%2F&rafcid=wsc_i_is_b93111dd-e085-46a2-a75f-28c1ee5d2de6
PRD_775,세토우치 파스타 레몬 카르보나라,瀬戸内パスタレモンカルボナーラ,야마토푸즈(ヤマトフーズ株式会社),REG_018,PRC_01,324,"세토우치 파스타 레몬 카르보나라는 세토우치 레몬과 세 가지 치즈를 조합한 파스타 소스입니다. 크림치즈, 체더, 카망베르의 고소함에 레몬의 산뜻한 산미를 더해 진하면서도 느끼함을 줄인 맛을 냅니다. 파스타뿐 아니라 샐러드 소스로도 어울리는 레몬 크림 계열 조미 소스입니다.","상온 보관 파스타 소스라 휴대가 쉽고, 혼자 사는 사람에게 실용적인 선물임.",1,https://thumbnail.image.rakuten.co.jp/@0_mall/macaron-store/cabinet/img15/y-kn-034-1_g1.jpg?_ex=1024x1024,https://hb.afl.rakuten.co.jp/hgc/53033622.7bbb75b6.53033623.c98a76f0/?pc=https%3A%2F%2Fitem.rakuten.co.jp%2Fmacaron-store%2Fy-kn-034%2F&m=https%3A%2F%2Fitem.rakuten.co.jp%2Fmacaron-store%2Fy-kn-034%2F
PRD_776,빙고가스리 인형 꽃,花,미노리공상(みのり工商有限会社),REG_018,PRC_06,16500,"빙고가스리 인형 꽃은 히로시마 전통 직물인 빙고가스리를 활용한 수제 천 인형입니다. 빙고가스리는 후쿠야마 지역의 전통 공예품으로, 일본의 대표적인 가스리 직물 중 하나로 알려져 있습니다. 이 인형은 꽃을 모티프로 한 장식 인형 형태라 직물의 차분한 무늬와 수공예적인 분위기를 함께 보여줍니다.","공예품이라 오래 남는 선물로 좋고, 흰 원단이 오염되지 않도록 포장 상태를 확인해야 함.",1,https://thumbnail.image.rakuten.co.jp/@0_mall/bunbunbee/cabinet/arrangement/400/pp-mo-022r_b_156.jpg?_ex=1024x1024,https://hb.afl.rakuten.co.jp/hgc/g00q93zn.16t5ucff.g00q93zn.16t5v012/?pc=https%3A%2F%2Fitem.rakuten.co.jp%2Fbunbunbee%2Fpp-mo-022r%2F&m=http%3A%2F%2Fm.rakuten.co.jp%2Fbunbunbee%2Fi%2F10002788%2F&rafcid=wsc_i_is_b93111dd-e085-46a2-a75f-28c1ee5d2de6
PRD_777,빙고가스리 인형 아야토리,あやとり,미노리공상(みのり工商有限会社),REG_018,PRC_06,34100,"빙고가스리 인형 아야토리는 빙고가스리 직물을 활용한 수제 천 인형입니다. 아야토리, 오테다마, 벌레잡이 같은 옛 놀이를 즐기는 아이들을 모티프로 한 천 인형 계열 작품과 같은 맥락의 상품입니다. 전통 직물의 무늬와 어린 시절 놀이 장면을 결합한 히로시마 공예 잡화입니다.",가격대가 높은 공예품이라 배송 포장과 보관 장소를 고려해 구매하는 것이 좋음.,1,https://thumbnail.image.rakuten.co.jp/@0_mall/slowworks/cabinet/sarahssilks/1565435_1.jpg?_ex=1024x1024,https://hb.afl.rakuten.co.jp/hgc/g00q2bgn.16t5uc6f.g00q2bgn.16t5v79f/?pc=https%3A%2F%2Fitem.rakuten.co.jp%2Fslowworks%2F1565435%2F&m=http%3A%2F%2Fm.rakuten.co.jp%2Fslowworks%2Fi%2F10003233%2F&rafcid=wsc_i_is_b93111dd-e085-46a2-a75f-28c1ee5d2de6
PRD_778,아게타군 토트백,おしゃべり唐揚げあげ太くんトートバック,램페이지(株式会社RAMPAGE),REG_018,PRC_03,2000,"아게타군 토트백은 말하는 닭튀김 캐릭터 '아게타군'을 그려 넣은 토트백입니다. 히로시마 브랜드샵 타우의 굿즈·잡화 라인업에 속하는 제품으로, 같은 캐릭터의 아크릴 키홀더와 함께 전개됩니다. 캐릭터 일러스트를 전면에 둔 캐주얼한 천 가방 형태의 생활 잡화입니다.","천 가방은 부피 부담이 적고, 여행 중 보조가방으로 바로 사용할 수 있어 편리함.",1,https://dzwpvqehwr7zl.cloudfront.net/omios/products/generated/_review/PRD_778/PRD_778_packshot_v1.png,https://shop.tau-hiroshima.jp/products/detail/16790
PRD_779,히로쿠마 얼굴 목제 키홀더,ひろくま木製キーホルダー 顔,아쿠아플랜(アクアプラン),REG_018,PRC_01,850,히로쿠마 얼굴 목제 키홀더는 히로쿠마의 얼굴을 나무 소재로 표현한 키홀더입니다. 히로시마 캐릭터 히로쿠마를 작고 가벼운 목제 액세서리로 만든 굿즈입니다. 자연스러운 나무 질감과 둥근 캐릭터 형태가 어우러진 휴대용 잡화입니다.,가볍고 유통기한이 없어 아이나 친구에게 부담 없이 주기 좋은 기념품임.,1,https://dzwpvqehwr7zl.cloudfront.net/omios/products/generated/_review/PRD_779/PRD_779_packshot_v1.png,https://shop.tau-hiroshima.jp/products/detail/16803
PRD_780,히로쿠마 히로시마 주걱 목제 스트랩,ひろくま木製ストラップ 広島しゃもじ,아쿠아플랜(アクアプラン),REG_018,PRC_01,660,"히로쿠마 히로시마 주걱 목제 스트랩은 히로시마의 전통적인 주걱 이미지를 히로쿠마 캐릭터와 결합한 목제 스트랩입니다. 나무 소재의 작은 장식품으로, 가방이나 열쇠에 달 수 있는 휴대용 굿즈입니다. 히로시마 샤모지의 지역 상징성과 캐릭터 상품성을 함께 담았습니다.","작고 가벼워 여러 개 사기 좋고, 식품보다 오래 남는 여행 기념품을 찾을 때 적합함.",1,https://dzwpvqehwr7zl.cloudfront.net/omios/products/generated/_review/PRD_780/PRD_780_packshot_v1.png,https://shop.tau-hiroshima.jp/products/detail/16691
PRD_781,쿠누기 바움쿠헨 달과 태양 기프트,櫟 kunugi バームクーヘン月・太陽４号ギフト,쿠누기(櫟kunugi),REG_018,PRC_04,3240,"쿠누기 바움쿠헨 달과 태양 기프트는 히로시마의 쿠누기가 만든 두 가지 바움쿠헨 세트입니다. 반죽을 한 겹씩 입히고 구워내는 과정을 바움 장인이 지켜보며 완성하는 상품으로 소개됩니다. '달'은 농후한 맛 속에 우아한 단맛을, '태양'은 히로시마 레몬을 넣은 산뜻한 맛을 담은 기프트 구성입니다.","상자 포장이 좋아 가족 선물로 적합하고, 케이크가 눌리지 않게 세워 두지 않는 편이 좋음.",1,https://dzwpvqehwr7zl.cloudfront.net/omios/products/generated/_review/PRD_781/PRD_781_packshot_v1.png,https://shop.tau-hiroshima.jp/products/detail/16714
PRD_782,쿠누기 태양 바움쿠헨,櫟 kunugi バームクーヘン太陽(4号サイズ),쿠누기(櫟kunugi),REG_018,PRC_02,1512,"쿠누기 태양 바움쿠헨은 히로시마 레몬을 반죽에 넣고 레몬필로 마무리한 4호 크기 바움쿠헨입니다. 바움 장인이 반죽을 한 겹씩 입히고 구워내는 방식으로 만들며, 레몬의 산뜻한 산미를 특징으로 합니다. 히로시마 레몬의 향을 둥근 바움쿠헨 형태로 즐기는 쿠누기의 과자입니다.","홀케이크보다 부담이 적은 크기라 작은 모임 선물로 좋고, 절단해 나눠 먹기 편함.",1,https://dzwpvqehwr7zl.cloudfront.net/omios/products/generated/_review/PRD_782/PRD_782_packshot_v1.png,https://shop.tau-hiroshima.jp/products/detail/16713
PRD_783,히로쿠마 핀 배지,ひろくま ピンバッジ,후지세이(株式会社FUJISEY),REG_018,PRC_01,440,"귀여운 일러스트가 특징인 히로쿠마 핀 배지입니다. 이 상품은 캐릭터의 모습을 담은 아기자기한 디자인의 핀 배지 제품입니다. 크기는 가로 약 25밀리미터, 세로 약 30밀리미터 정도입니다. 히로쿠마의 매력을 간직한 기념품으로 활용하기 좋습니다.",배지는 여러 개를 사도 부담이 작아 가벼운 답례품으로 쓰기 좋음.,1,https://dzwpvqehwr7zl.cloudfront.net/omios/products/generated/_review/PRD_783/PRD_783_packshot_v1.png,https://shop.tau-hiroshima.jp/products/detail/16793
PRD_784,나기의 면도 자를 수 있는 주걱,凪の麺もきれちゃうへら,미쓰야 나기(三ツ矢凪),REG_018,PRC_04,3850,"나기의 면도 자를 수 있는 주걱은 면을 자르는 기능을 더한 주걱형 생활용품입니다. 미쓰야 나기 관련 굿즈·잡화 라인업에 속하는 제품으로, 식탁이나 조리 장면에서 쓰는 도구의 형태를 취합니다. 일반 주걱의 젓고 떠내는 역할에 면 절단 기능을 결합한 아이디어 상품입니다.","조리도구 선물은 받는 사람이 실제로 쓸 수 있어 좋고, 포장 길이를 확인해 캐리어에 넣으면 좋음.",1,https://dzwpvqehwr7zl.cloudfront.net/omios/products/generated/_review/PRD_784/PRD_784_packshot_v1.png,https://shop.tau-hiroshima.jp/products/detail/16755
PRD_785,히로시마 프리미엄 쇼콜라 네 개입,広島プレミアムチョコラ（4個入）,슌카미하라(株式会社瞬菓三原),REG_018,PRC_01,950,"진한 초콜릿을 촉촉하고 쫀득한 코코아 반죽으로 감싸 구워낸 과자입니다. 부드러우면서도 쫄깃한 식감이 특징인 쇼콜라입니다. 특히, 엄선된 히로시마현 산 사나야 우유와 히로시마현산 꿀을 사용하여 깊은 풍미를 더했습니다.","상온 휴대 가능한 상자 과자라 선물용으로 편하고, 초콜릿이 녹지 않게 더운 날은 보관에 주의하면 좋음.",1,https://dzwpvqehwr7zl.cloudfront.net/omios/products/generated/_review/PRD_785/PRD_785_packshot_v1.png,https://shop.tau-hiroshima.jp/products/detail/15970
PRD_786,마루세이 버터샌드 4개입,マルセイバターサンド４個入,롯카테이(六花亭),REG_019,PRC_01,680,"마루세이 버터샌드 4개입은 롯카테이의 대표적인 롱셀러 과자입니다. 화이트초콜릿과 홋카이도산 생유 100% 버터를 섞은 크림에 캘리포니아산 건포도를 더하고, 그 크림을 비스킷 사이에 끼웠습니다. 고소한 비스킷, 진한 버터크림, 건포도의 향이 함께 어우러지는 홋카이도식 샌드 과자입니다.",크림이 들어간 과자라 더운 날에는 오래 들고 다니지 말고 숙소 냉장 보관을 권장함.,1,https://thumbnail.image.rakuten.co.jp/@0_mall/hokkaido-omiyage/cabinet/rokka/marusei_bs5p.jpg?_ex=1024x1024,https://hb.afl.rakuten.co.jp/hgc/g00pm4tn.16t5uf55.g00pm4tn.16t5vab0/?pc=https%3A%2F%2Fitem.rakuten.co.jp%2Fhokkaido-omiyage%2F369162%2F&m=http%3A%2F%2Fm.rakuten.co.jp%2Fhokkaido-omiyage%2Fi%2F10001915%2F&rafcid=wsc_i_is_b93111dd-e085-46a2-a75f-28c1ee5d2de6
PRD_787,눈아 내려라 3매입,雪やこんこ３枚入,롯카테이(六花亭),REG_019,PRC_01,420,눈아 내려라 3매입은 롯카테이의 블랙 코코아 비스킷 샌드 과자입니다. 얇게 구운 블랙 코코아 비스킷 사이에 두께감 있고 부드러운 화이트초콜릿 크림을 넣었습니다. 검은 비스킷과 흰 크림의 대비가 눈 내리는 풍경을 떠올리게 하는 3매입 과자입니다.,상자가 작고 가벼워 여러 명에게 나눠 줄 기념품으로 고르기 좋음.,1,https://thumbnail.image.rakuten.co.jp/@0_mall/hokkaido-omiyage/cabinet/rokka/rokka275_pac01.jpg?_ex=1024x1024,https://hb.afl.rakuten.co.jp/hgc/g00pm4tn.16t5uf55.g00pm4tn.16t5vab0/?pc=https%3A%2F%2Fitem.rakuten.co.jp%2Fhokkaido-omiyage%2Frokka275%2F&m=http%3A%2F%2Fm.rakuten.co.jp%2Fhokkaido-omiyage%2Fi%2F10009477%2F&rafcid=wsc_i_is_b93111dd-e085-46a2-a75f-28c1ee5d2de6
PRD_788,블랙 올리브오일 와삼산 페포넛 들어간 먹는 오일,かける＆食べる ブラックオリーブオイル 和寒産ペポナッツ入り,토리노(株式会社トリノ),REG_019,PRC_01,445,블랙 올리브오일 와삼산 페포넛 들어간 먹는 오일은 뿌려 먹고 떠먹는 조미 오일입니다. 홋카이도 와삼정에서 생산된 씨앗 전용 호박 페포 펌킨의 씨앗인 페포넛을 사용한 것이 특징입니다. 블랙 올리브오일의 깊은 풍미에 견과류 같은 페포넛의 식감을 더한 상품입니다.,유리병 제품이므로 뚜껑 밀봉과 완충 포장을 확인해 위탁 수하물에 넣는 편이 안전함.,0,https://dzwpvqehwr7zl.cloudfront.net/omios/products/generated/_review/PRD_788/PRD_788_packshot_v1.png,https://www.dousanhin-ec.jp/4571549430031.html
PRD_789,호박 플레이크 60,かぼちゃフレーク60,다이모(株式会社大望),REG_019,PRC_01,650,"호박 플레이크는 홋카이도 다이보가 만드는 건조 호박 가공식품입니다. 상온 보관이 가능한 플레이크형이라 물이나 우유에 풀어 수프, 이유식, 과자 재료처럼 쓰기 좋습니다. 호박의 자연스러운 단맛과 색을 간편하게 활용할 수 있는 조리용 상품입니다.","가볍고 상온 보관이 쉬워 가족용 선물로 좋으며, 봉지가 눌리지 않게 평평하게 챙기면 좋음.",0,https://thumbnail.image.rakuten.co.jp/@0_mall/nipponselect/cabinet/item/t04/t04020002.jpg?_ex=1024x1024,https://hb.afl.rakuten.co.jp/hgc/53033622.7bbb75b6.53033623.c98a76f0/?pc=https%3A%2F%2Fitem.rakuten.co.jp%2Fnipponselect%2Ft04020002%2F&m=https%3A%2F%2Fitem.rakuten.co.jp%2Fnipponselect%2Ft04020002%2F
PRD_790,감자 플레이크 60,じゃがいもフレーク60,다이모(株式会社大望),REG_019,PRC_01,650,"감자 플레이크 60은 홋카이도 다이보의 60그램 감자 플레이크입니다. 상온 보관이 가능하고 유통기한 390일로 소개되는 건조 감자 가공품입니다. 물이나 우유를 더해 매시드포테이토나 수프, 고로케 속 재료처럼 활용하기 좋은 제품입니다.","조리용 기념품이라 요리를 즐기는 사람에게 어울리고, 여러 맛을 함께 사도 부피 부담이 적음.",0,https://thumbnail.image.rakuten.co.jp/@0_mall/r-kojima/cabinet/n0000001406/4987244195142_1.jpg?_ex=1024x1024,https://hb.afl.rakuten.co.jp/hgc/g00r8mvn.16t5u81f.g00r8mvn.16t5vfa6/?pc=https%3A%2F%2Fitem.rakuten.co.jp%2Fr-kojima%2F4987244195142%2F&m=http%3A%2F%2Fm.rakuten.co.jp%2Fr-kojima%2Fi%2F11648053%2F&rafcid=wsc_i_is_b93111dd-e085-46a2-a75f-28c1ee5d2de6
PRD_791,그대로 풋콩,そのまんまえだ豆,제이에이 나카사쓰나이무라(JA中札内村),REG_019,PRC_01,336,"그대로 풋콩은 나카사쓰나이산 풋콩을 간편하게 먹을 수 있도록 가공한 상품입니다. 홋카이도 도카치 지역의 콩 산지 이미지를 담은 냉동·간편 식품 계열 제품입니다. 풋콩 특유의 풋풋한 향과 고소한 맛을 살려 간식이나 반찬, 술안주로 쓰기 좋은 농산물 가공품입니다.","냉동·냉장 여부를 매장에서 확인하고, 이동 시간이 길면 보냉 포장을 우선으로 고르는 것이 좋음.",1,https://dzwpvqehwr7zl.cloudfront.net/omios/products/generated/_review/PRD_791/PRD_791_packshot_v1.png,https://www.dousanhin-ec.jp/4965905440251.html
PRD_792,그대로 검은 풋콩,そのまんま黒えだ豆,제이에이 나카사쓰나이무라(JA中札内村),REG_019,PRC_01,393,그대로 검은 풋콩은 검은콩 계열 풋콩을 간편하게 먹는 나카사쓰나이 농협 상품입니다. 일반 풋콩보다 짙은 색과 콩의 고소함을 강조한 300그램 구성으로 알려져 있습니다. 도카치 콩 산지의 맛을 간단히 데우거나 곁들여 먹는 간편 식품입니다.,"술안주나 간식용 선물로 좋고, 매장에서는 보관 온도와 유통기한을 먼저 확인하는 편이 좋음.",1,https://dzwpvqehwr7zl.cloudfront.net/omios/products/generated/_review/PRD_792/PRD_792_packshot_v1.png,https://www.dousanhin-ec.jp/4965905440213.html
PRD_793,메밀 열매,そばの実,니시가미경영조합(農事組合法人西上経営組合),REG_019,PRC_01,250,"메밀 열매는 홋카이도산 메밀을 껍질 벗긴 알곡 형태로 먹는 잡곡 상품입니다. 밥에 섞거나 샐러드, 수프에 넣으면 메밀 특유의 구수한 향과 톡톡한 식감이 더해집니다. 홋카이도 곡물 산지의 메밀을 면이 아닌 알곡으로 활용하는 농산물 가공품입니다.","건식 식재료라 휴대가 쉽고, 곡물류를 좋아하는 사람에게 부담 없는 소형 선물로 알맞음.",0,https://thumbnail.image.rakuten.co.jp/@0_mall/arigataya-n/cabinet/soba/sobanomi/imgrc0069315133.jpg?_ex=1024x1024,https://hb.afl.rakuten.co.jp/hgc/g00qidbn.16t5u423.g00qidbn.16t5va2e/?pc=https%3A%2F%2Fitem.rakuten.co.jp%2Farigataya-n%2Fsobanomi-900g%2F&m=http%3A%2F%2Fm.rakuten.co.jp%2Farigataya-n%2Fi%2F10000975%2F&rafcid=wsc_i_is_b93111dd-e085-46a2-a75f-28c1ee5d2de6
PRD_794,치호쿠 고원 베이컨,ちほく高原ベーコン,도카치 이케다식품(十勝池田食品株式会社),REG_019,PRC_02,1000,"치호쿠 고원 베이컨은 도카치 이케다식품이 만든 베이컨 상품입니다. 치호쿠 고원이라는 도카치 지역 이미지를 앞세운 축산 가공품으로, 돼지고기를 훈연해 짭조름한 감칠맛과 향을 냅니다. 그대로 굽거나 요리에 넣으면 베이컨 특유의 기름진 풍미가 살아나는 제품입니다.",육가공품은 반입 규정과 냉장 조건을 확인해야 하므로 현지 소비나 국내 배송 가능 여부를 먼저 살펴보는 것이 좋음.,1,https://thumbnail.image.rakuten.co.jp/@0_mall/umaimon-hunter/cabinet/maker_list/05959448/imgrc0079868795.jpg?_ex=1024x1024,https://hb.afl.rakuten.co.jp/hgc/g00s83qn.16t5ub2f.g00s83qn.16t5v915/?pc=https%3A%2F%2Fitem.rakuten.co.jp%2Fumaimon-hunter%2Ftish-hckbe-0400-nm-005%2F&m=http%3A%2F%2Fm.rakuten.co.jp%2Fumaimon-hunter%2Fi%2F10013317%2F&rafcid=wsc_i_is_b93111dd-e085-46a2-a75f-28c1ee5d2de6
PRD_795,훈제 임연수어,ほっけくんせい,야마키요 우노푸즈(ヤマキヨ宇野フーズ有限会社),REG_019,PRC_02,1000,훈제 임연수어는 야마키요 우노푸즈의 홋케 훈제 수산 가공품입니다. 홋카이도에서 친숙한 생선인 홋케를 훈연해 수분을 줄이고 향과 감칠맛을 응축했습니다. 씹을수록 훈제 향과 생선의 짭조름한 맛이 올라오는 안주형 가공식품입니다.,"어포류는 냄새가 배지 않도록 포장 상태를 확인하고, 술안주 선물이라면 작은 수량부터 고르는 것이 좋음.",0,https://thumbnail.image.rakuten.co.jp/@0_mall/watts-do/cabinet/watanabekaisan/202304077.jpg?_ex=1024x1024,https://hb.afl.rakuten.co.jp/hgc/g00qqu3n.16t5u928.g00qqu3n.16t5v602/?pc=https%3A%2F%2Fitem.rakuten.co.jp%2Fwatts-do%2Fhk1%2F&m=http%3A%2F%2Fm.rakuten.co.jp%2Fwatts-do%2Fi%2F10001357%2F&rafcid=wsc_i_is_b93111dd-e085-46a2-a75f-28c1ee5d2de6
PRD_796,삶은 풋콩,ゆで枝豆,야마모토 다다노부상점(株式会社山本忠信商店),REG_019,PRC_01,176,"삶은 풋콩은 야마모토 다다노부상점의 도카치산 콩 가공 상품입니다. 삶은 상태의 풋콩이라 콩의 고소함과 알알이 씹히는 식감을 간편하게 즐길 수 있습니다. 냉동 채소나 간식, 반찬 재료로 쓰기 좋은 홋카이도 농산물 기반 제품입니다.","저가 소포장이라 여러 명에게 나누기 좋지만, 보관 온도는 구매 전 매장에서 확인해야 함.",0,https://thumbnail.image.rakuten.co.jp/@0_gold/sankin-asaichi/images/jfd00741.jpg?_ex=1024x1024,https://hb.afl.rakuten.co.jp/hgc/53033622.7bbb75b6.53033623.c98a76f0/?pc=https%3A%2F%2Fitem.rakuten.co.jp%2Fsankin-asaichi%2Fjfd00741%2F&m=https%3A%2F%2Fitem.rakuten.co.jp%2Fsankin-asaichi%2Fjfd00741%2F
PRD_797,코반 치즈,コバン,히로우치 에조리스노타니 치즈사(株式会社広内エゾリスの谷チーズ社),REG_019,PRC_02,1050,"코반 치즈는 히로우치 에조리스노타니 치즈사의 작은 치즈 상품입니다. 이름처럼 작은 판 모양을 떠올리게 하는 도카치 치즈 공방 제품으로, 우유의 고소함과 숙성 치즈의 짭조름함을 담습니다. 가볍게 자르거나 곁들여 먹기 좋은 홋카이도 유제품입니다.",치즈는 냉장 보관이 필요할 수 있으니 귀국 직전 구매하거나 보냉재가 있는지 확인하면 좋음.,1,https://thumbnail.image.rakuten.co.jp/@0_mall/wakuwaku00/cabinet/03063109/07626048/imgrc0159074566.jpg?_ex=1024x1024,https://hb.afl.rakuten.co.jp/hgc/g00rh27n.16t5u2e4.g00rh27n.16t5v5d0/?pc=https%3A%2F%2Fitem.rakuten.co.jp%2Fwakuwaku00%2Fnici-key-o%2F&m=http%3A%2F%2Fm.rakuten.co.jp%2Fwakuwaku00%2Fi%2F10003064%2F&rafcid=wsc_i_is_b93111dd-e085-46a2-a75f-28c1ee5d2de6
PRD_798,스파이스 비프,スパイスビーフ,도카치 이케다식품(十勝池田食品株式会社),REG_019,PRC_01,600,스파이스 비프는 도카치 이케다식품이 만든 향신료 풍미의 소고기 가공품입니다. 쇠고기에 스파이스를 더해 고기의 감칠맛과 매콤한 향을 함께 살린 상품입니다. 얇게 썰어 안주나 샌드위치 재료로 쓰기 좋은 도카치 축산 가공식품입니다.,육류 제품은 여행 반입 제한이 있을 수 있어 현지에서 먹거나 선물 전 규정을 확인하는 편이 안전함.,1,https://thumbnail.image.rakuten.co.jp/@0_mall/umaimon-hunter/cabinet/maker_list/08280831/imgrc0096233108.jpg?_ex=1024x1024,https://hb.afl.rakuten.co.jp/hgc/g00s83qn.16t5ub2f.g00s83qn.16t5v915/?pc=https%3A%2F%2Fitem.rakuten.co.jp%2Fumaimon-hunter%2Ftish-spisb-0080-gf-005%2F&m=http%3A%2F%2Fm.rakuten.co.jp%2Fumaimon-hunter%2Fi%2F10028952%2F&rafcid=wsc_i_is_b93111dd-e085-46a2-a75f-28c1ee5d2de6
PRD_799,피자 퐁뒤 아스파라거스와 잉카노메자메,ピザフォンデュ（アスパラとインカのめざめ）,도카치 나튀레(株式会社十勝ナチュレ),REG_019,PRC_01,900,"피자 퐁뒤 아스파라거스와 잉카노메자메는 도카치 나추레의 치즈 피자 상품입니다. 도카치산 치즈를 중심으로 네 가지 치즈를 배합하고, 신선한 아스파라거스와 감자 품종 잉카노메자메의 진한 맛을 더했습니다. 피자 반죽에는 홋카이도산 밀 라테르를 사용해 쫄깃한 식감을 낸 것이 특징입니다.",냉장·냉동 상품일 수 있으므로 숙소 냉장고 보관 가능 여부를 보고 구매하는 것이 좋음.,1,https://dzwpvqehwr7zl.cloudfront.net/omios/products/generated/_review/PRD_799/PRD_799_packshot_v1.png,https://www.dousanhin-ec.jp/%E3%83%94%E3%82%B6%E3%83%95%E3%82%A9%E3%83%B3%E3%83%87%E3%83%A5%EF%BC%88%E3%82%A2%E3%82%B9%E3%83%91%E3%83%A9%E3%81%A8%E3%82%A4%E3%83%B3%E3%82%AB%E3%81%AE%E3%82%81%E3%81%96%E3%82%81%EF%BC%89.html
PRD_800,삼방육 플레인 1본,三方六 　プレーン 1本（10切）,류게츠(柳月),REG_019,PRC_01,730,"삼방육 플레인 1본은 류게쓰의 대표 바움쿠헨입니다. 밀크초콜릿과 화이트초콜릿으로 자작나무 껍질 무늬를 표현한 디자인이 특징입니다. 촉촉한 식감을 내는 제조법과 10조각 구성으로, 홋카이도 기념 과자 삼방육의 기본 맛을 담은 제품입니다.",미리 10조각으로 잘린 상품이라 여행 중 나눠 먹기 쉽고 상온 보관 부담이 적음.,1,https://thumbnail.image.rakuten.co.jp/@0_mall/946kitchen/cabinet/05495331/syouhinngazou8/imgrc0128202845.jpg?_ex=1024x1024,https://hb.afl.rakuten.co.jp/hgc/53033622.7bbb75b6.53033623.c98a76f0/?pc=https%3A%2F%2Fitem.rakuten.co.jp%2F946kitchen%2F10000000%2F&m=https%3A%2F%2Fitem.rakuten.co.jp%2F946kitchen%2F10000000%2F
PRD_801,앙버터샌 4개입,あんバタサン 4個入,류게츠(柳月),REG_019,PRC_01,640,"앙버터샌 4개입은 류게쓰의 사브레 샌드 과자입니다. 홋카이도산 소재를 사용해 만든 사브레에 앙버터 크림을 넣고, 풍미가 강한 발효버터로 고소함을 살렸습니다. 바삭하면서도 촉촉한 사브레와 팥의 단맛, 버터의 진한 맛이 어우러지는 디저트입니다.",버터크림이 들어 있어 여름에는 보냉백을 함께 준비하면 맛을 유지하기 좋음.,1,https://thumbnail.image.rakuten.co.jp/@0_mall/senka-land/cabinet/06880765/imgrc0338100602.jpg?_ex=1024x1024,https://hb.afl.rakuten.co.jp/hgc/g00tcrdn.16t5ueb3.g00tcrdn.16t5vfa7/?pc=https%3A%2F%2Fitem.rakuten.co.jp%2Fsenka-land%2F4513316009927m-1%2F&m=http%3A%2F%2Fm.rakuten.co.jp%2Fsenka-land%2Fi%2F10000460%2F&rafcid=wsc_i_is_b93111dd-e085-46a2-a75f-28c1ee5d2de6
PRD_802,나카사쓰나이 시골닭 전골용 다진 고기,中札内田舎どり 鍋用タタキ,나카사쓰나이 와카도리(株式会社中札内若どり),REG_019,PRC_01,580,나카사쓰나이 시골닭 전골용 다진 고기는 나카사쓰나이 와카도리의 닭고기 가공품입니다. 전골에 넣기 좋게 다진 형태로 준비된 상품이라 국물에 닭의 감칠맛이 잘 배어납니다. 홋카이도 나카사쓰나이의 닭고기 브랜드를 가정식 전골 재료로 풀어낸 제품입니다.,"닭고기 가공품은 냉장 조건과 반입 가능 여부를 확인하고, 장거리 이동 시 현지 소비용으로 보는 것이 좋음.",1,https://thumbnail.image.rakuten.co.jp/@0_mall/hokkaidogb/cabinet/item_img0003/g42064.jpg?_ex=1024x1024,https://hb.afl.rakuten.co.jp/hgc/g00suipn.16t5u2c8.g00suipn.16t5v2d0/?pc=https%3A%2F%2Fitem.rakuten.co.jp%2Fhokkaidogb%2F42064%2F&m=http%3A%2F%2Fm.rakuten.co.jp%2Fhokkaidogb%2Fi%2F10006816%2F&rafcid=wsc_i_is_b93111dd-e085-46a2-a75f-28c1ee5d2de6
PRD_803,이하라 기미치,井原 きみちー,후지야혼텐(株式会社不二屋本店),REG_019,PRC_01,500,이하라 기미치는 도카치 지역 유제품의 부드러운 맛을 담은 치즈 가공품입니다. 우유의 단맛과 치즈의 짭조름한 풍미를 함께 즐길 수 있는 홋카이도 계열 간식입니다. 간단히 곁들이기 쉬운 치즈 상품이라 술안주나 여행 기념 식품으로 활용하기 좋습니다.,작은 치즈류는 선물로 좋지만 보관 온도를 확인하고 귀국 전날 사는 편이 안정적임.,0,https://thumbnail.image.rakuten.co.jp/@0_mall/hokkaido-omiyage/cabinet/gentei/fujiya331_pac01.jpg?_ex=1024x1024,https://hb.afl.rakuten.co.jp/hgc/g00pm4tn.16t5uf55.g00pm4tn.16t5vab0/?pc=https%3A%2F%2Fitem.rakuten.co.jp%2Fhokkaido-omiyage%2Ffujiya331%2F&m=http%3A%2F%2Fm.rakuten.co.jp%2Fhokkaido-omiyage%2Fi%2F10009429%2F&rafcid=wsc_i_is_b93111dd-e085-46a2-a75f-28c1ee5d2de6
PRD_804,말린 무채,切干大根,니시가미경영조합(農事組合法人西上経営組合),REG_019,PRC_01,480,"말린 무채는 무를 가늘게 썰어 말린 건조 채소 상품입니다. 물에 불리면 조림이나 무침, 된장국 재료로 쓰기 좋고, 말리는 과정에서 무의 단맛과 식감이 응축됩니다. 저장성이 좋은 전통 농산물 가공품으로, 소박한 반찬을 만들기 쉬운 재료입니다.","건조식품이라 이동 부담이 작고, 한식 반찬에도 응용하기 쉬운 실용 선물로 좋음.",0,https://thumbnail.image.rakuten.co.jp/@0_gold/mameya-sanei/img/item/10000367/thum_1kg.jpg?_ex=1024x1024,https://hb.afl.rakuten.co.jp/hgc/g00siwon.16t5u0dd.g00siwon.16t5v5d1/?pc=https%3A%2F%2Fitem.rakuten.co.jp%2Fmameya-sanei%2F10000367-t1kg%2F&m=http%3A%2F%2Fm.rakuten.co.jp%2Fmameya-sanei%2Fi%2F10000371%2F&rafcid=wsc_i_is_b93111dd-e085-46a2-a75f-28c1ee5d2de6
PRD_805,홋카이도 무라세농장 풋콩,北海道村瀬農場のえだ豆,무라세농장(むらせ農場),REG_019,PRC_01,834,"홋카이도 무라세농장 풋콩은 도카치 평야에서 자란 풋콩 상품입니다. 봄에는 히다카 산맥의 눈 녹은 물, 여름에는 충분한 햇빛, 가을에는 차고 맑은 기후 속에서 자란 콩으로 소개됩니다. 풋콩의 신선한 향과 알찬 식감을 살린 홋카이도 농산물입니다.","냉동품 여부를 확인하고, 숙소나 귀국 동선에 냉장 보관이 가능한지 먼저 따져보는 것이 좋음.",0,https://dzwpvqehwr7zl.cloudfront.net/omios/products/generated/_review/PRD_805/PRD_805_packshot_v1.png,https://www.dousanhin-ec.jp/%E5%8C%97%E6%B5%B7%E9%81%93%E6%9D%91%E7%80%AC%E8%BE%B2%E5%A0%B4%E3%81%AE%E3%81%88%E3%81%A0%E8%B1%86.html
PRD_806,도카치 저지 팥 아이스크림,十勝ジャージーあずきアイスクリーム,미소백성(株式会社味想百盛),REG_019,PRC_01,360,도카치 저지 팥 아이스크림은 미소백성의 저지 우유 기반 아이스크림입니다. 도카치 저지 우유의 부드럽고 진한 유제품 맛에 팥의 단맛을 더한 구성이 특징입니다. 우유의 고소함과 팥 디저트의 익숙한 맛이 함께 느껴지는 홋카이도 아이스크림입니다.,"아이스크림은 여행 중 바로 먹는 기념품으로 적합하며, 포장 구매 시 보냉 가능 시간을 꼭 확인해야 함.",1,https://dzwpvqehwr7zl.cloudfront.net/omios/products/generated/_review/PRD_806/PRD_806_packshot_v1.png,https://www.dousanhin-ec.jp/%E5%8D%81%E5%8B%9D%E3%82%B8%E3%83%A3%E3%83%BC%E3%82%B8%E3%83%BC%E3%81%82%E3%81%9A%E3%81%8D%E3%82%A2%E3%82%A4%E3%82%B9%E3%82%AF%E3%83%AA%E3%83%BC%E3%83%A0.html
PRD_807,도카치 저지 딸기 아이스크림,十勝ジャージーいちごアイスクリーム,미소백성(株式会社味想百盛),REG_019,PRC_01,360,도카치 저지 딸기 아이스크림은 미소백성의 저지 우유 아이스크림에 딸기 맛을 더한 제품입니다. 저지 우유의 부드럽고 풍부한 맛에 딸기의 산뜻한 단맛이 어우러집니다. 도카치 유제품의 진한 질감과 과일 디저트의 가벼운 향을 함께 담은 아이스크림입니다.,"현지에서 바로 먹기 좋은 디저트형 기념품이라, 이동 중 구매보다 매장 취식에 더 잘 맞음.",1,https://dzwpvqehwr7zl.cloudfront.net/omios/products/generated/_review/PRD_807/PRD_807_packshot_v1.png,https://www.dousanhin-ec.jp/%E5%8D%81%E5%8B%9D%E3%82%B8%E3%83%A3%E3%83%BC%E3%82%B8%E3%83%BC%E3%81%84%E3%81%A1%E3%81%94%E3%82%A2%E3%82%A4%E3%82%B9%E3%82%AF%E3%83%AA%E3%83%BC%E3%83%A0.html
PRD_808,도카치 허브소와 소금만으로 만든 콘비프,十勝ハーブ牛と塩だけで作ったコンビーフ,노벨즈식품(株式会社ノベルズ食品),REG_019,PRC_02,1100,도카치 허브소와 소금만으로 만든 콘비프는 노벨즈식품의 단순 원료 콘비프입니다. 도카치 허브우와 소금만을 사용해 고기의 맛을 직접적으로 살린 것이 특징입니다. 기름진 감칠맛보다 쇠고기 본연의 향과 짭조름한 맛을 앞세운 육가공품입니다.,"고기 가공품이라 선물 전 반입 규정과 보관 조건을 확인하고, 캔 포장 상태를 살피는 것이 좋음.",1,https://thumbnail.image.rakuten.co.jp/@0_mall/vin-naturel/cabinet/09492316/imgrc0085777120.jpg?_ex=1024x1024,https://hb.afl.rakuten.co.jp/hgc/g00qb9zn.16t5uaa1.g00qb9zn.16t5vc69/?pc=https%3A%2F%2Fitem.rakuten.co.jp%2Fvin-naturel%2F4573257190016-3%2F&m=http%3A%2F%2Fm.rakuten.co.jp%2Fvin-naturel%2Fi%2F10006461%2F&rafcid=wsc_i_is_b93111dd-e085-46a2-a75f-28c1ee5d2de6
PRD_809,도카치 허브소와 흑후추로 만든 콘비프,十勝ハーブ牛と黒胡椒で作ったコンビーフ,노벨즈식품(株式会社ノベルズ食品),REG_019,PRC_02,1100,"도카치 허브소와 흑후추로 만든 콘비프는 노벨즈식품의 쇠고기 가공품입니다. 도카치 허브우에 흑후추를 더해 고기 맛에 매콤한 향을 입힌 구성이 특징입니다. 그대로 안주로 먹거나 빵, 샐러드, 감자 요리에 곁들이기 좋은 콘비프입니다.","맛이 진한 육가공 선물이라 빵이나 와인을 좋아하는 사람에게 맞고, 보관법은 라벨을 확인해야 함.",1,https://thumbnail.image.rakuten.co.jp/@0_mall/vin-naturel/cabinet/09492316/imgrc0085777610.jpg?_ex=1024x1024,https://hb.afl.rakuten.co.jp/hgc/g00qb9zn.16t5uaa1.g00qb9zn.16t5vc69/?pc=https%3A%2F%2Fitem.rakuten.co.jp%2Fvin-naturel%2F4573257190207-1%2F&m=http%3A%2F%2Fm.rakuten.co.jp%2Fvin-naturel%2Fi%2F10006462%2F&rafcid=wsc_i_is_b93111dd-e085-46a2-a75f-28c1ee5d2de6
PRD_810,도카치 팝콘,十勝ポップコーン,도카치타이요팜(有限会社十勝太陽ファーム),REG_019,PRC_01,226,"도카치 팝콘은 글로벌갭 인증 농장인 마에다농산의 홋카이도산 팝콘용 옥수수 100%를 사용한 전자레인지 전용 상품입니다. 국산 바다 소금으로 간을 해 고소하고 바삭한 식감을 냅니다. 2016년에 개발된 제품으로, 도카치 옥수수를 간편한 팝콘 형태로 즐기는 간식입니다.","가볍고 가격 부담이 낮아 여러 개 사기 좋으며, 부서지지 않게 다른 짐 위쪽에 넣으면 좋음.",1,https://thumbnail.image.rakuten.co.jp/@0_mall/hokkaido-omiyage/cabinet/meika3/ttf001_pac001.jpg?_ex=1024x1024,https://hb.afl.rakuten.co.jp/hgc/g00pm4tn.16t5uf55.g00pm4tn.16t5vab0/?pc=https%3A%2F%2Fitem.rakuten.co.jp%2Fhokkaido-omiyage%2Fttf001%2F&m=http%3A%2F%2Fm.rakuten.co.jp%2Fhokkaido-omiyage%2Fi%2F10006146%2F&rafcid=wsc_i_is_b93111dd-e085-46a2-a75f-28c1ee5d2de6
PRD_811,도카치 라클렛 몰워시,十勝ラクレットモールウォッシュ,아쇼로치즈공방(あしょろチーズ工房),REG_019,PRC_01,710,도카치 라클렛 몰워시는 아쇼로치즈공방의 라클렛 치즈입니다. 도카치 지층에서 솟아나는 몰 온천수로 치즈 표면을 닦아 숙성시키는 방식이 특징입니다. 녹였을 때 부드럽게 흘러내리는 라클렛의 질감과 깊은 유제품 풍미를 담은 홋카이도 치즈입니다.,치즈는 온도 관리가 중요하므로 보냉 포장 가능 여부를 묻고 귀국 직전에 구매하는 것이 좋음.,1,https://thumbnail.image.rakuten.co.jp/@0_mall/nipponselect/cabinet/item/t02-1/t02540002.jpg?_ex=1024x1024,https://hb.afl.rakuten.co.jp/hgc/g00ska5n.16t5u689.g00ska5n.16t5v27f/?pc=https%3A%2F%2Fitem.rakuten.co.jp%2Fnipponselect%2Ft02540002%2F&m=http%3A%2F%2Fm.rakuten.co.jp%2Fnipponselect%2Fi%2F10076241%2F&rafcid=wsc_i_is_b93111dd-e085-46a2-a75f-28c1ee5d2de6
PRD_812,오비히로 다이쇼 메이퀸 감자로 만든 감자버터,帯広大正農協の大正メークインでつくったじゃがバター,오비히로다이쇼농협(帯広大正農業協同組合),REG_019,PRC_01,200,오비히로 다이쇼 메이퀸 감자로 만든 감자버터는 오비히로 다이쇼 농협의 메이퀸 감자를 사용한 상품입니다. 메이퀸 감자의 부드러운 식감과 버터의 고소함을 함께 살린 간편 감자 요리형 제품입니다. 홋카이도 감자 산지의 품종 개성을 버터 풍미와 결합한 가공식품입니다.,"지역성이 분명한 저가 식품이라 부담 없는 선물로 좋고, 데워 먹는 방법을 함께 알려주면 좋음.",1,https://thumbnail.image.rakuten.co.jp/@0_mall/sarasara-c/cabinet/imgrc0126346870.jpg?_ex=1024x1024,https://hb.afl.rakuten.co.jp/hgc/g00qboun.16t5u5ea.g00qboun.16t5v856/?pc=https%3A%2F%2Fitem.rakuten.co.jp%2Fsarasara-c%2F10000591%2F&m=http%3A%2F%2Fm.rakuten.co.jp%2Fsarasara-c%2Fi%2F10006530%2F&rafcid=wsc_i_is_b93111dd-e085-46a2-a75f-28c1ee5d2de6
PRD_813,열돼지말이 만두 치즈,十豚巻き餃子（チーズ）,도카치 나튀레(株式会社十勝ナチュレ),REG_019,PRC_02,1301,"열돼지말이 만두 치즈는 도카치 나추레의 돼지고기 말이 만두입니다. 모차렐라 치즈를 넣어 고소함과 감칠맛을 더했고, 국산 채소를 사용한 만두소가 함께 들어갑니다. 돼지고기, 양배추, 부추, 생강, 마늘, 오이스터소스와 치즈가 어우러지는 진한 맛의 냉동 만두 상품입니다.",조리형 냉장 상품이라 현지 숙소에서 먹거나 보냉 포장 가능 매장을 이용하는 것이 좋음.,1,https://thumbnail.image.rakuten.co.jp/@0_mall/etsusui/cabinet/small8/yn1.jpg?_ex=1024x1024,https://hb.afl.rakuten.co.jp/hgc/g00t6wwn.16t5ub86.g00t6wwn.16t5vbea/?pc=https%3A%2F%2Fitem.rakuten.co.jp%2Fetsusui%2Fnori3-ss%2F&m=http%3A%2F%2Fm.rakuten.co.jp%2Fetsusui%2Fi%2F10010486%2F&rafcid=wsc_i_is_b93111dd-e085-46a2-a75f-28c1ee5d2de6
PRD_814,다이치노홋페 미니,大地のほっぺ ミニ,니즈(有限会社NEEDS),REG_019,PRC_01,900,"다이치노홋페 미니는 니즈의 대표 치즈를 작은 크기로 만든 도카치 유제품입니다. 이름처럼 '대지의 볼'을 떠올리게 하는 둥근 치즈 이미지가 특징이며, 우유의 부드러운 단맛과 숙성 치즈의 고소함을 담습니다. 미니 사이즈라 조금씩 잘라 먹기 좋은 홋카이도 치즈 상품입니다.","치즈를 처음 사는 사람에게도 부담 없는 크기라 좋고, 냉장 보관 가능 시간을 확인하면 좋음.",1,https://thumbnail.image.rakuten.co.jp/@0_mall/946airport/cabinet/imgrc0078207887.jpg?_ex=1024x1024,https://hb.afl.rakuten.co.jp/hgc/g00s6ykn.16t5u7b6.g00s6ykn.16t5v6ef/?pc=https%3A%2F%2Fitem.rakuten.co.jp%2F946airport%2F009-hoppe%2F&m=http%3A%2F%2Fm.rakuten.co.jp%2F946airport%2Fi%2F10001164%2F&rafcid=wsc_i_is_b93111dd-e085-46a2-a75f-28c1ee5d2de6
PRD_815,밀크잼 플레인,ミルクジャム プレーン,도카치 신무라목장(十勝しんむら牧場),REG_019,PRC_01,972,밀크잼 플레인은 방목 우유와 홋카이도산 그래뉴당만으로 만든 단순한 구성의 우유 잼입니다. 신선한 방목 우유를 천천히 졸여 자연스러운 단맛과 우유의 고소한 풍미를 살렸습니다. 빵이나 스콘에 바르기 좋은 부드러운 질감의 홋카이도 밀크 스프레드입니다.,"빵이나 스콘에 바르기 좋아 식품 선물로 실용적이며, 병 제품이라 완충 포장이 필요함.",1,https://thumbnail.image.rakuten.co.jp/@0_mall/946airport/cabinet/shinnmuramiruku.jpg?_ex=1024x1024,https://hb.afl.rakuten.co.jp/hgc/g00s6ykn.16t5u7b6.g00s6ykn.16t5v6ef/?pc=https%3A%2F%2Fitem.rakuten.co.jp%2F946airport%2Fsinmuramirukujyamu3%2F&m=http%3A%2F%2Fm.rakuten.co.jp%2F946airport%2Fi%2F10001899%2F&rafcid=wsc_i_is_b93111dd-e085-46a2-a75f-28c1ee5d2de6
PRD_816,밀크잼 바닐라,ミルクジャム バニラ,도카치 신무라목장(十勝しんむら牧場),REG_019,PRC_01,972,"밀크잼 바닐라는 방목 우유로 만든 밀크잼에 마다가스카르산 바닐라빈을 더한 상품입니다. 우유와 그래뉴당, 바닐라빈을 바탕으로 해 바닐라의 달콤한 향과 우유의 부드러운 맛이 함께 퍼집니다. 빵, 초콜릿 케이크, 과일 소스, 커스터드 향내기에 어울리는 디저트용 스프레드입니다.","향이 강하지 않아 가족용으로 무난하고, 병 뚜껑 밀봉 상태를 확인하고 구매하면 좋음.",1,https://thumbnail.image.rakuten.co.jp/@0_mall/profoods/cabinet/image14/0060715_1.jpg?_ex=1024x1024,https://hb.afl.rakuten.co.jp/hgc/g00pw95n.16t5ud6b.g00pw95n.16t5v182/?pc=https%3A%2F%2Fitem.rakuten.co.jp%2Fprofoods%2F0060715%2F&m=http%3A%2F%2Fm.rakuten.co.jp%2Fprofoods%2Fi%2F10018421%2F&rafcid=wsc_i_is_b93111dd-e085-46a2-a75f-28c1ee5d2de6
PRD_817,콩 간식 그래놀라 콩 믹스,大豆のおやつグラノーラ（豆ミックス）,하루카페(晴cafe'),REG_019,PRC_01,550,콩 간식 그래놀라 콩 믹스는 하루카페의 콩을 활용한 그래놀라형 간식입니다. 여러 콩을 섞어 씹는 식감과 고소한 맛을 살린 것이 특징입니다. 아침 식사 대용이나 차와 함께 먹는 간식으로 쓰기 좋은 곡물·콩 가공식품입니다.,부피가 작고 상온 보관이 쉬워 직장 동료용 간식 선물로 고르기 좋음.,0,https://dzwpvqehwr7zl.cloudfront.net/omios/products/generated/_review/PRD_817/PRD_817_packshot_v1.png,https://www.dousanhin-ec.jp/4589767324216.html
PRD_818,팥 아마낫토,小豆甘納豆,고쿠부홋카이도(国分北海道株式会社),REG_019,PRC_01,260,팥 아마낫토는 팥을 설탕에 조려 말린 일본식 전통 간식입니다. 겉은 달콤하고 속은 팥의 부드러운 식감이 남아 있어 차와 곁들이기 좋습니다. 홋카이도 팥의 이미지와 아마낫토의 오래된 과자 문화를 담은 콩 과자입니다.,"작은 봉지 과자라 여러 맛을 섞어 사기 좋고, 단맛을 좋아하는 사람에게 잘 맞음.",0,https://thumbnail.image.rakuten.co.jp/@0_mall/hokkaido-gift-tanemi/cabinet/07423327/syouzu10t.jpg?_ex=1024x1024,https://hb.afl.rakuten.co.jp/hgc/g00tst4n.16t5u33f.g00tst4n.16t5va6a/?pc=https%3A%2F%2Fitem.rakuten.co.jp%2Fhokkaido-gift-tanemi%2Famanatto_azuki10%2F&m=http%3A%2F%2Fm.rakuten.co.jp%2Fhokkaido-gift-tanemi%2Fi%2F10000919%2F&rafcid=wsc_i_is_b93111dd-e085-46a2-a75f-28c1ee5d2de6
PRD_819,손질 돼지 소금 돈토로,手切り豚塩トントロ,미트피아(株式会社ミートピア),REG_019,PRC_01,550,손질 돼지 소금 돈토로는 미트피아의 돼지 목살 부위 가공품입니다. 돈토로는 한 마리에서 약 300~500그램 정도만 얻을 수 있는 희소 부위로 소개됩니다. 소금 간을 중심으로 고기의 기름진 식감과 감칠맛을 살린 구이용 상품입니다.,육류 선물은 검역과 냉장 조건을 확인해야 하므로 현지 식사용으로 사는 편이 현실적임.,1,https://dzwpvqehwr7zl.cloudfront.net/omios/products/generated/_review/PRD_819/PRD_819_packshot_v1.png,https://www.dousanhin-ec.jp/4571424470626.html
PRD_820,신소바 신토쿠 소바,新そば新得そば,신토쿠물산(新得物産株式会社),REG_019,PRC_01,271,"신소바 신토쿠 소바는 홋카이도 신토쿠 지역의 새 메밀로 만든 건면 소바입니다. 사호로농원산 메밀가루와 홋카이도산 밀가루를 사용한 제품으로 소개됩니다. 신토쿠는 소바 산지로 알려져 있어, 새 메밀의 향과 깔끔한 목넘김을 담은 계절감 있는 면 상품입니다.",건면은 이동이 쉽고 유통기한도 비교적 길어 집에서 조리해 먹는 기념품으로 좋음.,1,https://dzwpvqehwr7zl.cloudfront.net/omios/products/generated/_review/PRD_820/PRD_820_packshot_v1.png,https://www.dousanhin-ec.jp/4901785415125.html
PRD_821,풋콩 코로코로 두부,枝豆ころころ豆腐,나카타식품(有限会社中田食品),REG_019,PRC_01,298,풋콩 코로코로 두부는 컵 두부 안에 무라세농장산 껍질 벗긴 풋콩을 넣은 상품입니다. 부드러운 두부와 풋콩 알갱이의 식감이 함께 느껴지는 것이 특징입니다. 콩의 고소함을 두부와 풋콩 두 가지 형태로 담은 간편 반찬입니다.,"두부류는 냉장 여부를 확인해야 하며, 현지에서 바로 먹을 간식으로 고르는 것이 무난함.",0,https://thumbnail.image.rakuten.co.jp/@0_mall/umaimon-hunter/cabinet/maker_list/08280831/imgrc0092350596.jpg?_ex=1024x1024,https://hb.afl.rakuten.co.jp/hgc/g00s83qn.16t5ub2f.g00s83qn.16t5v915/?pc=https%3A%2F%2Fitem.rakuten.co.jp%2Fumaimon-hunter%2Fnakat-edtuf-0090-nm-010%2F&m=http%3A%2F%2Fm.rakuten.co.jp%2Fumaimon-hunter%2Fi%2F10027558%2F&rafcid=wsc_i_is_b93111dd-e085-46a2-a75f-28c1ee5d2de6
PRD_822,무염석 콘비프,無塩せきコンビーフ,코스모스(有限会社コスモス),REG_019,PRC_01,850,"무염석 콘비프는 코스모스팜의 발색제를 쓰지 않은 콘비프입니다. 소고기, 쇠기름, 소금만으로 만든 무첨가 콘비프 계열 상품으로 소개되며, 어린 소고기의 담백함과 촉촉한 식감을 살립니다. 십승 시미즈 지역 목장의 축산 철학을 담은 육가공품입니다.","샌드위치나 안주용으로 활용하기 좋지만, 육가공품 반입 가능 여부는 반드시 확인해야 함.",0,https://thumbnail.image.rakuten.co.jp/@0_mall/beefnomori/cabinet/1bn5.jpg?_ex=1024x1024,https://hb.afl.rakuten.co.jp/hgc/g00tsron.16t5u368.g00tsron.16t5v5d2/?pc=https%3A%2F%2Fitem.rakuten.co.jp%2Fbeefnomori%2F10000000c%2F&m=http%3A%2F%2Fm.rakuten.co.jp%2Fbeefnomori%2Fi%2F10000014%2F&rafcid=wsc_i_is_b93111dd-e085-46a2-a75f-28c1ee5d2de6
PRD_823,숙성 모차렐라 코로,熟モッツァレラ「コロ」,아쇼로치즈공방(あしょろチーズ工房),REG_019,PRC_01,365,숙성 모차렐라 코로는 아쇼로치즈공방의 숙성 모차렐라입니다. 막대 모양으로 늘린 스트링 치즈를 짧게 자른 뒤 약 2주 숙성해 맛의 깊이를 더합니다. 일반 모차렐라의 부드러움에 숙성 치즈의 감칠맛을 더한 한입 크기 치즈입니다.,"작은 치즈라 선물하기 좋지만, 냉장 이동이 어려우면 현지에서 맛보는 쪽이 안전함.",1,https://dzwpvqehwr7zl.cloudfront.net/omios/products/generated/_review/PRD_823/PRD_823_packshot_v1.png,https://www.dousanhin-ec.jp/4908113720043.html
PRD_824,햐키 드레싱,百鬼ドレッシング,에이치피아이(株式会社HPI),REG_019,PRC_01,770,"햐키 드레싱은 롯카테이의 병입 드레싱 상품입니다. 유채유, 간장, 식초, 입자 머스터드, 향신료 계열의 재료로 만드는 일본식 프렌치 드레싱 성격의 조미료로 알려져 있습니다. 샐러드뿐 아니라 고기나 채소 요리에 곁들이기 좋은 만능 양념형 드레싱입니다.",액체 병 제품이므로 누수 방지를 위해 비닐 포장과 완충재를 함께 요청하는 것이 좋음.,0,https://thumbnail.image.rakuten.co.jp/@0_mall/tsutsu-uraura/cabinet/productpic_04/hyakki460.jpg?_ex=1024x1024,https://hb.afl.rakuten.co.jp/hgc/g00r7kkn.16t5u9de.g00r7kkn.16t5v244/?pc=https%3A%2F%2Fitem.rakuten.co.jp%2Ftsutsu-uraura%2Fhyaki350-6s%2F&m=http%3A%2F%2Fm.rakuten.co.jp%2Ftsutsu-uraura%2Fi%2F10009555%2F&rafcid=wsc_i_is_b93111dd-e085-46a2-a75f-28c1ee5d2de6
PRD_825,이와이쿠로 콩가루,祝黒きな粉,오가사와라농원(小笠原農園),REG_019,PRC_01,250,"이와이쿠로 콩가루는 홋카이도 검은콩 품종인 이와이쿠로를 볶아 곱게 간 콩가루입니다. 검은콩 특유의 고소한 향과 은은한 단맛을 살린 분말형 상품입니다. 떡, 요거트, 우유, 디저트 토핑에 더해 콩의 풍미를 간편하게 더하기 좋습니다.","가벼운 분말 제품이라 짐 부담이 작고, 건강식 재료를 좋아하는 사람에게 주기 좋음.",0,https://thumbnail.image.rakuten.co.jp/@0_mall/tanitagift/cabinet/09996675/compass1686636610.jpg?_ex=1024x1024,https://hb.afl.rakuten.co.jp/hgc/g00tnbdn.16t5ufa7.g00tnbdn.16t5v587/?pc=https%3A%2F%2Fitem.rakuten.co.jp%2Ftanitagift%2F10002749%2F&m=http%3A%2F%2Fm.rakuten.co.jp%2Ftanitagift%2Fi%2F10002749%2F&rafcid=wsc_i_is_b93111dd-e085-46a2-a75f-28c1ee5d2de6
PRD_826,크랜베리 스위트포테이토,スイートポテト,크랜베리(クランベリー),REG_019,PRC_02,1500,"크랜베리 스위트포테이토는 오비히로의 과자점 크랜베리를 대표하는 고구마 디저트입니다. 고구마 껍질을 그릇처럼 살리고 속에는 고구마, 버터, 크림 계열의 부드러운 반죽을 채워 구워내는 형태로 알려져 있습니다. 묵직한 크기와 고구마의 자연스러운 단맛, 촉촉한 식감이 특징인 도카치 지역의 명물 과자입니다.","냉장 보관과 짧은 소비 기한을 고려해 귀국 직전에 사고, 무게 판매 여부를 확인하면 좋음.",1,https://thumbnail.image.rakuten.co.jp/@0_mall/happydelica/cabinet/biiino/item/main-image/20221121165121_1.jpg?_ex=1024x1024,https://hb.afl.rakuten.co.jp/hgc/g00u276n.16t5uf4d.g00u276n.16t5v1af/?pc=https%3A%2F%2Fitem.rakuten.co.jp%2Fhappydelica%2F54512%2F&m=http%3A%2F%2Fm.rakuten.co.jp%2Fhappydelica%2Fi%2F10000026%2F&rafcid=wsc_i_is_b93111dd-e085-46a2-a75f-28c1ee5d2de6
PRD_827,소라치 홋카이도 도카치 돼지덮밥 소스 275g,ソラチ 北海道十勝豚丼のたれ 275g,소라치(ソラチ),REG_019,PRC_01,389,소라치 홋카이도 도카치 돼지덮밥 소스는 도카치식 돼지덮밥의 달콤짭짤한 맛을 내는 조미 소스입니다. 간장과 단맛을 바탕으로 구운 돼지고기에 윤기와 감칠맛을 더하는 타입입니다. 밥 위에 올리는 돼지고기뿐 아니라 볶음요리나 구이 양념에도 어울리는 홋카이도식 타레 상품입니다.,"액체류라 기내 반입보다 위탁 수하물에 넣고, 병 파손을 막기 위해 비닐 포장을 추가하면 좋음.",0,https://thumbnail.image.rakuten.co.jp/@0_mall/tidoriya/cabinet/sorachi/butadon/compass1623132377.jpg?_ex=1024x1024,https://hb.afl.rakuten.co.jp/hgc/g00tcr3n.16t5u1c6.g00tcr3n.16t5v452/?pc=https%3A%2F%2Fitem.rakuten.co.jp%2Ftidoriya%2F4901745121325%2F&m=http%3A%2F%2Fm.rakuten.co.jp%2Ftidoriya%2Fi%2F10002982%2F&rafcid=wsc_i_is_b93111dd-e085-46a2-a75f-28c1ee5d2de6
PRD_828,도카치 하오비 돼지덮밥 소스 385g,十勝はおび 豚丼のタレ 385g,도카치 하오비(十勝はおび),REG_019,PRC_01,734,도카치 하오비 돼지덮밥 소스는 오비히로·도카치 지역의 돼지덮밥 맛을 집에서 내기 위한 병입 타레입니다. 구운 돼지고기에 발라 밥 위에 올리면 간장 베이스의 달고 짭짤한 풍미가 배어드는 소스입니다. 상온 보관 가능한 조미료 형태라 돼지덮밥 외에도 고기구이 양념으로 쓰기 좋은 제품입니다.,"요리하는 사람에게 실용적인 선물이며, 병 제품은 옷으로 감싸 충격을 줄이는 것이 좋음.",1,https://thumbnail.image.rakuten.co.jp/@0_mall/sarasara-c/cabinet/imgrc0129464937.jpg?_ex=1024x1024,https://hb.afl.rakuten.co.jp/hgc/g00qboun.16t5u5ea.g00qboun.16t5v856/?pc=https%3A%2F%2Fitem.rakuten.co.jp%2Fsarasara-c%2F10005250%2F&m=http%3A%2F%2Fm.rakuten.co.jp%2Fsarasara-c%2Fi%2F10006555%2F&rafcid=wsc_i_is_b93111dd-e085-46a2-a75f-28c1ee5d2de6
PRD_829,돈타 특제 돼지덮밥 세트,とん田特製ぶた丼セット,돼지덮밥 돈타(ぶた丼のとん田),REG_019,PRC_06,6480,"돈타 특제 돼지덮밥 세트는 오비히로의 돼지덮밥 전문점 돈타의 맛을 담은 냉동 세트입니다. 도카치산 돼지고기를 손질해 특제 소스와 함께 구성한 상품으로, 매장식 돼지덮밥의 달콤짭짤한 풍미를 재현하는 데 초점을 둡니다. 구운 돼지고기와 진한 타레가 밥과 어우러지는 오비히로 명물 스타일의 육가공 간편식입니다.","냉동 식품이라 장거리 이동보다는 배송 이용이 안전하고, 선물 전 보관 공간을 확인해야 함.",1,https://thumbnail.image.rakuten.co.jp/@0_mall/hokkaido-dosankoplaza/cabinet/04366014/04369273/imgrc0134354277.jpg?_ex=1024x1024,https://hb.afl.rakuten.co.jp/hgc/53033622.7bbb75b6.53033623.c98a76f0/?pc=https%3A%2F%2Fitem.rakuten.co.jp%2Fhokkaido-dosankoplaza%2F16830210%2F&m=https%3A%2F%2Fitem.rakuten.co.jp%2Fhokkaido-dosankoplaza%2F16830210%2F
PRD_830,도카치 와인 세이오로사무 화이트 720ml,十勝ワイン セイオロサム 白 720ml,이케다초 포도·포도주연구소(池田町ブドウ・ブドウ酒研究所),REG_019,PRC_03,2490,"도카치 와인 세이오로사무 화이트는 이케다초 포도·포도주연구소가 만드는 홋카이도산 와인입니다. 세이오로사무라는 이름은 도카치 와인이 생산되는 지역의 옛 지명에서 유래한 것으로 소개됩니다. 바카스, 모리오 무스카트, 케르너 등 북방계 포도를 블렌딩해 마스캣을 떠올리게 하는 향과 산뜻한 목넘김을 살린 화이트 와인입니다.",주류는 세관 반입 한도와 병 파손 위험을 확인하고 위탁 수하물에 넣는 것이 좋음.,0,https://thumbnail.image.rakuten.co.jp/@0_mall/watashoweb/cabinet/shohin/07220004/57152-01.jpg?_ex=1024x1024,https://hb.afl.rakuten.co.jp/hgc/53033622.7bbb75b6.53033623.c98a76f0/?pc=https%3A%2F%2Fitem.rakuten.co.jp%2Fwatashoweb%2F0009-57152%2F&m=https%3A%2F%2Fitem.rakuten.co.jp%2Fwatashoweb%2F0009-57152%2F
PRD_831,도카치 와인 도카푸 레드 720ml,十勝ワイン トカップ 赤 720ml,이케다초 포도·포도주연구소(池田町ブドウ・ブドウ酒研究所),REG_019,PRC_02,1330,"도카치 와인 도카푸 레드는 이케다초 포도·포도주연구소의 대중적인 레드 와인 라인입니다. 일본산 포도를 사용한 드라이한 스타일로, 산미와 향의 균형을 중시한 중간 정도의 바디감이 특징입니다. 도카치 와인을 처음 접하는 사람도 부담 없이 마실 수 있는 기본형 테이블 와인 성격의 제품입니다.",와인 선물은 병 무게가 있으니 한두 병만 고르고 완충 포장을 꼭 확인하는 것이 좋음.,0,https://thumbnail.image.rakuten.co.jp/@0_mall/jism/cabinet/0317/4970903510011.jpg?_ex=1024x1024,https://hb.afl.rakuten.co.jp/hgc/g00pukwn.16t5u989.g00pukwn.16t5v614/?pc=https%3A%2F%2Fitem.rakuten.co.jp%2Fjism%2F4970903510011-75-30002609-n%2F&m=http%3A%2F%2Fm.rakuten.co.jp%2Fjism%2Fi%2F14261053%2F&rafcid=wsc_i_is_b93111dd-e085-46a2-a75f-28c1ee5d2de6
PRD_832,도카치 쉬폰 홀케이크,十勝シフォン ホールケーキ,도카치 쉬폰(十勝シフォン),REG_019,PRC_04,3680,"도카치 쉬폰 홀케이크는 도카치산 재료를 사용해 굽는 시폰 케이크입니다. 달걀, 밀가루, 우유 등 지역 재료의 풍미를 살려 폭신하고 촉촉한 식감을 내는 것이 특징입니다. 가벼운 케이크 구조 안에 우유와 달걀의 부드러운 맛을 담은 도카치 지역형 디저트입니다.",부피가 있는 냉동 케이크라 직접 운반보다 배송 선물로 이용하는 편이 안전함.,1,https://thumbnail.image.rakuten.co.jp/@0_mall/tokachi-chiffon/cabinet/1bn59.jpg?_ex=1024x1024,https://hb.afl.rakuten.co.jp/hgc/53033622.7bbb75b6.53033623.c98a76f0/?pc=https%3A%2F%2Fitem.rakuten.co.jp%2Ftokachi-chiffon%2F4589679470018%2F&m=https%3A%2F%2Fitem.rakuten.co.jp%2Ftokachi-chiffon%2F4589679470018%2F
PRD_833,후쿠시로 킨토키 아마낫토,福白金時甘納豆,고쿠부홋카이도(国分北海道株式会社),REG_019,PRC_01,260,"후쿠시로 킨토키 아마낫토는 흰빛을 띠는 킨토키콩 계열을 달콤하게 조린 일본식 콩 과자입니다. 후쿠시로 킨토키는 금시콩과 형태가 비슷한 흰 강낭콩 품종으로, 조림이나 아마낫토에 쓰이는 콩으로 알려져 있습니다. 설탕의 단맛 속에 콩의 포슬한 식감과 담백한 맛이 남아 차와 곁들이기 좋은 간식입니다.","낱개 간식류와 함께 묶어 사면 다양한 맛을 비교하기 좋고, 깨질 걱정이 적음.",0,https://dzwpvqehwr7zl.cloudfront.net/omios/products/generated/_review/PRD_833/PRD_833_packshot_v1.png,https://www.dousanhin-ec.jp/4902535502096.html
PRD_834,신토쿠 팔할 소바,新得八割そば,신토쿠물산(新得物産株式会社),REG_019,PRC_01,410,신토쿠 팔할 소바는 홋카이도 신토쿠물산의 건면 소바입니다. 메밀 비율을 높인 팔할 소바라 메밀 향과 구수한 맛을 비교적 선명하게 느낄 수 있는 타입입니다. 신토쿠 지역의 소바 산지 이미지를 담아 차갑게 먹는 자루소바나 따뜻한 국물 소바에 모두 어울리는 면 상품입니다.,상온 보관 가능한 면류라 여행 후 집에서 지역의 맛을 재현하기 좋은 선물임.,1,https://thumbnail.image.rakuten.co.jp/@0_mall/kitakuranohatake/cabinet/06344197/11519229/imgrc0127986256.jpg?_ex=1024x1024,https://hb.afl.rakuten.co.jp/hgc/g00qzw0n.16t5u486.g00qzw0n.16t5v46d/?pc=https%3A%2F%2Fitem.rakuten.co.jp%2Fkitakuranohatake%2Fshintokusoba-hatiwari-2%2F&m=http%3A%2F%2Fm.rakuten.co.jp%2Fkitakuranohatake%2Fi%2F10005514%2F&rafcid=wsc_i_is_b93111dd-e085-46a2-a75f-28c1ee5d2de6
PRD_835,마이타케 간장,舞茸しょうゆ,오비히로프로판(帯広プロパン株式会社),REG_019,PRC_01,800,"마이타케 간장은 홋카이도산 마이타케와 표고버섯 추출물을 더한 버섯 풍미의 간장입니다. 간장의 짠맛 위에 버섯의 향과 감칠맛이 겹쳐지는 것이 특징입니다. 두부, 생선, 고기, 볶음요리에 소량 더하면 버섯 육수 같은 깊이를 보탤 수 있는 조미료입니다.","병 제품이라 새지 않게 개별 포장하고, 요리를 자주 하는 사람에게 실용적인 선물로 고르면 좋음.",1,https://thumbnail.image.rakuten.co.jp/@0_mall/yoshiwa-minka/cabinet/2020/1bn291.jpg?_ex=1024x1024,https://hb.afl.rakuten.co.jp/hgc/g00s6qhn.16t5uece.g00s6qhn.16t5vc01/?pc=https%3A%2F%2Fitem.rakuten.co.jp%2Fyoshiwa-minka%2Fyymgpf%2F&m=http%3A%2F%2Fm.rakuten.co.jp%2Fyoshiwa-minka%2Fi%2F10000281%2F&rafcid=wsc_i_is_b93111dd-e085-46a2-a75f-28c1ee5d2de6
PRD_836,도쿄 바나나 '미이츠케따' 바나나맛,東京ばな奈「見ぃつけたっ」バナナ味,그레이프스톤(グレープストーン),REG_020,PRC_02,1200,도쿄 바나나 '미이츠케따' 바나나맛은 부드러운 스펀지 케이크 안에 바나나 커스터드 크림을 채운 도쿄 기념 과자입니다. 바나나 모양을 떠올리게 하는 둥근 형태와 촉촉한 케이크 질감이 특징입니다. 크림의 달콤한 바나나 향과 가벼운 스펀지가 어우러지는 그레이프스톤의 대표 상품입니다.,"도쿄역, 하네다 공항, 나리타 공항 등 주요 교통 거점의 기념품 매장에서 쉽게 찾을 수 있습니다.",1,https://thumbnail.image.rakuten.co.jp/@0_mall/kainozakkya/cabinet/okasi/tokyobanana/1222.jpg?_ex=1024x1024,https://hb.afl.rakuten.co.jp/hgc/53033622.7bbb75b6.53033623.c98a76f0/?pc=https%3A%2F%2Fitem.rakuten.co.jp%2Fkainozakkya%2Ftokyobanana-s%2F&m=https%3A%2F%2Fitem.rakuten.co.jp%2Fkainozakkya%2Ftokyobanana-s%2F
PRD_837,히요코 만쥬,名菓ひよ子,히요코 혼포 요시노도(ひよ子本舗吉野堂),REG_020,PRC_02,1100,"히요코 만쥬는 병아리 모양으로 빚은 일본식 만주 과자입니다. 부드러운 황백앙을 얇은 껍질로 감싼 구조로, 단정한 단맛과 포슬한 앙금 식감이 특징입니다. 다이쇼 원년에 지쿠호 이이즈카에서 태어난 명과로 알려져 있으며 후쿠오카와 도쿄를 대표하는 기념 과자로 자리 잡았습니다.","주요 백화점 식품 코너나 도쿄 내 기념품점에서 구매 가능하며, 기간 한정 맛도 찾아보세요.",1,https://thumbnail.image.rakuten.co.jp/@0_mall/hiyoko-honpo-yoshinodo/cabinet/07978650/hiyokohako12.jpg?_ex=1024x1024,https://hb.afl.rakuten.co.jp/hgc/g00tyjgn.16t5u80a.g00tyjgn.16t5vd8f/?pc=https%3A%2F%2Fitem.rakuten.co.jp%2Fhiyoko-honpo-yoshinodo%2F10101012%2F&m=http%3A%2F%2Fm.rakuten.co.jp%2Fhiyoko-honpo-yoshinodo%2Fi%2F10000020%2F&rafcid=wsc_i_is_b93111dd-e085-46a2-a75f-28c1ee5d2de6
PRD_838,요쿠모쿠 시가르,ヨックモック シガール,요쿠모쿠(ヨックモック),REG_020,PRC_02,1800,요쿠모쿠 시가르는 버터를 듬뿍 넣은 얇은 반죽을 구운 뒤 돌돌 말아 만든 롤 쿠키입니다. 섬세하게 구운 반죽이 바삭하게 부서지면서 입안에서 부드럽게 녹는 식감이 특징입니다. 단순한 재료 구성 안에서 버터 향을 선명하게 살린 요쿠모쿠의 대표 과자입니다.,"백화점 식품관 또는 요쿠모쿠 전문점에서 구매할 수 있으며, 선물용으로 인기가 많습니다.",1,https://thumbnail.image.rakuten.co.jp/@0_mall/bellevie-harima/cabinet/food/sweets5/food-01112_s1.jpg?_ex=1024x1024,https://hb.afl.rakuten.co.jp/hgc/g00q1q9n.16t5u900.g00q1q9n.16t5v7fe/?pc=https%3A%2F%2Fitem.rakuten.co.jp%2Fbellevie-harima%2Ffood-01112%2F&m=http%3A%2F%2Fm.rakuten.co.jp%2Fbellevie-harima%2Fi%2F10168240%2F&rafcid=wsc_i_is_b93111dd-e085-46a2-a75f-28c1ee5d2de6
PRD_839,가토 페스타 하라다 구떼 데 로아 러스크,ガトーフェスタハラダ グーテ・デ・ロワ ラスク,가토 페스타 하라다(ガトーフェスタハラダ),REG_020,PRC_02,1500,가토 페스타 하라다의 구떼 데 로아는 프랑스빵을 사용해 만드는 대표 라스크입니다. 얇게 자른 빵에 버터와 설탕을 입혀 다시 구워 바삭한 식감과 고소한 풍미를 냅니다. '왕의 간식'이라는 이름처럼 단순한 재료를 정교하게 구워낸 클래식한 버터 라스크입니다.,"백화점이나 쇼핑몰 내 가토 페스타 하라다 매장에서 구매 가능하며, 오픈런이 필요할 정도로 인기 있습니다.",1,https://thumbnail.image.rakuten.co.jp/@0_mall/kobe-heartis/cabinet/compass1774400968.jpg?_ex=1024x1024,https://hb.afl.rakuten.co.jp/hgc/g00twk6n.16t5u339.g00twk6n.16t5vade/?pc=https%3A%2F%2Fitem.rakuten.co.jp%2Fkobe-heartis%2Fgateau10%2F&m=http%3A%2F%2Fm.rakuten.co.jp%2Fkobe-heartis%2Fi%2F10000056%2F&rafcid=wsc_i_is_b93111dd-e085-46a2-a75f-28c1ee5d2de6
PRD_840,넨린야 마운트 바움쿠헨 (시캇카리 메),ねんりん家 マウントバーム しっかり芽,넨린야(ねんりん家),REG_020,PRC_03,2200,"넨린야 마운트 바움쿠헨 시캇카리 메는 산 모양의 결을 살린 바움쿠헨입니다. 겉은 향긋하게 구워 단단한 식감을 내고, 속은 버터 풍미가 배어 있는 촘촘한 반죽으로 구성됩니다. 나무의 나이테를 닮은 바움쿠헨의 전통적 이미지를 현대적인 도쿄 과자로 풀어낸 제품입니다.","도쿄역, 긴자 등 주요 상업 지구의 넨린야 매장에서 신선한 제품을 구매할 수 있습니다.",1,https://thumbnail.image.rakuten.co.jp/@0_mall/paqtomogsweetsshop/cabinet/goods/09152167/09152168/imgmb_01_1p.jpg?_ex=1024x1024,https://hb.afl.rakuten.co.jp/hgc/g00tzaqn.16t5u61f.g00tzaqn.16t5vf57/?pc=https%3A%2F%2Fitem.rakuten.co.jp%2Fpaqtomogsweetsshop%2F008365%2F&m=http%3A%2F%2Fm.rakuten.co.jp%2Fpaqtomogsweetsshop%2Fi%2F10000236%2F&rafcid=wsc_i_is_b93111dd-e085-46a2-a75f-28c1ee5d2de6
PRD_841,더 메이플 매니아 메이플 버터 쿠키,ザ・メープルマニア メープルバタークッキー,더 메이플 매니아(ザ・メープルマニア),REG_020,PRC_02,1400,"더 메이플 매니아 메이플 버터 쿠키는 메이플 향 쿠키 사이에 버터 풍미의 초콜릿을 샌드한 과자입니다. 바삭한 쿠키와 부드럽게 녹는 초콜릿이 함께 씹히며, 메이플의 달콤한 향이 중심을 이룹니다. 도쿄역 기념 과자로 알려진 브랜드의 대표 상품입니다.",도쿄역 '도쿄 오미야게 센터' 등 주요 역사의 기념품 매장에서 주로 판매됩니다.,1,https://thumbnail.image.rakuten.co.jp/@0_mall/sucreyshop/cabinet/pointup/tmm01303_thm_p5.jpg?_ex=1024x1024,https://hb.afl.rakuten.co.jp/hgc/g00tq9an.16t5u50b.g00tq9an.16t5v044/?pc=https%3A%2F%2Fitem.rakuten.co.jp%2Fsucreyshop%2Ftmm01303%2F&m=http%3A%2F%2Fm.rakuten.co.jp%2Fsucreyshop%2Fi%2F10000252%2F&rafcid=wsc_i_is_b93111dd-e085-46a2-a75f-28c1ee5d2de6
PRD_842,도쿄 밀크 치즈 팩토리 솔트 & 카망베르 쿠키,東京ミルクチーズ工場 ソルト＆カマンベールクッキー,도쿄 밀크 치즈 팩토리(東京ミルクチーズ工場),REG_020,PRC_02,1300,"도쿄 밀크 치즈 팩토리 솔트 & 카망베르 쿠키는 우유와 치즈의 조합을 살린 샌드 쿠키입니다. 소금기를 더한 쿠키에 카망베르 치즈 초콜릿을 끼워 단맛과 짭짤함의 균형을 냅니다. 우유의 부드러움, 치즈의 고소함, 소금의 선명한 뒷맛이 함께 느껴지는 제품입니다.","도쿄역, 신주쿠 등 백화점이나 역 구내 매장에서 구매 가능하며, 치즈 애호가에게 추천합니다.",1,https://thumbnail.image.rakuten.co.jp/@0_mall/kyostu/cabinet/okasi/12463563/m18.jpg?_ex=1024x1024,https://hb.afl.rakuten.co.jp/hgc/g00ur07n.16t5u3e0.g00ur07n.16t5v5c8/?pc=https%3A%2F%2Fitem.rakuten.co.jp%2Fkyostu%2Fankobutterfinancier-1211%2F&m=http%3A%2F%2Fm.rakuten.co.jp%2Fkyostu%2Fi%2F10000413%2F&rafcid=wsc_i_is_b93111dd-e085-46a2-a75f-28c1ee5d2de6
PRD_843,킷캣 도쿄 바나나 맛,キットカット 東京ばな奈味,네슬레(ネスレ),REG_020,PRC_01,900,킷캣 도쿄 바나나 맛은 네슬레 킷캣과 도쿄 바나나가 협업한 지역 한정 과자입니다. 킷캣 특유의 바삭한 웨이퍼에 도쿄 바나나를 떠올리게 하는 바나나 커스터드 계열 풍미를 더했습니다. 초콜릿 과자의 식감과 도쿄 바나나의 달콤한 향을 결합한 도쿄 기념품형 상품입니다.,"주요 관광지 기념품점, 편의점, 공항 등에서 쉽게 구매할 수 있습니다.",1,https://thumbnail.image.rakuten.co.jp/@0_mall/24exp/cabinet/10230455/imgrc0097776396.jpg?_ex=1024x1024,https://hb.afl.rakuten.co.jp/hgc/53033622.7bbb75b6.53033623.c98a76f0/?pc=https%3A%2F%2Fitem.rakuten.co.jp%2F24exp%2Fb0dsq683jv%2F&m=https%3A%2F%2Fitem.rakuten.co.jp%2F24exp%2Fb0dsq683jv%2F
PRD_844,긴자의 딸기 케이크,銀座のいちごケーキ,그레이프스톤(グレープストーン),REG_020,PRC_02,1200,긴자의 딸기 케이크는 그레이프스톤이 전개하는 딸기 모티브의 케이크 과자입니다. 촉촉한 스펀지 케이크 안에 딸기와 우유의 이미지를 살린 크림을 넣어 부드러운 식감을 냅니다. 도쿄 바나나 계열 상품과 같은 기념 과자 문법 안에서 딸기 쇼트케이크 같은 달콤한 맛을 표현한 제품입니다.,도쿄 바나나와 동일하게 주요 교통 거점 및 기념품 매장에서 구매할 수 있습니다.,1,https://thumbnail.image.rakuten.co.jp/@0_mall/paqtomogsweetsshop/cabinet/goods/banana/09567459/gzichigo_01_8p.jpg?_ex=1024x1024,https://hb.afl.rakuten.co.jp/hgc/g00tzaqn.16t5u61f.g00tzaqn.16t5vf57/?pc=https%3A%2F%2Fitem.rakuten.co.jp%2Fpaqtomogsweetsshop%2F012150%2F&m=http%3A%2F%2Fm.rakuten.co.jp%2Fpaqtomogsweetsshop%2Fi%2F10000304%2F&rafcid=wsc_i_is_b93111dd-e085-46a2-a75f-28c1ee5d2de6
PRD_845,도쿄 타마고 고마타마고,東京たまご ごまたまご,긴자 타마야(銀座たまや),REG_020,PRC_02,1000,"도쿄 타마고 고마타마고는 달걀 모양을 한 검은깨 과자입니다. 검은깨 페이스트와 검은깨 앙금을 카스텔라 반죽으로 감싸고 화이트 초콜릿으로 코팅한 층 구조가 특징입니다. 고소한 깨 향, 앙금의 단맛, 초콜릿의 부드러움이 한입 안에서 이어지는 긴자 타마야의 대표 상품입니다.","도쿄역, 긴자, 공항 등 주요 기념품 판매점에서 찾아볼 수 있습니다.",1,https://thumbnail.image.rakuten.co.jp/@0_mall/kioskgift/cabinet/gomatama/gomatamago_1_1.jpg?_ex=1024x1024,https://hb.afl.rakuten.co.jp/hgc/g00pjkgn.16t5uc85.g00pjkgn.16t5va90/?pc=https%3A%2F%2Fitem.rakuten.co.jp%2Fkioskgift%2F10000135%2F&m=http%3A%2F%2Fm.rakuten.co.jp%2Fkioskgift%2Fi%2F10000135%2F&rafcid=wsc_i_is_b93111dd-e085-46a2-a75f-28c1ee5d2de6
PRD_846,콜롬방 하라주쿠 구운 초콜릿,コロンバン 原宿焼きショコラ,콜롬방(コロンバン),REG_020,PRC_02,1500,"콜롬방 하라주쿠 구운 초콜릿은 초콜릿을 구워 만든 한입 크기의 서양 과자입니다. 코코아의 진한 풍미와 사각하게 부서지는 식감을 살렸고, 일반 초콜릿보다 녹기 어려운 구운 타입으로 소개됩니다. 1924년 창업한 콜롬방의 프랑스 과자 전통을 도쿄 기념품 형태로 풀어낸 제품입니다.","주요 백화점 식품 코너나 콜롬방 전문점에서 구매할 수 있으며, 개별 포장되어 선물하기 좋습니다.",1,https://thumbnail.image.rakuten.co.jp/@0_mall/kioskgift/cabinet/koron/1200_1200_6.jpg?_ex=1024x1024,https://hb.afl.rakuten.co.jp/hgc/g00pjkgn.16t5uc85.g00pjkgn.16t5va90/?pc=https%3A%2F%2Fitem.rakuten.co.jp%2Fkioskgift%2F237%2F&m=http%3A%2F%2Fm.rakuten.co.jp%2Fkioskgift%2Fi%2F10000983%2F&rafcid=wsc_i_is_b93111dd-e085-46a2-a75f-28c1ee5d2de6
PRD_847,토키와도 카미나리 오코시,常盤堂雷おこし,토키와도(常盤堂),REG_020,PRC_01,800,토키와도 카미나리 오코시는 아사쿠사 가미나리몬과 인연이 깊은 전통 쌀 과자입니다. 볶거나 튀겨 부풀린 쌀을 설탕과 물엿 계열의 당밀로 굳혀 바삭한 식감을 냅니다. 집안과 이름을 일으킨다는 의미의 '오코시'와 연결되어 에도 시대부터 아사쿠사 참배 기념 과자로 사랑받아 온 상품입니다.,아사쿠사 센소지 주변 상점가에서 다양한 맛과 종류의 카미나리 오코시를 만날 수 있습니다.,1,https://thumbnail.image.rakuten.co.jp/@0_mall/e-omiyage/cabinet/20th_anniversary/202002690.jpg?_ex=1024x1024,https://hb.afl.rakuten.co.jp/hgc/g00q0lin.16t5u5f7.g00q0lin.16t5v4ab/?pc=https%3A%2F%2Fitem.rakuten.co.jp%2Fe-omiyage%2F202002690%2F&m=http%3A%2F%2Fm.rakuten.co.jp%2Fe-omiyage%2Fi%2F10075188%2F&rafcid=wsc_i_is_b93111dd-e085-46a2-a75f-28c1ee5d2de6
PRD_848,긴자 웨스트 리프 파이,銀座ウエスト リーフパイ,긴자 웨스트(銀座ウエスト),REG_020,PRC_02,1800,"긴자 웨스트 리프 파이는 잎사귀 모양으로 구운 파이 과자입니다. 버터 풍미가 나는 파이 반죽을 얇게 겹쳐 굽고, 표면의 설탕이 바삭한 식감을 더합니다. 인공 향료나 색소에 기대기보다 재료 본연의 맛을 중시해 온 긴자 웨스트의 제과 철학이 드러나는 대표 구움과자입니다.","긴자 본점 외 주요 백화점에서 구매 가능하며, 심플하지만 고급스러운 선물로 좋습니다.",1,https://thumbnail.image.rakuten.co.jp/@0_mall/ginza-west/cabinet/02546721/img57263240.jpg?_ex=1024x1024,https://hb.afl.rakuten.co.jp/hgc/g00rb11n.16t5u57e.g00rb11n.16t5v35d/?pc=https%3A%2F%2Fitem.rakuten.co.jp%2Fginza-west%2F02%2F&m=http%3A%2F%2Fm.rakuten.co.jp%2Fginza-west%2Fi%2F10000001%2F&rafcid=wsc_i_is_b93111dd-e085-46a2-a75f-28c1ee5d2de6
PRD_849,우사기야 도라야키,うさぎや どらやき,우사기야(うさぎや),REG_020,PRC_01,300,우사기야 도라야키는 도쿄 우에노의 노포 우사기야를 대표하는 팥 과자입니다. 부드럽게 구운 두 장의 반죽 사이에 도카치산 팥으로 만든 통팥앙을 넣는 구성입니다. 갓 구운 반죽의 향과 촉촉한 팥앙의 단맛이 어우러지는 도쿄식 도라야키로 알려져 있습니다.,"우에노에 있는 본점에서 구매 가능하며, 당일 생산된 신선한 제품을 맛볼 수 있습니다.",1,https://dzwpvqehwr7zl.cloudfront.net/omios/products/generated/_review/PRD_849/PRD_849_packshot_v1.png,http://www.ueno-usagiya.jp/
PRD_850,긴자 센비키야 과일 젤리,銀座千疋屋 フルーツゼリー,긴자 센비키야(銀座千疋屋),REG_020,PRC_04,3000,"긴자 센비키야 과일 젤리는 과일 전문점 긴자 센비키야의 디저트 상품입니다. 국내산 과일의 과즙과 향을 젤리 형태로 담아 부드럽고 산뜻한 식감을 냅니다. 과일의 색과 맛을 살린 개별 젤리 구성으로, 과일점의 정체성을 담은 간식입니다.","긴자 센비키야 매장 또는 백화점 식품 코너에서 구매 가능하며, 시원하게 즐기면 더욱 좋습니다.",1,https://thumbnail.image.rakuten.co.jp/@0_mall/ginza-sembikiya/cabinet/img/jelly/pgs-061/pgs-061-2.jpg?_ex=1024x1024,https://hb.afl.rakuten.co.jp/hgc/g00qi0bn.16t5u5ab.g00qi0bn.16t5vb78/?pc=https%3A%2F%2Fitem.rakuten.co.jp%2Fginza-sembikiya%2F899270%2F&m=http%3A%2F%2Fm.rakuten.co.jp%2Fginza-sembikiya%2Fi%2F10000055%2F&rafcid=wsc_i_is_b93111dd-e085-46a2-a75f-28c1ee5d2de6
PRD_851,도쿄 러스크 프리미엄 밀크,東京ラスク プレミアムミルク,도쿄 러스크(東京ラスク),REG_020,PRC_02,1100,도쿄 러스크 프리미엄 밀크는 얇게 구운 러스크에 밀크 풍미를 더한 과자입니다. 러스크 특유의 가벼운 바삭함과 우유 계열의 부드러운 단맛이 중심을 이룹니다. 도쿄 러스크가 전개하는 계절·컬렉션 상품군 안에서 달콤한 밀크 맛을 강조한 제품입니다.,"도쿄역, 도쿄 스카이트리 등 주요 관광지의 기념품 매장에서 쉽게 찾을 수 있습니다.",1,https://thumbnail.image.rakuten.co.jp/@0_mall/fujihisa/cabinet/11617065/a564_01.jpg?_ex=1024x1024,https://hb.afl.rakuten.co.jp/hgc/g00tbq0n.16t5ud83.g00tbq0n.16t5ve59/?pc=https%3A%2F%2Fitem.rakuten.co.jp%2Ffujihisa%2F1000353%2F&m=http%3A%2F%2Fm.rakuten.co.jp%2Ffujihisa%2Fi%2F10002353%2F&rafcid=wsc_i_is_b93111dd-e085-46a2-a75f-28c1ee5d2de6
PRD_852,피스타 & 도쿄 피스타치오 샌드,Pista & Tokyo ピスタチオサンド,피스타 & 도쿄(Pista & Tokyo),REG_020,PRC_02,1800,피스타 & 도쿄 피스타치오 샌드는 피스타치오를 중심으로 만든 샌드 과자입니다. 피스타치오 향 초콜릿과 피스타치오를 넣은 쿠키 시트를 층층이 겹쳐 고소한 향을 강조합니다. 초콜릿의 단맛과 쿠키의 은은한 짠맛이 균형을 이루는 피스타치오 전문 브랜드의 대표 상품입니다.,"주로 도쿄역 내 상점에서 판매되며, 피스타치오를 좋아하는 분께 강력 추천합니다.",1,https://thumbnail.image.rakuten.co.jp/@0_mall/kainozakkya/cabinet/okasi/11015105/imgrc0107856346.jpg?_ex=1024x1024,https://hb.afl.rakuten.co.jp/hgc/g00uf1tn.16t5u7ed.g00uf1tn.16t5v379/?pc=https%3A%2F%2Fitem.rakuten.co.jp%2Fkainozakkya%2Fsandassort-10%2F&m=http%3A%2F%2Fm.rakuten.co.jp%2Fkainozakkya%2Fi%2F10000956%2F&rafcid=wsc_i_is_b93111dd-e085-46a2-a75f-28c1ee5d2de6
PRD_853,긴자 아케보노 떡 모나카,銀座あけぼの 餅最中,긴자 아케보노(銀座あけぼの),REG_020,PRC_02,1500,"긴자 아케보노 떡 모나카는 바삭한 모나카 껍질 안에 팥앙과 떡의 식감을 담은 화과자입니다. 모나카의 고소한 향, 팥앙의 단맛, 쫀득한 떡이 함께 느껴지는 구성이 특징입니다. 긴자에서 성장한 화과자점 아케보노의 전통적인 팥 과자 계열 상품입니다.","긴자 아케보노 본점 또는 주요 백화점에서 구매할 수 있으며, 다양한 화과자가 있습니다.",1,https://thumbnail.image.rakuten.co.jp/@0_mall/akebono/cabinet/regular/kurimonaka/kurimonakab600x600.jpg?_ex=1024x1024,https://hb.afl.rakuten.co.jp/hgc/g00pajbn.16t5uf59.g00pajbn.16t5vf29/?pc=https%3A%2F%2Fitem.rakuten.co.jp%2Fakebono%2F477048%2F&m=http%3A%2F%2Fm.rakuten.co.jp%2Fakebono%2Fi%2F10000149%2F&rafcid=wsc_i_is_b93111dd-e085-46a2-a75f-28c1ee5d2de6
PRD_854,도쿄 캐러멜 샌드,東京キャラメルサンド,N.Y.C.SAND(ニューヨークキャラメルサンド),REG_020,PRC_02,1500,"도쿄 캐러멜 샌드는 버터 쿠키 사이에 캐러멜과 초콜릿을 넣은 샌드 과자입니다. 천천히 졸인 캐러멜을 초콜릿으로 감싸 쿠키 사이에 넣어, 바삭함과 끈적한 캐러멜 식감이 함께 느껴집니다. 진한 캐러멜의 단맛과 쿠키의 버터 풍미가 중심이 되는 도쿄 캐러멜 샌드의 대표 상품입니다.","도쿄역 등 주요 역사의 기념품 매장에서 인기리에 판매되며, 품절되는 경우가 많으니 서두르는 것이 좋습니다.",1,https://thumbnail.image.rakuten.co.jp/@0_mall/tokyo-giftgarage/cabinet/08602474/imgrc0136802921.jpg?_ex=1024x1024,https://hb.afl.rakuten.co.jp/hgc/g00u3onn.16t5u6c9.g00u3onn.16t5v37e/?pc=https%3A%2F%2Fitem.rakuten.co.jp%2Ftokyo-giftgarage%2F100043393432%2F&m=http%3A%2F%2Fm.rakuten.co.jp%2Ftokyo-giftgarage%2Fi%2F10010129%2F&rafcid=wsc_i_is_b93111dd-e085-46a2-a75f-28c1ee5d2de6
PRD_855,후나와 이모요칸,舟和 芋ようかん,후나와(舟和),REG_020,PRC_01,800,"후나와 이모요칸은 고구마를 주재료로 만든 아사쿠사 전통 화과자입니다. 메이지 35년에 창업한 후나와의 대표 상품으로, 고구마의 자연스러운 단맛과 매끈한 질감을 살린 것이 특징입니다. 일반 양갱처럼 팥을 중심으로 하기보다 고구마 자체의 풍미를 담아 담백하고 부드러운 맛을 냅니다.","아사쿠사 후나와 본점이나 주변 기념품점에서 구매할 수 있으며, 당일 생산된 것을 맛보는 것이 좋습니다.",1,https://thumbnail.image.rakuten.co.jp/@0_mall/tokyo-giftgarage/cabinet/compass1661584590.jpg?_ex=1024x1024,https://hb.afl.rakuten.co.jp/hgc/g00u3onn.16t5u6c9.g00u3onn.16t5v37e/?pc=https%3A%2F%2Fitem.rakuten.co.jp%2Ftokyo-giftgarage%2F10008218%2F&m=http%3A%2F%2Fm.rakuten.co.jp%2Ftokyo-giftgarage%2Fi%2F10008218%2F&rafcid=wsc_i_is_b93111dd-e085-46a2-a75f-28c1ee5d2de6
PRD_856,긴자 코지코너 마들렌,銀座コージーコーナー マドレーヌ,긴자 코지코너(銀座コージーコーナー),REG_020,PRC_02,1000,"긴자 코지코너 마들렌은 조개껍데기 모양으로 굽는 프랑스식 구움과자입니다. 버터와 달걀의 풍미를 살린 기본 맛을 중심으로, 쇼콜라, 딸기, 오렌지, 말차 등 여러 맛을 함께 구성한 상품입니다. 겉은 가볍게 구워지고 속은 촉촉하게 남는 식감이 특징인 선물 과자 라인입니다.","일본 전역에 매장이 많아 접근성이 좋으며, 개별 포장되어 선물용으로 편리합니다.",1,https://thumbnail.image.rakuten.co.jp/@0_mall/cozycorner/cabinet/madeleine/imgrc0186111850.jpg?_ex=1024x1024,https://hb.afl.rakuten.co.jp/hgc/g00qt84n.16t5u6a9.g00qt84n.16t5vfca/?pc=https%3A%2F%2Fitem.rakuten.co.jp%2Fcozycorner%2Fmm75r%2F&m=http%3A%2F%2Fm.rakuten.co.jp%2Fcozycorner%2Fi%2F10001846%2F&rafcid=wsc_i_is_b93111dd-e085-46a2-a75f-28c1ee5d2de6
PRD_857,하토 사브레,鳩サブレー,토시키야(豊島屋),REG_020,PRC_02,1200,"하토 사브레는 가마쿠라 토시키야의 비둘기 모양 버터 사브레입니다. 메이지 시대에 탄생한 과자로, 버터 향이 진하고 단단하면서도 가볍게 부서지는 식감이 특징입니다. 쓰루가오카 하치만구의 비둘기 이미지와 연결되는 가마쿠라의 대표 기념 과자입니다.","도쿄 내 주요 백화점 식품관에서 구매할 수 있으며, 어린 아이들도 좋아하는 맛입니다.",1,https://thumbnail.image.rakuten.co.jp/@0_mall/kyostu/cabinet/okasi/hatosabure-matome/1.jpg?_ex=1024x1024,https://hb.afl.rakuten.co.jp/hgc/g00ur07n.16t5u3e0.g00ur07n.16t5v5c8/?pc=https%3A%2F%2Fitem.rakuten.co.jp%2Fkyostu%2Fhatosabure-matome%2F&m=http%3A%2F%2Fm.rakuten.co.jp%2Fkyostu%2Fi%2F10000263%2F&rafcid=wsc_i_is_b93111dd-e085-46a2-a75f-28c1ee5d2de6
PRD_858,칼비플러스 자가리코 도쿄 한정 맛,カルビープラス じゃがりこ 東京限定,칼비플러스(カルビープラス),REG_020,PRC_01,700,칼비플러스 자가리코 도쿄 한정 맛은 칼비의 감자 스낵 자가리코를 지역 한정 구성으로 선보이는 상품입니다. 도쿄역 칼비플러스 매장은 한정 디자인 박스와 지역 맛 상품을 다루는 안테나숍 성격의 공간으로 소개됩니다. 자가리코 특유의 단단하고 바삭한 식감에 도쿄 기념품용 패키지와 한정성을 더한 스낵입니다.,"칼비플러스 매장(도쿄역, 하라주쿠 등)에서만 구매 가능하며, 다른 한정판 스낵도 함께 구매해보세요.",1,https://dzwpvqehwr7zl.cloudfront.net/omios/products/generated/_review/PRD_858/PRD_858_packshot_v1.png,https://www.calbee.co.jp/calbeeplus/shop/tokyostation.php
PRD_859,프레스 버터 샌드,プレスバターサンド,프레스 버터 샌드(PRESS BUTTER SAND),REG_020,PRC_02,1500,"프레스 버터 샌드는 두 장의 쿠키 사이에 버터크림과 버터 캐러멜을 넣은 샌드 과자입니다. 쿠키를 눌러 굽는 하사미야키 방식으로 만들어 가장자리는 단단하고 바삭하며, 안쪽의 크림과 캐러멜은 부드럽게 녹습니다. 단순한 사각 형태 안에 버터의 고소함과 캐러멜의 달콤쌉싸름한 맛을 담은 베이크 계열의 대표 상품입니다.","도쿄역 내 매장 등에서 인기리에 판매되며, 매장에서 갓 구운 제품도 맛볼 수 있습니다.",1,https://thumbnail.image.rakuten.co.jp/@0_mall/bake-the-online/cabinet/item001/new2510/1003167_1.jpg?_ex=1024x1024,https://hb.afl.rakuten.co.jp/hgc/g00tt01n.16t5u01f.g00tt01n.16t5v8f2/?pc=https%3A%2F%2Fitem.rakuten.co.jp%2Fbake-the-online%2F10000054%2F&m=http%3A%2F%2Fm.rakuten.co.jp%2Fbake-the-online%2Fi%2F10000059%2F&rafcid=wsc_i_is_b93111dd-e085-46a2-a75f-28c1ee5d2de6
PRD_860,피에르 에르메 마카롱,ピエール・エルメ マカロン,피에르 에르메(PIERRE HERMÉ),REG_020,PRC_04,3000,"피에르 에르메 마카롱은 프랑스 파티시에 피에르 에르메의 대표적인 구움 디저트입니다. 겉은 얇게 바삭하고 속은 촉촉한 마카롱 코크 사이에 가나슈나 크림을 넣어 향과 식감의 대비를 냅니다. 이스파한처럼 장미, 리치, 프랑부아즈를 조합하는 등 재료 조합의 독창성이 브랜드의 특징으로 알려져 있습니다.","신주쿠 이세탄, 아오야마 본점 등 피에르 에르메 부티크에서 구매할 수 있습니다.",1,https://thumbnail.image.rakuten.co.jp/@0_mall/shop-tlc2525/cabinet/biiino/item/main-image-2/20240911235509_1.jpg?_ex=1024x1024,https://hb.afl.rakuten.co.jp/hgc/g00ual3n.16t5u7d2.g00ual3n.16t5vfec/?pc=https%3A%2F%2Fitem.rakuten.co.jp%2Fshop-tlc2525%2Fmakaron%2F&m=http%3A%2F%2Fm.rakuten.co.jp%2Fshop-tlc2525%2Fi%2F10000135%2F&rafcid=wsc_i_is_b93111dd-e085-46a2-a75f-28c1ee5d2de6
PRD_861,시세이도 파라 치즈케이크,資生堂パーラー チーズケーキ,시세이도 파라(資生堂パーラー),REG_020,PRC_02,1800,"시세이도 파라 치즈케이크는 크림치즈를 중심으로 만든 한입 크기 구움 치즈케이크입니다. 바삭한 비스킷 반죽과 진한 치즈 필링을 조합해 작지만 밀도 있는 맛을 내는 것이 특징입니다. 긴자에서 시작한 시세이도 파라의 서양 과자 계열 상품으로, 단정한 포장과 클래식한 풍미를 함께 갖춘 제품입니다.","긴자 시세이도 파라 본점 또는 주요 백화점에서 구매할 수 있으며, 냉장 보관해야 합니다.",1,https://thumbnail.image.rakuten.co.jp/@0_mall/shiseido-parlour/cabinet/cheesecake/cheese_teiban/71116_2602_thum.jpg?_ex=1024x1024,https://hb.afl.rakuten.co.jp/hgc/g00rbf6n.16t5ubff.g00rbf6n.16t5v599/?pc=https%3A%2F%2Fitem.rakuten.co.jp%2Fshiseido-parlour%2F71116%2F&m=http%3A%2F%2Fm.rakuten.co.jp%2Fshiseido-parlour%2Fi%2F10000280%2F&rafcid=wsc_i_is_b93111dd-e085-46a2-a75f-28c1ee5d2de6
PRD_862,도쿄 스카이트리 한정 과자,東京スカイツリー限定お菓子,도쿄 스카이트리(東京スカイツリー),REG_020,PRC_02,1000,"도쿄 스카이트리 한정 과자는 스카이트리 모양이나 도쿄 스카이트리 디자인을 담은 지역 한정 과자 상품군입니다. 콜롬방의 지역 한정 과자처럼 관광 명소의 실루엣과 도쿄 이미지를 패키지나 과자 형태에 반영하는 것이 특징입니다. 쿠키나 초콜릿 계열의 가벼운 디저트로, 명소 방문의 기념성을 강조한 제품입니다.","도쿄 스카이트리 내 기념품 매장에서만 구매 가능하며, 방문 기념 선물로 좋습니다.",1,https://dzwpvqehwr7zl.cloudfront.net/omios/products/generated/_review/PRD_862/PRD_862_packshot_v1.png,https://www.tokyo-skytree.jp/enjoy/omiyage/
PRD_863,슈가 버터 나무,シュガーバターの木,그레이프스톤(グレープストーン),REG_020,PRC_02,1000,슈가 버터 나무는 시리얼 반죽을 구워 만든 과자 사이에 초콜릿을 샌드한 그레이프스톤의 대표 과자입니다. 전곡분과 호밀 계열을 사용한 바삭한 반죽에 설탕과 버터 풍미를 더해 고소하고 가벼운 식감을 냅니다. 기본 상품은 화이트 초콜릿의 부드러운 단맛과 버터향이 어우러지는 도쿄 기념 과자입니다.,"도쿄역, 하네다 공항 등 주요 역과 공항의 기념품 매장에서 쉽게 찾을 수 있습니다.",1,https://thumbnail.image.rakuten.co.jp/@0_mall/paqtomogsweetsshop/cabinet/goods/sbt/09381704/kinomialmond_01.jpg?_ex=1024x1024,https://hb.afl.rakuten.co.jp/hgc/g00tzaqn.16t5u61f.g00tzaqn.16t5vf57/?pc=https%3A%2F%2Fitem.rakuten.co.jp%2Fpaqtomogsweetsshop%2F015589%2F&m=http%3A%2F%2Fm.rakuten.co.jp%2Fpaqtomogsweetsshop%2Fi%2F10000267%2F&rafcid=wsc_i_is_b93111dd-e085-46a2-a75f-28c1ee5d2de6
PRD_864,도쿄 긴자 쇼콜라 피낭시에,東京銀座 ショコラフィナンシェ,긴자 이치마츠(銀座いちまつ),REG_020,PRC_02,1500,"도쿄 긴자 쇼콜라 피낭시에는 코코아와 초콜릿의 풍미를 살린 구움과자입니다. 피낭시에 반죽 특유의 촉촉한 식감에 초콜릿의 진한 맛을 더하고, 가운데에는 캐러멜 초콜릿 계열의 부드러운 맛을 넣은 타입으로 소개됩니다. 버터와 아몬드 파우더가 주는 고소함 위에 쇼콜라의 쌉싸름함이 겹치는 디저트입니다.","도쿄역, 긴자 등 주요 기념품점에서 구매 가능하며, 개별 포장되어 선물하기 좋습니다.",1,https://thumbnail.image.rakuten.co.jp/@0_mall/nipponselect/cabinet/item/t12/t12200003.jpg?_ex=1024x1024,https://hb.afl.rakuten.co.jp/hgc/g00ska5n.16t5u689.g00ska5n.16t5v27f/?pc=https%3A%2F%2Fitem.rakuten.co.jp%2Fnipponselect%2Ft12200003%2F&m=http%3A%2F%2Fm.rakuten.co.jp%2Fnipponselect%2Fi%2F10210732%2F&rafcid=wsc_i_is_b93111dd-e085-46a2-a75f-28c1ee5d2de6
PRD_865,긴자 딸기 케이크 (리뉴얼),銀座のいちごケーキ (リニューアル),그레이프스톤(グレープストーン),REG_020,PRC_02,1200,긴자 딸기 케이크 리뉴얼 상품은 딸기와 우유의 이미지를 담은 그레이프스톤의 케이크 과자입니다. 촉촉한 스펀지 케이크 안에 딸기 풍미의 크림을 넣어 부드러운 식감을 냅니다. 도쿄 바나나 계열의 기념 과자 문법을 딸기 쇼트케이크 같은 맛으로 변주한 제품입니다.,"도쿄 바나나 매장과 함께 찾아볼 수 있으며, 딸기 맛을 좋아하는 분들께 추천합니다.",1,https://thumbnail.image.rakuten.co.jp/@0_mall/paqtomogsweetsshop/cabinet/goods/banana/09567459/gzichigo_01_8p.jpg?_ex=1024x1024,https://hb.afl.rakuten.co.jp/hgc/g00tzaqn.16t5u61f.g00tzaqn.16t5vf57/?pc=https%3A%2F%2Fitem.rakuten.co.jp%2Fpaqtomogsweetsshop%2F012150%2F&m=http%3A%2F%2Fm.rakuten.co.jp%2Fpaqtomogsweetsshop%2Fi%2F10000304%2F&rafcid=wsc_i_is_b93111dd-e085-46a2-a75f-28c1ee5d2de6
PRD_866,아사쿠사 키비 당고,浅草きびだんご,아사쿠사 요코초(浅草よこちょう),REG_020,PRC_01,600,아사쿠사 키비 당고는 기장가루 계열 반죽으로 만든 작은 당고에 고소한 콩가루를 묻혀 먹는 전통 간식입니다. 아사쿠사 아즈마의 키비당고처럼 갓 만든 당고의 말랑한 식감과 콩가루의 향을 살리는 것이 특징입니다. 에도 시대의 길거리 과자 이미지를 이어받은 아사쿠사 명물 간식입니다.,아사쿠사 나카미세 거리에서 갓 만든 따끈따끈한 키비 당고를 맛볼 수 있습니다.,1,https://dzwpvqehwr7zl.cloudfront.net/omios/products/generated/_review/PRD_866/PRD_866_packshot_v1.png,https://www.asakusa-kibidango.co.jp/
PRD_867,센차 또는 호지차 (일본 차),煎茶・ほうじ茶 (日本茶),이치몬지차호(一文字茶舗) 또는 카네이이리(かねいり),REG_020,PRC_03,2000,"센차와 호지차는 일본 차를 대표하는 녹차 계열 상품입니다. 센차는 찻잎을 증기로 찐 뒤 말려 만든 차로, 풋풋한 향과 감칠맛, 산뜻한 떫은맛이 특징입니다. 호지차는 찻잎을 볶아 고소한 향을 살린 차라 카페인 부담이 비교적 낮고, 구수한 향과 부드러운 뒷맛이 두드러집니다.","긴자, 니혼바시 등에 있는 전문 차 상점에서 시음 후 구매하는 것이 좋습니다.",1,https://thumbnail.image.rakuten.co.jp/@0_mall/giontsujiri/cabinet/newlogo_thumb/99954.jpg?_ex=1024x1024,https://hb.afl.rakuten.co.jp/hgc/g00u8aqn.16t5u584.g00u8aqn.16t5v9e9/?pc=https%3A%2F%2Fitem.rakuten.co.jp%2Fgiontsujiri%2F99954%2F&m=http%3A%2F%2Fm.rakuten.co.jp%2Fgiontsujiri%2Fi%2F10000120%2F&rafcid=wsc_i_is_b93111dd-e085-46a2-a75f-28c1ee5d2de6
PRD_868,와플 케이크 (R.L),ワッフルケーキ (エール・エル),와플 케이크 가게 R.L(ワッフル・ケーキの店 エール・エル),REG_020,PRC_02,1200,"알엘 와플 케이크는 부드럽게 구운 와플 반죽 사이에 크림과 과일, 초콜릿 등 다양한 필링을 넣은 디저트입니다. 손에 들고 먹기 쉬운 직사각형 형태로, 케이크의 부드러움과 와플의 폭신한 식감을 함께 냅니다. 일본식 와플 케이크 전문점 알엘의 대표 상품군으로 계절별 맛을 전개하는 것이 특징입니다.","도쿄역, 신주쿠 등 주요 역 내 매장이나 백화점 식품 코너에서 구매할 수 있습니다.",1,https://thumbnail.image.rakuten.co.jp/@0_mall/rl-waffle-cake/cabinet/w10-mdcd/1080_w10-mdcd_01.jpg?_ex=1024x1024,https://hb.afl.rakuten.co.jp/hgc/g00tkzzn.16t5ueba.g00tkzzn.16t5vf1d/?pc=https%3A%2F%2Fitem.rakuten.co.jp%2Frl-waffle-cake%2Ffw-0-w0010-mdcd%2F&m=http%3A%2F%2Fm.rakuten.co.jp%2Frl-waffle-cake%2Fi%2F10001641%2F&rafcid=wsc_i_is_b93111dd-e085-46a2-a75f-28c1ee5d2de6
PRD_869,도쿄 가토 러스크,東京ガトーラスク,가토 드 보야주(ガトー・ド・ボワイヤージュ),REG_020,PRC_02,1000,도쿄 가토 러스크는 도쿄 기념품형 러스크 상품입니다. 얇게 구운 빵에 버터와 설탕 계열의 풍미를 더해 바삭한 식감을 살린 과자입니다. 공항 기념품으로 다루어지는 상품답게 가볍고 보관이 쉬운 구움과자 성격을 지닙니다.,"도쿄역 내 매장 등에서 판매되며, 독특한 패키징으로 선물하기에도 좋습니다.",1,https://thumbnail.image.rakuten.co.jp/@0_mall/gladiatore/cabinet/pt20260529-2/swt-009.jpg?_ex=1024x1024,https://hb.afl.rakuten.co.jp/hgc/g00u6h8n.16t5u278.g00u6h8n.16t5vd33/?pc=https%3A%2F%2Fitem.rakuten.co.jp%2Fgladiatore%2Fswt-009%2F&m=http%3A%2F%2Fm.rakuten.co.jp%2Fgladiatore%2Fi%2F10003968%2F&rafcid=wsc_i_is_b93111dd-e085-46a2-a75f-28c1ee5d2de6
PRD_870,긴자 딸기 맛 마들렌,銀座のいちごマドレーヌ,그레이프스톤(グレープストーン),REG_020,PRC_02,1000,긴자 딸기 맛 마들렌은 그레이프스톤의 딸기 모티브 구움과자입니다. 촉촉한 마들렌 반죽 안에 딸기 풍미를 넣어 버터 과자의 부드러움과 과일의 산뜻한 단맛을 함께 냅니다. 긴자 딸기 케이크 계열의 이미지를 작은 마들렌 형태로 풀어낸 도쿄 기념 과자입니다.,"도쿄역, 하네다 공항 등 주요 교통 거점의 기념품 매장에서 구매 가능합니다.",1,https://dzwpvqehwr7zl.cloudfront.net/omios/products/generated/_review/PRD_870/PRD_870_packshot_v1.png,https://www.tokyobanana.jp/products/strawberry_madeleine.html
PRD_871,도쿄 레몬 케이크,東京レモンケーキ,레몬리베이크(Lemon Ribake),REG_020,PRC_02,1500,"도쿄 레몬 케이크는 레몬 향을 살린 작은 구움 케이크입니다. 세토우치 레몬 계열의 산뜻한 향과 아이싱의 새콤달콤한 맛을 더해, 버터 케이크의 촉촉함과 과일의 상큼함이 함께 느껴집니다. 도쿄 기념 디저트답게 모양과 장식을 강조한 계절감 있는 레몬 과자입니다.",주요 백화점 식품관 또는 기념품점에서 판매됩니다.,1,https://thumbnail.image.rakuten.co.jp/@0_mall/kioskgift/cabinet/funawa/imgrc0097236004.jpg?_ex=1024x1024,https://hb.afl.rakuten.co.jp/hgc/g00pjkgn.16t5uc85.g00pjkgn.16t5va90/?pc=https%3A%2F%2Fitem.rakuten.co.jp%2Fkioskgift%2F548-1%2F&m=http%3A%2F%2Fm.rakuten.co.jp%2Fkioskgift%2Fi%2F10002119%2F&rafcid=wsc_i_is_b93111dd-e085-46a2-a75f-28c1ee5d2de6
PRD_872,도쿄 한정 팬케이크,東京限定パンケーキ,메이플 마녀(メープルマダム),REG_020,PRC_02,1200,"도쿄 한정 팬케이크는 작은 팬케이크 반죽 사이에 화이트 초콜릿 크림과 메이플 소스를 넣은 과자입니다. 꿀을 사용한 반죽의 부드러운 단맛과 메이플의 향이 중심을 이룹니다. 휴대하기 쉬운 크기의 샌드형 디저트로, 팬케이크의 폭신한 이미지를 기념 과자 형태로 옮긴 제품입니다.",도쿄역이나 관광지 기념품 매장에서 구매할 수 있습니다.,1,https://thumbnail.image.rakuten.co.jp/@0_mall/jesus-yummy/cabinet/goq011/13541_1.jpg?_ex=1024x1024,https://hb.afl.rakuten.co.jp/hgc/53033622.7bbb75b6.53033623.c98a76f0/?pc=https%3A%2F%2Fitem.rakuten.co.jp%2Fjesus-yummy%2Fduffy25450024%2F&m=https%3A%2F%2Fitem.rakuten.co.jp%2Fjesus-yummy%2Fduffy25450024%2F
PRD_873,도쿄 한정 푸딩,東京限定プリン,마메겐(豆源),REG_020,PRC_01,700,"도쿄 한정 푸딩은 푸딩의 부드러운 단맛을 구움과자나 샌드 과자 형태로 표현한 도쿄 기념 디저트입니다. 커스터드와 캐러멜을 떠올리게 하는 풍미가 중심이며, 아몬드나 버터 반죽을 더해 고소한 맛을 냅니다. 공항·기념품 채널에서 다루어지는 상품답게 개별 포장과 휴대성을 갖춘 과자입니다.","백화점 식품관 또는 특정 기념품 매장에서 판매하며, 유통기한이 짧으므로 바로 먹는 것을 추천합니다.",1,https://dzwpvqehwr7zl.cloudfront.net/omios/products/generated/_review/PRD_873/PRD_873_packshot_v1.png,https://www.mamemamegen.com/products/pudding/
PRD_874,긴자 포트 콩고트 마카롱 쇼콜라,銀座 フォンダンショコラマカロン,긴자 포트 콩고트(銀座 フォンダンショコラ),REG_020,PRC_03,2000,"긴자 포트 콩고트 마카롱 쇼콜라는 초콜릿 풍미를 강조한 마카롱형 디저트입니다. 바삭한 외피와 촉촉한 가나슈의 대비가 특징이며, 벨기에 초콜릿 계열의 진한 맛과 산미 있는 베리 계열 맛을 조합한 라인으로 소개됩니다. 마카롱의 섬세한 식감과 쇼콜라의 깊이를 함께 담은 과자입니다.",긴자 지역의 백화점 식품관이나 전문점에서 구매할 수 있습니다.,1,https://dzwpvqehwr7zl.cloudfront.net/omios/products/generated/_review/PRD_874/PRD_874_packshot_v1.png,https://fondantchocolat.jp/shopbrand/ct1/
PRD_875,도쿄 치즈 팩토리 파이 샌드,東京チーズファクトリー パイサンド,도쿄 치즈 팩토리(東京チーズファクトリー),REG_020,PRC_02,1400,도쿄 치즈 팩토리 파이 샌드는 바삭한 파이 반죽 사이에 체다 치즈 크림을 넣은 샌드 과자입니다. 겹겹이 구운 파이의 가벼운 식감과 치즈의 짭짤하고 진한 풍미가 중심을 이룹니다. 치즈를 전면에 내세운 도쿄 기념품형 구움과자입니다.,"도쿄역, 주요 공항 등의 기념품 매장에서 주로 판매됩니다.",1,https://dzwpvqehwr7zl.cloudfront.net/omios/products/generated/_review/PRD_875/PRD_875_packshot_v1.png,https://tokyocheesefactory.com/
PRD_876,히라츠카 라무네,平塚ラムネ,히라츠카(平塚),REG_020,PRC_01,300,"히라츠카 라무네는 유리병과 구슬 마개가 떠오르는 일본식 탄산음료입니다. 라무네 특유의 산뜻한 단맛과 청량한 탄산감이 중심이며, 여름 축제와 목욕 후 음료 같은 향수를 담은 상품입니다. 히라츠카 브랜드의 지역 음료로 단순하고 시원한 맛을 강조합니다.","슈퍼마켓, 편의점, 그리고 축제나 관광지에서 쉽게 찾아볼 수 있습니다.",1,https://thumbnail.image.rakuten.co.jp/@0_mall/bookfan/cabinet/01150/bk4582747167.jpg?_ex=1024x1024,https://hb.afl.rakuten.co.jp/hgc/g00rk0pn.16t5u621.g00rk0pn.16t5v79f/?pc=https%3A%2F%2Fitem.rakuten.co.jp%2Fbookfan%2Fbk-4582747167%2F&m=http%3A%2F%2Fm.rakuten.co.jp%2Fbookfan%2Fi%2F13018507%2F&rafcid=wsc_i_is_b93111dd-e085-46a2-a75f-28c1ee5d2de6
PRD_877,도쿄 푸딩,東京プリン,도쿄 푸딩(東京プリン),REG_020,PRC_01,500,도쿄 푸딩은 커스터드와 캐러멜의 풍미를 중심으로 한 도쿄 기념 디저트입니다. 푸딩 샌드형 상품은 부드러운 푸딩 맛 크림과 진한 캐러멜 소스를 폭신한 반죽 사이에 넣는 구성이 특징입니다. 생푸딩의 부드러운 인상을 휴대 가능한 과자 형태로 풀어낸 상품입니다.,"주요 백화점 식품 코너나 기념품점에서 구매 가능하며, 냉장 보관해야 합니다.",1,https://dzwpvqehwr7zl.cloudfront.net/omios/products/generated/_review/PRD_877/PRD_877_packshot_v1.png,https://tokyopudding.jp/
PRD_878,도쿄 바움쿠헨 링,東京バームリング,도쿄 바움(東京バーム),REG_020,PRC_02,1000,도쿄 바움쿠헨 링은 고리 모양으로 구운 바움쿠헨 상품입니다. 얇은 반죽을 층층이 구워 나이테 같은 결을 만드는 바움쿠헨의 특징을 작은 링 형태로 담았습니다. 한입 크기나 개별 포장형으로 즐기기 쉬운 도쿄 기념 구움과자입니다.,도쿄역이나 주요 관광지의 기념품 매장에서 개별 포장된 제품을 구매할 수 있습니다.,1,https://dzwpvqehwr7zl.cloudfront.net/omios/products/generated/_review/PRD_878/PRD_878_packshot_v1.png,https://www.tokyobaum.jp/
PRD_879,지브리 스튜디오 토토로 봉제인형,どんぐり共和国 となりのトトロ ぬいぐるみ,동구리 공화국(どんぐり共和国),REG_020,PRC_04,3500,"지브리 스튜디오 토토로 봉제인형은 애니메이션 '이웃집 토토로'의 캐릭터를 입체로 만든 굿즈입니다. 둥근 몸집과 부드러운 털감을 살려 작품 속 토토로의 포근한 인상을 재현합니다. 지브리 미술관 숍이나 동구리 공화국 계열에서 다루는 캐릭터 상품으로, 영화의 세계관을 일상 소품으로 옮긴 제품입니다.",도쿄 시내 곳곳의 '동구리 공화국' 매장에서 다양한 크기와 디자인의 인형을 구매할 수 있습니다.,1,https://dzwpvqehwr7zl.cloudfront.net/omios/products/generated/_review/PRD_879/PRD_879_packshot_v1.png,https://www.benelic.com/donguri/items/totoro_nuigurumi.php
PRD_880,포켓몬 센터 오리지널 봉제인형 (도쿄 한정),ポケモンセンターオリジナル ぬいぐるみ (東京限定),포켓몬 센터(ポケモンセンター),REG_020,PRC_03,2800,포켓몬 센터 오리지널 봉제인형은 포켓몬 전문 매장에서 전개하는 캐릭터 인형 상품입니다. 피카츄 같은 인기 포켓몬의 형태와 표정을 부드러운 소재로 재현해 장식용과 소장용 성격을 함께 가집니다. 오리지널 굿즈 특유의 디자인 정확성과 시즌·지역별 한정성이 특징입니다.,"시부야, 이케부쿠로 등 도쿄 내 포켓몬 센터에서 구매 가능하며, 시즌 한정 상품도 많습니다.",1,https://dzwpvqehwr7zl.cloudfront.net/omios/products/generated/_review/PRD_880/PRD_880_packshot_v1.png,https://www.pokemoncenter-online.com/shop/e/e-original/
PRD_881,산리오 헬로키티 굿즈 (도쿄 한정),サンリオ ハローキティ グッズ (東京限定),산리오(サンリオ),REG_020,PRC_02,1500,"산리오 헬로키티 도쿄 한정 굿즈는 헬로키티 캐릭터를 도쿄 테마와 결합한 기념 상품입니다. 파우치, 키링, 문구, 생활소품처럼 캐릭터 그래픽을 일상용품에 적용하는 형태가 중심입니다. 산리오 특유의 귀여운 디자인과 지역 한정 요소를 함께 담아 수집용 성격이 강한 상품군입니다.","산리오 퓨로랜드, 산리오 월드 긴자 또는 주요 관광지 기념품점에서 구매할 수 있습니다.",1,https://dzwpvqehwr7zl.cloudfront.net/omios/products/generated/_review/PRD_881/PRD_881_packshot_v1.png,https://www.sanrio.co.jp/goods/tokyo/
PRD_882,에도 키리코 유리잔,江戸切子 グラス,카가미 크리스탈(Kagami Crystal) 또는 키무라 글라스(木村硝子店),REG_020,PRC_06,8000,"에도 키리코 유리잔은 에도 시대부터 이어진 절자 유리 공예를 현대 식기 형태로 만든 상품입니다. 투명한 유리 위에 색유리를 입히고 문양을 깎아내는 방식으로, 국화문이나 아사노하문 같은 전통 문양이 빛을 받으며 선명하게 드러납니다. 손으로 깎은 면의 반짝임과 일본 전통 문양의 상징성을 함께 감상하는 공예품입니다.","아사쿠사, 긴자 등 전통 공예품점에서 구매할 수 있으며, 고가이지만 아름다운 수공예품입니다.",1,https://thumbnail.image.rakuten.co.jp/@0_mall/kagamicrystal/cabinet/imgrc0195421925.jpg?_ex=1024x1024,https://hb.afl.rakuten.co.jp/hgc/g00sm17n.16t5ua70.g00sm17n.16t5vf12/?pc=https%3A%2F%2Fitem.rakuten.co.jp%2Fkagamicrystal%2Ftps370-2943-ab%2F&m=http%3A%2F%2Fm.rakuten.co.jp%2Fkagamicrystal%2Fi%2F10000484%2F&rafcid=wsc_i_is_b93111dd-e085-46a2-a75f-28c1ee5d2de6
PRD_883,미도리 트래블러스 노트북,MIDORI トラベラーズノート,미도리(MIDORI),REG_020,PRC_05,4500,"미도리 트래블러스 노트북은 가죽 커버와 교체 가능한 리필 노트를 조합해 쓰는 커스터마이즈형 노트입니다. 여행자의 기록 도구라는 콘셉트에 맞춰 일정, 스케치, 티켓, 메모를 한 권 안에 모을 수 있습니다. 시간이 지나며 가죽이 길들고 리필을 바꾸어 계속 사용하는 구조가 특징입니다.","도쿄역 지하상가, 시부야 로프트, 이토야 등 대형 문구점에서 다양한 리필과 액세서리를 함께 구매할 수 있습니다.",1,https://thumbnail.image.rakuten.co.jp/@0_mall/eitoshop07/cabinet/onesell371/s3245c6c4aed.jpg?_ex=1024x1024,https://hb.afl.rakuten.co.jp/hgc/g00ubqvn.16t5u432.g00ubqvn.16t5v433/?pc=https%3A%2F%2Fitem.rakuten.co.jp%2Feitoshop07%2Fs3245c6c4aed%2F&m=http%3A%2F%2Fm.rakuten.co.jp%2Feitoshop07%2Fi%2F10068660%2F&rafcid=wsc_i_is_b93111dd-e085-46a2-a75f-28c1ee5d2de6
PRD_884,로프트/도큐핸즈 한정 문구류,ロフト/東急ハンズ 限定文房具,로프트(ロフト) / 도큐핸즈(東急ハンズ),REG_020,PRC_02,1200,"로프트와 도큐핸즈 한정 문구류는 일본 생활잡화점에서 전개하는 디자인 문구 상품군입니다. 노트, 스티커, 펜, 파우치 같은 실용 문구에 계절 테마나 레트로 그래픽, 캐릭터 요소를 더하는 방식이 많습니다. 한정 컬렉션 성격이 강해 일상에서 쓰는 소품이면서 수집용 디자인 상품의 성격도 갖습니다.","시부야, 긴자 등 대형 로프트나 도큐핸즈 매장에서 다양한 제품을 직접 보고 고를 수 있습니다.",1,https://dzwpvqehwr7zl.cloudfront.net/omios/products/generated/_review/PRD_884/PRD_884_packshot_v1.png,https://www.loft.co.jp/store/feature/loft-limited/
PRD_885,센소지 오마모리 (부적),浅草寺 お守り,센소지(浅草寺),REG_020,PRC_01,800,"센소지 오마모리는 아사쿠사 센소지에서 받을 수 있는 부적 상품입니다. 센소지는 628년에 기원을 둔 도쿄의 오래된 사찰로 알려져 있으며, 오마모리는 건강, 학업, 교통안전 같은 소원을 담아 몸에 지니는 일본 사찰 문화의 물건입니다. 작은 주머니 형태에 사찰의 신앙성과 아사쿠사 방문의 기념성을 함께 담습니다.","센소지 경내의 오마모리 판매소에서 직접 구매할 수 있으며, 종류별 의미를 확인하고 구매하세요.",1,https://thumbnail.image.rakuten.co.jp/@0_mall/kissyounokai/cabinet/52131.jpg?_ex=1024x1024,https://hb.afl.rakuten.co.jp/hgc/g00tg0rn.16t5u0e9.g00tg0rn.16t5v188/?pc=https%3A%2F%2Fitem.rakuten.co.jp%2Fkissyounokai%2F52131%2F&m=http%3A%2F%2Fm.rakuten.co.jp%2Fkissyounokai%2Fi%2F10000148%2F&rafcid=wsc_i_is_b93111dd-e085-46a2-a75f-28c1ee5d2de6
PRD_886,551 호라이 부타만 (돼지고기 찐빵),551蓬莱 豚まん,551 호라이(551蓬莱),REG_021,PRC_01,420,"551 호라이 부타만은 오사카 명물로 알려진 돼지고기 찐빵입니다. 두툼한 반죽 안에 양파와 돼지고기 중심의 속을 넣고, 매장에서 하나씩 손으로 감싸는 방식이 특징입니다. 큼직한 크기와 육즙 있는 속, 달큰한 양파 향이 어우러지는 551 호라이의 대표 상품입니다.","오사카 내 점포에서 갓 쪄낸 따뜻한 부타만을 구매하여 바로 맛보거나, 냉동 포장된 상품을 기념품으로 가져갈 수 있습니다.",1,https://thumbnail.image.rakuten.co.jp/@0_mall/tiger-lily/cabinet/06396245/imgrc0086545003.jpg?_ex=1024x1024,https://hb.afl.rakuten.co.jp/hgc/g00qz1en.16t5u84f.g00qz1en.16t5ve25/?pc=https%3A%2F%2Fitem.rakuten.co.jp%2Ftiger-lily%2F4976994205010-9%2F&m=http%3A%2F%2Fm.rakuten.co.jp%2Ftiger-lily%2Fi%2F10003420%2F&rafcid=wsc_i_is_b93111dd-e085-46a2-a75f-28c1ee5d2de6
PRD_887,글리코 바통 도르,グリコ バトンドール,글리코(Glico),REG_021,PRC_01,550,"글리코 바통 도르는 포키보다 고급스러운 재료감과 풍미를 강조한 스틱형 과자입니다. 프레첼 반죽에 버터를 풍부하게 스며들게 하고, 계절별 초콜릿이나 슈거 코팅으로 맛을 더하는 것이 특징입니다. 주로 백화점과 지역 한정 매장에서 전개되는 프리미엄 스낵 라인입니다.","우메다 한큐 백화점 등 글리코 웨스트 매장에서 한정 판매되며, 선물용으로 인기가 많습니다.",1,https://thumbnail.image.rakuten.co.jp/@0_mall/cocorich/cabinet/05581433/11237551/20260423.jpg?_ex=1024x1024,https://hb.afl.rakuten.co.jp/hgc/g00s70sn.16t5ue37.g00s70sn.16t5v79c/?pc=https%3A%2F%2Fitem.rakuten.co.jp%2Fcocorich%2Fglico-baton-bara%2F&m=http%3A%2F%2Fm.rakuten.co.jp%2Fcocorich%2Fi%2F10000107%2F&rafcid=wsc_i_is_b93111dd-e085-46a2-a75f-28c1ee5d2de6
PRD_888,리쿠로 오지상 치즈케이크,りくろーおじさんの店 焼きたてチーズケーキ,리쿠로 오지상 치즈케이크(りくろーおじさんの店),REG_021,PRC_01,965,"리쿠로 오지상 구운 치즈케이크는 오사카의 유명한 폭신한 치즈케이크입니다. 덴마크산 크림치즈를 사용한 부드러운 반죽을 매장에서 계속 구워 내며, 바닥에는 건포도가 들어가는 것이 특징입니다. 수플레처럼 가볍게 흔들리는 식감과 은은한 치즈 풍미가 중심인 오사카 대표 디저트입니다.","매장에서 갓 구운 따뜻한 케이크를 맛볼 수 있으며, 이른 시간이나 폐점 시간 전에는 줄이 길 수 있으니 여유를 가지고 방문하는 것이 좋습니다.",1,https://thumbnail.image.rakuten.co.jp/@0_mall/yutarostore/cabinet/amc/amc089_1.jpg?_ex=1024x1024,https://hb.afl.rakuten.co.jp/hgc/g00ufvan.16t5u72c.g00ufvan.16t5v24d/?pc=https%3A%2F%2Fitem.rakuten.co.jp%2Fyutarostore%2Famc089%2F&m=http%3A%2F%2Fm.rakuten.co.jp%2Fyutarostore%2Fi%2F10009676%2F&rafcid=wsc_i_is_b93111dd-e085-46a2-a75f-28c1ee5d2de6
PRD_889,파블로 미니 치즈 타르트,パブロミニ チーズタルト,파블로(PABLO),REG_021,PRC_01,250,"파블로 미니 치즈 타르트는 작은 크기의 치즈 타르트 상품입니다. 바삭한 타르트지 위에 부드러운 치즈 반죽을 채워 구워, 겉의 사각한 식감과 안쪽의 크리미한 질감이 대비됩니다. 기본 플레인 맛은 치즈의 산뜻한 풍미와 구운 표면의 고소함을 살린 파블로의 대표 미니 디저트입니다.","다양한 맛의 미니 타르트가 있으며, 선물용으로 여러 개를 세트로 구매하기 좋습니다.",1,https://dzwpvqehwr7zl.cloudfront.net/omios/products/generated/_review/PRD_889/PRD_889_packshot_v1.png,https://www.pablo3.com/menu/pablo-mini.html
PRD_890,오사카 바나나 카스텔라 케이크,大阪バナナカステラケーキ,산요 식품(三陽食品),REG_021,PRC_02,1080,"오사카 바나나 카스텔라 케이크는 바나나 풍미를 카스텔라식 케이크로 표현한 기념 과자입니다. 부드럽고 폭신한 반죽에 바나나의 달콤한 향을 더해 가벼운 간식처럼 먹기 좋은 타입입니다. 오사카 지역 기념품으로 다루어지는 상품으로, 바나나 케이크의 친숙한 맛을 휴대 가능한 과자로 만든 제품입니다.","오사카 주요 역이나 관광지의 기념품점에서 쉽게 찾아볼 수 있으며, 남녀노소 누구나 좋아하는 맛입니다.",1,https://thumbnail.image.rakuten.co.jp/@0_mall/fujihisa/cabinet/09368242/09526500/imgrc0101817834.jpg?_ex=1024x1024,https://hb.afl.rakuten.co.jp/hgc/g00tbq0n.16t5ud83.g00tbq0n.16t5ve59/?pc=https%3A%2F%2Fitem.rakuten.co.jp%2Ffujihisa%2F10001217%2F&m=http%3A%2F%2Fm.rakuten.co.jp%2Ffujihisa%2Fi%2F10001217%2F&rafcid=wsc_i_is_b93111dd-e085-46a2-a75f-28c1ee5d2de6
PRD_891,쿠이다오레 타로 푸딩,くいだおれ太郎プリン,쿠이다오레(くいだおれ),REG_021,PRC_02,1350,쿠이다오레 타로 푸딩은 오사카 도톤보리의 상징적인 캐릭터 쿠이다오레 타로를 활용한 푸딩 상품입니다. 커스터드 푸딩에 캐러멜이나 소스류를 더해 부드럽고 달콤한 맛을 내는 기념 디저트입니다. 캐릭터 모자와 북 치는 인형 이미지를 패키지에 담아 오사카다운 유머와 기념성을 강조합니다.,"도톤보리의 쿠이다오레 빌딩이나 주요 기념품점에서 구매할 수 있으며, 독특한 모자 뚜껑이 인상적입니다.",1,https://dzwpvqehwr7zl.cloudfront.net/omios/products/generated/_review/PRD_891/PRD_891_packshot_v1.png,https://item.rakuten.co.jp/osakanomiyage/c/0000000104/
PRD_892,타코 파티에,たこパティエ,스기무라 식품(スギムラ),REG_021,PRC_01,650,"타코 파티에는 오사카의 타코야키 맛을 파이 과자로 재해석한 기념품입니다. 소스, 마요네즈, 가쓰오부시, 아오노리 같은 타코야키의 풍미를 접은 파이 반죽과 조합합니다. 짭짤한 감칠맛과 바삭한 파이 식감이 함께 느껴지는 오사카다운 디저트형 스낵입니다.","독특하면서도 중독성 있는 맛으로, 오사카의 맛을 가볍게 즐기기 좋은 기념품입니다.",1,https://thumbnail.image.rakuten.co.jp/@0_mall/senoya/cabinet/foods/04791872/09934685/patetyu5.jpg?_ex=1024x1024,https://hb.afl.rakuten.co.jp/hgc/g00s9nan.16t5ued3.g00s9nan.16t5v4a6/?pc=https%3A%2F%2Fitem.rakuten.co.jp%2Fsenoya%2F4942809075116%2F&m=http%3A%2F%2Fm.rakuten.co.jp%2Fsenoya%2Fi%2F10001974%2F&rafcid=wsc_i_is_b93111dd-e085-46a2-a75f-28c1ee5d2de6
PRD_893,자가리코 타코야키 맛,じゃがりこ たこ焼き味,칼비(Calbee - カルビー),REG_021,PRC_01,190,"칼비의 자가리코 타코야키 맛은 간사이 지역의 명물인 '타코야키'의 풍미를 재현한 스낵입니다. 이 제품은 계란, 우유, 밀, 새우, 게, 호두, 메밀, 땅콩 등을 주재료로 사용했습니다. 특히 독자적인 제조 공법을 통해 처음에는 바삭하고 나중에는 사각거리는 기분 좋은 식감을 즐길 수 있습니다.","편의점이나 슈퍼마켓에서 쉽게 구할 수 있으며, 오사카 여행의 소소한 추억을 선물하기 좋습니다.",1,https://thumbnail.image.rakuten.co.jp/@0_mall/senoya/cabinet/foods/04791872/11518917/imgrc0102932516.jpg?_ex=1024x1024,https://hb.afl.rakuten.co.jp/hgc/g00s9nan.16t5ued3.g00s9nan.16t5v4a6/?pc=https%3A%2F%2Fitem.rakuten.co.jp%2Fsenoya%2F4901330573188%2F&m=http%3A%2F%2Fm.rakuten.co.jp%2Fsenoya%2Fi%2F10001014%2F&rafcid=wsc_i_is_b93111dd-e085-46a2-a75f-28c1ee5d2de6
PRD_894,프링글스 타코야키 맛,プリングルズ たこ焼き味,프링글스(Pringles - プリングルズ),REG_021,PRC_01,250,"프링글스 타코야키 맛은 오사카의 대표 길거리 음식인 타코야키 풍미를 감자칩에 입힌 지역 한정 스낵입니다. 둥근 통에 들어 있는 프링글스 특유의 균일한 바삭함 위로 소스와 가다랑어, 파래를 떠올리게 하는 짭짤한 향이 더해집니다. 오사카 여행 기념 간식처럼 가볍게 나누어 먹기 좋은 제품입니다.","슈퍼마켓이나 돈키호테 등에서 찾아볼 수 있으며, 독특한 맛을 즐기는 친구에게 선물하기 좋습니다.",1,https://thumbnail.image.rakuten.co.jp/@0_mall/kukou-wakou/cabinet/12705985/imgrc0149198583.jpg?_ex=1024x1024,https://hb.afl.rakuten.co.jp/hgc/g00qlf0n.16t5u18d.g00qlf0n.16t5v93a/?pc=https%3A%2F%2Fitem.rakuten.co.jp%2Fkukou-wakou%2Fpringles_takoyaki%2F&m=http%3A%2F%2Fm.rakuten.co.jp%2Fkukou-wakou%2Fi%2F10000218%2F&rafcid=wsc_i_is_b93111dd-e085-46a2-a75f-28c1ee5d2de6
PRD_895,오사카 오코노미야키 프레츠,大阪お好み焼き味 プリッツ,글리코(Glico - グリコ),REG_021,PRC_01,750,"쌀을 사용하여 구워낸 오사카의 지역 한정 기념품 프리츠입니다. 바삭한 오카키 식감과 함께 각 지방의 특색이 담긴 다양한 맛을 즐길 수 있습니다. 홋카이도산 버터의 고소함부터 후쿠오카 명태젓의 깊은 풍미, 그리고 중부 지방의 달콤짭짤한 소스까지 지역별 개성이 살아있습니다. 또한, 지은다와 같은 전통적인 재료나 만장케 등 각 지역을 대표하는 특별한 맛들을 경험할 수 있습니다.","주요 역이나 기념품점에서 구매할 수 있으며, 여러 명이 나눠 먹기 좋은 소포장으로 구성되어 있습니다.",1,https://dzwpvqehwr7zl.cloudfront.net/omios/products/generated/_review/PRD_895/PRD_895_packshot_v1.png,https://store.shopping.yahoo.co.jp/osakanomiyage/g-pretz-okonomi-14.html
PRD_896,쿠로몬 시장 다시 팩,黒門市場だしパック,야마나가(山長商店),REG_021,PRC_02,1000,"쿠로몬 시장 다시 팩은 오사카의 다시 문화를 간편하게 맛볼 수 있도록 만든 국물용 팩이다. 안세이 원년에 창업한 야마초 상점의 전통을 바탕으로 구운 날치, 고등어, 정어리, 소우다 가다랑어 네 가지 재료를 배합했다. 국내산 원료를 사용하고 식품첨가물과 소금을 넣지 않아, 우동 국물이나 조림, 전골의 기본 맛을 잡는 데 쓰기 좋다.","일본 요리를 즐겨 하는 지인에게 좋은 선물이 되며, 시장 내 매장에서 다양한 종류의 다시를 비교해보고 구매할 수 있습니다.",1,https://dzwpvqehwr7zl.cloudfront.net/omios/products/generated/_review/PRD_896/PRD_896_packshot_v1.png,https://www.dashi.co.jp/products/dashi_pack/
PRD_897,다시마 츠쿠다니 (오사카 콘부),昆布の佃煮 (大阪昆布),신마이(神宗 - Jinmai),REG_021,PRC_02,1500,"국산 원목 재배 표고버섯과 홋카이도 도호쿠 지방의 천연 리시리 다시마를 사용하여 깊은 감칠맛을 응축했습니다. 이 제품들은 재료들을 오랜 시간 동안 정성껏 끓여 맛을 극대화한 것이 특징입니다. 또한, 청주, 본미림, 일본술, 백간장, 고춧가루 등의 원재료에 천연 리시리 다시마를 더해 만든 조미초도 구성되어 있습니다. 신마이의 대표 제품으로는 '리시리 소금 다시마 산쇼 코쇼', '가쓰오부시 다시마', 그리고 '치리멘과 견과류 생강 스타일' 등 다양한 맛을 경험할 수 있는 세트 상품도 선보이고 있습니다.",신마이 등 유명 다시마 전문점에서 다양한 종류와 맛의 츠쿠다니를 시식해보고 구매할 수 있습니다.,1,https://thumbnail.image.rakuten.co.jp/@0_mall/yogkan/cabinet/marathon/11125461/imgrc0110241831.jpg?_ex=1024x1024,https://hb.afl.rakuten.co.jp/hgc/g00q0x3n.16t5u845.g00q0x3n.16t5vebf/?pc=https%3A%2F%2Fitem.rakuten.co.jp%2Fyogkan%2F21016%2F&m=http%3A%2F%2Fm.rakuten.co.jp%2Fyogkan%2Fi%2F10000285%2F&rafcid=wsc_i_is_b93111dd-e085-46a2-a75f-28c1ee5d2de6
PRD_898,에코인 오사카 커피 드립백,英珈 大阪珈琲 ドリップバッグ,에코인(英珈),REG_021,PRC_01,594,에코인 오사카 커피 드립백은 오사카의 커피 로스터리가 만든 소포장 드립 커피입니다. 컵 위에 걸어 뜨거운 물만 부으면 원두 향을 간편하게 우릴 수 있는 형태입니다. 도시 이름을 내세운 블렌드라 숙소나 집에서 오사카 카페 분위기를 가볍게 즐기기 좋습니다.,"오사카 주요 역이나 백화점 식품 코너, 전문 카페에서 구매할 수 있으며, 커피를 좋아하는 사람에게 좋은 선물입니다.",1,https://thumbnail.image.rakuten.co.jp/@0_mall/auc-kenbihonpo/cabinet/002/410-00.jpg?_ex=1024x1024,https://hb.afl.rakuten.co.jp/hgc/53033622.7bbb75b6.53033623.c98a76f0/?pc=https%3A%2F%2Fitem.rakuten.co.jp%2Fauc-kenbihonpo%2F242%2F&m=https%3A%2F%2Fitem.rakuten.co.jp%2Fauc-kenbihonpo%2F242%2F
PRD_899,오사카 크래프트 맥주 (도톤보리 맥주),大阪クラフトビール (道頓堀麦酒),도톤보리 맥주(道頓堀麦酒),REG_021,PRC_01,690,"도톤보리 맥주는 오사카 도톤보리 이름을 단 지역 맥주 상품입니다. 여러 병을 묶은 구성으로 제공되며, 여행지의 야경과 먹거리 골목 이미지를 함께 떠올리게 합니다. 식사와 곁들이기 좋은 산뜻한 맥주류 기념품입니다.","도톤보리 인근 주류 판매점이나 일부 레스토랑에서 구매 및 시음이 가능하며, 맥주 애호가에게 특별한 선물이 됩니다.",1,https://dzwpvqehwr7zl.cloudfront.net/omios/products/generated/_review/PRD_899/PRD_899_packshot_v1.png,https://item.rakuten.co.jp/setouchioya/dotonbori_beer-3set/
PRD_900,킷캣 미니 간사이 딸기 치즈케이크 맛,キットカット ミニ 関西いちごチーズケーキ味,네슬레(Nestle - ネスレ),REG_021,PRC_01,864,킷캣 미니 간사이 딸기 치즈케이크 맛은 간사이 지역 한정으로 전개되는 초콜릿 과자입니다. 딸기의 달콤새콤한 향과 치즈케이크의 부드러운 풍미를 작은 웨이퍼 초콜릿에 담았습니다. 낱개 포장된 미니 크기라 여러 사람에게 나누기 쉬운 지역 과자입니다.,"오사카 주요 기념품점이나 대형 마트에서 구매할 수 있으며, 일본 한정판 과자를 좋아하는 사람에게 추천합니다.",1,https://dzwpvqehwr7zl.cloudfront.net/omios/products/generated/_review/PRD_900/PRD_900_packshot_v1.png,https://shop.nestle.jp/front/product/0000002167
PRD_901,오사카 블랙 카레 레토르트,大阪ブラックカレー レトルト,벨 식품(ベル食品),REG_021,PRC_01,600,오사카 블랙 카레는 짙은 색의 소스가 특징인 레토르트 카레입니다. 구운 향과 향신료의 깊은 맛을 강조해 일반 카레보다 묵직한 인상을 줍니다. 밥에 데워 곁들이면 오사카식 기념 식품으로 간편하게 먹을 수 있습니다.,"주요 역 기념품점이나 식품 코너에서 구매할 수 있으며, 특별한 식사를 원하는 사람에게 좋은 선물입니다.",1,https://dzwpvqehwr7zl.cloudfront.net/omios/products/generated/_review/PRD_901/PRD_901_packshot_v1.png,https://item.rakuten.co.jp/osakanomiyage/b-osaka-black-curry/
PRD_902,해피턴 오사카 한정 타코야키 맛,ハッピーターン 大阪限定 たこ焼き味,가메다 제과(亀田製菓),REG_021,PRC_01,756,해피턴 오사카 한정 타코야키 맛은 바삭한 쌀과자에 오사카 타코야키 풍미를 더한 스낵입니다. 달콤짭짤한 해피턴의 기본 맛 위에 소스 향과 감칠맛이 얹혀 간식성이 강합니다. 오사카 명물 음식을 과자 형태로 즐기도록 만든 지역 한정 상품입니다.,"오사카 주요 기념품점에서 쉽게 찾아볼 수 있으며, 가볍게 나눠 먹기 좋은 간식으로 추천합니다.",1,https://thumbnail.image.rakuten.co.jp/@0_mall/onestep/cabinet/syoku/syoku01/sh8545.jpg?_ex=1024x1024,https://hb.afl.rakuten.co.jp/hgc/53033622.7bbb75b6.53033623.c98a76f0/?pc=https%3A%2F%2Fitem.rakuten.co.jp%2Fonestep%2Fsh8545%2F&m=https%3A%2F%2Fitem.rakuten.co.jp%2Fonestep%2Fsh8545%2F
PRD_903,쿠이다오레 타로 인형 (작은 사이즈),くいだおれ太郎人形 (Sサイズ),くいだおれ,REG_021,PRC_02,1500,쿠이다오레 타로 인형은 도톤보리의 상징적인 북 치는 캐릭터를 작은 봉제 인형으로 만든 기념품입니다. 줄무늬 옷과 익살스러운 표정이 특징이라 오사카 번화가의 분위기를 바로 떠올리게 합니다. 작은 크기라 책상이나 선반에 두기 좋은 캐릭터 상품입니다.,도톤보리 쿠이다오레 빌딩 내 기념품점이나 오사카 주요 관광지 기념품점에서 구매할 수 있습니다.,1,https://thumbnail.image.rakuten.co.jp/@0_mall/neowing-r/cabinet/item_img_1214/neobk-2236559.jpg?_ex=1024x1024,https://hb.afl.rakuten.co.jp/hgc/53033622.7bbb75b6.53033623.c98a76f0/?pc=https%3A%2F%2Fitem.rakuten.co.jp%2Fneowing-r%2Fneobk-2236559%2F&m=https%3A%2F%2Fitem.rakuten.co.jp%2Fneowing-r%2Fneobk-2236559%2F
PRD_904,빌리켄 인형 (신세카이 상징),ビリケンさん人形 (通天閣 新世界),통천각(通天閣),REG_021,PRC_01,880,"이 인형은 오사카 통천각의 행운을 상징하는 빌리켄 신상입니다. 사람들은 이곳에 기원하며 빌리켄의 발바닥을 쓰다듬으면 좋은 기운이 온다고 믿습니다. 이 캐릭터는 오랜 역사를 지니고 있으며, 제2대 빌리켄은 쇼와 54년(1979년)에 등장했습니다. 통천각과 신세카이의 100주년을 기념하며 세 번째 대가 새롭게 제작되기도 했습니다.",신세카이 지역의 기념품점이나 통천각 전망대 내 샵에서 다양한 크기와 디자인의 빌리켄 인형을 구매할 수 있습니다.,1,https://dzwpvqehwr7zl.cloudfront.net/omios/products/generated/_review/PRD_904/PRD_904_packshot_v1.png,https://www.tsutenkaku.co.jp/goods.html
PRD_905,오사카성 기념 수건 (테누구이),大阪城記念手ぬぐい,오사카성 천수각 기념품샵,REG_021,PRC_02,1210,"오사카성 기념 수건은 오사카성의 천수각과 성곽 이미지를 일상용 수건에 담은 기념 잡화다. 오사카성 상품군에는 천수각 돌담, 해자, 도요토미 오사카성 유구를 모티브로 한 수건과 손수건류가 함께 소개된다. 성을 방문한 기억을 실사용 가능한 형태로 남기는 상품이라, 여행 기념품과 생활용품의 성격을 함께 가진다.","오사카성 천수각 내 기념품점에서 다양한 디자인의 테누구이를 구매할 수 있으며, 벽 장식으로도 활용하기 좋습니다.",1,https://thumbnail.image.rakuten.co.jp/@0_mall/otsutsumi/cabinet/jrwest/imgrc0097650905.jpg?_ex=1024x1024,https://hb.afl.rakuten.co.jp/hgc/g00szwmn.16t5u474.g00szwmn.16t5vab5/?pc=https%3A%2F%2Fitem.rakuten.co.jp%2Fotsutsumi%2Fdw01%2F&m=http%3A%2F%2Fm.rakuten.co.jp%2Fotsutsumi%2Fi%2F10001457%2F&rafcid=wsc_i_is_b93111dd-e085-46a2-a75f-28c1ee5d2de6
PRD_906,유니버설 스튜디오 재팬 미니언 팝콘통,ユニバーサル・スタジオ・ジャパン ミニオン ポップコーンバケツ,유니버설 스튜디오 재팬(Universal Studios Japan),REG_021,PRC_04,3800,유니버설 스튜디오 재팬 미니언 팝콘통은 미니언 캐릭터를 입체적으로 만든 팝콘 버킷입니다. 파크 안에서 팝콘을 담아 목걸이처럼 메고 다니는 굿즈 성격이 강합니다. 노란 캐릭터의 표정과 장난스러운 디자인이 놀이공원 경험을 오래 기억하게 해 줍니다.,"USJ 파크 내 팝콘 판매대에서 구매 가능하며, 시즌별 한정 디자인이 출시되므로 방문 시 확인하는 것이 좋습니다.",1,https://dzwpvqehwr7zl.cloudfront.net/omios/products/generated/_review/PRD_906/PRD_906_packshot_v1.png,https://www.usj.co.jp/web/ja/jp/restaurants/popcorn
PRD_907,오사카 나니와 주석 식기 (작은 컵),大阪浪華錫器 (小杯),오사카 스즈키(大阪錫器),REG_021,PRC_06,5500,"오사카의 전통을 담은 나니와 주석 식기를 소개합니다. 이 제품은 주재료인 주석만을 사용하여 정교하게 제작되었으며, 생산지는 오사카부 오사카시입니다. 작은 컵 형태의 디자인으로 일상에서 활용하기 좋고, 직경이 약 6센티미터에 달하여 실용적입니다. 깊이 있는 역사와 아름다운 공예가 결합된 특별한 식기입니다.","백화점이나 전문 공예품점에서 구매할 수 있으며, 오사카의 전통과 기술이 담긴 고급 기념품을 찾는 분에게 추천합니다.",1,https://dzwpvqehwr7zl.cloudfront.net/omios/products/generated/_review/PRD_907/PRD_907_packshot_v1.png,https://www.osakasuzuki.co.jp/products/category.php?ccid=4
PRD_908,포켓몬센터 오사카 DX 한정 피카츄 인형,ポケモンセンターオーサカDX限定 ピカチュウぬいぐるみ,포켓몬 센터(Pokemon Center - ポケモンセンター),REG_021,PRC_03,2500,포켓몬센터 오사카 디럭스 한정 피카츄 인형은 오사카 매장의 상징성을 담은 봉제 굿즈입니다. 피카츄를 부드러운 소재와 귀여운 표정으로 표현해 소장용 캐릭터 상품으로 쓰기 좋습니다. 지역 한정 디자인의 성격이 있어 오사카 방문 기념품으로 어울립니다.,"포켓몬센터 오사카 DX (다이마루 신사이바시점)에서만 판매되며, 한정판으로 인기가 많아 조기 품절될 수 있습니다.",1,https://dzwpvqehwr7zl.cloudfront.net/omios/products/generated/_review/PRD_908/PRD_908_packshot_v1.png,https://www.pokemon.co.jp/shop/pokecen/osakadx/
PRD_909,글리코 맨 러닝맨 키체인,グリコサイン ランニングマンキーホルダー,글리코(Glico - グリコ),REG_021,PRC_01,770,글리코 맨 러닝맨 키체인은 도톤보리의 유명 간판을 모티프로 한 작은 장식품입니다. 두 팔을 들고 달리는 인물 실루엣이 오사카 여행의 대표 장면처럼 인식됩니다. 열쇠나 가방에 달아 현지 랜드마크를 가볍게 간직할 수 있는 상품입니다.,"도톤보리 인근 기념품점이나 글리코 웨스트 매장에서 구매할 수 있으며, 부담 없이 선물하기 좋습니다.",1,https://thumbnail.image.rakuten.co.jp/@0_mall/attshop/cabinet/item5/magosaka501.jpg?_ex=1024x1024,https://hb.afl.rakuten.co.jp/hgc/53033622.7bbb75b6.53033623.c98a76f0/?pc=https%3A%2F%2Fitem.rakuten.co.jp%2Fattshop%2Fmagosaka5%2F&m=https%3A%2F%2Fitem.rakuten.co.jp%2Fattshop%2Fmagosaka5%2F
PRD_910,오사카 지역 디자인 티셔츠,大阪ご当地Tシャツ,Various,REG_021,PRC_03,2200,오사카 지역 디자인 티셔츠는 글리코 간판이나 오사카 먹거리 같은 지역 상징을 프린트한 캐주얼 의류입니다. 여행지의 유머와 번화한 거리 분위기를 옷으로 표현하는 기념품 성격이 강합니다. 일상복으로도 입을 수 있어 실용성과 지역성이 함께 있는 상품입니다.,"도톤보리, 신세카이 등 주요 관광지의 기념품점이나 돈키호테에서 다양한 디자인과 사이즈의 티셔츠를 고를 수 있습니다.",1,https://thumbnail.image.rakuten.co.jp/@0_mall/nunoya-kumano/cabinet/osaka_naniwa/imgrc0075502019.jpg?_ex=1024x1024,https://hb.afl.rakuten.co.jp/hgc/53033622.7bbb75b6.53033623.c98a76f0/?pc=https%3A%2F%2Fitem.rakuten.co.jp%2Fnunoya-kumano%2Fnaniwa-t%2F&m=https%3A%2F%2Fitem.rakuten.co.jp%2Fnunoya-kumano%2Fnaniwa-t%2F
PRD_911,도톤보리 랜드마크 마그넷 세트,道頓堀ランドマークマグネットセット,Various,REG_021,PRC_02,1000,"도톤보리 랜드마크 마그넷 세트는 오사카 도톤보리의 대표 상징을 냉장고 자석 형태로 모은 기념품입니다. 글리코 간판, 쿠이다오레 타로, 번화가 간판 같은 이미지를 작은 장식으로 담습니다. 여러 개가 한 세트라 여행지 장면을 나누어 붙이기 좋습니다.","도톤보리 인근 기념품점이나 주요 관광지 기념품 코너에서 구매할 수 있으며, 냉장고에 붙여 오사카의 추억을 떠올리기에 좋습니다.",1,https://dzwpvqehwr7zl.cloudfront.net/omios/products/generated/_review/PRD_911/PRD_911_packshot_v1.png,https://item.rakuten.co.jp/osakanomiyage/m-dotonbori/
PRD_912,오사카 에에몬 볼펜,大阪ええもんボールペン,오사카 기념품점 자체 브랜드,REG_021,PRC_01,550,오사카 에에몬 볼펜은 오사카 사투리의 친근한 표현을 활용한 문구류입니다. 볼펜이라는 실용적인 물건에 지역 말맛과 가벼운 유머를 담은 점이 특징입니다. 학교나 사무실에서 쓰면서도 오사카 여행 기념품 느낌을 낼 수 있습니다.,"주요 기념품점이나 잡화점에서 쉽게 찾아볼 수 있으며, 저렴한 가격으로 여러 개 구매하여 선물하기 좋습니다.",1,https://dzwpvqehwr7zl.cloudfront.net/omios/products/generated/_review/PRD_912/PRD_912_packshot_v1.png,https://item.rakuten.co.jp/osakanomiyage/p-eemon/
PRD_913,태양의 탑 볼펜,太陽の塔ボールペン,만박 기념 공원(万博記念公園) 공식 굿즈,REG_021,PRC_01,880,태양의 탑 볼펜은 오사카 만박 기념공원의 대표 조형물인 태양의 탑을 담은 문구류입니다. 예술가 오카모토 다로의 상징적인 얼굴과 독특한 형태가 작은 필기구 디자인으로 표현됩니다. 오사카 현대 문화와 박람회 역사를 함께 떠올리게 하는 기념품입니다.,"만박 기념 공원 내 기념품점이나 오사카 주요 문구점, 잡화점에서 구매할 수 있습니다.",1,https://thumbnail.image.rakuten.co.jp/@0_mall/anitto-friends/cabinet/image2/8339-404_1.jpg?_ex=1024x1024,https://hb.afl.rakuten.co.jp/hgc/53033622.7bbb75b6.53033623.c98a76f0/?pc=https%3A%2F%2Fitem.rakuten.co.jp%2Fanitto-friends%2F8339-404%2F&m=https%3A%2F%2Fitem.rakuten.co.jp%2Fanitto-friends%2F8339-404%2F
PRD_914,오사카 테마 젓가락,大阪モチーフ箸,다양한 제조업체,REG_021,PRC_01,880,"오사카 테마 젓가락은 오사카성, 타코야키, 글리코 간판처럼 지역을 상징하는 무늬를 넣은 식기류입니다. 매일 쓰는 젓가락에 여행지의 이미지를 담아 실용적인 선물로 활용하기 좋습니다. 음식 도시로 알려진 오사카의 분위기와 잘 맞는 생활 기념품입니다.","주요 기념품점이나 잡화점에서 다양한 디자인의 젓가락을 찾아볼 수 있으며, 일본 문화에 관심 있는 지인에게 좋은 선물입니다.",1,https://thumbnail.image.rakuten.co.jp/@0_mall/fujihisa/cabinet/10008018/imgrc0088301765.jpg?_ex=1024x1024,https://hb.afl.rakuten.co.jp/hgc/53033622.7bbb75b6.53033623.c98a76f0/?pc=https%3A%2F%2Fitem.rakuten.co.jp%2Ffujihisa%2Fcompass1705991579%2F&m=https%3A%2F%2Fitem.rakuten.co.jp%2Ffujihisa%2Fcompass1705991579%2F
PRD_915,오사카 무늬 테누구이 (타코야키),大阪柄手ぬぐい (たこ焼き),다양한 제조업체,REG_021,PRC_02,1100,"오사카 무늬 테누구이는 타코야키 같은 오사카 먹거리 패턴을 넣은 면 수건입니다. 손수건, 주방 수건, 장식 천처럼 다양하게 쓰이는 일본식 생활 소품입니다. 가볍고 접기 쉬워 여행 기념품으로 휴대하기 좋은 제품입니다.","주요 기념품점이나 잡화점, 백화점에서 다양한 오사카 테마 테누구이를 찾아볼 수 있습니다.",1,https://thumbnail.image.rakuten.co.jp/@0_mall/esumi/cabinet/imgrc0083960752.jpg?_ex=1024x1024,https://hb.afl.rakuten.co.jp/hgc/53033622.7bbb75b6.53033623.c98a76f0/?pc=https%3A%2F%2Fitem.rakuten.co.jp%2Fesumi%2F10002341%2F&m=https%3A%2F%2Fitem.rakuten.co.jp%2Fesumi%2F10002341%2F
PRD_916,통천각 빌리켄 스티커 세트,通天閣ビリケンさんステッカーセット,통천각(通天閣) 공식 굿즈,REG_021,PRC_01,660,통천각 빌리켄 스티커 세트는 오사카 신세카이의 상징인 빌리켄을 작은 스티커로 만든 상품입니다. 통천각 전망대와 연결된 행운의 캐릭터 이미지를 노트나 여행 기록에 붙일 수 있습니다. 여러 장 구성이라 오사카 골목 관광의 분위기를 장식하기 좋습니다.,"통천각 전망대 기념품점이나 신세카이 인근 기념품점에서 구매할 수 있으며, 저렴한 가격으로 여러 개 구매하여 선물하기 좋습니다.",1,https://dzwpvqehwr7zl.cloudfront.net/omios/products/generated/_review/PRD_916/PRD_916_packshot_v1.png,https://item.rakuten.co.jp/tsutenkaku/tsutenkaku_goods_11/
PRD_917,오사카 다시마 가루,大阪昆布粉末,마에다 이토후쿠(前田利久),REG_021,PRC_01,864,"홋카도산 다시마를 사용하여 깊고 부드러운 맛의 육수를 낼 수 있는 제품입니다. 이 미세한 분말 타입은 어떤 요리에도 쉽게 활용할 수 있으며, 재료에 소량만 넣으면 순수한 다시마 100%의 감칠맛을 더해줍니다. 다시마만을 사용했기 때문에 과도한 염분이나 당분을 걱정할 필요가 없으며, 다시마가 가진 요오드, 칼슘, 철 등의 미네랄과 비타민 지하 일층, 비이 규격 같은 영양소를 그대로 섭취할 수 있습니다.","쿠로몬 시장이나 백화점 식품 코너의 다시마 전문점에서 구매할 수 있으며, 요리를 즐겨 하는 지인에게 좋은 선물입니다.",1,https://thumbnail.image.rakuten.co.jp/@0_mall/katsukonmi-onlineshop/cabinet/shouhin01/12461800/katsukonmi500.jpg?_ex=1024x1024,https://hb.afl.rakuten.co.jp/hgc/g00t1uhn.16t5uea2.g00t1uhn.16t5v7e6/?pc=https%3A%2F%2Fitem.rakuten.co.jp%2Fkatsukonmi-onlineshop%2F001b-a%2F&m=http%3A%2F%2Fm.rakuten.co.jp%2Fkatsukonmi-onlineshop%2Fi%2F10000364%2F&rafcid=wsc_i_is_b93111dd-e085-46a2-a75f-28c1ee5d2de6
PRD_918,오사카 모티프 편지지 세트,大阪モチーフレターセット,다양한 문구류 브랜드,REG_021,PRC_01,660,오사카 모티프 편지지 세트는 오사카의 명소와 먹거리 이미지를 담은 종이 문구류입니다. 편지지와 봉투에 지역 일러스트가 들어가 손편지에 여행지 분위기를 더합니다. 타코야키나 간판 같은 상징을 좋아하는 사람에게 어울리는 소형 기념품입니다.,"오사카의 대형 문구점(예: 토큐 핸즈, 로프트)이나 기념품점에서 구매할 수 있으며, 소중한 사람에게 손글씨 편지를 전하기에 좋습니다.",1,https://thumbnail.image.rakuten.co.jp/@0_mall/fujihisa/cabinet/09625236/imgrc0092442767.jpg?_ex=1024x1024,https://hb.afl.rakuten.co.jp/hgc/53033622.7bbb75b6.53033623.c98a76f0/?pc=https%3A%2F%2Fitem.rakuten.co.jp%2Ffujihisa%2F10001269%2F&m=https%3A%2F%2Fitem.rakuten.co.jp%2Ffujihisa%2F10001269%2F
PRD_919,오사카 러버 키체인 (지역 음식 시리즈),大阪ご当地ラバーキーホルダー (ご当地グルメシリーズ),다양한 기념품 제조사,REG_021,PRC_01,440,오사카 러버 키체인은 타코야키와 오코노미야키 같은 지역 음식을 고무 소재 장식으로 표현한 상품입니다. 말랑한 질감과 선명한 색감 덕분에 가방이나 열쇠에 달면 눈에 잘 띕니다. 오사카 먹거리 문화를 귀엽게 축약한 기념품입니다.,"주요 기념품점이나 가챠폰 기계 옆에서 찾아볼 수 있으며, 가볍고 저렴하게 여러 개 구매하여 친구들에게 나눠주기 좋습니다.",1,https://thumbnail.image.rakuten.co.jp/@0_mall/pocketcompany4/cabinet/wxyz/xyz2/20260401img014/2080652-01.jpg?_ex=1024x1024,https://hb.afl.rakuten.co.jp/hgc/53033622.7bbb75b6.53033623.c98a76f0/?pc=https%3A%2F%2Fitem.rakuten.co.jp%2Fpocketcompany4%2F2080652%2F&m=https%3A%2F%2Fitem.rakuten.co.jp%2Fpocketcompany4%2F2080652%2F
PRD_920,통천각 빌리켄 부적 (오마모리),通天閣ビリケンさんお守り,통천각(通天閣) 공식 굿즈,REG_021,PRC_01,770,통천각 빌리켄 부적은 오사카 신세카이의 행운 상징인 빌리켄을 넣은 오마모리형 소품입니다. 작은 천 주머니 형태라 가방이나 지갑에 걸어 지니기 좋습니다. 통천각 관광의 기억과 행운 기원이라는 이야기를 함께 담은 지역 기념품입니다.,"통천각 전망대 기념품점에서 구매할 수 있으며, 소중한 사람에게 행운을 빌어주는 의미 있는 선물이 됩니다.",1,https://thumbnail.image.rakuten.co.jp/@0_mall/senoya/cabinet/04773869/07799980/imgrc0101851080.jpg?_ex=1024x1024,https://hb.afl.rakuten.co.jp/hgc/53033622.7bbb75b6.53033623.c98a76f0/?pc=https%3A%2F%2Fitem.rakuten.co.jp%2Fsenoya%2F4582241438768-y%2F&m=https%3A%2F%2Fitem.rakuten.co.jp%2Fsenoya%2F4582241438768-y%2F
PRD_921,오사카 라무네 (지역 한정 맛),大阪ラムネ (ご当地フレーバー),다양한 라무네 제조사,REG_021,PRC_01,324,오사카 라무네는 지역 명물 맛을 장난스럽게 표현한 탄산음료 계열 상품입니다. 병 라무네 특유의 청량감에 오사카 먹거리 이미지를 더해 재미있는 기념 음료가 됩니다. 맛 자체보다 여행지에서만 만나는 독특한 경험을 중시하는 상품입니다.,"편의점, 슈퍼마켓, 기념품점에서 구매할 수 있으며, 더운 날 갈증 해소에 좋습니다.",1,https://thumbnail.image.rakuten.co.jp/@0_mall/osaka/cabinet/2018/101/4902888232374ma2.jpg?_ex=1024x1024,https://hb.afl.rakuten.co.jp/hgc/53033622.7bbb75b6.53033623.c98a76f0/?pc=https%3A%2F%2Fitem.rakuten.co.jp%2Fosaka%2F4902888232374ma2%2F&m=https%3A%2F%2Fitem.rakuten.co.jp%2Fosaka%2F4902888232374ma2%2F
PRD_922,가정용 타코야키 메이커,家庭用たこ焼き器,이와타니(Iwatani - イワタニ),REG_021,PRC_04,3980,"이 제품은 가정에서 전문적인 냄비 바게티(로바타야키)를 즐길 수 있도록 설계된 그릴 및 꼬치 요리 전용 기기입니다. 본연의 역할인 정통 타코야키는 물론, 다양한 플레이트를 교체하여 활용할 수 있습니다. 특히 함께 제공되는 멀티플레이트를 사용하면 요리의 폭을 넓혀 더욱 다채로운 메뉴를 즐길 수 있습니다.","빅카메라, 요도바시 카메라 등 대형 전자제품 매장이나 돈키호테에서 구매할 수 있으며, 요리를 좋아하는 지인에게 특별한 선물입니다.",1,https://thumbnail.image.rakuten.co.jp/@0_mall/matsucame/cabinet/new-1/oda1183-rank.jpg?_ex=1024x1024,https://hb.afl.rakuten.co.jp/hgc/g00pueen.16t5u439.g00pueen.16t5v6a5/?pc=https%3A%2F%2Fitem.rakuten.co.jp%2Fmatsucame%2Foda1183%2F&m=http%3A%2F%2Fm.rakuten.co.jp%2Fmatsucame%2Fi%2F10074252%2F&rafcid=wsc_i_is_b93111dd-e085-46a2-a75f-28c1ee5d2de6
PRD_923,오사카 소바메시 컵라면,大阪そばめしカップ麺,에이스콕(Acecook - エースコック),REG_021,PRC_01,250,오사카 소바메시 컵라면은 볶음면과 밥을 함께 먹는 소바메시 문화를 컵면으로 풀어낸 간편식입니다. 진한 소스 풍미와 면의 식감으로 오사카식 분식의 인상을 냅니다. 뜨거운 물로 조리하는 형태라 여행 후에도 지역 음식을 손쉽게 떠올릴 수 있습니다.,"오사카의 편의점이나 슈퍼마켓에서 쉽게 찾아볼 수 있으며, 간편하게 오사카의 맛을 경험하기 좋습니다.",1,https://dzwpvqehwr7zl.cloudfront.net/omios/products/generated/_review/PRD_923/PRD_923_packshot_v1.png,https://www.acecook.co.jp/products/detail.php?id=1255
PRD_924,오사카 러스크,大阪ラスク,마카론 에 마카롱(マカロン・エ・マカロン) 등,REG_021,PRC_01,702,오사카 러스크는 바삭하게 구운 빵과자에 지역 패키지나 풍미를 더한 기념 과자입니다. 가벼운 식감과 달콤한 맛이 중심이라 차나 커피에 곁들이기 좋습니다. 낱개 포장 구성은 나누어 먹기 편해 오사카 선물 과자로 쓰기 좋습니다.,"오사카 주요 기념품점이나 백화점 식품 코너에서 구매할 수 있으며, 커피나 차와 함께 즐기기 좋습니다.",1,https://thumbnail.image.rakuten.co.jp/@0_mall/kukou-wakou/cabinet/12734422/nakanoshimarusk009.jpg?_ex=1024x1024,https://hb.afl.rakuten.co.jp/hgc/53033622.7bbb75b6.53033623.c98a76f0/?pc=https%3A%2F%2Fitem.rakuten.co.jp%2Fkukou-wakou%2Frusk-sugar10%2F&m=https%3A%2F%2Fitem.rakuten.co.jp%2Fkukou-wakou%2Frusk-sugar10%2F
PRD_925,간사이 한정 헬로키티 초콜릿,関西限定ハローキティチョコレート,산리오(Sanrio - サンリオ),REG_021,PRC_01,648,간사이 한정 헬로키티 초콜릿은 인기 캐릭터에 간사이 지역 이미지를 결합한 초콜릿 과자입니다. 오사카 먹거리나 관광지 복장을 입은 디자인이 포장과 내용물의 재미를 살립니다. 캐릭터 수집품과 지역 과자의 성격을 함께 가진 상품입니다.,"오사카 주요 기념품점이나 산리오 매장에서 구매할 수 있으며, 헬로키티 팬이나 아이들에게 좋은 선물입니다.",1,https://dzwpvqehwr7zl.cloudfront.net/omios/products/generated/_review/PRD_925/PRD_925_packshot_v1.png,https://item.rakuten.co.jp/osakanomiyage/c/0000000109/
PRD_926,오사카 라멘 (인스턴트 봉지면),大阪ラーメン (インスタント袋麺),오사카 니혼이치 라멘(大阪日本一ラーメン),REG_021,PRC_01,432,오사카 라멘은 오사카 지역 라멘점을 떠올리게 하는 가정용 인스턴트 봉지면입니다. 면과 국물 소스를 함께 담아 집에서도 간단히 일본식 라멘 한 그릇을 만들 수 있습니다. 여행지에서 먹은 라멘의 분위기를 식탁에서 다시 즐기기 위한 기념 식품입니다.,"슈퍼마켓이나 주요 역 기념품점에서 구매할 수 있으며, 라멘을 좋아하는 지인에게 좋은 선물입니다.",1,https://thumbnail.image.rakuten.co.jp/@0_mall/misonoya/cabinet/202511_07/b125-109-1.jpg?_ex=1024x1024,https://hb.afl.rakuten.co.jp/hgc/53033622.7bbb75b6.53033623.c98a76f0/?pc=https%3A%2F%2Fitem.rakuten.co.jp%2Fmisonoya%2Fb125-109%2F&m=https%3A%2F%2Fitem.rakuten.co.jp%2Fmisonoya%2Fb125-109%2F
PRD_927,크루아상 타이야키 (크림 맛),クロワッサンたい焼き (クリーム),긴다코(銀だこ),REG_021,PRC_01,280,"독자적으로 개발한 24겹의 특제 크루아상 생지를 전용 기계로 양면에서 한 번에 구워내어, 표면이 고소하게 캐러멜화된 독특하고 바삭한 식감이 특징인 오리지널 타이야키입니다. 이 제품은 바삭한 식감과 생지의 풍미, 그리고 속의 앙금이나 크림까지 모든 것이 어우러져 특별한 맛을 선사합니다. 부드럽고 진한 풍미가 매력적인 커스터드는 입안에서 사르르 녹는 느낌이며, 은다코 특제 카스타드로 바닐라 향이 느껴집니다. 또한, 홋카이도산 아즈키콩 100%를 사용한 정성스러운 앙금은 고유의 풍미와 포근한 식감, 그리고 부드러운 단맛을 자랑합니다.","오사카 주요 번화가의 긴다코 체인점이나 길거리 음식점에서 따뜻하게 맛볼 수 있으며, 간식으로 좋습니다.",1,https://dzwpvqehwr7zl.cloudfront.net/omios/products/generated/_review/PRD_927/PRD_927_packshot_v1.png,https://www.gindaco.com/menu/croissant-taiyaki/
PRD_928,오사카 한정 스타벅스 텀블러,大阪限定スターバックスタンブラー,스타벅스(Starbucks - スターバックス),REG_021,PRC_03,2400,오사카 한정 스타벅스 텀블러는 오사카 지역 디자인을 담은 음료 용기입니다. 도시의 명소와 색감을 패턴으로 활용해 일상용 컵에 여행지 이미지를 입힙니다. 카페 굿즈 수집과 실사용 목적을 함께 만족시키는 기념품입니다.,"오사카 내 스타벅스 매장에서 구매할 수 있으며, 스타벅스 컬렉터나 특별한 텀블러를 찾는 사람에게 인기가 많습니다.",1,https://thumbnail.image.rakuten.co.jp/@0_mall/mtony/cabinet/mugcup02/ufhhd3fhd2-001.jpg?_ex=1024x1024,https://hb.afl.rakuten.co.jp/hgc/53033622.7bbb75b6.53033623.c98a76f0/?pc=https%3A%2F%2Fitem.rakuten.co.jp%2Fmtony%2F100003882%2F&m=https%3A%2F%2Fitem.rakuten.co.jp%2Fmtony%2F100003882%2F
PRD_929,오사카 우동 키트,大阪うどんキット,이마이 본점(今井本店),REG_021,PRC_02,1590,"오사카 우동 키트는 도톤보리 이마이의 우동 맛을 집에서 조리할 수 있게 만든 세트형 상품이다. 도톤보리 이마이는 쇼와 이십일년에 창업한 우동 전문점으로, 기쓰네우동을 비롯한 계절 우동과 선물용 상품을 제공한다. 건면, 냄비우동, 카레우동 등 여러 우동 상품군이 있어 오사카식 국물과 면의 조합을 간편하게 즐길 수 있다.","이마이 본점이나 백화점 식품 코너, 주요 역 기념품점에서 구매할 수 있으며, 일본 요리에 관심 있는 지인에게 좋은 선물입니다.",1,https://thumbnail.image.rakuten.co.jp/@0_mall/etsusui/cabinet/small6/taiwanmince500-0.jpg?_ex=1024x1024,https://hb.afl.rakuten.co.jp/hgc/g00t6wwn.16t5ub86.g00t6wwn.16t5vbea/?pc=https%3A%2F%2Fitem.rakuten.co.jp%2Fetsusui%2Ftaiwanmince-ss%2F&m=http%3A%2F%2Fm.rakuten.co.jp%2Fetsusui%2Fi%2F10009554%2F&rafcid=wsc_i_is_b93111dd-e085-46a2-a75f-28c1ee5d2de6
PRD_930,오사카 바움쿠헨,大阪バウムクーヘン,마담 신코(マダムシンコ),REG_021,PRC_02,1620,"마담 신코의 마담 브륄레는 바움쿠헨 표면에 메이플슈거와 프랑스산 카소나드를 스며들게 한 뒤 캐러멜라이즈한 디저트입니다. 촉촉하고 폭신한 바움쿠헨과 표면의 바삭한 캐러멜 층이 대비를 이루어, 차갑게 먹거나 살짝 데워 먹을 때 식감이 달라지는 것이 특징입니다. 쇼킹 핑크와 레오파드 패턴 패키지로 잘 알려진 오사카 계열 선물용 스위츠입니다.","마담 신코 매장이나 백화점 식품 코너, 주요 역 기념품점에서 구매할 수 있으며, 남녀노소 누구나 좋아하는 간식입니다.",1,https://thumbnail.image.rakuten.co.jp/@0_mall/madame1214/cabinet/01449583/sakutto_ky001.jpg?_ex=1024x1024,https://hb.afl.rakuten.co.jp/hgc/g00qva8n.16t5ud8e.g00qva8n.16t5vf01/?pc=https%3A%2F%2Fitem.rakuten.co.jp%2Fmadame1214%2Fsakutto%2F&m=http%3A%2F%2Fm.rakuten.co.jp%2Fmadame1214%2Fi%2F10000276%2F&rafcid=wsc_i_is_b93111dd-e085-46a2-a75f-28c1ee5d2de6
PRD_931,오사카 카스텔라,大阪カステラ,다양한 제과점,REG_021,PRC_02,1188,오사카 카스텔라는 부드러운 스펀지 식감과 달콤한 향을 살린 구움과자입니다. 지역 패키지를 더해 일반 카스텔라보다 기념품 성격이 강합니다. 커피나 차와 함께 먹기 좋은 부담 없는 오사카 과자입니다.,"주요 기념품점이나 백화점 식품 코너에서 구매할 수 있으며, 차와 함께 즐기기 좋은 간식입니다.",1,https://thumbnail.image.rakuten.co.jp/@0_mall/kukou-wakou/cabinet/kashi/11180646/huwan014.jpg?_ex=1024x1024,https://hb.afl.rakuten.co.jp/hgc/53033622.7bbb75b6.53033623.c98a76f0/?pc=https%3A%2F%2Fitem.rakuten.co.jp%2Fkukou-wakou%2Ffuwantoron_l%2F&m=https%3A%2F%2Fitem.rakuten.co.jp%2Fkukou-wakou%2Ffuwantoron_l%2F
PRD_932,오사카 테마 페이스 마스크팩,大阪ご当地フェイスマスク,다양한 코스메틱 브랜드,REG_021,PRC_01,440,오사카 테마 페이스 마스크팩은 지역 캐릭터나 명물 이미지를 얼굴 팩 디자인에 넣은 화장품형 기념품입니다. 피부 관리 제품이면서 사진을 남기기 좋은 재미 요소도 갖추고 있습니다. 가볍고 납작한 포장이라 여행 선물로 챙기기 편합니다.,"돈키호테, 드럭스토어, 기념품점에서 구매할 수 있으며, 친구들과 함께 사용하며 즐거운 추억을 만들 수 있습니다.",1,https://thumbnail.image.rakuten.co.jp/@0_mall/senoya/cabinet/04773869/tutumasimasu6.jpg?_ex=1024x1024,https://hb.afl.rakuten.co.jp/hgc/53033622.7bbb75b6.53033623.c98a76f0/?pc=https%3A%2F%2Fitem.rakuten.co.jp%2Fsenoya%2F4902895043482%2F&m=https%3A%2F%2Fitem.rakuten.co.jp%2Fsenoya%2F4902895043482%2F
PRD_933,도톤보리쿤 봉제인형,とんぼりくんぬいぐるみ,도톤보리 상점가 (道頓堀商店会),REG_021,PRC_02,1980,도톤보리쿤 봉제인형은 도톤보리 상점가의 캐릭터를 부드러운 인형으로 만든 상품입니다. 밝은 표정과 지역성이 있는 디자인으로 오사카 번화가의 친근한 이미지를 전달합니다. 어린이 선물이나 책상 장식으로 쓰기 좋은 캐릭터 기념품입니다.,"도톤보리 인근 기념품점에서 구매할 수 있으며, 오사카의 마스코트를 좋아하는 분에게 좋은 선물입니다.",1,https://dzwpvqehwr7zl.cloudfront.net/omios/products/generated/_review/PRD_933/PRD_933_packshot_v1.png,https://item.rakuten.co.jp/osakanomiyage/d-tonbori-nuigurumi/
PRD_934,오사카 글리코 맨 티셔츠 (러닝맨 디자인),大阪グリコマンTシャツ (ランニングマンデザイン),글리코(Glico - グリコ),REG_021,PRC_03,2750,오사카 글리코 맨 티셔츠는 도톤보리 글리코 간판의 러닝맨 이미지를 프린트한 의류입니다. 오사카 여행 사진에서 익숙한 포즈를 옷에 담아 즉시 알아볼 수 있는 디자인이 특징입니다. 가볍게 입을 수 있는 지역 랜드마크형 기념품입니다.,"도톤보리 글리코 웨스트 매장이나 주요 기념품점에서 구매할 수 있으며, 독특한 디자인의 의류를 좋아하는 사람에게 추천합니다.",1,https://dzwpvqehwr7zl.cloudfront.net/omios/products/generated/_review/PRD_934/PRD_934_packshot_v1.png,https://item.rakuten.co.jp/osakanomiyage/g-tshirt-running/
PRD_935,오사카성 프라모델 (모형 키트),大阪城プラモデル (模型キット),후지미(Fujimi - フジミ),REG_021,PRC_02,1320,오사카성 프라모델은 오사카성을 작은 조립 모형으로 재현하는 키트입니다. 성곽과 지붕의 형태를 직접 맞추며 관광지 건축물을 입체적으로 감상할 수 있습니다. 완성 후에는 오사카 역사 명소를 책상 위 장식으로 보관하기 좋습니다.,"대형 전자제품 매장(빅카메라, 요도바시 카메라)이나 취미 용품점에서 구매할 수 있으며, 조립을 좋아하는 사람에게 좋은 선물입니다.",1,https://thumbnail.image.rakuten.co.jp/@0_mall/jism/cabinet/1392/4975406111703.jpg?_ex=1024x1024,https://hb.afl.rakuten.co.jp/hgc/g00pukwn.16t5u989.g00pukwn.16t5v614/?pc=https%3A%2F%2Fitem.rakuten.co.jp%2Fjism%2F4975406111703-52-4147-n%2F&m=http%3A%2F%2Fm.rakuten.co.jp%2Fjism%2Fi%2F12698673%2F&rafcid=wsc_i_is_b93111dd-e085-46a2-a75f-28c1ee5d2de6
PRD_936,베니이모 타르트,紅いもタルト,오카시고텐 (御菓子御殿),REG_022,PRC_02,1080,오카시고텐의 베니이모 타르트는 원조 레시피를 자랑하는 인기 디저트입니다. 이 타르트는 오키나와 지역을 대표하는 기념품으로 알려져 있습니다. 깊은 풍미가 느껴지는 베니이모 타르트를 경험해 보세요.,"오카시고텐 매장이나 공항 면세점에서 쉽게 구매할 수 있으며, 선물용으로 인기가 많습니다.",1,https://thumbnail.image.rakuten.co.jp/@0_mall/awamori-zizake/cabinet/biiino/item/main-image/20250422213343_1.jpg?_ex=1024x1024,https://hb.afl.rakuten.co.jp/hgc/g00s183n.16t5u2db.g00s183n.16t5vaa3/?pc=https%3A%2F%2Fitem.rakuten.co.jp%2Fawamori-zizake%2F4992866070289%2F&m=http%3A%2F%2Fm.rakuten.co.jp%2Fawamori-zizake%2Fi%2F10026052%2F&rafcid=wsc_i_is_b93111dd-e085-46a2-a75f-28c1ee5d2de6
PRD_937,친스코,ちんすこう,난푸도 (南風堂),REG_022,PRC_01,702,"류큐 왕조의 전통 과자 제조법에 자연이 풍부한 미야코섬의 소금 '설염'을 더해 탄생시킨 특별한 과자입니다. 미야코섬 지하 해수를 정제하여 얻은 설염과 류큐 전통 과자를 독자적인 방식으로 결합했습니다. 이 조합은 기존과는 달리 단맛을 은은하게 잡아주면서도 깊고 풍부하며 감칠맛이 뛰어난 맛을 구현합니다. 특히, 독특한 식감을 위해 미야코섬의 설염과 엄선된 라드(돼지기름)를 사용하여 한 번 먹으면 잊을 수 없는 매력을 선사합니다. 오랜 시간 이어온 전통 노하우와 현대적인 감각이 어우러진, 옛것이면서도 새로운 특별함을 경험해 보세요.",다양한 브랜드와 맛이 있으니 여러 종류를 시도해보고 취향에 맞는 것을 찾아보세요.,1,https://thumbnail.image.rakuten.co.jp/@0_mall/okinawa-takarajima/cabinet/sweet/010321d.jpg?_ex=1024x1024,https://hb.afl.rakuten.co.jp/hgc/g00quvfn.16t5uf19.g00quvfn.16t5v3d9/?pc=https%3A%2F%2Fitem.rakuten.co.jp%2Fokinawa-takarajima%2F010321%2F&m=http%3A%2F%2Fm.rakuten.co.jp%2Fokinawa-takarajima%2Fi%2F10001244%2F&rafcid=wsc_i_is_b93111dd-e085-46a2-a75f-28c1ee5d2de6
PRD_938,시사 장식품,シーサー置物,유이무시 (ゆいむし),REG_022,PRC_03,2500,"시사 장식품은 오키나와에서 집과 마을을 지키는 상징으로 알려진 사자 모양 수호 장식입니다. 도자기 질감과 익살스러운 표정이 특징이며, 한 쌍으로 놓는 경우가 많습니다. 현관이나 선반에 두면 오키나와 민예품 분위기를 낼 수 있습니다.","입을 벌린 시사는 행복을 불러들이고, 입을 다문 시사는 불행을 막아준다고 합니다.",1,https://thumbnail.image.rakuten.co.jp/@0_mall/hanamaru-r/cabinet/shisaa/10231091_0.jpg?_ex=1024x1024,https://hb.afl.rakuten.co.jp/hgc/g00s85dn.16t5u996.g00s85dn.16t5vc08/?pc=https%3A%2F%2Fitem.rakuten.co.jp%2Fhanamaru-r%2F10231091%2F&m=http%3A%2F%2Fm.rakuten.co.jp%2Fhanamaru-r%2Fi%2F10000559%2F&rafcid=wsc_i_is_b93111dd-e085-46a2-a75f-28c1ee5d2de6
PRD_939,오키나와 소바 (생면 세트),沖縄そば (生麺セット),마루타이 (マルタイ),REG_022,PRC_01,698,오키나와 소바 생면 세트는 밀가루 면과 돼지·가다랑어 계열 국물의 향토 면요리를 집에서 만들 수 있게 한 제품입니다. 일반 메밀국수와 달리 두툼한 면과 진한 국물이 특징입니다. 오키나와 식당에서 먹는 한 그릇의 느낌을 가정용 구성으로 담았습니다.,"국물과 면, 토핑까지 포함된 세트 제품을 구매하면 현지의 맛을 더 잘 느낄 수 있습니다.",1,https://dzwpvqehwr7zl.cloudfront.net/omios/products/generated/_review/PRD_939/PRD_939_packshot_v1.png,https://www.marutai.co.jp/products/noodle/3303
PRD_940,류큐 유리 (술잔),琉球ガラス (ぐい呑み),류큐 유리 마을 (琉球ガラス村),REG_022,PRC_02,1650,"류큐 유리 마을에서 만든 류큐 유리는 아름다운 에메랄드 그린 색상을 특징으로 합니다. 이 술잔은 숙련된 장인의 손길로 불어 만든 수공예 유리 제품입니다. 주류를 담는 잔이나 식기류로 활용할 수 있으며, 가정에서 즐기는 술자리나 특별한 선물용으로도 좋습니다. 류큐 유리의 독특하고 아름다운 매력을 일상에 더해보세요.",직접 체험 공방에서 자신만의 류큐 유리를 만들어볼 수도 있습니다.,1,https://thumbnail.image.rakuten.co.jp/@0_mall/aloha2008/cabinet/07918593/07918594/07974522/imgrc0143721647.jpg?_ex=1024x1024,https://hb.afl.rakuten.co.jp/hgc/53033622.7bbb75b6.53033623.c98a76f0/?pc=https%3A%2F%2Fitem.rakuten.co.jp%2Faloha2008%2F3975-3982%2F&m=https%3A%2F%2Fitem.rakuten.co.jp%2Faloha2008%2F3975-3982%2F
PRD_941,흑설탕 (코쿠토),黒糖,오키나와 제당 (沖縄製糖),REG_022,PRC_01,300,"흑설탕은 파우더 형태부터 가루로 빻거나 모양을 잡아 만든 다양한 형태로 즐길 수 있습니다. 다랑어 섬이나 하테루마 등 특정 지역에서 생산된 순수한 제품 외에도, 국내산 유기농 재료를 사용하거나 생강 또는 감과 같은 특별한 맛이 첨가된 종류도 있습니다. 요리나 베이킹에 활용할 수 있도록 다양한 용도로 개발되었으며, 케이크 만들기, 끓이는 요리(조림), 일반적인 식사 요리 등 폭넓게 사용할 수 있는 재료입니다. 또한 건강이나 다이어트 목적으로도 활용되는 제품들이 있어 일상생활에서 다양하게 즐길 수 있습니다.","커피나 요리에 사용하거나, 그대로 간식처럼 즐겨도 좋습니다.",1,https://thumbnail.image.rakuten.co.jp/@0_mall/getmarket/cabinet/jyouon_01/1100228.jpg?_ex=1024x1024,https://hb.afl.rakuten.co.jp/hgc/g00unn6n.16t5ub90.g00unn6n.16t5vea7/?pc=https%3A%2F%2Fitem.rakuten.co.jp%2Fgetmarket%2F1100228%2F&m=http%3A%2F%2Fm.rakuten.co.jp%2Fgetmarket%2Fi%2F10000632%2F&rafcid=wsc_i_is_b93111dd-e085-46a2-a75f-28c1ee5d2de6
PRD_942,오키나와 한정 하이츄 (파인애플맛),沖縄限定ハイチュウ (パイナップル味),모리나가 (森永製菓),REG_022,PRC_01,648,오키나와 한정판으로 출시된 파인애플맛 하이츄입니다. 입안 가득 퍼지는 풍미가 마치 생파인애플을 그대로 먹는 듯한 느낌을 줍니다. 이 맛은 특히 어린이들과 손주들에게 인기가 많아 선물용으로도 좋은 제품입니다.,공항이나 주요 관광지 기념품점에서 쉽게 찾아볼 수 있습니다.,1,https://thumbnail.image.rakuten.co.jp/@0_mall/awamori-zizake/cabinet/12026226/4902888233678_01.jpg?_ex=1024x1024,https://hb.afl.rakuten.co.jp/hgc/53033622.7bbb75b6.53033623.c98a76f0/?pc=https%3A%2F%2Fitem.rakuten.co.jp%2Fawamori-zizake%2F4902888233678%2F&m=https%3A%2F%2Fitem.rakuten.co.jp%2Fawamori-zizake%2F4902888233678%2F
PRD_943,시마 토가라시 아와모리 절임 (섬 고추 아와모리 절임),島とうがらし泡盛漬け,히가 주조 (比嘉酒造),REG_022,PRC_01,825,시마 토가라시 아와모리 절임은 코레구스라고 불리는 제품입니다. 이 조미료는 오키나와 지역의 특산품으로 알려져 있습니다. 맛을 더해주는 다양한 요리에 활용할 수 있는 조미료입니다. 제품 하나의 용량은 150그램입니다.,"오키나와 소바, 볶음 요리 등 다양한 음식에 매콤한 맛을 더하고 싶을 때 사용하세요.",1,https://thumbnail.image.rakuten.co.jp/@0_mall/ma-sanichi/cabinet/00287714/kooreegus150x5-s1.jpg?_ex=1024x1024,https://hb.afl.rakuten.co.jp/hgc/g00q7v7n.16t5u4f3.g00q7v7n.16t5va60/?pc=https%3A%2F%2Fitem.rakuten.co.jp%2Fma-sanichi%2F10001542%2F&m=http%3A%2F%2Fm.rakuten.co.jp%2Fma-sanichi%2Fi%2F10001542%2F&rafcid=wsc_i_is_b93111dd-e085-46a2-a75f-28c1ee5d2de6
PRD_944,유키시오 친스코 (눈꽃소금 친스코),雪塩ちんすこう,난푸도 (南風堂),REG_022,PRC_01,648,"유키시오 친스코는 오키나와 전통 과자 친스코에 미야코지마 눈꽃소금의 짭짤한 이미지를 더한 과자다. 난푸도 상품은 스물네 봉지, 마흔여덟 개 구성으로 나누어 먹기 쉬운 선물용 포장이다. 달콤한 구움과자에 소금 풍미가 더해져 단맛만 강한 과자보다 뒤맛이 깔끔한 것이 특징이다.",일반 친스코보다 짠맛이 더해져 더욱 특별한 맛을 즐길 수 있습니다.,1,https://thumbnail.image.rakuten.co.jp/@0_mall/okiken/cabinet/nanpudo/yukishiochinsuko/y-chinsk48px01.jpg?_ex=1024x1024,https://hb.afl.rakuten.co.jp/hgc/g00pxvjn.16t5ud27.g00pxvjn.16t5v3e9/?pc=https%3A%2F%2Fitem.rakuten.co.jp%2Fokiken%2F10002042%2F&m=http%3A%2F%2Fm.rakuten.co.jp%2Fokiken%2Fi%2F10002042%2F&rafcid=wsc_i_is_b93111dd-e085-46a2-a75f-28c1ee5d2de6
PRD_945,우미 부도 (바다 포도),海ぶどう,후쿠키 신산 (福樹新産),REG_022,PRC_02,1000,"반짝이고 투명하며 선명한 초록색 알갱이가 아름다운 해조류입니다. 입안 가득 퍼지는 오키나와 바다의 향과 함께 톡 터지는 새로운 식감이 매력적이며, 특히 10월부터 5월까지가 가장 맛있는 제철 시기입니다. 수온, 햇빛, 영양분을 유지 관리해야만 크고 윤기 나는 톡 터지는 고품질 해조류가 탄생합니다. 오나 마을 어협에서 수확한 후 공장장이 엄격하게 선별하여 신선함을 더했으며, 냉두부나 샐러드, 혹은 밥 위에 올려 먹는 해초동 등으로 다양하게 즐기실 수 있습니다.","신선하게 드시려면 바로 먹거나, 냉장 보관해야 하며, 소스에 찍어 먹으면 더욱 맛있습니다.",1,https://thumbnail.image.rakuten.co.jp/@0_mall/awamorisyouten/cabinet/umib/um-emp3.jpg?_ex=1024x1024,https://hb.afl.rakuten.co.jp/hgc/53033622.7bbb75b6.53033623.c98a76f0/?pc=https%3A%2F%2Fitem.rakuten.co.jp%2Fawamorisyouten%2Fumibu50%2F&m=https%3A%2F%2Fitem.rakuten.co.jp%2Fawamorisyouten%2Fumibu50%2F
PRD_946,아와모리 (술),泡盛,잔파 (残波),REG_022,PRC_02,1200,전통적인 아와모리의 풍미를 현대인의 취향에 맞춰 가볍고 부드러운 타입으로 완성했습니다. 아와모리 특유의 강한 향을 순화하여 처음 접하는 분들도 부담 없이 즐길 수 있도록 했습니다. 비카주조에서 선보이는 이 제품은 전통과 현대적인 감각이 조화된 술입니다.,"다양한 도수와 숙성 기간의 제품이 있으니, 취향에 맞게 선택하여 스트레이트나 온더락으로 즐겨보세요.",1,https://thumbnail.image.rakuten.co.jp/@0_mall/liquorisland/cabinet/01558547/imgrc0084079016.jpg?_ex=1024x1024,https://hb.afl.rakuten.co.jp/hgc/g00qzhwn.16t5u7c4.g00qzhwn.16t5v601/?pc=https%3A%2F%2Fitem.rakuten.co.jp%2Fliquorisland%2F400208-10%2F&m=http%3A%2F%2Fm.rakuten.co.jp%2Fliquorisland%2Fi%2F10004223%2F&rafcid=wsc_i_is_b93111dd-e085-46a2-a75f-28c1ee5d2de6
PRD_947,오키나와 소바 육수,沖縄そばだし,오키나와 추오 식료품 (沖縄中央食糧),REG_022,PRC_01,450,"오키나와 소바 육수는 현지에서 오래 사랑받아 온 오키나와 소바의 국물 맛을 내기 위한 농축 조미료다. 끓는 물에 약 열다섯 배로 희석해 쓰는 방식이며, 한 병으로 대략 열다섯 끼에서 열여덟 끼 분량의 국물을 만들 수 있다. 소바 국물뿐 아니라 참푸루, 볶음면, 조림, 오뎅, 볶음밥에도 사용할 수 있어 오키나와식 짭짤한 감칠맛을 내기 쉽다.","뜨거운 물에 희석하여 사용하며, 기호에 따라 다양한 토핑을 추가하여 즐길 수 있습니다.",1,https://thumbnail.image.rakuten.co.jp/@0_mall/okinawa-sun-foods/cabinet/00344606/tonkotudasi1800-s1.jpg?_ex=1024x1024,https://hb.afl.rakuten.co.jp/hgc/53033622.7bbb75b6.53033623.c98a76f0/?pc=https%3A%2F%2Fitem.rakuten.co.jp%2Fokinawa-sun-foods%2F10000141%2F&m=https%3A%2F%2Fitem.rakuten.co.jp%2Fokinawa-sun-foods%2F10000141%2F
PRD_948,파인애플 케이크,パイナップルケーキ,나고 파인애플 파크 (名護パイナップルパーク),REG_022,PRC_02,1080,"나고 파인애플 파크의 자랑스러운 자신작, '파인애플 케이크 프리미엄'을 소개합니다. 이 제품은 오키나와산 파인애플의 맛있는 풍미를 가득 응축한 케이크입니다. 파인애플 특유의 상큼하고 달콤한 향과 맛을 느낄 수 있으며, 촉촉한 식감이 특징입니다.","선물용으로 개별 포장된 제품이 많으며, 따뜻한 차와 함께 즐기기 좋습니다.",1,https://thumbnail.image.rakuten.co.jp/@0_mall/okinawa-takarajima/cabinet/food/confectionery/pineapple-cake-06-01.jpg?_ex=1024x1024,https://hb.afl.rakuten.co.jp/hgc/g00quvfn.16t5uf19.g00quvfn.16t5v3d9/?pc=https%3A%2F%2Fitem.rakuten.co.jp%2Fokinawa-takarajima%2F0607079%2F&m=http%3A%2F%2Fm.rakuten.co.jp%2Fokinawa-takarajima%2Fi%2F10005338%2F&rafcid=wsc_i_is_b93111dd-e085-46a2-a75f-28c1ee5d2de6
PRD_949,별모래 스트랩,星の砂ストラップ,유이무시 (ゆいむし),REG_022,PRC_01,400,"졸업을 축하하며 행복을 전하는 의미를 담은 별모래 스트랩입니다. 이 스트랩은 소중한 추억과 함께 행운의 기운을 전달해 줄 것입니다. 졸업 시즌 선물이나 기념품으로 활용하기 좋으며, 10개 세트로 구성되어 있습니다. 제품은 분홍색과 파란색 등 다양한 색상으로 만나보실 수 있습니다.",다양한 색상과 디자인의 스트랩이 있으니 마음에 드는 것을 선택해 기념품으로 간직하세요.,1,https://dzwpvqehwr7zl.cloudfront.net/omios/products/generated/_review/PRD_949/PRD_949_packshot_v1.png,https://item.rakuten.co.jp/okinawa-shop/hoshisuna-strap-001/
PRD_950,빈가타 염색 손수건,紅型染めハンカチ,류큐 빈가타 사업 협동조합 (琉球びんがた事業協同組合),REG_022,PRC_02,1500,빈가타 염색 손수건은 류큐 빈가타풍 무늬를 프린트한 면 손수건이다. 오십 센티미터 정사각형의 면 백 퍼센트 소재로 만들어져 도시락 보자기처럼 감싸거나 작은 장식천처럼 걸어둘 수 있다. 세탁기 세탁이 가능해 기념품이면서도 일상에서 쓰기 쉬운 오키나와풍 생활 잡화다.,"손수건 외에도 지갑, 파우치 등 다양한 빈가타 염색 제품이 있습니다.",1,https://thumbnail.image.rakuten.co.jp/@0_mall/machigiya/cabinet/022/nkcon-2613.jpg?_ex=1024x1024,https://hb.afl.rakuten.co.jp/hgc/g00pvgxn.16t5u433.g00pvgxn.16t5veae/?pc=https%3A%2F%2Fitem.rakuten.co.jp%2Fmachigiya%2Fnkcon-2613%2F&m=http%3A%2F%2Fm.rakuten.co.jp%2Fmachigiya%2Fi%2F10010445%2F&rafcid=wsc_i_is_b93111dd-e085-46a2-a75f-28c1ee5d2de6
PRD_951,쿠스 아와모리 (숙성 아와모리),クースー (古酒),즈이센 주조 (瑞泉酒造),REG_022,PRC_04,3000,"오랜 시간 숙성된 깊고 풍부한 맛이 특징인 프리미엄 아와모리입니다. 엄선된 고숙주를 사용하여 오랜 기간 공들여 만들어졌으며, 전문 주조 장인의 독창적인 블렌딩 기술로 탄생했습니다. 숙성 과정을 거치며 더욱 깊어진 풍미가 돋보이는 제품으로, 그 뛰어난 품질을 인정받아 여러 수상 경력에 빛납니다. 부드러우면서도 복합적인 맛이 조화롭게 어우러져 특별한 경험을 선사할 것입니다.","특별한 선물용으로 좋으며, 시간이 지날수록 맛과 향이 더욱 풍부해집니다.",1,https://thumbnail.image.rakuten.co.jp/@0_mall/izumise/cabinet/rakuten53/125347_500.jpg?_ex=1024x1024,https://hb.afl.rakuten.co.jp/hgc/g00thx8n.16t5u2d2.g00thx8n.16t5v0cd/?pc=https%3A%2F%2Fitem.rakuten.co.jp%2Fizumise%2F125347%2F&m=http%3A%2F%2Fm.rakuten.co.jp%2Fizumise%2Fi%2F10007384%2F&rafcid=wsc_i_is_b93111dd-e085-46a2-a75f-28c1ee5d2de6
PRD_952,미미가 (돼지 귀 절임),ミミガー,오키나와 햄 (沖縄ハム),REG_022,PRC_01,350,미미가는 돼지 귀를 얇게 썰어 양념한 오키나와식 반찬입니다. 오독오독한 식감이 특징이며 식초나 매운 양념과 잘 어울립니다. 술안주나 작은 반찬으로 먹기 좋은 지역 식문화 상품입니다.,"술안주로 인기가 많으며, 씹는 맛이 독특하고 고소합니다.",1,https://thumbnail.image.rakuten.co.jp/@0_mall/okinawa-awamori/cabinet/04367433/06582199/imgrc0070478898.jpg?_ex=1024x1024,https://hb.afl.rakuten.co.jp/hgc/g00s399n.16t5u5e3.g00s399n.16t5vf68/?pc=https%3A%2F%2Fitem.rakuten.co.jp%2Fokinawa-awamori%2Fjyouontiragasyouyu-1ko%2F&m=http%3A%2F%2Fm.rakuten.co.jp%2Fokinawa-awamori%2Fi%2F10001838%2F&rafcid=wsc_i_is_b93111dd-e085-46a2-a75f-28c1ee5d2de6
PRD_953,미야코지마 마모루군 굿즈 (열쇠고리),宮古島まもる君グッズ (キーホルダー),미야코지마 관광 협회 (宮古島観光協会),REG_022,PRC_01,600,미야코지마 마모루군 열쇠고리는 미야코지마 도로변에서 볼 수 있는 경찰관 입상 캐릭터를 소품화한 상품입니다. 지역 안전 상징으로 알려진 독특한 인물을 작은 장식으로 담았습니다. 섬 여행의 소소한 이야기를 기억하기 좋은 캐릭터 기념품입니다.,다양한 디자인과 크기의 마모루군 굿즈가 있으니 수집해 보는 재미도 있습니다.,1,https://dzwpvqehwr7zl.cloudfront.net/omios/products/generated/_review/PRD_953/PRD_953_packshot_v1.png,https://item.rakuten.co.jp/ryukyu-shop/10001097/
PRD_954,겟토 화장품 (겟토 페이셜 오일),月桃コスメ (月桃フェイシャルオイル),알피니아 (アルピニア),REG_022,PRC_04,3850,"겟토 페이셜 오일은 월도 성분을 앞세운 보습용 스킨케어 오일입니다. 올리브 스쿠알란을 바탕으로 바오밥 오일과 아르간 오일 등 여러 식물성 오일을 블렌딩한 페이스 오일로 소개됩니다. 피부에 윤기와 보습감을 더하는 데 초점을 둔 제품이며, 월도 계열 화장품 라인에서 오일 케어용으로 쓰기 좋은 상품입니다.","피부 진정과 보습에 좋다고 알려져 있어, 천연 화장품을 선호하는 분께 추천합니다.",1,https://dzwpvqehwr7zl.cloudfront.net/omios/products/generated/_review/PRD_954/PRD_954_packshot_v1.png,https://www.alpinia-okinawa.com/shopdetail/000000000012/
PRD_955,고야 참푸루 소스,ゴーヤチャンプルーの素,마루다이 식품 (丸大食品),REG_022,PRC_01,200,"고야 참푸루 소스는 오키나와식 고야 볶음을 집에서 만들기 위한 액상 조미료다. 가쓰오와 다시마 국물에 돼지고기의 감칠맛을 더해 고야의 쌉싸름한 맛과 잘 어울리도록 설계되었다. 간장, 미림, 식초, 향신료가 들어간 짭짤한 맛이라 두부와 달걀, 돼지고기를 넣은 참푸루에 바로 쓰기 좋다.","고야, 두부, 돼지고기, 달걀 등을 넣어 현지의 맛을 재현해 보세요.",1,https://thumbnail.image.rakuten.co.jp/@0_mall/sumiten/cabinet/01674122/08005011/2222222.jpg?_ex=1024x1024,https://hb.afl.rakuten.co.jp/hgc/g00prqrn.16t5u9aa.g00prqrn.16t5v9ab/?pc=https%3A%2F%2Fitem.rakuten.co.jp%2Fsumiten%2F10002919m4%2F&m=http%3A%2F%2Fm.rakuten.co.jp%2Fsumiten%2Fi%2F10047774%2F&rafcid=wsc_i_is_b93111dd-e085-46a2-a75f-28c1ee5d2de6
PRD_956,시쿠와사 원액,シークヮーサー原液,JA 오키나와 (JAおきなわ),REG_022,PRC_02,1000,시쿠와사 원액은 오키나와산 시쿠와사를 백 퍼센트 사용한 산미 강한 과즙 상품이다. 무농약으로 기른 시쿠와사를 그대로 짜낸 원액이라 상큼한 향과 또렷한 신맛이 특징이다. 탄산수나 술에 섞어 마시거나 고기와 생선 요리에 곁들이면 산뜻한 풍미를 더할 수 있다.,"물에 희석하여 음료로 마시거나, 요리의 드레싱이나 소스로 활용할 수 있습니다.",1,https://thumbnail.image.rakuten.co.jp/@0_mall/umaimon-hunter/cabinet/maker_list/06744181/imgrc0084311643.jpg?_ex=1024x1024,https://hb.afl.rakuten.co.jp/hgc/53033622.7bbb75b6.53033623.c98a76f0/?pc=https%3A%2F%2Fitem.rakuten.co.jp%2Fumaimon-hunter%2Fntbs-ybskw-0205-nm-003%2F&m=https%3A%2F%2Fitem.rakuten.co.jp%2Fumaimon-hunter%2Fntbs-ybskw-0205-nm-003%2F
PRD_957,오키나와 카리유시 웨어 (남성용 셔츠),沖縄かりゆしウェア (メンズシャツ),마제스틱 오키나와 (MAJUN Okinawa),REG_022,PRC_06,8800,"오키나와 카리유시 웨어는 오키나와판 알로하 셔츠로 불리는 남성용 셔츠입니다. 이 제품은 월도 모티브가 들어간 트로피컬 페인트 디자인과 박스 실루엣을 적용해 편안하고 활동적인 느낌을 줍니다. 적당한 기장과 유니섹스에 가까운 스타일링이 가능해, 리조트웨어나 오키나와 기념 의류로 활용하기 좋습니다.",여름철 캐주얼 복장이나 휴가지 패션 아이템으로 활용하기 좋습니다.,1,https://thumbnail.image.rakuten.co.jp/@0_mall/majun/cabinet/item2504/fvm07223h_rakuten.jpg?_ex=1024x1024,https://hb.afl.rakuten.co.jp/hgc/g00s177n.16t5ue15.g00s177n.16t5v2bc/?pc=https%3A%2F%2Fitem.rakuten.co.jp%2Fmajun%2Ffvm07223h%2F&m=http%3A%2F%2Fm.rakuten.co.jp%2Fmajun%2Fi%2F10002667%2F&rafcid=wsc_i_is_b93111dd-e085-46a2-a75f-28c1ee5d2de6
PRD_958,오키나와 기념 티셔츠,Tシャツ (沖縄限定デザイン),하부박스 (HABUBOX),REG_022,PRC_03,2800,"오키나와에서만 만날 수 있는 기념 티셔츠입니다. 이 제품은 오리온 맥주를 테마로 디자인되었으며, 시원하게 차가운 오리온 맥주가 가득 쌓인 쿨러 박스 모양을 형상화했습니다. 소재는 면 100%이며, 반팔 스타일로 제작되었습니다. 전체적인 색상은 부드러운 느낌의 샌드 베이지 컬러입니다.","유명 관광지나 기념품점에서 다양한 디자인을 찾아볼 수 있으며, 여행의 추억을 간직하기 좋습니다.",1,https://thumbnail.image.rakuten.co.jp/@0_mall/orionbeer/cabinet/basic/310035.jpg?_ex=1024x1024,https://hb.afl.rakuten.co.jp/hgc/53033622.7bbb75b6.53033623.c98a76f0/?pc=https%3A%2F%2Fitem.rakuten.co.jp%2Forionbeer%2F310035%2F&m=https%3A%2F%2Fitem.rakuten.co.jp%2Forionbeer%2F310035%2F
PRD_959,타코라이스 라면,タコライスラーメン,이츠키 식품 (いつき食品),REG_022,PRC_01,300,타코라이스 라면은 오키나와식 타코라이스의 매콤하고 고소한 풍미를 라면으로 변주한 제품입니다. 토마토와 고기 양념을 떠올리게 하는 맛이 면과 어울려 색다른 간편식이 됩니다. 밥 요리로 유명한 지역 명물을 국수 형태로 즐기는 상품입니다.,"오키나와 슈퍼마켓에서 찾아볼 수 있으며, 특색 있는 맛을 찾는 분께 추천합니다.",1,https://thumbnail.image.rakuten.co.jp/@0_mall/fujikocyan/cabinet/12947400/imgrc0126483753.jpg?_ex=1024x1024,https://hb.afl.rakuten.co.jp/hgc/53033622.7bbb75b6.53033623.c98a76f0/?pc=https%3A%2F%2Fitem.rakuten.co.jp%2Ffujikocyan%2F20260316-001b%2F&m=https%3A%2F%2Fitem.rakuten.co.jp%2Ffujikocyan%2F20260316-001b%2F
PRD_960,츠보야야키 도자기 (찻잔),壺屋焼 (湯呑み),이쿠토엔 (育陶園),REG_022,PRC_04,3000,"츠보야야키 찻잔은 나하 츠보야 지역의 전통 도자기 흐름을 담은 생활 식기입니다. 두툼한 질감과 따뜻한 색감, 손맛이 느껴지는 표면이 특징입니다. 차를 마시는 용도뿐 아니라 오키나와 민예의 분위기를 보여주는 작은 그릇으로 쓰기 좋습니다.","생활용품으로도 많이 사용되며, 츠보야 도자기 마을을 방문하여 다양한 작품을 감상할 수 있습니다.",1,https://thumbnail.image.rakuten.co.jp/@0_mall/galleria645/cabinet/imgrc0078283293.jpg?_ex=1024x1024,https://hb.afl.rakuten.co.jp/hgc/g00qqrin.16t5u339.g00qqrin.16t5ved7/?pc=https%3A%2F%2Fitem.rakuten.co.jp%2Fgalleria645%2F087012%2F&m=http%3A%2F%2Fm.rakuten.co.jp%2Fgalleria645%2Fi%2F10002571%2F&rafcid=wsc_i_is_b93111dd-e085-46a2-a75f-28c1ee5d2de6
PRD_961,시마 락교 (섬 락교 절임),島らっきょう,류큐샵 (琉球ショップ),REG_022,PRC_01,500,시마 락교 절임은 오키나와에서 즐겨 먹는 작은 락교를 아삭하게 절인 반찬입니다. 매운 향과 산뜻한 맛이 있어 기름진 음식이나 술안주와 잘 어울립니다. 섬 채소의 개성을 간단히 맛볼 수 있는 지역 식품입니다.,"오키나와 술집에서 안주로 인기가 많으며, 튀김으로 먹어도 맛있습니다.",1,https://thumbnail.image.rakuten.co.jp/@0_mall/edoya13/cabinet/goq001/1338_1.jpg?_ex=1024x1024,https://hb.afl.rakuten.co.jp/hgc/53033622.7bbb75b6.53033623.c98a76f0/?pc=https%3A%2F%2Fitem.rakuten.co.jp%2Fedoya13%2Frakkyo_2%2F&m=https%3A%2F%2Fitem.rakuten.co.jp%2Fedoya13%2Frakkyo_2%2F
PRD_962,지마미 두부 (땅콩 두부),ジーマミー豆腐,아사히 (あさひ),REG_022,PRC_01,300,"지마미 두부는 땅콩을 넉넉히 사용해 만드는 오키나와 명물 두부식 디저트 겸 반찬이다. 류노쓰키 구성은 기본맛, 검은깨맛, 흑당맛 세 가지를 한 번에 맛볼 수 있는 봉지형 세트로 소개된다. 쫀득하고 매끄러운 식감과 땅콩의 진한 고소함이 특징이며, 기본맛과 검은깨맛에는 별도 소스를 곁들여 먹는다.","달콤한 간장 소스를 곁들여 먹으며, 냉장 보관해야 합니다.",1,https://thumbnail.image.rakuten.co.jp/@0_mall/okinawa-chulaharberlu/cabinet/04865955/05361014/imgrc0107477007.jpg?_ex=1024x1024,https://hb.afl.rakuten.co.jp/hgc/g00sbnqn.16t5u55f.g00sbnqn.16t5va61/?pc=https%3A%2F%2Fitem.rakuten.co.jp%2Fokinawa-chulaharberlu%2Fko-jmt-%2F&m=http%3A%2F%2Fm.rakuten.co.jp%2Fokinawa-chulaharberlu%2Fi%2F10002233%2F&rafcid=wsc_i_is_b93111dd-e085-46a2-a75f-28c1ee5d2de6
PRD_963,우콘차 (울금차),うこん茶,오키나와 건강 (沖縄健康),REG_022,PRC_01,800,"우콘차는 울금을 볶아 마시기 편하게 만든 오키나와 건강차 상품이다. 삼십 포 구성으로, 오키나와의 햇살과 자연 소재를 살린 건강식품군에 속한다. 볶은 울금 특유의 구수한 향이 있어 술자리가 잦은 사람을 위한 차로도 소개된다.",숙취 해소나 건강 증진을 위해 즐겨 마십니다.,1,https://thumbnail.image.rakuten.co.jp/@0_mall/okiken/cabinet/oki-ukonhanbai/ukoncha/ukonchax01.jpg?_ex=1024x1024,https://hb.afl.rakuten.co.jp/hgc/53033622.7bbb75b6.53033623.c98a76f0/?pc=https%3A%2F%2Fitem.rakuten.co.jp%2Fokiken%2Foki-ukon_ukonchax01%2F&m=https%3A%2F%2Fitem.rakuten.co.jp%2Fokiken%2Foki-ukon_ukonchax01%2F
PRD_964,오키나와 한정 루루룬 페이스 마스크 (시쿠와사 향),沖縄限定ルルルンパック (シークヮーサーの香り),루루룬 (ルルルン),REG_022,PRC_02,1650,"오키나와 한정 루루룬 페이스 마스크는 시쿠와사 향을 담은 지역 한정 스킨케어 상품이다. 한 봉지에 일곱 장이 들어 있고, 다섯 봉지 묶음으로 구성되어 여행 선물로 나누기 쉽다. 산뜻한 감귤 계열 향을 앞세운 마스크팩이라 오키나와 기념품과 실사용 화장품의 성격을 함께 가진다.","오키나와의 드럭스토어나 기념품점에서 구매할 수 있으며, 선물용으로 좋습니다.",1,https://dzwpvqehwr7zl.cloudfront.net/omios/products/generated/_review/PRD_964/PRD_964_packshot_v1.png,https://lululun.com/travel/okinawa/
PRD_965,소금 친스코,塩ちんすこう,류큐 쇼칸 (琉球商館),REG_022,PRC_01,540,"류큐 쇼칸의 소금 친스코는 오키나와를 대표하는 기념품으로 알려져 있습니다. 이 제품은 류큐 마을 공동 매장 등에서 제공되고 있으며, 맛있는 간식거리로 인기가 높습니다. 한 세트에는 총 10개의 봉지가 담겨 있어, 각 봉지마다 2개씩, 총 20개의 친스코를 즐길 수 있습니다. 오키나와 여행의 추억을 담아 선물하기 좋은 제품입니다.",일반 친스코와 비교하여 새로운 맛을 느껴보고 싶을 때 좋습니다.,1,https://thumbnail.image.rakuten.co.jp/@0_mall/okiken/cabinet/nanpudo/yukishiochinsuko/y-chinsk48px01.jpg?_ex=1024x1024,https://hb.afl.rakuten.co.jp/hgc/53033622.7bbb75b6.53033623.c98a76f0/?pc=https%3A%2F%2Fitem.rakuten.co.jp%2Fokiken%2F10002042%2F&m=https%3A%2F%2Fitem.rakuten.co.jp%2Fokiken%2F10002042%2F
PRD_966,산호 비누,サンゴ石鹸,류큐 데이카이간 (琉球泥灰岩),REG_022,PRC_02,1320,"산호 비누는 오키나와산 산호 분말을 배합한 세안용 비누입니다. 오키나와의 바다 이미지를 담은 지역 화장품으로, 산호 성분을 활용해 깨끗하고 산뜻한 세안을 앞세운 상품입니다. 고운 거품으로 얼굴을 씻는 용도에 맞춘 제품이라 여행 기념품이나 오키나와 소재 코스메틱을 찾는 사람에게 어울립니다.","부드러운 거품과 은은한 향이 특징이며, 선물용으로도 인기가 많습니다.",1,https://thumbnail.image.rakuten.co.jp/@0_mall/aimere/cabinet/10963870/imgrc0133816974.jpg?_ex=1024x1024,https://hb.afl.rakuten.co.jp/hgc/g00q5inn.16t5u33d.g00q5inn.16t5v82d/?pc=https%3A%2F%2Fitem.rakuten.co.jp%2Faimere%2Fs0880002%2F&m=http%3A%2F%2Fm.rakuten.co.jp%2Faimere%2Fi%2F10023729%2F&rafcid=wsc_i_is_b93111dd-e085-46a2-a75f-28c1ee5d2de6
PRD_967,섬 바나나 칩스,島バナナチップス,류큐 서브니어 (琉球survenir),REG_022,PRC_01,600,섬 바나나 칩스는 오키나와산 섬 바나나를 얇게 잘라 바삭하게 만든 과자입니다. 일반 바나나보다 향이 진한 과일 이미지를 살려 달콤하고 고소한 간식으로 즐깁니다. 가볍게 들고 다니기 좋은 열대 과일 기념품입니다.,"바나나 본연의 달콤함과 고소함을 즐길 수 있으며, 가볍게 즐기기 좋습니다.",1,https://thumbnail.image.rakuten.co.jp/@0_mall/bimishunka/cabinet/13057306/ibuki-iriko-banana1.jpg?_ex=1024x1024,https://hb.afl.rakuten.co.jp/hgc/53033622.7bbb75b6.53033623.c98a76f0/?pc=https%3A%2F%2Fitem.rakuten.co.jp%2Fbimishunka%2Fibuki-iriko-banana-100g%2F&m=https%3A%2F%2Fitem.rakuten.co.jp%2Fbimishunka%2Fibuki-iriko-banana-100g%2F
PRD_968,블루실 아이스크림 (컵),ブルーシールアイスクリーム (カップ),블루실 (ブルーシール),REG_022,PRC_01,300,"블루실에서 선보이는 아이스크림 컵 제품입니다. 이 상품은 바닐라 맛으로 제공되며, 현재 대표 상품으로 소개되고 있습니다. 부드러운 식감의 아이스크림을 컵 형태로 즐길 수 있어 간편하게 디저트로 즐기기 좋습니다.",공항이나 슈퍼마켓에서 개별 포장된 컵 아이스크림을 구매하여 오키나와의 맛을 집에서도 즐길 수 있습니다.,1,https://dzwpvqehwr7zl.cloudfront.net/omios/products/generated/_review/PRD_968/PRD_968_packshot_v1.png,https://www.blueseal.co.jp/products/cup/
PRD_969,이시가키 소금,石垣の塩,이시가키의 소금 (石垣の塩),REG_022,PRC_01,600,"오션 컴퍼니에서 선보이는 이시가키 소금입니다. 180그램 용량으로 구성되어 있으며, 이름처럼 이시가키 지역의 특색을 담은 소금입니다. 간편하게 사용할 수 있는 크기로 준비되었으며, 다양한 요리에 활용하기 좋습니다.","요리의 풍미를 더해주는 고급 식재료로, 선물용으로도 좋습니다.",1,https://thumbnail.image.rakuten.co.jp/@0_mall/kenko-batake/cabinet/07507515/07507520/imgrc0085316511.jpg?_ex=1024x1024,https://hb.afl.rakuten.co.jp/hgc/g00tog9n.16t5uee3.g00tog9n.16t5v5e4/?pc=https%3A%2F%2Fitem.rakuten.co.jp%2Fkenko-batake%2Figso-isgks-0500-nm-005%2F&m=http%3A%2F%2Fm.rakuten.co.jp%2Fkenko-batake%2Fi%2F10001725%2F&rafcid=wsc_i_is_b93111dd-e085-46a2-a75f-28c1ee5d2de6
PRD_970,오키나와 한정 킷캣 (베니이모 맛),沖縄限定キットカット (紅いも味),네슬레 (ネスレ),REG_022,PRC_01,900,"오키나와 한정 베니이모 맛 킷캣은 오키나와 특산 고구마 풍미를 살린 초콜릿 과자다. 한 상자에 열 개가 들어 있는 구성으로, 개별 과자를 나누기 쉬운 지역 한정 기념품 성격이 강하다. 익숙한 웨이퍼 초콜릿 식감에 베니이모의 부드러운 단맛을 더해 오키나와 과자 선물로 선택하기 좋다.",공항이나 주요 관광지 기념품점에서 쉽게 찾아볼 수 있습니다.,1,https://dzwpvqehwr7zl.cloudfront.net/omios/products/generated/_review/PRD_970/PRD_970_packshot_v1.png,https://shop.nestle.jp/kitkat/omiyage/b_area.php?area=okinawa
PRD_971,하부슈 (뱀술),ハブ酒,난조 주조 (南都酒造所),REG_022,PRC_03,2000,"류큐의 술인 하부슈는 아와모리를 베이스로 하며, 하부 추출물과 13가지 허브 추출물을 배합한 것이 특징입니다. 과일과 다양한 허브를 풍부하게 함유하여 브랜디를 연상시키는 향과 맛을 자랑합니다. 이러한 독특한 매력 덕분에 하부슈 입문용 술로 많은 사랑을 받고 있습니다.",작은 병이나 미니어처 형태로 구매하여 이색적인 기념품으로 간직할 수 있습니다.,1,https://thumbnail.image.rakuten.co.jp/@0_mall/marusanstore/cabinet/awamori/184809/n184809-6.jpg?_ex=1024x1024,https://hb.afl.rakuten.co.jp/hgc/g00t9zhn.16t5u6e7.g00t9zhn.16t5v9d8/?pc=https%3A%2F%2Fitem.rakuten.co.jp%2Fmarusanstore%2F184809-6a%2F&m=http%3A%2F%2Fm.rakuten.co.jp%2Fmarusanstore%2Fi%2F10000501%2F&rafcid=wsc_i_is_b93111dd-e085-46a2-a75f-28c1ee5d2de6
PRD_972,시마조리 (섬 샌들),島ぞうり,류큐샵 (琉球ショップ),REG_022,PRC_02,1000,시마조리는 오키나와에서 일상적으로 신는 가벼운 고무 샌들입니다. 발에 부담이 적고 물가나 해변에서도 쓰기 편한 실용성이 특징입니다. 색상과 무늬 선택 폭이 넓어 섬 생활의 분위기를 담은 생활 기념품으로 인기가 있습니다.,"직접 조리 위에 디자인을 새겨 넣는 체험도 가능하며, 다양한 색상과 크기가 있습니다.",1,https://thumbnail.image.rakuten.co.jp/@0_mall/kahoo-shop/cabinet/shimazouri/2026shimazouri-008.jpg?_ex=1024x1024,https://hb.afl.rakuten.co.jp/hgc/53033622.7bbb75b6.53033623.c98a76f0/?pc=https%3A%2F%2Fitem.rakuten.co.jp%2Fkahoo-shop%2F10000002%2F&m=https%3A%2F%2Fitem.rakuten.co.jp%2Fkahoo-shop%2F10000002%2F
PRD_973,류큐 칠기 (젓가락),琉球漆器 (箸),류큐 칠기 사업 협동조합 (琉球漆器事業協同組合),REG_022,PRC_03,2500,"다양한 디자인의 젓가락을 선보이는 류큐 칠기 제품입니다. 코케시 모양의 젓가락과 함께, 오도우 당초 문양이 새겨진 나무 소재의 젓가락도 즐길 수 있습니다. 류큐 특유의 아름다운 칠기와 목재를 활용하여 제작된 상품들입니다.","젓가락, 컵 등 실용적인 제품부터 장식품까지 다양하며, 고급 선물로 좋습니다.",1,https://thumbnail.image.rakuten.co.jp/@0_mall/shikisaido/cabinet/12824286/2002140000474-re1.jpg?_ex=1024x1024,https://hb.afl.rakuten.co.jp/hgc/g00temkn.16t5ua8a.g00temkn.16t5v2ca/?pc=https%3A%2F%2Fitem.rakuten.co.jp%2Fshikisaido%2F2002140000474%2F&m=http%3A%2F%2Fm.rakuten.co.jp%2Fshikisaido%2Fi%2F10003494%2F&rafcid=wsc_i_is_b93111dd-e085-46a2-a75f-28c1ee5d2de6
PRD_974,오키나와 한정 미피 인형,沖縄限定ミッフィーぬいぐるみ,가와이야상 (かわいいやさん),REG_022,PRC_03,2000,오키나와 한정 미피 인형은 인기 캐릭터에 시사나 남국풍 복장 같은 오키나와 요소를 더한 봉제 상품입니다. 귀여운 캐릭터와 지역 상징이 결합되어 수집용 굿즈의 성격이 강합니다. 작은 인형 형태라 여행 기념으로 보관하거나 선물하기 좋습니다.,공항이나 유명 관광지 기념품점에서 다양한 한정판 캐릭터 상품을 찾아볼 수 있습니다.,1,https://dzwpvqehwr7zl.cloudfront.net/omios/products/generated/_review/PRD_974/PRD_974_packshot_v1.png,https://item.rakuten.co.jp/kawaiiyasan/miffy_okinawa/
PRD_975,야치문 (오키나와 도자기) (접시),やちむん (皿),요기미 산고 (よぎみサンゴ),REG_022,PRC_04,3500,"야치문은 '구운 물건'이라는 뜻을 가진 오키나와 지역의 인기 도자기입니다. 오랜 역사를 지닌 이 야치문은 그 독특한 매력 덕분에 많은 사랑을 받고 있습니다. 전문적인 장인들이 제작하는 작품으로, 미야기 쇼이치로, 카수 이쿠미, 쿠노바 하지메, 후쿠다 켄지, 오리오 아야 등 다양한 도예가들의 손길을 거쳐 탄생합니다. 각 작가들은 자신만의 개성을 담아 야치문 특유의 아름다운 작품들을 선보이고 있습니다.",츠보야 도자기 마을 등에서 직접 장인들의 작품을 보고 구매할 수 있습니다.,1,https://thumbnail.image.rakuten.co.jp/@0_mall/shikisaido/cabinet/biiino/item/main-image-4/20250322182509_1.jpg?_ex=1024x1024,https://hb.afl.rakuten.co.jp/hgc/g00temkn.16t5ua8a.g00temkn.16t5v2ca/?pc=https%3A%2F%2Fitem.rakuten.co.jp%2Fshikisaido%2F2300009017008%2F&m=http%3A%2F%2Fm.rakuten.co.jp%2Fshikisaido%2Fi%2F10003581%2F&rafcid=wsc_i_is_b93111dd-e085-46a2-a75f-28c1ee5d2de6
PRD_976,유키시오 (눈꽃소금),雪塩,파라다이스 플래닛 (パラダイスプラン),REG_022,PRC_01,600,"눈꽃소금은 요리용으로 활용하기 좋으며, 주방이나 식탁에 비치해두면 언제든 특별한 맛의 식사를 쉽게 즐길 수 있습니다. 일반 눈꽃소금처럼 재료 본연의 깊은 맛을 더욱 돋보이게 해주는 것이 특징입니다. 파우더 형태의 눈꽃소금에 소량의 물을 가하여 압력을 가하는 방식으로 '눈꽃소금 알갱이(과립 타입)'를 만들었습니다. 눈꽃을 연상시키는 흰색 디자인 패키지는 어떤 주방이나 식탁에도 자연스럽게 어울리며, 파우더 타입을 리필하여 사용할 수 있습니다.","요리나 식탁용으로 사용하며, 다양한 유키시오 관련 과자류도 함께 구매할 수 있습니다.",1,https://thumbnail.image.rakuten.co.jp/@0_mall/oosakanozakkaya/cabinet/amayahoo/07557467/2295-001899.jpg?_ex=1024x1024,https://hb.afl.rakuten.co.jp/hgc/g00totjn.16t5u46e.g00totjn.16t5vf6c/?pc=https%3A%2F%2Fitem.rakuten.co.jp%2Foosakanozakkaya%2F2295-001899%2F&m=http%3A%2F%2Fm.rakuten.co.jp%2Foosakanozakkaya%2Fi%2F10001430%2F&rafcid=wsc_i_is_b93111dd-e085-46a2-a75f-28c1ee5d2de6
PRD_977,미야코지마 망고잼,宮古島マンゴージャム,미야코지마 파루 상점 (宮古島ぱる商店),REG_022,PRC_02,1000,미야코지마 망고잼은 미야코지마산 망고의 향과 단맛을 살린 과일 잼입니다. 빵이나 요구르트에 곁들이면 진한 열대 과일 풍미가 더해집니다. 섬에서 자란 망고 이미지를 일상 식탁으로 옮긴 기념 식품입니다.,"빵이나 요거트에 곁들이거나, 선물용으로 좋습니다.",1,https://thumbnail.image.rakuten.co.jp/@0_mall/okinawaselection/cabinet/shohin/bin/renewal/imgrc0093894647.jpg?_ex=1024x1024,https://hb.afl.rakuten.co.jp/hgc/53033622.7bbb75b6.53033623.c98a76f0/?pc=https%3A%2F%2Fitem.rakuten.co.jp%2Fokinawaselection%2F24-b22-0022%2F&m=https%3A%2F%2Fitem.rakuten.co.jp%2Fokinawaselection%2F24-b22-0022%2F
PRD_978,친스코 쇼콜라,ちんすこうショコラ,패션 (ファッションキャンディ),REG_022,PRC_02,1150,"사삭하게 구워낸 전통 과자인 친스쿠를 사용했습니다. 다크 초콜릿, 밀크 초콜릿, 에콰도르산 다크 초코로 코팅되었습니다. 프리미엄 쇼콜라가 포함된 다양한 맛의 아소트 제품입니다. 총 12개의 개별 포장으로 구성되어 있습니다.","바삭한 친스코와 부드러운 초콜릿의 조화가 일품이며, 선물용으로 매우 인기가 많습니다.",1,https://thumbnail.image.rakuten.co.jp/@0_mall/oki-toku-r/cabinet/item12/306695.jpg?_ex=1024x1024,https://hb.afl.rakuten.co.jp/hgc/g00qr16n.16t5u03c.g00qr16n.16t5vec2/?pc=https%3A%2F%2Fitem.rakuten.co.jp%2Foki-toku-r%2F306695%2F&m=http%3A%2F%2Fm.rakuten.co.jp%2Foki-toku-r%2Fi%2F10020167%2F&rafcid=wsc_i_is_b93111dd-e085-46a2-a75f-28c1ee5d2de6
PRD_979,모즈쿠 (오키나와 해초) (초절임),もずく (酢漬け),오키나와 마루신 (沖縄まるしん),REG_022,PRC_01,500,오키나와 모즈쿠 초절임은 오키나와 바다에서 나는 해초를 새콤하게 먹는 반찬입니다. 미끈하면서도 탄력 있는 식감과 가벼운 산미가 특징입니다. 더운 지역의 식탁에서 입맛을 돋우는 해산물 가공품입니다.,"초절임 형태로 판매되어 바로 먹을 수 있으며, 된장국이나 튀김으로도 활용됩니다.",1,https://thumbnail.image.rakuten.co.jp/@0_mall/awamori-zizake/cabinet/12116592/4582108726120_hako01.jpg?_ex=1024x1024,https://hb.afl.rakuten.co.jp/hgc/53033622.7bbb75b6.53033623.c98a76f0/?pc=https%3A%2F%2Fitem.rakuten.co.jp%2Fawamori-zizake%2F4582108726120%2F&m=https%3A%2F%2Fitem.rakuten.co.jp%2Fawamori-zizake%2F4582108726120%2F
PRD_980,베니이모 파이,紅芋パイ,오카시고텐 (御菓子御殿),REG_022,PRC_02,1134,베니이모 파이는 오키나와 대표 고구마 베니이모를 파이 과자로 즐기는 상품이다. 구성은 여섯 개입과 열두 개입이 있어 여행 선물이나 간식용으로 고르기 쉽다. 붉은 고구마 계열의 부드러운 단맛을 파이의 바삭한 식감과 함께 느낄 수 있는 오키나와식 과자다.,"베니이모 타르트와 함께 오카시고텐의 대표 상품이며, 따뜻하게 데워 먹어도 맛있습니다.",1,https://thumbnail.image.rakuten.co.jp/@0_mall/shinobiya/cabinet/mameshiba/tmame-bc-gotouti-1.jpg?_ex=1024x1024,https://hb.afl.rakuten.co.jp/hgc/53033622.7bbb75b6.53033623.c98a76f0/?pc=https%3A%2F%2Fitem.rakuten.co.jp%2Fshinobiya%2Ftmame-bc-34%2F&m=https%3A%2F%2Fitem.rakuten.co.jp%2Fshinobiya%2Ftmame-bc-34%2F
PRD_981,류큐 카스리 (명함 지갑),琉球絣 (名刺入れ),류큐 카스리 사업 협동조합 (琉球絣事業協同組合),REG_022,PRC_05,4000,"류큐 카스리 명함 지갑은 오키나와 전통 직물 류큐 카스리를 작은 카드 지갑형 소품으로 만든 상품이다. 류큐 카스리 상품군에는 전통 직물의 무늬를 살린 생활 소품들이 포함되어 있어, 직물 문양을 일상적으로 들고 다닐 수 있다. 명함이나 카드를 보관하는 실용성과 류큐 직물 기념품의 의미를 함께 지닌다.","지갑, 파우치, 넥타이 등 다양한 액세서리 형태로 구매할 수 있습니다.",1,https://thumbnail.image.rakuten.co.jp/@0_mall/kimono-hondaya/cabinet/09981139/imgrc0083417099.jpg?_ex=1024x1024,https://hb.afl.rakuten.co.jp/hgc/53033622.7bbb75b6.53033623.c98a76f0/?pc=https%3A%2F%2Fitem.rakuten.co.jp%2Fkimono-hondaya%2F8-3-6%2F&m=https%3A%2F%2Fitem.rakuten.co.jp%2Fkimono-hondaya%2F8-3-6%2F
PRD_982,간가라 계곡 티셔츠,ガンガラーの谷Tシャツ,간가라 계곡 (ガンガラーの谷),REG_022,PRC_03,2800,"간가라 계곡 티셔츠는 오키나와 간가라 계곡을 모티브로 한 의류 기념품이다. 간가라 계곡은 수십만 년 전 석회동굴이 무너져 형성된 태고의 계곡으로, 약 이만 년 전 인류의 생활 흔적을 조사하는 유적지로도 소개된다. 자연과 고고학적 이야기가 강한 장소를 티셔츠 디자인으로 남기는 여행 굿즈다.","간가라 계곡 방문 기념으로 구매하기 좋으며, 특별한 추억을 간직할 수 있습니다.",1,https://dzwpvqehwr7zl.cloudfront.net/omios/products/generated/_review/PRD_982/PRD_982_packshot_v1.png,https://gangala.com/goods/
PRD_983,류큐 허브 소금,琉球ハーブソルト,류큐 허브 & 솔트 (琉球ハーブ＆ソルト),REG_022,PRC_01,800,"류큐 허브 소금은 오키나와의 소금에 허브 향을 더한 조미료입니다. 생선, 고기, 채소에 뿌리면 짠맛과 향긋함이 함께 올라와 간단한 요리의 맛을 살립니다. 류큐 지역의 해양 이미지와 향신료 감각을 담은 생활 식품입니다.",고기 요리나 샐러드에 뿌려 특별한 풍미를 더할 수 있습니다.,1,https://thumbnail.image.rakuten.co.jp/@0_mall/shizen-kizuna/cabinet/imgrc0149239004.jpg?_ex=1024x1024,https://hb.afl.rakuten.co.jp/hgc/53033622.7bbb75b6.53033623.c98a76f0/?pc=https%3A%2F%2Fitem.rakuten.co.jp%2Fshizen-kizuna%2F14tplisigaki158%2F&m=https%3A%2F%2Fitem.rakuten.co.jp%2Fshizen-kizuna%2F14tplisigaki158%2F
PRD_984,산호 커피,サンゴコーヒー,35COFFEE (サンゴコーヒー),REG_022,PRC_02,1200,"산호 커피는 브라질, 콜롬비아, 인도네시아산 원두에 프랑스산 치커리 로스트를 블렌드한 오키나와 커피 상품이다. 치커리 로스트는 커피와 비슷한 구수한 향과 색을 내며, 식이섬유 이눌린과 미네랄 성분을 지닌 재료로 소개된다. 산호 볼을 넣은 로스팅 방식은 오키나와의 풍화 산호를 활용하기 때문에 현지성을 강하게 드러낸다. 산미를 낮추고 은은한 쓴맛, 부드러운 향, 옅은 단맛을 살린 블렌드다.","오키나와 한정 제품으로, 환경 보호에 동참하는 의미도 있어 특별한 선물로 좋습니다.",1,https://thumbnail.image.rakuten.co.jp/@0_mall/ken-oki/cabinet/c3/35coffee-iland-t-s1.jpg?_ex=1024x1024,https://hb.afl.rakuten.co.jp/hgc/g00py8vn.16t5ube8.g00py8vn.16t5va6c/?pc=https%3A%2F%2Fitem.rakuten.co.jp%2Fken-oki%2F5823%2F&m=http%3A%2F%2Fm.rakuten.co.jp%2Fken-oki%2Fi%2F10002464%2F&rafcid=wsc_i_is_b93111dd-e085-46a2-a75f-28c1ee5d2de6
PRD_985,미니 시사 장식품,シーサー置物ミニ,류큐샵 (琉球ショップ),REG_022,PRC_01,800,미니 시사 장식품은 오키나와 수호 상징인 시사를 작은 크기로 만든 인테리어 소품입니다. 익살스러운 얼굴과 도자기 같은 질감이 특징이라 책상이나 현관에 놓기 좋습니다. 크기가 작아 여러 개를 모으거나 여행 선물로 나누기 편합니다.,다양한 색상과 표정의 시사들이 있으니 여러 개를 모아 장식해 보세요.,1,https://thumbnail.image.rakuten.co.jp/@0_mall/kubagasaya/cabinet/hana/hana-003.jpg?_ex=1024x1024,https://hb.afl.rakuten.co.jp/hgc/53033622.7bbb75b6.53033623.c98a76f0/?pc=https%3A%2F%2Fitem.rakuten.co.jp%2Fkubagasaya%2Fshisa_27%2F&m=https%3A%2F%2Fitem.rakuten.co.jp%2Fkubagasaya%2Fshisa_27%2F
PRD_986,시로이 코이비토 (하얀 연인),白い恋人,이시야(石屋製菓),REG_023,PRC_02,1500,"향긋하게 구워낸 바삭한 라랑드샤쿠키 쿠키 사이에 '시로이 코이비토'를 위해 특별히 블렌딩된 오리지널 초콜릿을 채워 넣은 과자입니다. 이 제품은 홋카이도와 일본에서 사랑받는 기념품으로, 오랜 시간 동안 그 맛을 지켜왔습니다. 재료의 상태부터 반죽, 구움 온도까지 세심한 점검을 게을리하지 않으며 45년 이상 변함없는 맛을 유지하고 있습니다.",다양한 크기(9개입~54개입)가 있으므로 선물할 인원에 맞춰 구매하는 것이 좋습니다.,1,https://thumbnail.image.rakuten.co.jp/@0_mall/946kitchen/cabinet/05495331/11752907/imgrc0138783919.jpg?_ex=1024x1024,https://hb.afl.rakuten.co.jp/hgc/g00qmn4n.16t5ue4b.g00qmn4n.16t5v8de/?pc=https%3A%2F%2Fitem.rakuten.co.jp%2F946kitchen%2F10000059%2F&m=http%3A%2F%2Fm.rakuten.co.jp%2F946kitchen%2Fi%2F10000059%2F&rafcid=wsc_i_is_b93111dd-e085-46a2-a75f-28c1ee5d2de6
PRD_987,마르세이 버터  샌드,マルセイバターサンド,롯카테이(六花亭),REG_023,PRC_02,1300,"로카테이 전용 밀가루를 사용해 만든 비스킷에 크림을 채운 오랜 인기 상품입니다. 이 제품의 크림은 화이트 초콜릿과 홋카이도산 생유 100% 버터, 그리고 미국 캘리포니아산 레이즈언을 조합하여 만들었습니다. 풍부한 재료들이 어우러져 깊고 부드러운 맛을 자랑합니다.",유통기한이 짧은 편이니 귀국 직전에 구매하고 냉장 보관하는 것이 좋습니다.,1,https://thumbnail.image.rakuten.co.jp/@0_mall/hokkaido-omiyage/cabinet/rokka/marusei_bs5p.jpg?_ex=1024x1024,https://hb.afl.rakuten.co.jp/hgc/g00pm4tn.16t5uf55.g00pm4tn.16t5vab0/?pc=https%3A%2F%2Fitem.rakuten.co.jp%2Fhokkaido-omiyage%2F369162%2F&m=http%3A%2F%2Fm.rakuten.co.jp%2Fhokkaido-omiyage%2Fi%2F10001915%2F&rafcid=wsc_i_is_b93111dd-e085-46a2-a75f-28c1ee5d2de6
PRD_988,자가 포쿠루,じゃがポックル,칼비(カルビー),REG_023,PRC_01,900,자가 포쿠루는 칼비가 홋카이도 감자를 길쭉한 스틱 형태로 튀겨 만든 인기 스낵입니다. 오호츠크 바닷물 소금을 사용한 짭짤한 맛과 감자의 고소함이 특징입니다. 바삭하지만 감자 속의 포슬한 식감도 남아 홋카이도 대표 기념 과자로 널리 알려져 있습니다.,기념품점에서 품절되는 경우가 많으니 보이는 즉시 구매하는 것을 추천합니다.,1,https://thumbnail.image.rakuten.co.jp/@0_mall/kumazasahonpo/cabinet/00963676/01777142/imgrc0074680844.jpg?_ex=1024x1024,https://hb.afl.rakuten.co.jp/hgc/g00q2lnn.16t5udd4.g00q2lnn.16t5ve99/?pc=https%3A%2F%2Fitem.rakuten.co.jp%2Fkumazasahonpo%2F10002317%2F&m=http%3A%2F%2Fm.rakuten.co.jp%2Fkumazasahonpo%2Fi%2F10002317%2F&rafcid=wsc_i_is_b93111dd-e085-46a2-a75f-28c1ee5d2de6
PRD_989,삿포로 오카키 오! 야키토키비 (구운 옥수수 맛),札幌おかき Oh! 焼とうきび,요시미(YOSHIMI),REG_023,PRC_02,1000,"오카키는 국내산 찹쌀을 기본으로 하여 옥수수를 풍부하게 반죽해 사각거리는 식감과 깊은 맛을 자랑합니다. 특히 야키토키비 특유의 풍미를 살리기 위해 간장의 고소한 향을 강조했습니다. 이 오카키는 가볍게 즐길 수 있는 식감으로, 먹을 때마다 삿포로의 풍경이 떠오르는 듯한 경험을 선사합니다.",짭짤하고 고소한 맛으로 맥주 안주로도 인기가 많으니 함께 구매해보세요.,1,https://thumbnail.image.rakuten.co.jp/@0_mall/tidoriya/cabinet/yoshimi/ohyakitoukibi/imgrc0078805019.jpg?_ex=1024x1024,https://hb.afl.rakuten.co.jp/hgc/g00tcr3n.16t5u1c6.g00tcr3n.16t5v452/?pc=https%3A%2F%2Fitem.rakuten.co.jp%2Ftidoriya%2F4901037246569%2F&m=http%3A%2F%2Fm.rakuten.co.jp%2Ftidoriya%2Fi%2F10009216%2F&rafcid=wsc_i_is_b93111dd-e085-46a2-a75f-28c1ee5d2de6
PRD_990,호리 유바리 멜론 퓨어 젤리,ホリ 夕張メロンピュアゼリー,호리(HORI),REG_023,PRC_02,1800,"호리에서 선보이는 유바리 멜론 퓨어 젤리는 특별한 탄생 비화와 역사를 지닌 제품입니다. 신선하고 달콤한 유바리 멜론의 풍미를 담아낸 순수 젤리로, 기간 한정으로 즐길 수 있는 인기 상품입니다. 작은 사이즈로도 즐길 수 있도록 '쁘띠 골드'나 '쁘띠 캐리' 등 다양한 구성이 구성되어 있어 선물용이나 간식으로 좋습니다.",시원하게 냉장고에 넣어 먹으면 더욱 맛있게 즐길 수 있습니다.,1,https://thumbnail.image.rakuten.co.jp/@0_mall/946kitchen/cabinet/05495331/11752907/syouhintoroku10/imgrc0143557047.jpg?_ex=1024x1024,https://hb.afl.rakuten.co.jp/hgc/g00qmn4n.16t5ue4b.g00qmn4n.16t5v8de/?pc=https%3A%2F%2Fitem.rakuten.co.jp%2F946kitchen%2F10000343%2F&m=http%3A%2F%2Fm.rakuten.co.jp%2F946kitchen%2Fi%2F10000299%2F&rafcid=wsc_i_is_b93111dd-e085-46a2-a75f-28c1ee5d2de6
PRD_991,르타오 더블 프로마쥬,ルタオ ドゥーブルフロマージュ,르타오(LeTAO),REG_023,PRC_03,2000,"르타오의 대표 상품으로, '르타오 하면 더블 프로마쥬'라고 불릴 만큼 상징적인 제품입니다. 이 치즈케이크는 베이크드 치즈와 레어 치즈가 층을 이루고 있어 독특한 매력을 자랑합니다. 두 가지 질감의 치즈가 입안에서 하나로 어우러지며 부드럽게 녹아내리는 것이 특징입니다.","냉동 상태로 판매되며, 해동 후 바로 먹거나 냉장고에서 서서히 해동하여 즐기세요.",1,https://thumbnail.image.rakuten.co.jp/@0_mall/letao/cabinet/item/f011/13236362/f011_summer.jpg?_ex=1024x1024,https://hb.afl.rakuten.co.jp/hgc/g00rjikn.16t5ub7e.g00rjikn.16t5v42a/?pc=https%3A%2F%2Fitem.rakuten.co.jp%2Fletao%2Ff011%2F&m=http%3A%2F%2Fm.rakuten.co.jp%2Fletao%2Fi%2F10000092%2F&rafcid=wsc_i_is_b93111dd-e085-46a2-a75f-28c1ee5d2de6
PRD_992,삿포로 클래식 맥주,サッポロクラシック,삿포로 맥주(サッポロビール),REG_023,PRC_01,300,삿포로 클래식은 홋카이도에서만 만날 수 있는 한정판 맥주입니다. 홋카이도 현지에서도 큰 인기를 자랑하는 제품으로 알려져 있습니다. 많은 사람들은 이 맥주를 가장 맛있는 브랜드 중 하나라고 생각할 만큼 높은 평가를 받고 있습니다.,"캔맥주 외에 병맥주, 그리고 삿포로 비어 가든에서만 맛볼 수 있는 생맥주도 경험해보세요.",1,https://thumbnail.image.rakuten.co.jp/@0_mall/hokkaidouselectshop/cabinet/beer/10500427/imgrc0099053291.jpg?_ex=1024x1024,https://hb.afl.rakuten.co.jp/hgc/g00uhstn.16t5u461.g00uhstn.16t5v2ba/?pc=https%3A%2F%2Fitem.rakuten.co.jp%2Fhokkaidouselectshop%2Fsapporo-classic-gift2%2F&m=http%3A%2F%2Fm.rakuten.co.jp%2Fhokkaidouselectshop%2Fi%2F10000179%2F&rafcid=wsc_i_is_b93111dd-e085-46a2-a75f-28c1ee5d2de6
PRD_993,키노토야 갓 구운 치즈 타르트,きのとや焼きたてチーズタルト,키노토야(きのとや),REG_023,PRC_02,1200,키노토야 공방에서 갓 구워낸 '갓 구운 치즈 타르트'입니다. 정성껏 구워내어 고소하고 바삭한 식감이 특징인 타르트를 맛볼 수 있습니다. 이 제품은 주로 홋카이도산 크림치즈를 사용하여 특별히 블렌딩한 치즈 무스 필링을 채웠습니다. 키노토야의 자랑거리인 깊고 풍부한 맛을 경험할 수 있는 디저트입니다.,"갓 구운 상태로 따뜻하게 즐기거나, 냉장 보관하여 차갑게 즐겨도 좋습니다.",1,https://dzwpvqehwr7zl.cloudfront.net/omios/products/generated/_review/PRD_993/PRD_993_packshot_v1.png,https://www.coupang.com/vp/products/8558150240
PRD_994,산포로쿠 (나무 장작 케이크),三方六,류게츠(柳月),REG_023,PRC_01,850,"백나무의 나무껍질을 밀크 초콜릿과 화이트 초콜릿으로 섬세하게 표현한 케이크입니다. 독자적인 제조법으로 깊은 감칠맛을 가득 담아내어 '촉촉한 바움쿠헨'의 최고봉이라는 평판을 받고 있습니다. 오랜 시간 사랑받아 온 스테디셀러 상품이며, 유명인들 사이에서도 인기가 많아 꾸준히 많은 분들이 찾는 인기 제품입니다.","오리지널 외에도 메이플, 초콜릿 등 다양한 맛이 있으니 여러 종류를 시도해보세요.",1,https://thumbnail.image.rakuten.co.jp/@0_mall/hokkaido-omiyage/cabinet/rgt/rgt001_pac01.jpg?_ex=1024x1024,https://hb.afl.rakuten.co.jp/hgc/g00pm4tn.16t5uf55.g00pm4tn.16t5vab0/?pc=https%3A%2F%2Fitem.rakuten.co.jp%2Fhokkaido-omiyage%2Frgt001%2F&m=http%3A%2F%2Fm.rakuten.co.jp%2Fhokkaido-omiyage%2Fi%2F10005272%2F&rafcid=wsc_i_is_b93111dd-e085-46a2-a75f-28c1ee5d2de6
PRD_995,삿포로 타임즈 스퀘어,札幌タイムズスクエア,카기츠도(菓か舎),REG_023,PRC_02,1100,삿포로의 인기 간식인 '사포로 타임즈 스퀘어'는 사각거리는 식감이 매력적인 지역 한정 상품입니다. 이 제품은 두 가지 맛을 즐길 수 있습니다. 첫 번째는 부드러운 커스터드 크림과 폭신한 스펀지 케이크가 어우러진 '플레인' 맛입니다. 다른 하나는 커스터드 크림과 규슈산 작은 팥을 사용해 만든 수제 앙금을 감싼 '아즈키' 맛입니다. 이처럼 두 가지 풍미를 모두 경험할 수 있는 디저트 간식입니다.,미니 사이즈도 있어 부담 없이 여러 맛을 골라 선물하기 좋습니다.,1,https://thumbnail.image.rakuten.co.jp/@0_mall/tidoriya/cabinet/kakasha/imgrc0079618930.jpg?_ex=1024x1024,https://hb.afl.rakuten.co.jp/hgc/g00tcr3n.16t5u1c6.g00tcr3n.16t5v452/?pc=https%3A%2F%2Fitem.rakuten.co.jp%2Ftidoriya%2F4973240380439%2F&m=http%3A%2F%2Fm.rakuten.co.jp%2Ftidoriya%2Fi%2F10000193%2F&rafcid=wsc_i_is_b93111dd-e085-46a2-a75f-28c1ee5d2de6
PRD_996,하스컵 주얼리,ハスカップジュエリー,모리모토(もりもと),REG_023,PRC_02,1600,"모리모토를 대표하는 스위츠인 하스컵 주얼리는 '북쪽의 작은 케이크'라는 별명으로 불립니다. 주변을 감싸는 초콜릿 위에 부드러운 단맛의 화이트 초콜릿이 코팅되어 있습니다. 이 제품은 신선하게 수확한 맛을 담아낸 '하스컵 주얼리 누보'와 일반 하스컵 주얼리를 함께 즐길 수 있어 더욱 풍부한 맛을 느낄 수 있습니다. 부드러운 버터크림과 초콜릿이 녹지 않도록 냉장 보관하며, 하스컵 주얼리와 화이트 버전의 선물 세트도 구성되어 있습니다.","하스컵은 새콤달콤한 맛이 특징이며, 선물용으로 고급스러운 포장이 인기입니다.",1,https://thumbnail.image.rakuten.co.jp/@0_mall/e-omiyage/cabinet/20th_anniversary/990004745.jpg?_ex=1024x1024,https://hb.afl.rakuten.co.jp/hgc/g00q0lin.16t5u5f7.g00q0lin.16t5v4ab/?pc=https%3A%2F%2Fitem.rakuten.co.jp%2Fe-omiyage%2F990004745%2F&m=http%3A%2F%2Fm.rakuten.co.jp%2Fe-omiyage%2Fi%2F10187859%2F&rafcid=wsc_i_is_b93111dd-e085-46a2-a75f-28c1ee5d2de6
PRD_997,삿포로 라멘 (인스턴트 라멘 세트),札幌ラーメン (インスタントラーメンセット),스미레(すみれ) 등 유명 라멘점,REG_023,PRC_03,2500,"홋카이도의 인기 라멘점 맛을 모아 담은 인스턴트 라멘 세트입니다. 총 9가지 종류의 다양한 맛을 경험할 수 있습니다. 본 상품에는 밀, 메밀, 계란, 우유, 땅콩, 새우, 게, 호두 등 알레르기 유발 물질이 포함되어 있으니 참고해 주세요.",여러 브랜드의 라멘을 맛볼 수 있는 종합 세트를 구매하여 비교해보는 것을 추천합니다.,1,https://thumbnail.image.rakuten.co.jp/@0_mall/kitanomori/cabinet/00076799/2025sumire6.jpg?_ex=1024x1024,https://hb.afl.rakuten.co.jp/hgc/g00spx4n.16t5u463.g00spx4n.16t5vd3a/?pc=https%3A%2F%2Fitem.rakuten.co.jp%2Fhokkaimaru%2F03-020%2F&m=http%3A%2F%2Fm.rakuten.co.jp%2Fhokkaimaru%2Fi%2F10000329%2F&rafcid=wsc_i_is_b93111dd-e085-46a2-a75f-28c1ee5d2de6
PRD_998,홋카이도 치즈 타르트,北海道チーズタルト,다양한 제과점,REG_023,PRC_02,1500,홋카이도 치즈 타르트는 바삭한 타르트지 안에 홋카이도산 크림치즈를 활용한 치즈 무스를 넣은 디저트입니다. 한 번 구운 타르트지에 치즈 충전물을 더해 다시 굽는 방식이라 겉은 바삭하고 속은 부드럽습니다. 차갑게 먹어도 좋고 살짝 데우면 갓 구운 듯한 치즈 향이 살아납니다.,개별 포장된 미니 타르트는 간편하게 선물하기에 좋습니다.,1,https://thumbnail.image.rakuten.co.jp/@0_mall/tidoriya/cabinet/kinotoya/cheesetaruto/cheesetartnew001.jpg?_ex=1024x1024,https://hb.afl.rakuten.co.jp/hgc/g00tcr3n.16t5u1c6.g00tcr3n.16t5v452/?pc=https%3A%2F%2Fitem.rakuten.co.jp%2Ftidoriya%2F4562149941348%2F&m=http%3A%2F%2Fm.rakuten.co.jp%2Ftidoriya%2Fi%2F10002570%2F&rafcid=wsc_i_is_b93111dd-e085-46a2-a75f-28c1ee5d2de6
PRD_999,건조 가리비 관자,乾燥ホタテ貝柱,특정 브랜드 없음,REG_023,PRC_04,3000,건조 가리비 관자는 홋카이도 오호츠크 해역의 가리비 관자를 말려 감칠맛을 농축한 해산물입니다. 씹을수록 진한 단맛과 바다 향이 올라와 술안주나 국물 재료로 쓰기 좋습니다. 보관성이 좋아 홋카이도 수산물 기념품으로 많이 다루어지는 상품입니다.,"술안주나 육수를 내는 재료로 활용할 수 있으며, 선물용으로 인기가 많습니다.",1,https://thumbnail.image.rakuten.co.jp/@0_gold/toseibusiness/img/HL/HTTL1.jpg?_ex=1024x1024,https://hb.afl.rakuten.co.jp/hgc/g00s2a1n.16t5uca7.g00s2a1n.16t5v99d/?pc=https%3A%2F%2Fitem.rakuten.co.jp%2Ftoseibusiness%2Ftshhtt_mail%2F&m=http%3A%2F%2Fm.rakuten.co.jp%2Ftoseibusiness%2Fi%2F10001660%2F&rafcid=wsc_i_is_b93111dd-e085-46a2-a75f-28c1ee5d2de6
PRD_1000,수프 카레 레토르트 팩,スープカレーレトルトパック,"다양한 전문점 (e.g. GARAKU, Suage)",REG_023,PRC_02,1000,"홋카이도 삿포로에서 줄을 서서 찾는 매우 인기 있는 수프 카레 전문점에서 정성껏 만든 레토르트 제품입니다. 이 제품은 수프 카레와 일식 다시가 조화롭게 어우러진 '가라쿠이즘'이라는 특별한 맛의 조합을 자랑합니다. 총 300그램 용량으로, 깊고 진한 풍미를 느낄 수 있는 가라쿠 삿포로 수프 카레 치킨을 집에서 간편하게 즐길 수 있습니다.","닭고기, 돼지고기, 채소 등 다양한 종류가 있으니 취향에 맞춰 선택하세요.",1,https://dzwpvqehwr7zl.cloudfront.net/omios/products/generated/_review/PRD_1000/PRD_1000_packshot_v1.png,https://community.spotify.com/t5/Accounts/Login-Account/td-p/5623913
PRD_1001,홋카이도 우유 사탕,北海道牛乳飴,다양한 제과점,REG_023,PRC_01,600,"홋카이도 우유 사탕은 홋카이도 도요토미초산 생크림을 사용해 진한 우유 맛을 낸 캔디다. 설탕, 물엿, 생크림, 분유, 가당연유가 들어가 부드럽고 농후한 단맛을 만든다. 한 알씩 먹기 쉬운 사탕 형태라 우유 풍미가 강한 홋카이도식 간식으로 어울린다.",휴대하기 편리하고 남녀노소 누구나 좋아하는 무난한 기념품입니다.,1,https://thumbnail.image.rakuten.co.jp/@0_mall/mediafan/cabinet/point/img001/img003/point0276-2_1.jpg?_ex=1024x1024,https://hb.afl.rakuten.co.jp/hgc/g00rwmtn.16t5u506.g00rwmtn.16t5v567/?pc=https%3A%2F%2Fitem.rakuten.co.jp%2Fmediafan%2Fpoint0276-2%2F&m=http%3A%2F%2Fm.rakuten.co.jp%2Fmediafan%2Fi%2F10008047%2F&rafcid=wsc_i_is_b93111dd-e085-46a2-a75f-28c1ee5d2de6
PRD_1002,로이즈 생 초콜릿,ロイズ 生チョコレート,로이즈(ROYCE'),REG_023,PRC_01,900,"로이즈 생 초콜릿은 부드러움과 실크처럼 매끄럽게 녹아내리는 입안의 느낌이 특징입니다. 대표작인 오레는 엄선된 밀크 초콜릿과 하카타산 생크림을 사용하여 자극적이지 않으면서도 정통적인 맛을 완성했습니다. 로이즈 생초콜릿은 일반 규정보다 높은 수분량을 자랑하며, 오레 외에도 아이라 위스키나 포테이토칩 초콜릿 등 다양한 라인업으로 즐길 수 있습니다. 시간이 지나도 많은 사람들에게 '역시 로이즈'라는 인상을 남기는 맛입니다.","다양한 맛(오레, 말차, 샴페인 등)이 있으니 여러 종류를 시도해보세요.",1,https://thumbnail.image.rakuten.co.jp/@0_mall/946kitchen/cabinet/06334385/syouhinngaszou/imgrc0095115943.jpg?_ex=1024x1024,https://hb.afl.rakuten.co.jp/hgc/g00qmn4n.16t5ue4b.g00qmn4n.16t5v8de/?pc=https%3A%2F%2Fitem.rakuten.co.jp%2F946kitchen%2F10000053%2F&m=http%3A%2F%2Fm.rakuten.co.jp%2F946kitchen%2Fi%2F10000053%2F&rafcid=wsc_i_is_b93111dd-e085-46a2-a75f-28c1ee5d2de6
PRD_1003,홋카이도 베이크드 치즈 케이크,北海道ベイクドチーズケーキ,푸딩혼포(プリン本舗) 등,REG_023,PRC_02,1700,홋카이도 베이크드 치즈 케이크는 홋카이도산 크림치즈와 히다카 마스카포네 등 여러 치즈를 블렌딩해 만든 디저트입니다. 독자적인 방식으로 구워 촉촉하면서도 깊고 진한 치즈 풍미를 살린 것이 특징입니다. 냉동 상태로 보관했다가 해동해 먹는 케이크라 부드럽고 상큼한 맛을 간편하게 즐길 수 있습니다.,"냉장 보관 시 더욱 풍부한 맛을 즐길 수 있으며, 개별 포장된 제품도 있습니다.",1,https://thumbnail.image.rakuten.co.jp/@0_mall/tabiichiba/cabinet/sh/sh23/s1480017.jpg?_ex=1024x1024,https://hb.afl.rakuten.co.jp/hgc/g00qhkcn.16t5u051.g00qhkcn.16t5va57/?pc=https%3A%2F%2Fitem.rakuten.co.jp%2Ftabiichiba%2Fs1480017%2F&m=http%3A%2F%2Fm.rakuten.co.jp%2Ftabiichiba%2Fi%2F10072637%2F&rafcid=wsc_i_is_b93111dd-e085-46a2-a75f-28c1ee5d2de6
PRD_1004,홋카이도 감자칩 (현지 브랜드),北海道ポテトチップス,후쿠야마(ふく山) 등,REG_023,PRC_01,500,홋카이도 감자칩은 국산 감자를 쌀기름으로 튀겨 만든 포테이토칩입니다. 오호츠크 소금으로 간을 맞춰 감자의 고소함과 바다 소금의 깔끔한 짠맛이 함께 납니다. 거칠게 자른 두께감 있는 식감이 살아 있어 홋카이도 감자 과자의 존재감이 뚜렷합니다.,"소금 맛 외에도 버터, 치즈 등 홋카이도 특색을 살린 맛도 있습니다.",1,https://thumbnail.image.rakuten.co.jp/@0_mall/kitanomori/cabinet/00099507/2023imotatomamezirou.jpg?_ex=1024x1024,https://hb.afl.rakuten.co.jp/hgc/53033622.7bbb75b6.53033623.c98a76f0/?pc=https%3A%2F%2Fitem.rakuten.co.jp%2Fkitanomori%2F5793-00004%2F&m=https%3A%2F%2Fitem.rakuten.co.jp%2Fkitanomori%2F5793-00004%2F
PRD_1005,홋카이도 꿀,北海道はちみつ,홋카이도 하치미츠 혼포(北海道はちみつ本舗) 등,REG_023,PRC_03,2000,"홋카이도 백화밀은 홋카이도의 자연에서 온 특별한 꿀입니다. 이 제품은 오직 홋카이도산 재료로만 만들어진 순수 꿀 100%를 담고 있습니다. 특히 향이 뛰어나다는 특징을 가지고 있어, 깊고 풍부한 아로마가 느껴집니다.","홋카이도 지역 특유의 꽃(아카시아, 라벤더 등) 꿀을 선택하여 구매해보세요.",1,https://thumbnail.image.rakuten.co.jp/@0_mall/hokkaido-okada/cabinet/08608703/blendy-hati1p-1.jpg?_ex=1024x1024,https://hb.afl.rakuten.co.jp/hgc/g00ssubn.16t5u537.g00ssubn.16t5vf3a/?pc=https%3A%2F%2Fitem.rakuten.co.jp%2Fhokkaido-okada%2Fblendy-hatimitu1p%2F&m=http%3A%2F%2Fm.rakuten.co.jp%2Fhokkaido-okada%2Fi%2F10003504%2F&rafcid=wsc_i_is_b93111dd-e085-46a2-a75f-28c1ee5d2de6
PRD_1006,홋카이도 지자케 (국정주),北海道地酒 (国稀酒造),쿠니마레 주조(国稀酒造),REG_023,PRC_03,2500,최북의 위치에 자리 잡은 사케 양조장입니다. 이 제품은 홋카이도 마스케초 지역에서 생산되었습니다. 특별준마이주라는 이름으로 제공되는 일본 전통 주류입니다. 한 병당 용량은 1800밀리리터로 구성되어 있습니다.,홋카이도 북부 루모이 지역에 위치한 가장 오래된 양조장인 쿠니마레의 사케를 추천합니다.,1,https://thumbnail.image.rakuten.co.jp/@0_mall/hokkaidouselectshop/cabinet/tanpin/kunimare.jpg?_ex=1024x1024,https://hb.afl.rakuten.co.jp/hgc/g00uhstn.16t5u461.g00uhstn.16t5v2ba/?pc=https%3A%2F%2Fitem.rakuten.co.jp%2Fhokkaidouselectshop%2Fkunimare-hk%2F&m=http%3A%2F%2Fm.rakuten.co.jp%2Fhokkaidouselectshop%2Fi%2F10000026%2F&rafcid=wsc_i_is_b93111dd-e085-46a2-a75f-28c1ee5d2de6
PRD_1007,홋카이도 와인,北海道ワイン,홋카이도 와인(北海道ワイン) 등,REG_023,PRC_03,2800,"홋카이도 와인에서 선보이는 오타루 나이아가라 화이트는 식용 포도 품종인 '나이아가라'를 사용한 화이트 와인입니다. 이 와인은 나이아가라 특유의 화려하고 아름다운 향을 자랑합니다. 입안 가득 퍼지는 주스 같은 느낌과 풍부한 과일 맛이 특징이며, 마실수록 상큼하고 달콤한 풍미가 느껴집니다.","나이아가라, 켐벨 아리 같은 홋카이도 특유의 품종 와인을 시음해보세요.",1,https://thumbnail.image.rakuten.co.jp/@0_mall/tochikame/cabinet/item/1003000413.jpg?_ex=1024x1024,https://hb.afl.rakuten.co.jp/hgc/g00qqk2n.16t5ufcc.g00qqk2n.16t5v675/?pc=https%3A%2F%2Fitem.rakuten.co.jp%2Ftochikame%2F1003000413%2F&m=http%3A%2F%2Fm.rakuten.co.jp%2Ftochikame%2Fi%2F10003300%2F&rafcid=wsc_i_is_b93111dd-e085-46a2-a75f-28c1ee5d2de6
PRD_1008,요시미 콘 초콜릿,YOSHIMI とうきびチョコ,요시미(YOSHIMI),REG_023,PRC_01,800,"고소하게 구운 고구마의 풍미와 은은한 짠맛이 특징인 초콜릿 과자입니다. 이 제품은 고구마 초콜릿을 바삭한 식감의 라앙드샤 사이에 끼워 만든 '로스팅 고구마 초콜릿 샌드' 형태로 탄생했습니다. 라앙드샤가 속재료를 감싸면서도, 고구마 초콜릿 본연의 맛을 그대로 즐길 수 있습니다. 전반적으로 풍미와 단맛이 조화로운 부드러운 맛의 초콜릿 과자입니다.",한입 크기로 개별 포장되어 있어 나눠 먹기 편리합니다.,1,https://thumbnail.image.rakuten.co.jp/@0_mall/senka-land/cabinet/06879932/06879934/imgrc0146176495.jpg?_ex=1024x1024,https://hb.afl.rakuten.co.jp/hgc/g00tcrdn.16t5ueb3.g00tcrdn.16t5vfa7/?pc=https%3A%2F%2Fitem.rakuten.co.jp%2Fsenka-land%2F4977240004494%2F&m=http%3A%2F%2Fm.rakuten.co.jp%2Fsenka-land%2Fi%2F10000120%2F&rafcid=wsc_i_is_b93111dd-e085-46a2-a75f-28c1ee5d2de6
PRD_1009,홋카이도 성게 알 페이스트,北海道雲丹(うに)ペースト,마루신(マルシン) 등,REG_023,PRC_04,3500,"성게 알을 주재료로 하여 만든 페이스트입니다. 다시와 간장을 발라 풍미를 더한 것이 특징입니다. 주요 원료로는 우니 페이스트, 일본 기타 재료, 간장, 전분 등이 사용되었습니다. 전문적인 식재료나 상업적인 용도로 활용하기 좋은 제품입니다.",따뜻한 밥에 비벼 먹거나 파스타 소스로 활용하면 홋카이도의 맛을 느낄 수 있습니다.,1,https://dzwpvqehwr7zl.cloudfront.net/omios/products/generated/_review/PRD_1009/PRD_1009_packshot_v1.png,https://www.scribd.com/document/622593196/Keith-Williams-General-navigation
PRD_1010,홋카이도 우유 푸딩,北海道ミルクプリン,푸딩혼포(プリン本舗) 등,REG_023,PRC_01,500,"홋카이도 우유 푸딩은 달콤한 과자류의 디저트입니다. 이 제품을 제공하는 가게는 지하철 북24조역 근처, 타루카와 거리를 따라 자리하고 있습니다. 맛있는 푸딩으로 알려진 이곳에서 즐길 수 있는 상품입니다.",유리병에 담긴 제품은 고급스러운 느낌을 주어 선물용으로도 좋습니다.,1,https://thumbnail.image.rakuten.co.jp/@0_mall/smilespoon/cabinet/81/7246881_1.jpg?_ex=1024x1024,https://hb.afl.rakuten.co.jp/hgc/g00tmwcn.16t5u143.g00tmwcn.16t5v0a9/?pc=https%3A%2F%2Fitem.rakuten.co.jp%2Fsmilespoon%2F7246881%2F&m=http%3A%2F%2Fm.rakuten.co.jp%2Fsmilespoon%2Fi%2F10047161%2F&rafcid=wsc_i_is_b93111dd-e085-46a2-a75f-28c1ee5d2de6
PRD_1011,홋카이도 버터 사탕,北海道バター飴,홋카이도 기념품점,REG_023,PRC_01,400,"홋카이도의 맛을 담은 버터 사탕입니다. 이 제품은 '키타 키친' 시리즈 중 북쪽의 동물들을 테마로 한 상품으로, 홋카이도 특유의 풍미가 느껴지는 것이 특징입니다. 달콤한 버터 향과 함께 추억을 간직할 수 있는 기념품 같은 사탕입니다.",저렴하고 가벼워서 여러 개 사서 부담 없이 주변에 나눠주기 좋습니다.,1,https://thumbnail.image.rakuten.co.jp/@0_mall/takaoka/cabinet/03820086/08360316/4902757261603.jpg?_ex=1024x1024,https://hb.afl.rakuten.co.jp/hgc/g00pscqn.16t5uc9e.g00pscqn.16t5v8e0/?pc=https%3A%2F%2Fitem.rakuten.co.jp%2Ftakaoka%2F4902757261603%2F&m=http%3A%2F%2Fm.rakuten.co.jp%2Ftakaoka%2Fi%2F10063286%2F&rafcid=wsc_i_is_b93111dd-e085-46a2-a75f-28c1ee5d2de6
PRD_1012,삿포로 크래프트 맥주,札幌クラフトビール,"오타루 맥주(小樽ビール), 노스 아일랜드 비어(ノースアイランドビール) 등",REG_023,PRC_01,600,"삿포로 크래프트 맥주는 홋카이도 에베쓰시에서 2003년부터 맥주를 양조해 온 노스 아일랜드 비어 계열 상품입니다. 다섯 가지 레귤러 맥주 외에도 한정 맥주와 계절 한정 맥주를 만들며, 5월부터 6월에는 세션 아이피에이 같은 시즌 상품도 제공됩니다. 홋카이도 지역 양조장의 개성을 담은 크래프트 맥주라 여러 스타일을 비교해 마시기 좋습니다.","다양한 스타일(IPA, Pale Ale, Stout 등)이 있으니 시음 후 취향에 맞는 것을 구매하세요.",1,https://dzwpvqehwr7zl.cloudfront.net/omios/products/generated/_review/PRD_1012/PRD_1012_packshot_v1.png,https://www.sapporo.travel/
PRD_1013,홋카이도 된장,北海道味噌,후쿠야마 쇼유(福山醸造) 등,REG_023,PRC_01,800,"홋카이도 된장은 메이지 이십사년에 창업한 후쿠야마 양조의 도모에 브랜드 된장 상품이다. 홋카이도산 쌀, 대두, 라우스 소금으로 빚어 지역 원료의 성격을 분명하게 살린다. 깊은 단맛과 향, 감칠맛이 퍼지는 고급스러운 맛으로 소개되어 된장국과 조림 요리에 쓰기 좋다.",삿포로 라멘의 깊은 맛을 재현하고 싶다면 홋카이도 된장을 사용해보세요.,1,https://thumbnail.image.rakuten.co.jp/@0_mall/tsutsu-uraura/cabinet/productpic_03/tomoe/tomoe-misokoban-403.jpg?_ex=1024x1024,https://hb.afl.rakuten.co.jp/hgc/g00r7kkn.16t5u9de.g00r7kkn.16t5v244/?pc=https%3A%2F%2Fitem.rakuten.co.jp%2Ftsutsu-uraura%2Ftomoe-misokoban1000-3s%2F&m=http%3A%2F%2Fm.rakuten.co.jp%2Ftsutsu-uraura%2Fi%2F10007263%2F&rafcid=wsc_i_is_b93111dd-e085-46a2-a75f-28c1ee5d2de6
PRD_1014,홋카이도 옥수수차 티백,北海道とうもろこし茶ティーバッグ,특정 브랜드 없음,REG_023,PRC_01,700,"홋카이도 옥수수차 티백은 홋카이도산 옥수수만 사용한 구수한 차 상품이다. 열네 봉지 구성으로 찬물과 뜨거운 물 모두에 우려낼 수 있어 계절에 맞춰 마시기 편하다. 카페인이 없어 부담이 적고, 달큰하면서 고소한 옥수수 향이 부드럽게 나는 것이 특징이다.","카페인이 없어 부담 없이 마실 수 있으며, 따뜻하게 또는 차갑게 즐길 수 있습니다.",1,https://thumbnail.image.rakuten.co.jp/@0_mall/fukutama/cabinet/02019350/12007991/12508769/imgrc0115374630.jpg?_ex=1024x1024,https://hb.afl.rakuten.co.jp/hgc/g00r5r1n.16t5ued9.g00r5r1n.16t5v93f/?pc=https%3A%2F%2Fitem.rakuten.co.jp%2Ffukutama%2Fcorntea%2F&m=http%3A%2F%2Fm.rakuten.co.jp%2Ffukutama%2Fi%2F10000375%2F&rafcid=wsc_i_is_b93111dd-e085-46a2-a75f-28c1ee5d2de6
PRD_1015,삿포로 구루메 푸드 오리지널 즉석 카레,札幌グルメフーズ オリジナルインスタントカレー,삿포로 구루메 푸드(札幌グルメフーズ),REG_023,PRC_01,650,"다양한 맛과 재료를 경험할 수 있는 즉석 카레 제품들이 구성되어 있습니다. 깊고 진한 풍미의 비프 카레는 인기 메뉴로 알려져 있으며, 부드러운 버터 치킨맛을 즐길 수 있는 제품도 있습니다. 또한, 양파와 치즈가 녹아들어 고소함이 더해진 포크 카레 역시 맛있는 선택지입니다.",간편하게 조리할 수 있어 바쁜 일상 속에서도 삿포로의 맛을 즐길 수 있습니다.,1,https://dzwpvqehwr7zl.cloudfront.net/omios/products/generated/_review/PRD_1015/PRD_1015_packshot_v1.png,https://www.sapporo.travel/
PRD_1016,마른 오징어 (아타리메),あたりめ,특정 브랜드 없음,REG_023,PRC_02,1200,"홋카이도 근해에서 잡은 신선한 마른 오징어를 주재료로 사용했습니다. 감칠맛을 그대로 보존하기 위해 껍질째 구운 후 부드럽게 잘라냈습니다. 깊은 풍미를 더하는 비밀 재료로는 홋카이도산 간장과 실제 먹물을 사용했습니다. 이 외에도 다시마, 가다랑어, 표고 등 다양한 육수와 소금, 설탕 등이 어우러져 고소하고 진한 맛을 느낄 수 있습니다.","맥주나 사케 안주로 훌륭하며, 특유의 감칠맛이 일품입니다.",1,https://thumbnail.image.rakuten.co.jp/@0_mall/uosou/cabinet/23502-1k_thm.jpg?_ex=1024x1024,https://hb.afl.rakuten.co.jp/hgc/g00t2r1n.16t5ub00.g00t2r1n.16t5vac9/?pc=https%3A%2F%2Fitem.rakuten.co.jp%2Fuosou%2F23502-1k%2F&m=http%3A%2F%2Fm.rakuten.co.jp%2Fuosou%2Fi%2F10000525%2F&rafcid=wsc_i_is_b93111dd-e085-46a2-a75f-28c1ee5d2de6
PRD_1017,홋카이도 대학 브랜드 쿠키,北海道大学クッキー,홋카이도 대학 협동조합(北海道大学生活協同組合),REG_023,PRC_01,950,홋카이도 대학 브랜드 쿠키는 대학 이름과 이미지를 담은 기념 과자입니다. 캠퍼스 방문이나 삿포로 여행의 추억을 작은 과자 상자에 담는 성격이 강합니다. 가볍게 나누어 먹기 좋은 구성이라 대학 관련 선물로 쓰기 좋습니다.,홋카이도 대학 기념품점에서만 구매할 수 있어 더욱 의미 있는 선물입니다.,1,https://thumbnail.image.rakuten.co.jp/@0_mall/koukyourin/cabinet/sweets/kinotoya01n2025.jpg?_ex=1024x1024,https://hb.afl.rakuten.co.jp/hgc/g00qjqkn.16t5ucfb.g00qjqkn.16t5v304/?pc=https%3A%2F%2Fitem.rakuten.co.jp%2Fkoukyourin%2Fkinotoya01%2F&m=http%3A%2F%2Fm.rakuten.co.jp%2Fkoukyourin%2Fi%2F10000180%2F&rafcid=wsc_i_is_b93111dd-e085-46a2-a75f-28c1ee5d2de6
PRD_1018,목각 곰 인형,木彫りの熊,특정 브랜드 없음,REG_023,PRC_05,4000,"목각 곰 인형은 홋카이도 가미카와초 이자와 민예가 만드는 나무 조각 공예품이다. 무구한 나무를 하나씩 깎아 만들기 때문에 같은 모양이 둘도 없고, 사진과 다른 개체 차이가 생기는 수공예품이다. 아이누 문화의 카무이 사상을 바탕으로 수호와 액막이의 의미를 담아, 장식품이면서 지역 공예 기념품의 성격을 가진다.",크기와 디테일에 따라 가격이 천차만별이므로 다양한 제품을 비교해보세요.,1,https://thumbnail.image.rakuten.co.jp/@0_mall/zakka-elements/cabinet/item040/14196.jpg?_ex=1024x1024,https://hb.afl.rakuten.co.jp/hgc/g00rra6n.16t5u043.g00rra6n.16t5v126/?pc=https%3A%2F%2Fitem.rakuten.co.jp%2Fzakka-elements%2F14196%2F&m=http%3A%2F%2Fm.rakuten.co.jp%2Fzakka-elements%2Fi%2F10010536%2F&rafcid=wsc_i_is_b93111dd-e085-46a2-a75f-28c1ee5d2de6
PRD_1019,아이누 문양 자수 파우치,アイヌ文様刺繍ポーチ,특정 브랜드 없음,REG_023,PRC_03,2500,아이누 문양이 수놓아진 자수가 특징인 파우치입니다. 아름다운 아이누 문양의 자수 작품이 더해져 독특하고 예술적인 분위기를 연출합니다. 이 제품은 카이자와 스미레 작가님의 손길을 거쳐 탄생한 작품입니다.,삿포로 아이누 문화 교류 센터나 기념품점에서 다양한 디자인을 찾아볼 수 있습니다.,1,https://thumbnail.image.rakuten.co.jp/@0_mall/rapanui/cabinet/newitem3/imgrc0063176803.jpg?_ex=1024x1024,https://hb.afl.rakuten.co.jp/hgc/g00qtyln.16t5u6cf.g00qtyln.16t5v7fc/?pc=https%3A%2F%2Fitem.rakuten.co.jp%2Frapanui%2F20140828symbolpouch01%2F&m=http%3A%2F%2Fm.rakuten.co.jp%2Frapanui%2Fi%2F10017475%2F&rafcid=wsc_i_is_b93111dd-e085-46a2-a75f-28c1ee5d2de6
PRD_1020,오타루 유리 공예 장식품,小樽ガラス工芸品,키타이치 가라스(北一硝子) 등,REG_023,PRC_04,3000,"오타루 유리 공예 장식품은 홋카이도 오타루에서 제작한 수공예 유리 제품이다. 깊은 유리색과 얼음 무늬를 둘러 넣은 절삭 장식, 바닥까지 빛나는 컷이 특징인 고급스러운 로크 글라스 계열 상품이다. 불어 만든 유리 표면을 장인이 손으로 깎아 완성하기 때문에 하나하나의 크기와 형태에 미세한 차이가 있다.","유리잔, 풍경, 동물 모양 등 다양한 형태가 있으니 취향에 맞는 것을 골라보세요.",1,https://thumbnail.image.rakuten.co.jp/@0_mall/shikisaido/cabinet/biiino/item/main-image/20240720142138_1.jpg?_ex=1024x1024,https://hb.afl.rakuten.co.jp/hgc/g00temkn.16t5ua8a.g00temkn.16t5v2ca/?pc=https%3A%2F%2Fitem.rakuten.co.jp%2Fshikisaido%2F060-0056%2F&m=http%3A%2F%2Fm.rakuten.co.jp%2Fshikisaido%2Fi%2F10003267%2F&rafcid=wsc_i_is_b93111dd-e085-46a2-a75f-28c1ee5d2de6
PRD_1021,삿포로 맥주 오리지널 머그잔,サッポロビールオリジナルジョッキ,삿포로 맥주(サッポロビール),REG_023,PRC_02,1500,삿포로 맥주 오리지널 머그잔은 삿포로 맥주 로고와 맥주원 이미지를 담은 유리잔 굿즈입니다. 맥주를 따르기 좋은 두툼한 형태라 실사용 컵으로도 쓰기 좋습니다. 삿포로 맥주 문화를 집에서도 떠올리게 하는 수집형 기념품입니다.,삿포로 비어 가든 기념품점이나 삿포로 팩토리에서 구매할 수 있습니다.,1,https://dzwpvqehwr7zl.cloudfront.net/omios/products/generated/_review/PRD_1021/PRD_1021_packshot_v1.png,https://support.microsoft.com/en-us/windows/how-to-get-help-in-windows-711b6492-0435-0038-8706-7c6b0feb200a
PRD_1022,삿포로 눈 축제 키체인,さっぽろ雪まつりキーホルダー,특정 브랜드 없음,REG_023,PRC_01,800,"삿포로 눈 축제 키체인은 삿포로 눈 축제의 상징 마크나 캐릭터를 작은 열쇠고리 형태로 담은 기념품이다. 상품군에는 상징 마크 키홀더와 캐릭터 인형 키홀더, 자석류, 작은 수건류가 함께 소개된다. 겨울 축제의 이미지를 가볍게 휴대할 수 있어 삿포로 눈 축제 방문 기념으로 어울린다.",축제 기간에 방문하지 못했더라도 기념품점에서 관련 상품을 구매할 수 있습니다.,1,https://thumbnail.image.rakuten.co.jp/@0_mall/dorama/cabinet/pri/202602/pri-4580850521833.jpg?_ex=1024x1024,https://hb.afl.rakuten.co.jp/hgc/g00r00zn.16t5uc80.g00r00zn.16t5vd42/?pc=https%3A%2F%2Fitem.rakuten.co.jp%2Fdorama%2Fpri-4580850521833%2F&m=http%3A%2F%2Fm.rakuten.co.jp%2Fdorama%2Fi%2F16233976%2F&rafcid=wsc_i_is_b93111dd-e085-46a2-a75f-28c1ee5d2de6
PRD_1023,삿포로 TV 타워 마스코트 인형,さっぽろテレビ塔ゆるキャラぬいぐるみ,삿포로 TV 타워(さっぽろテレビ塔),REG_023,PRC_03,2200,"삿포로 티브이타워 마스코트 인형은 오도리공원 동쪽의 삿포로 티브이타워를 테마로 한 기념품입니다. 삿포로 티브이타워는 전망대와 기념품 상점이 있는 지역 랜드마크로, 관광객이 삿포로 방문을 기념하기 좋은 장소로 소개됩니다. 이 인형은 타워의 상징성을 캐릭터 굿즈 형태로 담아, 여행 선물이나 수집용 소품으로 활용하기 좋은 상품입니다.",TV 타워 전망대 기념품샵에서 다양한 사이즈와 디자인의 인형을 구매할 수 있습니다.,1,https://dzwpvqehwr7zl.cloudfront.net/omios/products/generated/_review/PRD_1023/PRD_1023_packshot_v1.png,https://www.filmweb.pl/film/Toy+Story+4-2019-632733
PRD_1024,홋카이도 대학 문구 세트,北海道大学文房具セット,홋카이도 대학 협동조합(北海道大学生活協同組合),REG_023,PRC_02,1800,"홋카이도 대학 문구 세트는 대학 로고나 캠퍼스 이미지를 활용한 실용 문구류입니다. 노트, 필기구, 작은 사무용품처럼 일상에서 쓰기 쉬운 물건을 중심으로 구성됩니다. 홋카이도 대학 방문 기념품이나 학생 선물로 어울립니다.","대학 기념품점에서 구매 가능하며, 학구적인 분위기를 좋아하는 사람에게 좋은 선물입니다.",1,https://dzwpvqehwr7zl.cloudfront.net/omios/products/generated/_review/PRD_1024/PRD_1024_packshot_v1.png,https://www.hokudai.ac.jp/
PRD_1025,마루야마 동물원 동물 인형,円山動物園アニマルぬいぐるみ,마루야마 동물원(円山動物園),REG_023,PRC_03,2500,마루야마 동물원 동물 인형은 삿포로 마루야마 동물원의 동물 이미지를 봉제 인형으로 만든 상품입니다. 동물원의 인기 동물들을 부드러운 소재와 귀여운 표정으로 표현합니다. 어린이 선물이나 동물원 방문 기념품으로 보관하기 좋은 캐릭터 소품입니다.,"동물원 내 기념품점에서만 구매 가능하며, 아이들에게 인기 있는 선물입니다.",1,https://dzwpvqehwr7zl.cloudfront.net/omios/products/generated/_review/PRD_1025/PRD_1025_packshot_v1.png,https://inspiringhairstyles.com/long/30-super-long-hair-ideas/
PRD_1026,라벤더 에센셜 오일,ラベンダーエッセンシャルオイル,팜 토미타(ファーム富田) 등,REG_023,PRC_02,1800,"라벤더 에센셜 오일은 후라노 팜 도미타의 라벤더 향을 담은 향기 상품이다. 팜 도미타는 라벤더 선물과 천연 계열 상품을 다루며, 라벤더 에센셜 오일은 순수한 라벤더 향을 즐기는 대표적인 기념품으로 소개된다. 깊고 풍부한 향이 특징이라 방 안 향기 연출이나 소량의 아로마 용도로 쓰기 좋다.","숙면을 돕거나 아로마 테라피에 활용할 수 있으며, 관련 화장품도 많습니다.",1,https://thumbnail.image.rakuten.co.jp/@0_mall/auc-naturas-psychos/cabinet/itemphoto/m0212c-ke0000-01.jpg?_ex=1024x1024,https://hb.afl.rakuten.co.jp/hgc/g00qmdxn.16t5uef8.g00qmdxn.16t5v28d/?pc=https%3A%2F%2Fitem.rakuten.co.jp%2Fauc-naturas-psychos%2Fm0212c-ke0000%2F&m=http%3A%2F%2Fm.rakuten.co.jp%2Fauc-naturas-psychos%2Fi%2F10003462%2F&rafcid=wsc_i_is_b93111dd-e085-46a2-a75f-28c1ee5d2de6
PRD_1027,삿포로 시내 풍경 엽서 세트,札幌市街景ポストカードセット,특정 브랜드 없음,REG_023,PRC_01,900,"삿포로 시내 풍경 엽서 세트는 오도리 공원 인포메이션 센터의 오리지널 기념품군에 속한 엽서 상품이다. 공원과 삿포로, 홋카이도와 관련된 굿즈를 다루는 매장에서 제공되며, 라일락 엽서 세트처럼 계절과 지역 이미지를 담은 구성이 소개된다. 여행 중 가볍게 구입해 메시지를 쓰거나 삿포로 풍경을 남기는 종이 기념품으로 적합하다.",여행의 추억을 간직하거나 친구들에게 엽서를 보낼 때 활용하기 좋습니다.,1,https://dzwpvqehwr7zl.cloudfront.net/omios/products/generated/_review/PRD_1027/PRD_1027_packshot_v1.png,https://www.sapporo.travel/
PRD_1028,홋카이도 한정 프릭션 펜,北海道限定フリクションペン,파일럿(パイロット),REG_023,PRC_01,400,홋카이도 한정 프릭션 펜은 지워지는 볼펜 기능에 홋카이도 지역 디자인을 더한 문구류입니다. 필기 후 지울 수 있는 실용성과 지역 한정 무늬의 수집성이 함께 있습니다. 가볍고 부담 없는 여행 기념품으로 챙기기 좋은 제품입니다.,"문구점에서 쉽게 찾을 수 있으며, 다양한 디자인을 모으는 재미가 있습니다.",1,https://dzwpvqehwr7zl.cloudfront.net/omios/products/generated/_review/PRD_1028/PRD_1028_packshot_v1.png,https://www.zhihu.com/question/1912931614905840847
PRD_1029,마유 핸드크림,馬油ハンドクリーム,특정 브랜드 없음,REG_023,PRC_02,1500,마유 핸드크림은 말기름 성분의 보습감을 강조한 손 관리 제품입니다. 건조한 손에 바르면 유분막이 생겨 촉촉한 느낌을 오래 남기는 타입입니다. 홋카이도 여행지에서 찾기 쉬운 보습용 생활 기념품입니다.,"건조한 피부에 효과적이며, 겨울 여행 필수품으로 추천합니다.",1,https://thumbnail.image.rakuten.co.jp/@0_mall/shopsoleil/cabinet/04628507/imgrc0061946455.jpg?_ex=1024x1024,https://hb.afl.rakuten.co.jp/hgc/g00qaden.16t5uaa9.g00qaden.16t5v9ae/?pc=https%3A%2F%2Fitem.rakuten.co.jp%2Fshopsoleil%2F10122156%2F&m=http%3A%2F%2Fm.rakuten.co.jp%2Fshopsoleil%2Fi%2F10122156%2F&rafcid=wsc_i_is_b93111dd-e085-46a2-a75f-28c1ee5d2de6
PRD_1030,삿포로 테마 에코백,札幌モチーフエコバッグ,특정 브랜드 없음,REG_023,PRC_02,1200,이 에코백은 하로윈도레 군 캐릭터가 그려져 있습니다. 매우 귀여운 디자인으로 제작된 상품입니다. 삿포로를 테마로 한 특별한 제품입니다. 일상생활에서 유용하게 사용할 수 있는 에코백입니다.,"쇼핑 시 유용하며, 가볍고 실용적인 선물로 좋습니다.",1,https://thumbnail.image.rakuten.co.jp/@0_mall/fujihisa/cabinet/10008018/imgrc0088301765.jpg?_ex=1024x1024,https://hb.afl.rakuten.co.jp/hgc/g00tbq0n.16t5ud83.g00tbq0n.16t5ve59/?pc=https%3A%2F%2Fitem.rakuten.co.jp%2Ffujihisa%2Fcompass1705991579%2F&m=http%3A%2F%2Fm.rakuten.co.jp%2Ffujihisa%2Fi%2F10001558%2F&rafcid=wsc_i_is_b93111dd-e085-46a2-a75f-28c1ee5d2de6
PRD_1031,아이누 문양 테누구이 (일본 전통 손수건),アイヌ文様てぬぐい,특정 브랜드 없음,REG_023,PRC_02,1000,"아이누 문양 테누구이는 우포포이 국립아이누민족박물관의 오리지널 굿즈다. 아이누와 관계 깊은 동물과 식물을 그린 디자인이며, 홋카이도 아사히카와의 염색 공장에서 본염 기법으로 제작해 색감이 선명하다. 면 백 퍼센트 소재의 길쭉한 손수건으로, 생활용 천이면서 아이누 문화 기념품의 의미도 갖는다.",손수건 외에도 인테리어 소품이나 포장지로 활용할 수 있습니다.,1,https://dzwpvqehwr7zl.cloudfront.net/omios/products/generated/_review/PRD_1031/PRD_1031_packshot_v1.png,https://support.google.com/youtube/?hl=en
PRD_1032,삿포로 돔 한정 굿즈,札幌ドーム限定グッズ,삿포로 돔(札幌ドーム),REG_023,PRC_03,2000,삿포로 돔 한정 굿즈는 돔에서의 경기 경험을 기념품으로 남기는 스포츠 상품군입니다. 실제 경기 사용 공과 삿포로 돔 인조잔디를 함께 담은 케이스형 경기구처럼 현장성이 강한 상품이 대표적입니다. 수집 가치가 있어 야구 팬이나 삿포로 돔 방문객에게 의미 있는 한정 기념품입니다.,홋카이도 닛폰햄 파이터스나 콘사도레 삿포로 팬에게 특별한 선물이 됩니다.,1,https://thumbnail.image.rakuten.co.jp/@0_mall/yuyudous/cabinet/11907559/p-b0816xjrgc-01.jpg?_ex=1024x1024,https://hb.afl.rakuten.co.jp/hgc/g00ur2gn.16t5u2aa.g00ur2gn.16t5vf50/?pc=https%3A%2F%2Fitem.rakuten.co.jp%2Fyuyudous%2Fyym-54pnber1qfdzwtcb%2F&m=http%3A%2F%2Fm.rakuten.co.jp%2Fyuyudous%2Fi%2F10130409%2F&rafcid=wsc_i_is_b93111dd-e085-46a2-a75f-28c1ee5d2de6
PRD_1033,멜론 쿠마 봉제 인형,メロン熊ぬいぐるみ,유바리시 관광협회(夕張市観光協会),REG_023,PRC_04,3000,"멜론 쿠마 봉제 인형은 홋카이도 유바리 멜론과 곰을 결합한 지역 캐릭터 상품이다. 작은 크기 상품은 높이 약 십팔 센티미터, 폭 약 십 센티미터로 소개되어 책상이나 선반에 두기 쉽다. 과장된 표정과 유바리 멜론 이미지를 결합한 독특한 분위기 때문에 일반적인 귀여운 인형보다 지역성이 강하다.","삿포로 시내 기념품점에서도 쉽게 찾아볼 수 있으며, 독특한 선물을 찾는 이에게 좋습니다.",1,https://thumbnail.image.rakuten.co.jp/@0_mall/ezaki-g/cabinet/goods8/ohc0048-4.jpg?_ex=1024x1024,https://hb.afl.rakuten.co.jp/hgc/g00pz5xn.16t5u8cd.g00pz5xn.16t5v406/?pc=https%3A%2F%2Fitem.rakuten.co.jp%2Fezaki-g%2Fohc0048%2F&m=http%3A%2F%2Fm.rakuten.co.jp%2Fezaki-g%2Fi%2F10279662%2F&rafcid=wsc_i_is_b93111dd-e085-46a2-a75f-28c1ee5d2de6
PRD_1034,온천 입욕제,温泉入浴剤,특정 브랜드 없음,REG_023,PRC_01,700,"온천 입욕제는 홋카이도 기타히로시마의 모리노유 온천 분위기를 집에서 느낄 수 있게 만든 목욕용 상품이다. 모리노유는 갈색을 띠는 몰천으로, 미끄럽고 부드러운 사용감 때문에 피부가 매끈해지는 온천으로 소개된다. 입욕제는 실제 온천수에 가까운 점성 있는 사용감을 지향해, 여행지 온천의 감각을 기념품처럼 가져가는 제품이다.",집에서 온천 분위기를 내고 싶을 때 사용하면 피로 해소에 도움이 됩니다.,1,https://thumbnail.image.rakuten.co.jp/@0_mall/chashoan/cabinet/youngvenus/new_yb/6002main20.jpg?_ex=1024x1024,https://hb.afl.rakuten.co.jp/hgc/g00qajfn.16t5uf47.g00qajfn.16t5v5e1/?pc=https%3A%2F%2Fitem.rakuten.co.jp%2Fchashoan%2F6-002%2F&m=http%3A%2F%2Fm.rakuten.co.jp%2Fchashoan%2Fi%2F10000979%2F&rafcid=wsc_i_is_b93111dd-e085-46a2-a75f-28c1ee5d2de6
PRD_1035,삿포로 시계탑 미니어처 모델,札幌時計台模型,특정 브랜드 없음,REG_023,PRC_02,1800,"삿포로 시계탑 미니어처 모델은 종이 부품을 끼워 삿포로 시계탑을 입체로 만드는 조립형 모형이다. 완성 크기는 길이와 폭이 각각 약 팔 센티미터, 높이가 약 팔 점 팔 센티미터인 작은 장식품으로 소개된다. 작은 골판지 부품을 끼워 건물과 풍경을 만드는 방식이라, 여행 기념품이면서 손으로 조립하는 취미 상품의 성격도 있다.",책상이나 선반 위에 놓아 삿포로 여행의 추억을 떠올리게 하는 장식품으로 좋습니다.,1,https://thumbnail.image.rakuten.co.jp/@0_mall/pocketcompany4/cabinet/wxyz/xyz2/20260401img016/2085432-01.jpg?_ex=1024x1024,https://hb.afl.rakuten.co.jp/hgc/g00sl4mn.16t5ucba.g00sl4mn.16t5v075/?pc=https%3A%2F%2Fitem.rakuten.co.jp%2Fpocketcompany4%2F2085432%2F&m=http%3A%2F%2Fm.rakuten.co.jp%2Fpocketcompany4%2Fi%2F11009341%2F&rafcid=wsc_i_is_b93111dd-e085-46a2-a75f-28c1ee5d2de6
PRD_1036,숙성 무색소 명란젓,熟成無着色辛子明太子,야마야(やまや),REG_024,PRC_02,1620,"숙성 무색소 명란젓은 야마야의 전용 양념액에 백육십팔 시간 동안 재운 명란 상품이다. 창업 때부터 이어 온 장인의 양념을 바탕으로 은은한 유자 향과 부드러운 매운맛을 살렸다. 오래 숙성해 깊고 둥근 맛을 내며, 따뜻한 밥과 특히 잘 어울리는 후쿠오카식 반찬이다.","후쿠오카 공항, 하카타역 등 주요 기념품점에서 다양한 포장으로 구매할 수 있으며, 냉장 보관이 필요합니다.",1,https://thumbnail.image.rakuten.co.jp/@0_mall/giftplaza-online/cabinet/item02/172-0045.jpg?_ex=1024x1024,https://hb.afl.rakuten.co.jp/hgc/g00to31n.16t5u511.g00to31n.16t5v3d3/?pc=https%3A%2F%2Fitem.rakuten.co.jp%2Fgiftplaza-online%2F172-0045%2F&m=http%3A%2F%2Fm.rakuten.co.jp%2Fgiftplaza-online%2Fi%2F10010360%2F&rafcid=wsc_i_is_b93111dd-e085-46a2-a75f-28c1ee5d2de6
PRD_1037,하카타 토리몬,博多通りもん,메이게쓰도(明月堂),REG_024,PRC_01,780,후쿠오카를 대표하는 명품 만주로 알려진 하카타 토리몬입니다. 고급 버터를 사용하여 정성껏 반죽한 은은하고 우아한 단맛의 백안을 주재료로 사용했습니다. 이 백안을 부드러운 우유 향이 가득한 껍질에 감싸 맛있게 구워낸 과자입니다.,"후쿠오카 공항, 하카타역 등 주요 관광지 및 백화점에서 쉽게 찾아볼 수 있으며, 유통기한을 확인하고 구매하는 것이 좋습니다.",1,https://thumbnail.image.rakuten.co.jp/@0_mall/jrk-shoji/cabinet/st_fukuoka3/torimon_9_main.jpg?_ex=1024x1024,https://hb.afl.rakuten.co.jp/hgc/g00ptaln.16t5u528.g00ptaln.16t5v3fb/?pc=https%3A%2F%2Fitem.rakuten.co.jp%2Fjrk-shoji%2F10006360%2F&m=http%3A%2F%2Fm.rakuten.co.jp%2Fjrk-shoji%2Fi%2F10006361%2F&rafcid=wsc_i_is_b93111dd-e085-46a2-a75f-28c1ee5d2de6
PRD_1038,히요코 만주,ひよ子,요시노도(吉野堂),REG_024,PRC_01,799,"히요코의 사랑스러운 모양이 특징인 만주로, 부드러운 단맛의 계란 노른자앙금과 독특한 풍미가 살아있는 고소한 껍질이 조화를 이룹니다. 히요코는 오직 히요코만을 위해 개발된 전용 가루를 사용합니다. 이 특별한 밀가루는 독자적인 비율로 혼합하고 숙성시키는 과정을 거칩니다. 그 결과, 누구도 따라 할 수 없는 깊고 고유한 풍미의 만주 맛을 경험할 수 있습니다.","후쿠오카 지역 한정 제품은 후쿠오카 내에서만 구매 가능하며, 공항 및 주요 역의 기념품점에서 쉽게 찾을 수 있습니다.",1,https://thumbnail.image.rakuten.co.jp/@0_mall/jrk-shoji/cabinet/st_fukuoka3/i81v11_750a2.jpg?_ex=1024x1024,https://hb.afl.rakuten.co.jp/hgc/g00ptaln.16t5u528.g00ptaln.16t5v3fb/?pc=https%3A%2F%2Fitem.rakuten.co.jp%2Fjrk-shoji%2F10002037%2F&m=http%3A%2F%2Fm.rakuten.co.jp%2Fjrk-shoji%2Fi%2F10002037%2F&rafcid=wsc_i_is_b93111dd-e085-46a2-a75f-28c1ee5d2de6
PRD_1039,하카타 인형 오후쿠상,博多人形 お福さん,하카타 인형 이치하카(博多人形いちは),REG_024,PRC_06,5500,"하카타 인형은 일본의 전통 공예품으로, 복을 상징하는 오후쿠상이 그려져 있습니다. 이 인형은 풍요로운 수확과 무병장수, 그리고 사업 번창을 기원하는 길한 의미를 담고 있는 장식품입니다. 특히 오후쿠상은 복스러운 미소를 띠고 있어 좋은 기운을 전달합니다. 일본의 전통 공예품으로서 해외에 거주하는 분에게 선물하기 매우 좋으며, 전문적인 포장으로 안전하게 받아보실 수 있습니다.",하카타 전통 공예관이나 백화점 공예품 코너에서 다양한 디자인과 크기의 작품을 감상하고 구매할 수 있습니다.,1,https://thumbnail.image.rakuten.co.jp/@0_mall/d-park/cabinet/sh/015/4560279804878.jpg?_ex=1024x1024,https://hb.afl.rakuten.co.jp/hgc/53033622.7bbb75b6.53033623.c98a76f0/?pc=https%3A%2F%2Fitem.rakuten.co.jp%2Fd-park%2F4560279804878%2F&m=https%3A%2F%2Fitem.rakuten.co.jp%2Fd-park%2F4560279804878%2F
PRD_1040,이치란 라멘 키트 (하카타 가는 면 스트레이트),一蘭ラーメン 博多細麺ストレート(5食入),이치란(一蘭),REG_024,PRC_03,2500,"이치란 라멘의 대표적인 상품으로, 오랜 시간 사랑받아 온 스테디셀러입니다. 이 제품은 풍미 가득한 밀가루의 하카타 가는 면과 진한 돈코츠 국물이 조화를 이루는 것이 특징입니다. 여기에 적절한 자극이 더해져 전체적인 맛을 더욱 깊고 끌어올립니다. 출시 이후 국내외 이용자들에게 큰 사랑을 받아 누적 출하 수 7,000만 그릇을 돌파한 인기 기념품 상품입니다.","후쿠오카 시내 이치란 매장이나 주요 기념품점에서 쉽게 구매할 수 있으며, 꼬들한 면발을 좋아한다면 하카타 가는 면 타입을 추천합니다.",1,https://thumbnail.image.rakuten.co.jp/@0_mall/smilespoon/cabinet/66/7218566-0005_1.jpg?_ex=1024x1024,https://hb.afl.rakuten.co.jp/hgc/g00tmwcn.16t5u143.g00tmwcn.16t5v0a9/?pc=https%3A%2F%2Fitem.rakuten.co.jp%2Fsmilespoon%2F7218566-0005%2F&m=http%3A%2F%2Fm.rakuten.co.jp%2Fsmilespoon%2Fi%2F10038619%2F&rafcid=wsc_i_is_b93111dd-e085-46a2-a75f-28c1ee5d2de6
PRD_1041,멘베이,めんべい,야마구치 아부라야 후쿠타로 (山口油屋福太郎),REG_024,PRC_01,540,"적당한 매콤함과 해산물의 깊은 감칠맛이 특징인 고춧가루 명란 풍미의 센베이입니다. 오랜 시간 사랑받아 온 원조 제품으로, 현재는 하카타를 대표하는 기념품으로 꾸준히 인기를 얻고 있습니다. 이 멘베이는 매콤하면서도 해산물 특유의 깊은 맛을 동시에 즐길 수 있는 간식거리입니다.","하카타역 등 주요 관광지 및 공항에서 쉽게 구매할 수 있으며, 여러 가지 맛을 시도해 보는 것을 추천합니다.",1,https://thumbnail.image.rakuten.co.jp/@0_mall/tsutsu-uraura/cabinet/09079214/4582108720562-04.jpg?_ex=1024x1024,https://hb.afl.rakuten.co.jp/hgc/g00r7kkn.16t5u9de.g00r7kkn.16t5v244/?pc=https%3A%2F%2Fitem.rakuten.co.jp%2Ftsutsu-uraura%2Fmen-sp2-8-4s%2F&m=http%3A%2F%2Fm.rakuten.co.jp%2Ftsutsu-uraura%2Fi%2F10017715%2F&rafcid=wsc_i_is_b93111dd-e085-46a2-a75f-28c1ee5d2de6
PRD_1042,하카타오리 명함 지갑,博多織 名刺入れ,하카타오리 공예관 (博多織工芸館),REG_024,PRC_04,3300,"770년 이상의 역사를 지닌 전통 공예품인 하카타오리는 일본 하카타의 명품입니다. 숙련된 장인의 기술로 재단부터 완성까지 정성껏 빚어낸 이 제품은 실크가 짜낸 '하카타오리의 와모던'을 담고 있습니다. 가볍고 부드러운 촉감과 은은한 광택에 중점을 두었으며, 대표 문양인 '헌상 문양'은 1600년 쿠로다 나가마사가 막부에 선물하며 시작된 역사적 의미를 지닙니다. 남녀 모두가 사용할 수 있는 품격 있는 아이템으로, 오래 사용할수록 더욱 익숙하고 애착이 가는 멋진 제품입니다.","다양한 색상과 무늬가 있으니 직접 보고 마음에 드는 디자인을 선택하는 것이 좋으며, 작은 액세서리나 지갑 등 다른 제품도 고려해 보세요.",1,https://thumbnail.image.rakuten.co.jp/@0_mall/michinoekimunakata/cabinet/10330838/10000468-1.jpg?_ex=1024x1024,https://hb.afl.rakuten.co.jp/hgc/g00twdxn.16t5u712.g00twdxn.16t5v52a/?pc=https%3A%2F%2Fitem.rakuten.co.jp%2Fmichinoekimunakata%2F10000468%2F&m=http%3A%2F%2Fm.rakuten.co.jp%2Fmichinoekimunakata%2Fi%2F10000126%2F&rafcid=wsc_i_is_b93111dd-e085-46a2-a75f-28c1ee5d2de6
PRD_1043,우메가에 모찌,梅ヶ枝餅,가사노야 (かさの家),REG_024,PRC_03,2500,우메가에 모찌는 다자이후 텐만구 주변에서 유명한 구운 떡 과자입니다. 얇은 떡 반죽 안에 팥소를 넣고 매화 문양을 눌러 구워 겉은 고소하고 속은 달콤합니다. 후쿠오카 다자이후 참배와 함께 떠올리는 대표 향토 간식입니다.,"다자이후 텐만궁 앞에서 갓 구운 따끈한 모찌를 맛볼 수 있으며, 냉동 포장된 상품은 오랫동안 보관하여 즐길 수 있습니다.",1,https://thumbnail.image.rakuten.co.jp/@0_mall/g-callshop/cabinet/foods/pastry2/59054-1_new.jpg?_ex=1024x1024,https://hb.afl.rakuten.co.jp/hgc/g00sy1vn.16t5u0ae.g00sy1vn.16t5v589/?pc=https%3A%2F%2Fitem.rakuten.co.jp%2Fg-callshop%2F59054%2F&m=http%3A%2F%2Fm.rakuten.co.jp%2Fg-callshop%2Fi%2F10004872%2F&rafcid=wsc_i_is_b93111dd-e085-46a2-a75f-28c1ee5d2de6
PRD_1044,치도리 만주,千鳥饅頭,치도리야 혼포 (千鳥屋本家),REG_024,PRC_01,993,"일본의 전통 과자의 정신과 남만식 과자 제조법이 결합되어 탄생한 규슈를 대표하는 명과입니다. 속은 홋카이도산 적두지와 자라메로 만든 고급 순백의 코시앙(팥앙금)을 가득 채웠습니다. 반죽은 가루, 계란, 상백당, 쌀엿, 꿀만을 사용하여 손으로 직접 치대어 만듭니다. 이 속재료를 감싼 반죽을 황금빛이 될 때까지 구워 완성한 제품입니다.","후쿠오카 공항, 하카타역 등에서 쉽게 구매할 수 있으며, 차와 함께 즐기기 좋은 간식입니다.",1,https://thumbnail.image.rakuten.co.jp/@0_mall/sn-fukuoka/cabinet/item/chidori/imgrc0124747482.jpg?_ex=1024x1024,https://hb.afl.rakuten.co.jp/hgc/g00q61zn.16t5uc03.g00q61zn.16t5vdf4/?pc=https%3A%2F%2Fitem.rakuten.co.jp%2Fsn-fukuoka%2F10000700%2F&m=http%3A%2F%2Fm.rakuten.co.jp%2Fsn-fukuoka%2Fi%2F10000700%2F&rafcid=wsc_i_is_b93111dd-e085-46a2-a75f-28c1ee5d2de6
PRD_1045,카루칸,かるかん,사츠마 조키야 (薩摩蒸気屋),REG_024,PRC_02,1188,"사츠마 조키야에서 선보이는 오리지널 카루칸입니다. 전통 명과인 카루칸을 작게 재해석하여 만든 제품으로, 기존 방식과는 달리 안(앙금)을 넣지 않은 것이 특징입니다. 이 모즈카루칸은 아즈키콩 앙금이 들어있지 않아 가볍고 깔끔한 맛을 즐길 수 있습니다. 전통적인 명과를 현대적으로 변주한 조키야만의 특별한 카루칸을 경험해 보세요.","특유의 촉촉하고 부드러운 식감을 즐길 수 있으며, 개별 포장되어 있어 선물하기에 좋습니다.",1,https://thumbnail.image.rakuten.co.jp/@0_mall/zaiho/cabinet/item/sweets/598-c1_m1.jpg?_ex=1024x1024,https://hb.afl.rakuten.co.jp/hgc/g00scqsn.16t5u5e2.g00scqsn.16t5v0f6/?pc=https%3A%2F%2Fitem.rakuten.co.jp%2Fzaiho%2F598-c1%2F&m=http%3A%2F%2Fm.rakuten.co.jp%2Fzaiho%2Fi%2F10000439%2F&rafcid=wsc_i_is_b93111dd-e085-46a2-a75f-28c1ee5d2de6
PRD_1046,츠쿠시 모찌,筑紫もち,죠스이안(如水庵),REG_024,PRC_02,1512,"츠쿠시 모찌는 회장의 어린 시절, 할머니가 만들어주신 황분 모찌에서 영감을 받아 탄생했습니다. 이 과자는 만엽인의 소박하고 온화한 느낌을 오랫동안 간직하며 전해 내려오고 있습니다. 주재료인 노란 가루는 대두를 겉껍질째 구워 벗겨내어 만든 것으로, 고소함과 단맛을 최대한 끌어올렸습니다. 입안에 넣으면 그윽하고 품격 있는 풍미가 퍼져나가는 것이 특징이며, 먹을 때마다 깊은 고소한 향이 느껴지는 것이 일품입니다.","개별 포장되어 있어 나눠 먹기 좋으며, 곁들이는 흑설탕 시럽을 뿌려 먹으면 더욱 맛있습니다.",1,https://thumbnail.image.rakuten.co.jp/@0_mall/jrk-shoji/cabinet/st_fukuoka/tukushi1.jpg?_ex=1024x1024,https://hb.afl.rakuten.co.jp/hgc/g00ptaln.16t5u528.g00ptaln.16t5v3fb/?pc=https%3A%2F%2Fitem.rakuten.co.jp%2Fjrk-shoji%2F10001314%2F&m=http%3A%2F%2Fm.rakuten.co.jp%2Fjrk-shoji%2Fi%2F10001314%2F&rafcid=wsc_i_is_b93111dd-e085-46a2-a75f-28c1ee5d2de6
PRD_1047,하카타노 히토,博多の女,니카쿠도(二鶴堂),REG_024,PRC_01,734,"니카쿠도에서 선보이는 과자 '하카타노 히토'는 오랜 역사를 지닌 간식입니다. 이 제품은 산요 신칸센 개통 3년 전인 쇼와 47년에 탄생한 유서 깊은 상품입니다. 액체 계란(국내 제조), 설탕, 밀가루, 아지콩 생앙 등 다양한 재료를 사용하여 만들어졌습니다.","개별 포장되어 있어 선물하기 좋으며, 녹차나 커피와 함께 즐기기 좋습니다.",1,https://thumbnail.image.rakuten.co.jp/@0_mall/sn-fukuoka/cabinet/item/3008/3038-t1.jpg?_ex=1024x1024,https://hb.afl.rakuten.co.jp/hgc/g00q61zn.16t5uc03.g00q61zn.16t5vdf4/?pc=https%3A%2F%2Fitem.rakuten.co.jp%2Fsn-fukuoka%2F10000294%2F&m=http%3A%2F%2Fm.rakuten.co.jp%2Fsn-fukuoka%2Fi%2F10000294%2F&rafcid=wsc_i_is_b93111dd-e085-46a2-a75f-28c1ee5d2de6
PRD_1048,하카타오리 미니 가마구치 파우치,博多織ミニがま口,하카타오리 켄죠칸 니시무라(博多織献上館にしむら),REG_024,PRC_03,2200,"하카타오리 미니 가마구치 파우치는 전통 직물 하카타오리를 사용한 작은 입지갑형 파우치다. 지갑처럼 쓰거나 액세서리를 넣기 좋은 크기이며, 직물의 재단부터 완성까지 장인이 정성스럽게 마감하는 상품으로 소개된다. 하카타오리 특유의 가벼움, 실크 광택, 부드러운 촉감이 살아 있어 후쿠오카 전통 공예 기념품으로 어울린다.",여러 가지 색상과 패턴이 있으니 마음에 드는 디자인을 골라 소장하거나 기념품으로 선물하기 좋습니다.,1,https://thumbnail.image.rakuten.co.jp/@0_mall/shiranui/cabinet/gamakutisaifuaka10.jpg?_ex=1024x1024,https://hb.afl.rakuten.co.jp/hgc/g00quldn.16t5u83e.g00quldn.16t5v75a/?pc=https%3A%2F%2Fitem.rakuten.co.jp%2Fshiranui%2Fhakataori-minigama-aka%2F&m=http%3A%2F%2Fm.rakuten.co.jp%2Fshiranui%2Fi%2F10000512%2F&rafcid=wsc_i_is_b93111dd-e085-46a2-a75f-28c1ee5d2de6
PRD_1049,하카타 명란 프랑스 러스크,博多めんたいフランスラスク,야오키 빵(ヤオキパン),REG_024,PRC_01,702,하카타 명란 프랑스 러스크는 하카타 명물 명란젓의 짭짤한 풍미를 바삭한 러스크에 더한 과자입니다. 빵을 얇게 구워 만든 식감에 매콤하고 감칠맛 있는 명란 향이 어울립니다. 후쿠오카의 명란 문화를 간식으로 즐기도록 만든 기념품입니다.,"짭짤하면서도 고소한 맛이 일품이며, 개별 포장되어 있어 나눠 먹기 편리합니다.",1,https://dzwpvqehwr7zl.cloudfront.net/omios/products/generated/_review/PRD_1049/PRD_1049_packshot_v1.png,https://item.rakuten.co.jp/g-m/r-01-0004/
PRD_1050,하카타 아마오우 딸기 밀크 랑그드샤,博多あまおう苺みるくラングドシャ,플레지르(プレジール),REG_024,PRC_01,864,하카타 아마오우 딸기 밀크 랑그드샤는 후쿠오카산 딸기 이미지를 살린 샌드 쿠키입니다. 얇고 바삭한 쿠키 사이에 딸기와 우유의 부드러운 단맛을 담았습니다. 낱개 포장 과자라 하카타 선물용으로 나누기 좋습니다.,"개별 포장되어 있어 선물하기 좋으며, 차와 함께 즐기면 아마오우 딸기의 풍미를 더욱 느낄 수 있습니다.",1,https://dzwpvqehwr7zl.cloudfront.net/omios/products/generated/_review/PRD_1050/PRD_1050_packshot_v1.png,https://item.rakuten.co.jp/grandstore/hakata_amaou_milklangudsha/
PRD_1051,야마야 모츠나베 키트 (간장맛),やまや もつ鍋セット（醤油味）,야마야 (やまや),REG_024,PRC_05,4500,"본토 하카타의 맛을 재현한 인기 모츠나베 전문점, 야마야에서 선보이는 제품입니다. 이 세트는 3~4인분 기준으로 구성되었으며, 간장맛은 나가사키 현산 구운 가고피시를 베이스로 하여 깔끔하고 달콤하게 완성되었습니다. 특히 사용된 국산 소의 모츠는 탱글탱글한 식감이 특징이며, 씹을수록 고소하고 크리미한 풍미가 느껴집니다. 깊은 맛의 아가다시 간장으로 즐기는 진정한 하카타 모츠나베를 경험해 보세요.",냉장/냉동 제품이므로 현지에서 구매 후 귀국 시 아이스박스에 포장하거나 온라인 배송을 이용하는 것이 좋습니다.,1,https://thumbnail.image.rakuten.co.jp/@0_mall/yamaya/cabinet/12708778/motsu2025/motsu_2512_1.jpg?_ex=1024x1024,https://hb.afl.rakuten.co.jp/hgc/g00plb1n.16t5u90d.g00plb1n.16t5v7a2/?pc=https%3A%2F%2Fitem.rakuten.co.jp%2Fyamaya%2F84797%2F&m=http%3A%2F%2Fm.rakuten.co.jp%2Fyamaya%2Fi%2F10000942%2F&rafcid=wsc_i_is_b93111dd-e085-46a2-a75f-28c1ee5d2de6
PRD_1052,하카타 아마오 푸루룬 젤리,博多あまおうぷるるん,후우비안 (風美庵),REG_024,PRC_01,800,"후우비안에서 취급하는 하카타 아마오 푸루룬 젤리입니다. 이 제품은 후쿠오카의 하카타 지역을 대표하는 상품으로, 총 6개입 세트로 구성되어 있습니다. 특별한 날이나 선물용으로 적합하며, 맛있는 간식거리로 즐기기에 좋습니다.","차갑게 해서 먹으면 더욱 맛있으며, 특히 여름철에 시원하게 즐기기 좋은 간식입니다.",1,https://thumbnail.image.rakuten.co.jp/@0_mall/fuubian/cabinet/hakata/f-4702_tham1_001.jpg?_ex=1024x1024,https://hb.afl.rakuten.co.jp/hgc/53033622.7bbb75b6.53033623.c98a76f0/?pc=https%3A%2F%2Fitem.rakuten.co.jp%2Ffuubian%2F10000119%2F&m=https%3A%2F%2Fitem.rakuten.co.jp%2Ffuubian%2F10000119%2F
PRD_1053,하카타오리 손수건,博多織ハンカチ,치쿠젠오리모노 (筑前織物),REG_024,PRC_02,1980,"하카타오리 손수건은 후쿠오카 전통 직물 하카타오리를 생활 소품으로 즐길 수 있게 만든 상품이다. 지쿠젠 직물은 하카타오리 공업조합에 속한 직조 업체로, 하카타오비와 소품을 전통 공예사와 함께 제작한다고 소개된다. 전통과 혁신을 내세우는 직물 브랜드의 소품이라, 하카타오리 무늬와 질감을 일상에서 가볍게 사용할 수 있다.",실용적이면서도 후쿠오카의 전통미를 느낄 수 있어 남녀노소 모두에게 좋은 선물입니다.,1,https://thumbnail.image.rakuten.co.jp/@0_mall/kimono-yukiya315/cabinet/hakata/compass1624252193.jpg?_ex=1024x1024,https://hb.afl.rakuten.co.jp/hgc/g00ssu7n.16t5u8c8.g00ssu7n.16t5vcba/?pc=https%3A%2F%2Fitem.rakuten.co.jp%2Fkimono-yukiya315%2Fhankachi-set%2F&m=http%3A%2F%2Fm.rakuten.co.jp%2Fkimono-yukiya315%2Fi%2F10001226%2F&rafcid=wsc_i_is_b93111dd-e085-46a2-a75f-28c1ee5d2de6
PRD_1054,고이시와라야키 컵 (圭秀窯),小石原焼 カップ (圭秀窯),圭秀窯 (Keishu Kiln),REG_024,PRC_04,3300,"고이시와라야키는 '붓 자국', '날아가는 광택기', '빗 그림' 등 전통 기법을 통해 독특한 기하학적 무늬가 특징인 도자기입니다. 부드러운 느낌의 분위기와 눈에 띄는 투톤 디자인이 매력적인 머그컵입니다. 이 제품은 고이시와라야키 특유의 아름다움을 담아낸 도자기로 제작되었습니다. 일상에서 사용하기 좋은 형태로, 따뜻한 음료를 즐기기에 어울립니다.","수작업으로 제작되어 각 제품마다 다른 문양이 있어, 직접 보고 마음에 드는 것을 고르는 재미가 있습니다.",1,https://thumbnail.image.rakuten.co.jp/@0_mall/engi-ya/cabinet/new/05473589/k-hara-fc-nm-_tmb.jpg?_ex=1024x1024,https://hb.afl.rakuten.co.jp/hgc/g00s8p0n.16t5uf7d.g00s8p0n.16t5v39f/?pc=https%3A%2F%2Fitem.rakuten.co.jp%2Fengi-ya%2Fk-hara-fc-nm%2F&m=http%3A%2F%2Fm.rakuten.co.jp%2Fengi-ya%2Fi%2F10000974%2F&rafcid=wsc_i_is_b93111dd-e085-46a2-a75f-28c1ee5d2de6
PRD_1055,카시와야 초코파이,かしわやのチョコパイ,카시와야 가시호 (かしわや菓子舗),REG_024,PRC_02,1080,"카시와야 초코파이는 케이크에 견줄 만한 특별한 품질을 자랑하는 프리미엄 디저트입니다. 감미, 깊은 맛, 신맛의 균형이 뛰어난 홋카이도 생캐러멜 치즈케이크의 풍미를 독특하게 재현했습니다. 홋카이도산 생캐러멜 케이크와 치즈 크림을 초콜릿으로 코팅하고 부드럽게 녹는 버터 소스를 더해 은은한 단맛과 달콤함을 느낄 수 있습니다. 이 외에도 신선한 샤인머스캣 소스와 크림치즈 플로마주를 샌드하고 향긋한 샤인머스캣 초콜릿으로 코팅한 제품도 만나보실 수 있습니다.","일반적인 초코파이와는 다른 식감과 맛을 선사하므로, 새로운 맛을 찾는 분들께 추천합니다.",1,https://dzwpvqehwr7zl.cloudfront.net/omios/products/generated/_review/PRD_1055/PRD_1055_packshot_v1.png,https://kashiwaya-kashiho.com/fs/kashiwaya/chocopie
PRD_1056,하카타의 작은 돌(초콜릿),博多の小石,초콜릿샵(チョコレートショップ),REG_024,PRC_02,1296,"하카타의 작은 돌 초콜릿은 후쿠오카의 초콜릿 전문점 초콜릿숍 계열의 한입 초콜릿 상품입니다. 엄선한 밀크 초콜릿을 사용해 매끄러운 입 녹임을 중시한 인기 상품으로 소개됩니다. 하카타의 돌길 이미지를 작은 큐브형 초콜릿으로 표현한 디저트라, 진한 초콜릿 맛을 간단히 나눠 먹기 좋습니다.","후쿠오카 공항이나 하카타역 매장에서 쉽게 구매할 수 있으며, 여러 맛이 있으니 좋아하는 맛을 골라보세요.",1,https://dzwpvqehwr7zl.cloudfront.net/omios/products/generated/_review/PRD_1056/PRD_1056_packshot_v1.png,https://www.chocolateshop.jp/products/kojima/
PRD_1057,야메 교쿠로 (녹차),八女玉露,코노에엔(許斐園),REG_024,PRC_03,2160,"야메 교쿠로는 그 자체로 아름다운 비취색을 자랑하는 녹차입니다. 이 제품은 야메 교쿠로 특유의 매력적인 특징들을 고스란히 담아냈습니다. 마시면 부드러운 감칠맛과 은은한 단맛이 느껴지며, 눈으로 보는 듯 신비로운 비취빛 색감 또한 일품입니다. 2026년도에 선보이는 신선한 야메 교쿠로를 통해 깊고 풍부한 녹차의 매력을 경험해 보세요.","야메차 전문점이나 백화점, 후쿠오카 공항 면세점 등에서 다양한 종류의 야메차를 구매할 수 있습니다.",1,https://thumbnail.image.rakuten.co.jp/@0_mall/ushijimaseicha/cabinet/03148945/imgrc0105484508.jpg?_ex=1024x1024,https://hb.afl.rakuten.co.jp/hgc/g00ri2zn.16t5u942.g00ri2zn.16t5vedc/?pc=https%3A%2F%2Fitem.rakuten.co.jp%2Fushijimaseicha%2F10000070-1%2F&m=http%3A%2F%2Fm.rakuten.co.jp%2Fushijimaseicha%2Fi%2F10000170%2F&rafcid=wsc_i_is_b93111dd-e085-46a2-a75f-28c1ee5d2de6
PRD_1058,하카타오리 넥타이,博多織ネクタイ,하카타 텍스타일(Hakata Textile),REG_024,PRC_06,11000,"하카타오리 넥타이는 전통 헌상무늬를 세로로 배치한 실크 넥타이다. 하카타오리 특유의 섬세하고 단정한 색감의 그라데이션이 우아한 인상을 만들며, 한 번 매면 쉽게 느슨해지지 않는 직물 특성이 강조된다. 실크 백 퍼센트 소재라 전통 공예품의 질감과 실용적인 비즈니스 소품의 성격을 함께 가진다.",하카타오리 회관이나 백화점에서 다양한 디자인의 넥타이를 직접 보고 선택할 수 있습니다.,1,https://thumbnail.image.rakuten.co.jp/@0_mall/monone/cabinet/shohin11/sanuitai-naname.jpg?_ex=1024x1024,https://hb.afl.rakuten.co.jp/hgc/g00thk9n.16t5u105.g00thk9n.16t5v71e/?pc=https%3A%2F%2Fitem.rakuten.co.jp%2Fmonone%2Fsanuitai-naname%2F&m=http%3A%2F%2Fm.rakuten.co.jp%2Fmonone%2Fi%2F10016890%2F&rafcid=wsc_i_is_b93111dd-e085-46a2-a75f-28c1ee5d2de6
PRD_1059,츠루노코,鶴乃子,이시무라 만세이도(石村萬盛堂),REG_024,PRC_01,880,"하카타에서 100년 이상 사랑받아 온 명과 '츠루노코'입니다. 폭신하고 부드러운 식감의 겉 부분 안에 풍미 좋은 황련앙금이 가득 들어있습니다. 이 과자는 하카타 문화 특유의 독창적인 과자 제작 정신을 이어오며, 오랜 시간 동안 사람들에게 사랑받아 온 하카타를 대표하는 간식입니다.","후쿠오카 시내의 백화점, 역 기념품점, 공항 등 다양한 곳에서 쉽게 구매할 수 있습니다.",1,https://thumbnail.image.rakuten.co.jp/@0_mall/e-omiyage/cabinet/20th_anniversary/990014744.jpg?_ex=1024x1024,https://hb.afl.rakuten.co.jp/hgc/g00q0lin.16t5u5f7.g00q0lin.16t5v4ab/?pc=https%3A%2F%2Fitem.rakuten.co.jp%2Fe-omiyage%2F990014744%2F&m=http%3A%2F%2Fm.rakuten.co.jp%2Fe-omiyage%2Fi%2F10190289%2F&rafcid=wsc_i_is_b93111dd-e085-46a2-a75f-28c1ee5d2de6
PRD_1060,하카타 하나미도리 푸딩,博多華味鳥プリン,하카타 하나미도리(博多華味鳥),REG_024,PRC_02,1296,"하카타 하나미도리 푸딩은 미즈타키 요리점 하카타 하나미도리의 테이크아웃 디저트 계열 상품이다. 메뉴에는 화미계란 푸딩 두 개 구성으로 소개되며, 하카타 닭 요리 전문점의 식사 뒤에 곁들이는 단맛 디저트 성격을 가진다. 부드러운 달걀 풍미를 앞세운 푸딩이라 하카타 미즈타키 브랜드의 기념 간식으로 어울린다.","하카타 화미도리 직영점이나 후쿠오카 공항, 하카타역 기념품점에서 구매할 수 있습니다.",1,https://thumbnail.image.rakuten.co.jp/@0_mall/s-kodawari/cabinet/tasya139/7296196-e.jpg?_ex=1024x1024,https://hb.afl.rakuten.co.jp/hgc/g00tux1n.16t5uc8e.g00tux1n.16t5va38/?pc=https%3A%2F%2Fitem.rakuten.co.jp%2Fs-kodawari%2F7296196%2F&m=http%3A%2F%2Fm.rakuten.co.jp%2Fs-kodawari%2Fi%2F10009689%2F&rafcid=wsc_i_is_b93111dd-e085-46a2-a75f-28c1ee5d2de6
PRD_1061,하카타노 이시다타미 (하카타 돌길),博多の石畳,쇼콜라티에 쇼콜라샵 (チョコレートショップ),REG_024,PRC_02,1700,쇼콜라티에 쇼콜라샵에서 선보이는 '하카타노 이시다타미'는 12조각으로 구성된 생 초코 밀크 맛 제품입니다. 향긋한 카카오의 풍미와 부드러운 입안의 느낌을 즐길 수 있도록 정성을 다해 만들어졌습니다. 깊고 향기로운 카카오의 아로마와 매끄럽게 녹아내리는 식감을 경험할 수 있는 초콜릿입니다.,"냉장 보관이 필수인 신선한 제품으로, 공항 면세점이나 주요 역 내 매장에서도 구매할 수 있습니다.",1,https://thumbnail.image.rakuten.co.jp/@0_mall/hcvalor-eshop/cabinet/45505/570/66/vh-4550557066623.jpg?_ex=1024x1024,https://hb.afl.rakuten.co.jp/hgc/g00t6oan.16t5u3b8.g00t6oan.16t5vaa8/?pc=https%3A%2F%2Fitem.rakuten.co.jp%2Fhcvalor-eshop%2Fvh-4550557066623%2F&m=http%3A%2F%2Fm.rakuten.co.jp%2Fhcvalor-eshop%2Fi%2F16802464%2F&rafcid=wsc_i_is_b93111dd-e085-46a2-a75f-28c1ee5d2de6
PRD_1062,하카타 명란 김 아라레,博多明太のりあられ,야마야 (やまや),REG_024,PRC_01,540,하카타 명란 김 아라레는 명란의 매콤한 감칠맛과 김의 향을 쌀과자에 입힌 스낵입니다. 바삭한 아라레 식감에 해산물 풍미가 더해져 안주나 간식으로 먹기 좋습니다. 후쿠오카 명란 문화를 가볍게 즐기는 지역 과자입니다.,"개별 포장된 제품이 많아 나눠 먹기 좋고, 맥주 안주로도 잘 어울려 선물용으로 인기가 많습니다.",1,https://thumbnail.image.rakuten.co.jp/@0_mall/monone/cabinet/syouhinngazou/4517384062778.jpg?_ex=1024x1024,https://hb.afl.rakuten.co.jp/hgc/g00thk9n.16t5u105.g00thk9n.16t5v71e/?pc=https%3A%2F%2Fitem.rakuten.co.jp%2Fmonone%2F4517384062778%2F&m=http%3A%2F%2Fm.rakuten.co.jp%2Fmonone%2Fi%2F10015801%2F&rafcid=wsc_i_is_b93111dd-e085-46a2-a75f-28c1ee5d2de6
PRD_1063,고이시와라야키 접시 (토비칸나 문양),小石原焼 飛鉋皿 (小皿),마루타 가마 (まるた窯),REG_024,PRC_03,2200,고이시와라야키 접시는 후쿠오카 동봉촌 고이시와라 지역의 도자기 문화를 담은 생활 식기입니다. 토비칸나와 하케메 같은 전통 장식 기법으로 표면에 리듬 있는 문양을 넣는 것이 특징입니다. 소박한 흙빛과 손작업의 흔적이 살아 있어 매일 쓰는 접시로도 장식용으로도 어울립니다.,"각 가마마다 독특한 디자인이 있으니 직접 보고 취향에 맞는 제품을 고르거나, 온라인에서 여러 가마의 제품을 비교해 볼 수 있습니다.",1,https://dzwpvqehwr7zl.cloudfront.net/omios/products/generated/_review/PRD_1063/PRD_1063_packshot_v1.png,https://global.rakuten.com/ko/store/koishiwarayaki/item/0212006/
PRD_1064,하카타 다루마 라멘 키트,博多だるまラーメンキット,하카타 다루마 (博多だるま),REG_024,PRC_02,1200,유명한 라멘 가게의 맛을 재현하는 데 중점을 두었습니다. '명점 전설'이라는 콘셉트를 통해 깊은 풍미를 구현했습니다. 제조사는 생라멘 제조에 특화된 전문 기업입니다. 그 뛰어난 재현력과 품질에 자신감을 가지고 있습니다.,"동봉된 레시피에 따라 차슈, 파 등을 추가하면 더욱 풍성한 맛을 즐길 수 있으며, 유통기한이 길어 선물하기 좋습니다.",1,https://dzwpvqehwr7zl.cloudfront.net/omios/products/generated/_review/PRD_1064/PRD_1064_packshot_v1.png,https://hakata-daruma.shop-pro.jp/?pid=129598835
PRD_1065,이토킹 아마오우 딸기 샌드 쿠키,伊都きんぐ あまおう苺サンドクッキー,이토킹 (伊都きんぐ),REG_024,PRC_02,1080,"이토킹은 레이리아 오하시에 자리한 쿠키 전문점입니다. 이곳의 '후쿠오카 딸기 쿠키'는 바삭하고 부스러지는 식감과 풍부한 버터 향이 특징인 제품입니다. 또한, 화이트 초콜릿으로 코팅되어 귀여운 비주얼을 자랑하는 쿠키도 즐길 수 있습니다.","딸기 맛을 좋아하는 분께 특히 추천하며, 개별 포장되어 있어 나눠 먹기 편리해 직장 동료들에게 선물하기 좋습니다.",1,https://dzwpvqehwr7zl.cloudfront.net/omios/products/generated/_review/PRD_1065/PRD_1065_packshot_v1.png,https://www.itoking.jp/SHOP/137688/143525/list.html
PRD_1066,후쿠타로 명란젓,福太郎めんたいこ,후쿠타로(福太郎),REG_024,PRC_03,2160,"후쿠타로 명란젓은 후쿠오카 후쿠타로의 대표 명란 맛을 바탕으로 만든 순한 명란 상품이다. 매운맛이 약한 고추를 사용해 매운 음식을 어려워하는 사람도 먹기 쉽게 만들고, 명란의 감칠맛은 남기면서 자극적인 매운맛을 덜었다. 밥반찬이나 주먹밥 속재료로 쓰기 좋은 부드러운 풍미의 명란젓이다.","후쿠오카 공항 면세점이나 하카타역 매장 등 다양한 곳에서 구매할 수 있으며, 신선도 유지를 위해 냉장 보관이 중요합니다.",1,https://thumbnail.image.rakuten.co.jp/@0_mall/kyoshin-m/cabinet/amayahoo/06823075/0687-008331.jpg?_ex=1024x1024,https://hb.afl.rakuten.co.jp/hgc/g00sr4xn.16t5ua7c.g00sr4xn.16t5vd0c/?pc=https%3A%2F%2Fitem.rakuten.co.jp%2Fkyoshin-m%2F0687-008331%2F&m=http%3A%2F%2Fm.rakuten.co.jp%2Fkyoshin-m%2Fi%2F10004424%2F&rafcid=wsc_i_is_b93111dd-e085-46a2-a75f-28c1ee5d2de6
PRD_1067,후쿠야 명란 김 츠쿠다니,ふくや 明太子のり佃煮,후쿠야(ふくや),REG_024,PRC_01,702,"밥반찬으로 좋은 후쿠야 명란 김 츠쿠다니입니다. 일반적인 츠쿠다니가 생김을 사용하는 것과 달리, 이 제품은 아리아케산의 구운 김을 사용하여 풍미를 더했습니다. 주재료로는 국내산 생김과 명란젓(타라코)이 사용되었으며, 다양한 해산물 추출액이 깊고 감칠맛 나는 맛을 냅니다. 간장, 설탕, 그리고 여러 종류의 건어물(멸치, 새우, 가다랑어 등)이 어우러져 풍부한 식감과 맛을 자랑합니다.","후쿠야 직영점이나 백화점 식품 코너에서 쉽게 찾아볼 수 있으며, 개봉 후에는 냉장 보관해야 합니다.",1,https://thumbnail.image.rakuten.co.jp/@0_mall/hihirose/cabinet/09610946/4517384045535.jpg?_ex=1024x1024,https://hb.afl.rakuten.co.jp/hgc/g00u7mtn.16t5ua5a.g00u7mtn.16t5v4ee/?pc=https%3A%2F%2Fitem.rakuten.co.jp%2Fhihirose%2F310199994517384045535%2F&m=http%3A%2F%2Fm.rakuten.co.jp%2Fhihirose%2Fi%2F10005610%2F&rafcid=wsc_i_is_b93111dd-e085-46a2-a75f-28c1ee5d2de6
PRD_1068,하카타 부라부라,博多ぶらぶら,하카타 한페이타 본점(博多はんぺいた本店),REG_024,PRC_02,1296,"하카타 부라부라는 하카타 과장 사에몬의 대표 화과자입니다. 부드러운 규히떡을 홋카이도산 팥소로 감싼 단순한 구조라 팥과 떡의 질감이 직접적으로 느껴집니다. 오십 년 넘게 후쿠오카 지역에서 사랑받아 온 하카타 명과로, 차와 함께 먹기 좋은 생과자입니다.","하카타역 미야게모노가게(기념품점)나 공항 면세점에서 구매하기 편리하며, 포장된 개별 상품으로 선물하기 좋습니다.",1,https://thumbnail.image.rakuten.co.jp/@0_mall/jrk-shoji/cabinet/st_fukuoka2/i68z00_750e.jpg?_ex=1024x1024,https://hb.afl.rakuten.co.jp/hgc/g00ptaln.16t5u528.g00ptaln.16t5v3fb/?pc=https%3A%2F%2Fitem.rakuten.co.jp%2Fjrk-shoji%2F10001187%2F&m=http%3A%2F%2Fm.rakuten.co.jp%2Fjrk-shoji%2Fi%2F10001187%2F&rafcid=wsc_i_is_b93111dd-e085-46a2-a75f-28c1ee5d2de6
PRD_1069,하카타 하리코 (인형),博多張子,미요시 인형(三好人形),REG_024,PRC_04,3300,"하카타 하리코는 종이와 풀로 형태를 만들고 채색하는 전통 인형입니다. 둥근 형태와 밝은 색감, 손으로 그린 표정에서 민예품의 따뜻함이 느껴집니다. 후쿠오카 하카타의 오래된 공예 문화를 담은 장식용 기념품입니다.","하카타 마치야 후루사토칸 등 전통 공예품을 취급하는 곳이나 온라인 쇼핑몰에서 찾아볼 수 있으며, 수제 작품이라 가격대가 다양합니다.",1,https://thumbnail.image.rakuten.co.jp/@0_mall/yakyu-hitosuji/cabinet/takara/kitte181-.jpg?_ex=1024x1024,https://hb.afl.rakuten.co.jp/hgc/53033622.7bbb75b6.53033623.c98a76f0/?pc=https%3A%2F%2Fitem.rakuten.co.jp%2Fyakyu-hitosuji%2Fkitte181%2F&m=https%3A%2F%2Fitem.rakuten.co.jp%2Fyakyu-hitosuji%2Fkitte181%2F
PRD_1070,치로리안,チロリアン,치도리 만주 소혼포(千鳥饅頭総本舗),REG_024,PRC_02,1296,"치도리 만주 소혼포의 고원 명과, 치로리안은 신선한 우유와 버터를 듬뿍 사용하여 치로르 전통 레시피로 만든 제품입니다. 바삭하게 구워낸 가벼운 식감의 롤 쿠키에 치도리만의 오리지널 입에서 녹는 부드러운 크림을 채워 넣었습니다. 딸기, 초콜릿, 바닐라, 커피 등 다양한 맛으로 즐길 수 있습니다. 이처럼 섬세한 조합이 특징인 치로리안은 깊고 풍부한 맛을 선사합니다.","후쿠오카 시내 백화점, 기차역 상점, 공항 등에서 쉽게 찾아볼 수 있으며, 캔 포장은 선물용으로 좋습니다.",1,https://thumbnail.image.rakuten.co.jp/@0_mall/halloday/cabinet/dasozai/syouhin3/10002372.jpg?_ex=1024x1024,https://hb.afl.rakuten.co.jp/hgc/g00smwvn.16t5ua90.g00smwvn.16t5v310/?pc=https%3A%2F%2Fitem.rakuten.co.jp%2Fhalloday%2F10002372%2F&m=http%3A%2F%2Fm.rakuten.co.jp%2Fhalloday%2Fi%2F10002504%2F&rafcid=wsc_i_is_b93111dd-e085-46a2-a75f-28c1ee5d2de6
PRD_1071,니와카 센베이,にわかせんぺい,시노도(東雲堂),REG_024,PRC_01,648,"니와카 센베이는 후쿠오카 하카타의 전통적인 기념품입니다. 이 간식은 가면 모양을 하고 있으며, 유머러스한 디자인이 특징인 센베이입니다. 예로부터 하카타 지역에서 서민들에게 사랑받아 온 민간 예술의 역사를 담고 있습니다. 함께 사진을 찍으며 추억을 남길 수 있는 재미있는 경험을 제공하며, 먹은 후에도 부속된 가면을 착용하여 언제든 '웃음'으로 변신하는 즐거움을 느낄 수 있습니다.","후쿠오카 공항, 하카타역 등 주요 관광지 기념품점에서 쉽게 구매할 수 있으며, 선물용으로 가볍게 주기 좋습니다.",1,https://thumbnail.image.rakuten.co.jp/@0_mall/jrk-shoji/cabinet/st_fukuoka3/nwk_i83r04_600a2.jpg?_ex=1024x1024,https://hb.afl.rakuten.co.jp/hgc/g00ptaln.16t5u528.g00ptaln.16t5v3fb/?pc=https%3A%2F%2Fitem.rakuten.co.jp%2Fjrk-shoji%2F10002689%2F&m=http%3A%2F%2Fm.rakuten.co.jp%2Fjrk-shoji%2Fi%2F10002689%2F&rafcid=wsc_i_is_b93111dd-e085-46a2-a75f-28c1ee5d2de6
PRD_1072,하카타노 모리 준마이 긴조 (사케),博多の森 純米吟醸,하마치 주조(浜地酒造),REG_024,PRC_02,1595,하카타노 모리 준마이 긴조는 후쿠오카의 숲 이미지를 담은 순미긴조 계열 사케입니다. 쌀을 정성껏 깎아 빚어 과일 같은 향과 부드러운 목넘김을 기대할 수 있는 타입입니다. 하카타 지역 주조 문화를 선물용 술로 즐기기 좋은 제품입니다.,"후쿠오카 시내 주류 전문점이나 백화점 지하 식품 코너에서 구매할 수 있으며, 차갑게 마시면 더욱 좋습니다.",1,https://dzwpvqehwr7zl.cloudfront.net/omios/products/generated/_review/PRD_1072/PRD_1072_packshot_v1.png,https://www.hamachishuzo.co.jp/sake/hakatanomori.html
PRD_1073,하카타 코마 (전통 팽이),博多独楽,오니시 코마 공방(大西独楽工房),REG_024,PRC_02,1100,"하카타 독락은 후쿠오카의 전통 공예품으로, 오랜 기술 계승과 문화 보존이 중요한 의미를 지닙니다. 이 코마는 무형문화재로 지정된 치쿠젠 하카타 독락을 기반으로 하며, 놀이에 사용하는 코마부터 장식용 코마까지 제작되었습니다. 특히 독락사들이 공연에 사용하는 독락의 레플리카 제품입니다. 하카타 독락을 소장함으로써 후쿠오카의 풍부한 역사와 문화를 느끼고 옛 추억을 되새길 수 있습니다.","하카타 전통 공예관, 주요 기념품점 또는 온라인 공방에서 구매 가능하며, 아이들을 위한 독특한 장난감이나 장식품으로 좋습니다.",1,https://thumbnail.image.rakuten.co.jp/@0_mall/officeyu/cabinet/461166799ea70bafc3/oy-1812363.jpg?_ex=1024x1024,https://hb.afl.rakuten.co.jp/hgc/53033622.7bbb75b6.53033623.c98a76f0/?pc=https%3A%2F%2Fitem.rakuten.co.jp%2Fofficeyu%2Foy-1812363%2F&m=https%3A%2F%2Fitem.rakuten.co.jp%2Fofficeyu%2Foy-1812363%2F
PRD_1074,치쿠호노 오보로 츠키요,筑豊のおぼろ月夜,카쇼 키쿠타로(菓匠 きくたろう),REG_024,PRC_01,900,치쿠호노 오보로 츠키요는 후쿠오카 치쿠호 지역 고구마의 단맛을 살린 케이크형 과자입니다. 촉촉한 식감과 은은한 고구마 향이 어울려 차와 함께 먹기 좋습니다. 지역 농산물을 부드러운 디저트로 풀어낸 후쿠오카 기념 과자입니다.,"후쿠오카 시내 백화점이나 역 기념품점, 또는 카쇼 키쿠타로 매장에서 구매 가능하며, 따뜻한 차와 함께 즐기기 좋습니다.",1,https://dzwpvqehwr7zl.cloudfront.net/omios/products/generated/_review/PRD_1074/PRD_1074_packshot_v1.png,https://kikutaro.net/?pid=121404113
PRD_1075,야마야 명란 마요네즈,やまやの明太マヨ,야마야(やまや),REG_024,PRC_01,540,"야마야 명란 마요네즈는 마요네즈 타입 조미료에 야마야 명란과 고추를 더한 후쿠오카식 소스다. 구운 명란을 넣어 알갱이 식감을 살리고, 명란의 매콤함과 감칠맛이 뒤에 남도록 만든 것이 특징이다. 규슈산 유자 향이 은은하게 더해져 빵에 발라 굽거나 샐러드, 김밥 속재료, 찐 감자에 곁들이기 좋다.","후쿠오카 공항, 하카타역 기념품점은 물론 일반 슈퍼마켓에서도 쉽게 찾아볼 수 있으며, 빵이나 샐러드에 곁들이면 맛을 더합니다.",1,https://thumbnail.image.rakuten.co.jp/@0_mall/jrk-shoji/cabinet/st_fukuoka/minmayo02.jpg?_ex=1024x1024,https://hb.afl.rakuten.co.jp/hgc/g00ptaln.16t5u528.g00ptaln.16t5v3fb/?pc=https%3A%2F%2Fitem.rakuten.co.jp%2Fjrk-shoji%2F10001678%2F&m=http%3A%2F%2Fm.rakuten.co.jp%2Fjrk-shoji%2Fi%2F10001678%2F&rafcid=wsc_i_is_b93111dd-e085-46a2-a75f-28c1ee5d2de6
PRD_1076,하카타오리 책갈피,博多織 しおり,오리야 세이노스케(織屋誠之助),REG_024,PRC_01,880,하카타오리 책갈피입니다. 하카타오리로 제작된 이 책갈피는 독서의 즐거움을 더해줄 아이템입니다. 고급스러운 하카타오리 소재가 책을 읽는 순간마다 특별한 느낌을 선사합니다.,가볍고 휴대하기 편리하여 책을 좋아하는 사람들에게 좋은 선물이 됩니다.,1,https://thumbnail.image.rakuten.co.jp/@0_mall/machigiya/cabinet/010/htoh-9798.jpg?_ex=1024x1024,https://hb.afl.rakuten.co.jp/hgc/g00pvgxn.16t5u433.g00pvgxn.16t5veae/?pc=https%3A%2F%2Fitem.rakuten.co.jp%2Fmachigiya%2Fhtoh-9798%2F&m=http%3A%2F%2Fm.rakuten.co.jp%2Fmachigiya%2Fi%2F10005006%2F&rafcid=wsc_i_is_b93111dd-e085-46a2-a75f-28c1ee5d2de6
PRD_1077,JA 후쿠오카 야메 아마오 딸기잼,JAふくおか八女 あまおういちごジャム,JA 후쿠오카 야메(JAふくおか八女),REG_024,PRC_01,750,"야메 아마오 딸기잼은 후쿠오카산 고급 딸기 아마오의 풍미를 살린 잼 상품이다. 아마오 분말을 사용해 딸기의 단맛과 산미, 단단한 과육감을 표현하며 토스트나 팬케이크에 바르기 좋다. 치즈케이크, 타르트, 바닐라 아이스크림 위에 곁들이면 색감과 과일 향을 더하는 디저트 소스로도 활용된다.","토스트, 요거트 또는 디저트 토핑으로 완벽하며 집에서 후쿠오카의 맛을 즐길 수 있습니다.",1,https://thumbnail.image.rakuten.co.jp/@0_mall/bussan-f/cabinet/02/y-10320_01_1.jpg?_ex=1024x1024,https://hb.afl.rakuten.co.jp/hgc/53033622.7bbb75b6.53033623.c98a76f0/?pc=https%3A%2F%2Fitem.rakuten.co.jp%2Fbussan-f%2Fy-10320%2F&m=https%3A%2F%2Fitem.rakuten.co.jp%2Fbussan-f%2Fy-10320%2F
PRD_1078,마루타이 봉 라멘 하카타 나가하마 라멘,マルタイ棒ラーメン 博多長浜ラーメン,마루타이(マルタイ),REG_024,PRC_01,250,"봉 라멘으로 유명한 마루타이는 큐슈와 후쿠오카 지역을 중심으로 봉 라멘, 컵 라멘, 봉지 라멘 등 다양한 형태의 면 제품을 제조 및 제공하는 식품 회사입니다. 오랜 시간 동안 사랑받아온 맛과 노하우를 바탕으로 소비자들에게 꾸준히 신뢰를 쌓고 있습니다. 최근에는 새로운 상품인 '매콤한 돈코츠 라멘'이 출시되어 더욱 풍부한 라면 경험을 제공합니다. 마루타이는 봉 라멘의 명가로서, 지역 특색을 담은 다양한 맛과 제품군으로 소비자들을 만날 예정입니다.",집에서 간편하게 조리할 수 있어 후쿠오카 현지 라멘의 맛을 제대로 느낄 수 있습니다.,1,https://thumbnail.image.rakuten.co.jp/@0_mall/h-momo/cabinet/ra-men01/imgrc0103892377.jpg?_ex=1024x1024,https://hb.afl.rakuten.co.jp/hgc/g00pxabn.16t5ua9f.g00pxabn.16t5v7e4/?pc=https%3A%2F%2Fitem.rakuten.co.jp%2Fh-momo%2F10003801%2F&m=http%3A%2F%2Fm.rakuten.co.jp%2Fh-momo%2Fi%2F10003801%2F&rafcid=wsc_i_is_b93111dd-e085-46a2-a75f-28c1ee5d2de6
PRD_1079,칸파쿠토 준마이긴죠 긴유,寒北斗 純米吟醸 吟遊,칸파쿠토 주조(寒北斗酒造),REG_024,PRC_03,2200,"후쿠오카의 칸파쿠토 주조에서 빚어낸 고급 준마이 다이긴죠입니다. 최고급 품종인 야마다니시키를 사용하여 정미율 35%로 맑고 깨끗하게 빚어냈습니다. 알코올 도수 16도에 일본주도 4라는 높은 수치를 자랑하며, 깊고 풍부한 맛을 느낄 수 있습니다. 720밀리리터 용량으로 구성되어 있어 언제든 품격 있는 순간을 즐기기에 좋습니다.","사케 애호가를 위한 세련된 선물로, 차갑게 마시면 가장 좋습니다.",1,https://dzwpvqehwr7zl.cloudfront.net/omios/products/generated/_review/PRD_1079/PRD_1079_packshot_v1.png,https://kanpokuto.co.jp/product/detail.php?id=12
PRD_1080,스기노야 요사쿠 카스텔라,杉野屋 与作 かすていら,스기노야 요사쿠(杉野屋与作),REG_024,PRC_02,1200,스기노야 요사쿠의 대표 상품인 카스텔라입니다. 진한 계란 맛과 매혹적인 폭신함을 자랑하는 것이 특징입니다. 이 케이크는 일본 이시카와현을 대표하는 겐로쿠엔의 눈 장식(설취리)에서 영감을 받아 만들어진 구움 과자입니다.,"녹차와 잘 어울리는 전통 과자로, 편안한 느낌의 선물로 좋습니다.",1,https://dzwpvqehwr7zl.cloudfront.net/omios/products/generated/_review/PRD_1080/PRD_1080_packshot_v1.png,https://store.shopping.yahoo.co.jp/yosaku/castella01.html
PRD_1081,난반 오라이,なんばん往来,사카에야(さかえ屋),REG_024,PRC_02,1440,"난반 오라이는 사카에야의 대표 파이 과자로, 잼과 앙금을 파이 반죽으로 감싼 상품입니다. 바삭한 겉결과 촉촉한 속이 어울려 서양 과자와 일본식 단맛이 함께 느껴집니다. 후쿠오카 선물 과자로 오랫동안 알려진 제품입니다.",다양한 맛이 있으니 여러 종류를 맛보거나 선물 세트를 구매하는 것이 좋습니다.,1,https://thumbnail.image.rakuten.co.jp/@0_mall/nanbanourai/cabinet/biiino/item/main-image/20230613162032_1.jpg?_ex=1024x1024,https://hb.afl.rakuten.co.jp/hgc/g00u0ksn.16t5ufbe.g00u0ksn.16t5va20/?pc=https%3A%2F%2Fitem.rakuten.co.jp%2Fnanbanourai%2F4257%2F&m=http%3A%2F%2Fm.rakuten.co.jp%2Fnanbanourai%2Fi%2F10000151%2F&rafcid=wsc_i_is_b93111dd-e085-46a2-a75f-28c1ee5d2de6
PRD_1082,야메차 랑그드샤,八女茶らんぐどしゃ,하카타 후비안(博多風美庵),REG_024,PRC_01,972,"야메차 랑그드샤는 야메 교쿠로와 야메 말차를 사용해 구운 녹차 과자다. 차 장인이 고른 감칠맛 있는 야메 교쿠로와 향이 풍부한 야메 말차를 반죽에 더하고, 사이에는 화이트 초콜릿을 넣었다. 노포 차 전문점다운 차 향과 부드러운 초콜릿 단맛이 어우러지는 후쿠오카 선물 과자다.",진한 녹차 향을 즐길 수 있어 녹차를 좋아하는 분들에게 특히 추천합니다.,1,https://dzwpvqehwr7zl.cloudfront.net/omios/products/generated/_review/PRD_1082/PRD_1082_packshot_v1.png,https://www.fuubian.com/view/item/000000000300
PRD_1083,우에노야키 찻잔 (A-blue),上野焼 湯呑み (A-blue),우에노야키 코세이가마(上野焼 耕誠窯),REG_024,PRC_04,3300,"우에노야키는 본래 다도 도구인 '차토'로 발전한 도자기입니다. 이러한 역사적 배경 덕분에 가볍고 얇으면서도 격조 높은 분위기를 지니는 것이 특징입니다. 점토가 섬세하고 작품이 얇아 건조 과정에 세심한 주의가 필요합니다. 다양한 유약이 사용되어 각기 다른 색감과 질감을 만들어내며, 특히 산화동을 이용한 녹청유는 선명한 푸른색이 매력적입니다. 이 외에도 여러 종류의 유약을 사용하여 모든 작품은 색채, 질감, 광택, 무늬가 매우 다채롭습니다.",직접 공방을 방문하여 다양한 작품을 둘러보고 마음에 드는 디자인을 고르는 것을 추천합니다.,1,https://dzwpvqehwr7zl.cloudfront.net/omios/products/generated/_review/PRD_1083/PRD_1083_packshot_v1.png,https://koseigama.jp/products/yunomi-kohseikiln-001
PRD_1084,하카타 카라시 타카나,博多辛子高菜,야마야(やまや),REG_024,PRC_01,540,하카타 카라시 타카나는 갓류 채소를 매콤하게 절여 만든 후쿠오카식 반찬입니다. 라멘 위에 올리거나 밥과 함께 먹으면 짭짤하고 칼칼한 맛이 살아납니다. 하카타 라멘 문화와도 잘 어울리는 지역 저장 식품입니다.,"밥반찬이나 라멘 토핑, 볶음밥 재료 등 다양하게 활용할 수 있어 실용적입니다.",1,https://thumbnail.image.rakuten.co.jp/@0_mall/hakataichi/cabinet/00591198/takana-rakuten1.jpg?_ex=1024x1024,https://hb.afl.rakuten.co.jp/hgc/g00plcbn.16t5uba1.g00plcbn.16t5v4fa/?pc=https%3A%2F%2Fitem.rakuten.co.jp%2Fhakataichi%2F771891%2F&m=http%3A%2F%2Fm.rakuten.co.jp%2Fhakataichi%2Fi%2F10001614%2F&rafcid=wsc_i_is_b93111dd-e085-46a2-a75f-28c1ee5d2de6
PRD_1085,무라나가노 타마고,むらながのたまご,무라나가(むらなが),REG_024,PRC_02,1296,무라나가노 타마고는 달걀을 떠올리게 하는 이름의 부드러운 크림 과자입니다. 폭신한 스펀지 안에 커스터드 크림이 들어가 달콤하고 촉촉한 맛을 냅니다. 후쿠오카 여행 선물로 부담 없이 나누기 좋은 디저트형 과자입니다.,"차갑게 해서 먹으면 더욱 맛있고, 선물용으로도 좋습니다.",1,https://dzwpvqehwr7zl.cloudfront.net/omios/products/generated/_review/PRD_1085/PRD_1085_packshot_v1.png,https://www.muranaga.co.jp/product/tamago/
PRD_1086,가루칸 만쥬,かるかん饅頭,아카시야 (明石屋),REG_025,PRC_02,1080,"가루칸 만주는 가고시마의 대표 명과인 가루칸 반죽 안에 팥소를 넣어 찐 화과자다. 아카시야 상품군에는 여덟 개입부터 스물네 개입까지 여러 구성이 있어 선물 규모에 맞춰 고를 수 있다. 쌀가루와 마를 사용한 하얗고 폭신한 반죽, 부드러운 단팥의 조합이 특징이다.","가고시마를 대표하는 전통 화과자로, 아카시야는 1860년부터 이어온 유명한 본점으로, 공항 면세점 등에서도 쉽게 구매할 수 있습니다.",1,https://thumbnail.image.rakuten.co.jp/@0_mall/aeon-kyushu/cabinet/item/item6/4946923219807_1.jpg?_ex=1024x1024,https://hb.afl.rakuten.co.jp/hgc/g00u2h5n.16t5ufce.g00u2h5n.16t5v896/?pc=https%3A%2F%2Fitem.rakuten.co.jp%2Faeon-kyushu%2F4946923219807%2F&m=http%3A%2F%2Fm.rakuten.co.jp%2Faeon-kyushu%2Fi%2F10002507%2F&rafcid=wsc_i_is_b93111dd-e085-46a2-a75f-28c1ee5d2de6
PRD_1087,가고시마 흑돼지 샤브샤브 세트,鹿児島黒豚ロース・バラしゃぶしゃぶ用,가고시마 흑돼지 전문점 동구리 (鹿児島黒豚専門店どんぐり),REG_025,PRC_06,5400,"가고시마 흑돼지 샤브샤브 세트는 로스, 목살, 삼겹 부위를 함께 맛볼 수 있는 산지 직송형 고기 세트다. 얇게 썬 흑돼지를 팔십도 안팎의 국물에 가볍게 흔들어 익히면 부드러운 감칠맛을 즐길 수 있다. 함께 들어 있는 폰즈는 연한 간장과 고치현산 유자를 바탕으로 해 돼지고기의 기름진 맛을 산뜻하게 잡아준다.","가고시마의 명물인 흑돼지를 집에서 즐길 수 있는 세트로, 선물용으로도 인기가 많으며 온라인으로 신선하게 배송받을 수 있습니다.",1,https://thumbnail.image.rakuten.co.jp/@0_mall/yorimiti/cabinet/2023event/23oseibo/231027541-1.jpg?_ex=1024x1024,https://hb.afl.rakuten.co.jp/hgc/g00q7dun.16t5u63e.g00q7dun.16t5vad1/?pc=https%3A%2F%2Fitem.rakuten.co.jp%2Fyorimiti%2F221031049%2F&m=http%3A%2F%2Fm.rakuten.co.jp%2Fyorimiti%2Fi%2F10041604%2F&rafcid=wsc_i_is_b93111dd-e085-46a2-a75f-28c1ee5d2de6
PRD_1088,사츠마아게 (모듬세트),さつま揚げ 詰め合わせ,아게타츠야 (揚立屋),REG_025,PRC_04,3780,단맛이 과하지 않고 염분도 적절하게 조절된 사츠마아게입니다. 무인산질 어육을 사용하여 안전하고 깨끗하게 만들어졌습니다. 전국 어디든 맛있는 사츠마아게를 받아보실 수 있습니다. 고품질의 재료만을 엄선하여 준비한 모듬세트 상품입니다.,"가고시마의 전통 어묵으로, 아게타츠야는 유명한 사츠마아게 전문점으로, 갓 튀겨낸 따뜻한 맛을 현지 매장에서도 즐길 수 있습니다.",1,https://dzwpvqehwr7zl.cloudfront.net/omios/products/generated/_review/PRD_1088/PRD_1088_packshot_v1.png,https://agetatsuya.com/products/detail/2
PRD_1089,가고시마 고구마 소주 '이치만',鹿児島芋焼酎「一萬」,이치만 (一萬),REG_025,PRC_02,1400,"동중국해에 떠 있는 코시마 섬에서 제조되는 고구마 소주입니다. 풍요로운 자연과 지역 사람들의 정성이 더해져 부드러운 풍미를 자랑하며, 예로부터 현지인들에게 사랑받아 온 전통 주류로 가마 항아리에 담겨 숙성됩니다. 특히 이 술은 노란 누룩과 마찬가지로 경쾌한 맛을 내는 '백누룩 리터형균'이라는 독특한 누룩곰팡이를 사용한 것이 특징입니다.","고구마 소주는 가고시마의 대표적인 술로, '이치만'은 지역 특유의 풍미를 잘 담아낸 인기 있는 브랜드 중 하나입니다.",1,https://thumbnail.image.rakuten.co.jp/@0_mall/yamasake/cabinet/syoutyu/imo/img65131038.jpg?_ex=1024x1024,https://hb.afl.rakuten.co.jp/hgc/g00r750n.16t5u2d1.g00r750n.16t5v57f/?pc=https%3A%2F%2Fitem.rakuten.co.jp%2Fyamasake%2F10003950%2F&m=http%3A%2F%2Fm.rakuten.co.jp%2Fyamasake%2Fi%2F10003950%2F&rafcid=wsc_i_is_b93111dd-e085-46a2-a75f-28c1ee5d2de6
PRD_1090,카스타돈,かすたどん,죠우키야 (蒸気屋),REG_025,PRC_02,1080,카스타돈은 가고시마의 죠키야가 만드는 커스터드 크림 증기 과자입니다. 가고시마산 달걀을 사용한 부드러운 크림을 폭신한 스펀지로 감싼 것이 특징입니다. 입안에서 녹는 듯한 촉촉함이 있어 가고시마 대표 선물 과자로 사랑받습니다.,"냉장고에 넣어 차갑게 먹으면 더욱 맛있으며, 선물용으로 매우 인기가 많아 가고시마 공항이나 기념품점에서 쉽게 찾을 수 있습니다.",1,https://thumbnail.image.rakuten.co.jp/@0_mall/yamakataya/cabinet/2024/jyouki/jyouki-02_common_pc.jpg?_ex=1024x1024,https://hb.afl.rakuten.co.jp/hgc/g00piv1n.16t5u996.g00piv1n.16t5v882/?pc=https%3A%2F%2Fitem.rakuten.co.jp%2Fyamakataya%2Fjyouki-02%2F&m=http%3A%2F%2Fm.rakuten.co.jp%2Fyamakataya%2Fi%2F10046733%2F&rafcid=wsc_i_is_b93111dd-e085-46a2-a75f-28c1ee5d2de6
PRD_1091,본탄 아메,ボンタンアメ,세이카 식품 (セイカ食品),REG_025,PRC_01,162,"골든 파인애플 주스를 사용하여 만들었으며, 상큼한 풍미와 달콤함이 특징입니다. 본탄 아메와 비슷한 쫄깃한 식감의 부드러운 간식입니다. 입안 가득 퍼지는 큰 과일 특유의 진한 풍미와 청량한 향을 느낄 수 있습니다. 오랜 역사를 지닌 제품으로, 아이부터 어른까지 여러 세대가 즐겨온 인기 상품입니다.","오랫동안 사랑받아온 가고시마의 추억의 간식으로, 편의점이나 슈퍼마켓에서 저렴하게 구매할 수 있습니다.",1,https://thumbnail.image.rakuten.co.jp/@0_mall/exicoast02/cabinet/13275282/imgrc0113620206.jpg?_ex=1024x1024,https://hb.afl.rakuten.co.jp/hgc/g00t2xqn.16t5u1b8.g00t2xqn.16t5v5cf/?pc=https%3A%2F%2Fitem.rakuten.co.jp%2Fexicoast02%2Fn1b-b33-957%2F&m=http%3A%2F%2Fm.rakuten.co.jp%2Fexicoast02%2Fi%2F10000469%2F&rafcid=wsc_i_is_b93111dd-e085-46a2-a75f-28c1ee5d2de6
PRD_1092,카라토우 레어 케이크 페스티바로,唐芋レアケーキ フェスティバロ,페스티바로 (フェスティバロ),REG_025,PRC_02,1350,"카라토우 레어 케이크 페스티바로는 달고 맛있는 고구마의 풍미를 느낄 수 있는 제품입니다. 이 케이크는 고구마 레어 케이크의 원조로 알려져 많은 분들에게 사랑받고 있습니다. 부드럽게 넘어가는 식감과 함께 고구마 본연의 달콤함이 은은하게 퍼지는 것이 특징입니다. 다양한 맛으로 즐길 수 있으며, 집에서 간식으로 즐기거나 선물용 답례품으로도 좋습니다.","냉동 상태로 판매되며, 집에서 해동하여 신선한 맛을 즐길 수 있어 가고시마의 인기 있는 냉동 기념품입니다.",1,https://thumbnail.image.rakuten.co.jp/@0_mall/festivalo/cabinet/imgrc0317616992.jpg?_ex=1024x1024,https://hb.afl.rakuten.co.jp/hgc/g00rr4dn.16t5u796.g00rr4dn.16t5vd63/?pc=https%3A%2F%2Fitem.rakuten.co.jp%2Ffestivalo%2F102%2F&m=http%3A%2F%2Fm.rakuten.co.jp%2Ffestivalo%2Fi%2F10000005%2F&rafcid=wsc_i_is_b93111dd-e085-46a2-a75f-28c1ee5d2de6
PRD_1093,치란차 (녹차),知覧茶,사츠마엔 (薩摩園),REG_025,PRC_02,1080,엄선된 차만을 사용하여 만들었습니다. 니타오의 치란차원에서 독자적인 방식으로 깊은 맛을 구현했습니다. 신선한 생잎을 정성껏 쪄서 만드는 것이 특징입니다. 이 제품은 치란차원의 깊게 증기 처리한 녹차 골드 상품입니다.,"일본 차 생산량 2위를 자랑하는 가고시마의 대표적인 차로, 다양한 등급과 형태로 판매되어 취향에 맞춰 고를 수 있습니다.",1,https://thumbnail.image.rakuten.co.jp/@0_mall/p-tano/cabinet/shohin500_02/562-5734.jpg?_ex=1024x1024,https://hb.afl.rakuten.co.jp/hgc/g00qpdqn.16t5u5bf.g00qpdqn.16t5v5fd/?pc=https%3A%2F%2Fitem.rakuten.co.jp%2Fp-tano%2F562-5734%2F&m=http%3A%2F%2Fm.rakuten.co.jp%2Fp-tano%2Fi%2F10061983%2F&rafcid=wsc_i_is_b93111dd-e085-46a2-a75f-28c1ee5d2de6
PRD_1094,히토미 바삭바삭 카츠오부시,ひとみぱりぱりかつおぶし,아사히 가쓰오부시 (朝日鰹節),REG_025,PRC_01,540,"히토미 바삭바삭 가쓰오부시는 얇게 깎은 가다랑어포를 바삭한 식감으로 즐기도록 만든 식품입니다. 그대로 먹으면 고소하고 짭짤한 감칠맛이 나며, 밥이나 두부 위에 올려도 잘 어울립니다. 전통 조미 재료를 간식처럼 먹기 좋게 만든 상품입니다.","가쓰오부시로 유명한 가고시마의 특산품으로, 술안주나 밥반찬으로 좋으며 아이들도 좋아하는 맛입니다.",1,https://dzwpvqehwr7zl.cloudfront.net/omios/products/generated/_review/PRD_1094/PRD_1094_packshot_v1.png,https://www.rakuten.co.jp/asahi-katsuobushi/base/p2/
PRD_1095,쿠로부타 미소,黒豚みそ,미나미니혼 낙농 (南日本酪農),REG_025,PRC_01,540,흑돼지의 깊은 감칠맛을 가득 담아낸 전통 미소입니다. 이 제품은 규슈 지역의 특산품으로 알려진 흑돼지 미소를 활용했습니다. 흑돼지의 풍부한 감칠맛이 응축되어 있어 깊고 진한 맛을 느낄 수 있습니다.,"따뜻한 밥에 비벼 먹거나, 채소 스틱에 찍어 먹는 등 다양한 요리에 활용할 수 있는 가고시마의 대표적인 반찬입니다.",1,https://thumbnail.image.rakuten.co.jp/@0_mall/hiroshimatsuya/cabinet/04297726/kurobutamiso.jpg?_ex=1024x1024,https://hb.afl.rakuten.co.jp/hgc/g00rr15n.16t5u521.g00rr15n.16t5v6f1/?pc=https%3A%2F%2Fitem.rakuten.co.jp%2Fhiroshimatsuya%2F5000781%2F&m=http%3A%2F%2Fm.rakuten.co.jp%2Fhiroshimatsuya%2Fi%2F10000435%2F&rafcid=wsc_i_is_b93111dd-e085-46a2-a75f-28c1ee5d2de6
PRD_1096,시로쿠마 아이스,白熊アイス,무쟈키 (むじゃき),REG_025,PRC_01,389,"시로쿠마 아이스는 가고시마 명물 시로쿠마 빙수의 맛을 바탕으로 한 차가운 디저트다. 텐몬칸 무자키의 시로쿠마 메뉴는 원조 시로쿠마를 중심으로 초콜릿, 우지 금시 등 다양한 맛과 크기로 소개된다. 연유 계열의 달콤한 베이스에 과일과 팥을 더하는 화려한 스타일이 특징이다.","가고시마에서 시작된 유명한 디저트로, 원조 매장인 '무쟈키'에서 직접 맛볼 수 있으며, 편의점에서도 컵 아이스크림을 구매할 수 있습니다.",1,https://thumbnail.image.rakuten.co.jp/@0_mall/gururi-japan/cabinet/09391644/09961538/imgrc0112194680.jpg?_ex=1024x1024,https://hb.afl.rakuten.co.jp/hgc/g00tlf1n.16t5ua49.g00tlf1n.16t5v746/?pc=https%3A%2F%2Fitem.rakuten.co.jp%2Fgururi-japan%2F10000015%2F&m=http%3A%2F%2Fm.rakuten.co.jp%2Fgururi-japan%2Fi%2F10000015%2F&rafcid=wsc_i_is_b93111dd-e085-46a2-a75f-28c1ee5d2de6
PRD_1097,키비나고 히모노 (말린 청어),きびなご丸干し,야마사키스이산 (山崎水産),REG_025,PRC_01,500,"키비나고 히모노는 가고시마에서 오래 사랑받아 온 작은 생선 키비나고를 말린 수산 가공품이다. 신선한 키비나고를 이틀 동안 말린 구운 통마리 상품처럼, 밥반찬과 술안주로 먹기 좋은 구성이 소개된다. 가고시마 향토요리에 빠지지 않는 생선의 감칠맛을 간편하게 즐길 수 있는 건어물이다.","간단히 구워서 술안주로 즐기거나, 밥반찬으로 좋으며, 가고시마 현지 시장이나 수산물 상점에서 신선한 것을 구매할 수 있습니다.",1,https://thumbnail.image.rakuten.co.jp/@0_mall/nipponmarche/cabinet/shohin18/4950927770370_01.jpg?_ex=1024x1024,https://hb.afl.rakuten.co.jp/hgc/53033622.7bbb75b6.53033623.c98a76f0/?pc=https%3A%2F%2Fitem.rakuten.co.jp%2Fnipponmarche%2F4950927770370%2F&m=https%3A%2F%2Fitem.rakuten.co.jp%2Fnipponmarche%2F4950927770370%2F
PRD_1098,아쿠마키,あくまき,후쿠도라야 (福徳屋),REG_025,PRC_01,400,"아쿠마키는 고소한 기나코를 입힌 제품입니다. 이 음식은 과거 사쓰마 군의 병량으로 사용되었다고 전해집니다. 전설에 따르면, 다른 부대의 식량이 바닥난 상황에서도 사쓰마 병사들은 아쿠마키로 배를 채우며 높은 사기를 유지하여 두려움의 대상이 되기도 했습니다.","콩가루나 흑설탕 시럽에 찍어 먹는 것이 일반적이며, 가고시마의 슈퍼마켓이나 전통 시장에서 찾아볼 수 있습니다.",1,https://thumbnail.image.rakuten.co.jp/@0_mall/oosumifarm/cabinet/akumaki00.jpg?_ex=1024x1024,https://hb.afl.rakuten.co.jp/hgc/g00q3asn.16t5ue7b.g00q3asn.16t5vc91/?pc=https%3A%2F%2Fitem.rakuten.co.jp%2Foosumifarm%2Fakumaki01%2F&m=http%3A%2F%2Fm.rakuten.co.jp%2Foosumifarm%2Fi%2F10000252%2F&rafcid=wsc_i_is_b93111dd-e085-46a2-a75f-28c1ee5d2de6
PRD_1099,본바 대시마츠무기 넥타이,本場大島紬ネクタイ,오오시마츠무기 공업조합 (大島紬工業組合),REG_025,PRC_06,15000,"본바 대시마츠무기 넥타이는 아마미 오시마의 전통 직물 오시마츠무기를 사용한 고급 넥타이다. 본장 아마미 오시마츠무기는 세계적인 직물로 소개되는 전통 공예품이며, 섬세한 무늬와 견고한 직조감이 특징이다. 직물의 품격을 비즈니스 소품으로 옮긴 상품이라, 가고시마 전통 공예 선물로 어울린다.","섬세한 무늬와 부드러운 촉감이 특징이며, 남성분들에게 특별한 기념품이나 선물로 좋습니다.",1,https://thumbnail.image.rakuten.co.jp/@0_mall/amaminosato/cabinet/item/tie/nekutai2.jpg?_ex=1024x1024,https://hb.afl.rakuten.co.jp/hgc/g00rdvvn.16t5uf38.g00rdvvn.16t5v96f/?pc=https%3A%2F%2Fitem.rakuten.co.jp%2Famaminosato%2F10000444%2F&m=http%3A%2F%2Fm.rakuten.co.jp%2Famaminosato%2Fi%2F10000513%2F&rafcid=wsc_i_is_b93111dd-e085-46a2-a75f-28c1ee5d2de6
PRD_1100,사츠마키리코 잔,薩摩切子猪口,사츠마키리코 공예 (薩摩切子工芸),REG_025,PRC_06,33000,사츠마키리코 잔은 가고시마의 유리 공예인 사츠마키리코 기법을 담은 작은 잔입니다. 두꺼운 색유리에 정교한 컷을 넣어 빛을 받으면 선명한 그라데이션이 나타납니다. 술잔이나 장식용으로 쓰기 좋은 고급 공예 기념품입니다.,"사츠마키리코는 고가이지만, 작은 잔이나 액세서리 등 비교적 저렴한 품목도 있으며, 가고시마 관광 기념품점에서 찾아볼 수 있습니다.",1,https://thumbnail.image.rakuten.co.jp/@0_mall/yamakataya/cabinet/tunen/kirico/c18/c18n_y.gif?_ex=1024x1024,https://hb.afl.rakuten.co.jp/hgc/g00piv1n.16t5u996.g00piv1n.16t5v882/?pc=https%3A%2F%2Fitem.rakuten.co.jp%2Fyamakataya%2F1561537%2F&m=http%3A%2F%2Fm.rakuten.co.jp%2Fyamakataya%2Fi%2F10000683%2F&rafcid=wsc_i_is_b93111dd-e085-46a2-a75f-28c1ee5d2de6
PRD_1101,야쿠스기 젓가락,屋久杉箸,야쿠스기 공예 나가이 (屋久杉工芸永井),REG_025,PRC_04,3850,"야쿠스기 젓가락은 야쿠시마의 오래된 삼나무인 야쿠스기 소재 이미지를 살린 식탁용 젓가락입니다. 나뭇결의 무늬와 가벼운 촉감이 특징이며, 자연 소재의 따뜻한 분위기를 줍니다. 야쿠시마 숲과 목공예의 기억을 매일 쓰는 생활도구로 남길 수 있는 상품입니다.","야쿠스기는 특유의 향과 아름다운 나뭇결이 특징이며, 소중한 사람을 위한 특별한 선물로 좋습니다.",1,https://thumbnail.image.rakuten.co.jp/@0_mall/sajikame/cabinet/kh/kh-4589544033195.jpg?_ex=1024x1024,https://hb.afl.rakuten.co.jp/hgc/g00scpan.16t5ue7b.g00scpan.16t5v7cf/?pc=https%3A%2F%2Fitem.rakuten.co.jp%2Fsajikame%2Fkh-4589544033195%2F&m=http%3A%2F%2Fm.rakuten.co.jp%2Fsajikame%2Fi%2F10004015%2F&rafcid=wsc_i_is_b93111dd-e085-46a2-a75f-28c1ee5d2de6
PRD_1102,사츠마 도자기 잔,薩摩焼湯呑,류몬지 야키 (龍門司焼),REG_025,PRC_03,2750,"사츠마 도자기 잔은 손에 들어오는 작은 찻잔 형태의 생활 도자기다. 겉면은 유약을 바르지 않고 구워 흙의 질감을 손으로 직접 느낄 수 있게 만들었고, 둥근 튤립형 형태는 차 향이 올라오기 쉽다고 소개된다. 차를 마시는 용도는 물론, 하루를 마무리하는 작은 술잔으로도 쓰기 좋은 도자기 소품이다.","수백 년 역사를 지닌 사츠마 야키는 다양한 양식이 있으므로, 취향에 맞는 것을 선택할 수 있습니다.",1,https://thumbnail.image.rakuten.co.jp/@0_mall/sakedondon/cabinet/46/164046_1.jpg?_ex=1024x1024,https://hb.afl.rakuten.co.jp/hgc/53033622.7bbb75b6.53033623.c98a76f0/?pc=https%3A%2F%2Fitem.rakuten.co.jp%2Fsakedondon%2F164046%2F&m=https%3A%2F%2Fitem.rakuten.co.jp%2Fsakedondon%2F164046%2F
PRD_1103,사츠마 회양목 빗,薩摩つげ櫛,쥬니야 혼포 (十三や本舗),REG_025,PRC_06,10000,"사츠마 회양목 빗은 가고시마산 회양목으로 만든 고급 목제 빗입니다. 회양목은 목질이 치밀하고 단단해 빗, 도장, 장기알 등에 쓰이며, 특히 규슈 최남단 가고시마산 회양목은 품질이 좋다고 알려져 있습니다. 표면이 매끄럽고 오래 사용할 수 있는 소재라 정전기를 줄이고 머릿결을 정돈하는 전통 생활 공예품 성격이 강합니다.","천연 소재의 고급 빗으로, 오래 사용할수록 길들어지고 아름다워지므로, 자신이나 소중한 사람을 위한 선물로 좋습니다.",1,https://thumbnail.image.rakuten.co.jp/@0_mall/hair-higaki/cabinet/03873928/imgrc0073927354.jpg?_ex=1024x1024,https://hb.afl.rakuten.co.jp/hgc/g00rc0sn.16t5udc5.g00rc0sn.16t5v5d4/?pc=https%3A%2F%2Fitem.rakuten.co.jp%2Fhair-higaki%2F660-611%2F&m=http%3A%2F%2Fm.rakuten.co.jp%2Fhair-higaki%2Fi%2F10001408%2F&rafcid=wsc_i_is_b93111dd-e085-46a2-a75f-28c1ee5d2de6
PRD_1104,벚꽃섬 화산재 비누,桜島火山灰せっけん,오오스미물산 (大隅物産),REG_025,PRC_01,880,"벚꽃섬 화산재 비누는 사쿠라지마 화산재 계열 스킨케어 상품이다. 미세한 화산재 분말이 들어간 상쾌한 사용감의 비누로, 칙칙함과 모공 관리에 초점을 둔 상품 설명이 붙어 있다. 풍성한 거품과 흡착감으로 산뜻하게 씻어내는 가고시마 지역 소재의 세안 비누다.","가고시마의 상징인 벚꽃섬의 화산재를 활용한 독특한 제품으로, 피부 관리에 관심 있는 분들께 추천합니다.",1,https://thumbnail.image.rakuten.co.jp/@0_mall/freesh/cabinet/pick5/4903075286002-1.jpg?_ex=1024x1024,https://hb.afl.rakuten.co.jp/hgc/g00t6bgn.16t5u56f.g00t6bgn.16t5v03b/?pc=https%3A%2F%2Fitem.rakuten.co.jp%2Ffreesh%2Fnichi-4903075286002%2F&m=http%3A%2F%2Fm.rakuten.co.jp%2Ffreesh%2Fi%2F10054771%2F&rafcid=wsc_i_is_b93111dd-e085-46a2-a75f-28c1ee5d2de6
PRD_1105,유리 사쿠라지마 컵,ガラス桜島コップ,마키노 글라스 (牧野グラス),REG_025,PRC_03,2530,유리 사쿠라지마 컵은 가고시마의 상징인 사쿠라지마를 모티프로 한 유리잔입니다. 화산섬의 실루엣이나 재의 이미지를 잔 디자인에 담아 지역성을 보여줍니다. 물이나 차를 마시는 생활용품이면서 여행지 장식품 역할도 합니다.,"기념품으로 적합하며, 음료를 따랐을 때 벚꽃섬이 물에 비치는 듯한 모습이 독특한 매력을 선사합니다.",1,https://dzwpvqehwr7zl.cloudfront.net/omios/products/generated/_review/PRD_1105/PRD_1105_packshot_v1.png,https://www.rakuten.co.jp/makinoglass/base/sakurajima/
PRD_1106,흑설탕,黒砂糖,아마미 유이노시마 (奄美ゆいの島),REG_025,PRC_01,540,장수하는 섬이자 흑설탕의 발상지인 아마미 오시마에서 온 제품입니다. 남쪽 섬의 뜨거운 태양 아래 자란 사탕수수를 짜내어 달콤한 즙을 졸여 만든 것이 특징입니다. 이 과정 덕분에 미네랄이 풍부하다고 알려져 있습니다. 일상의 휴식 시간에 즐기기에 좋은 깊은 맛을 선사할 것입니다.,"요리에 활용하거나, 커피나 차에 넣어 마시면 좋으며, 가고시마현 전역에서 아마미 특산품으로 널리 판매됩니다.",1,https://thumbnail.image.rakuten.co.jp/@0_mall/cocochi-oki/cabinet/03854526/konakokuto500x2-s1.jpg?_ex=1024x1024,https://hb.afl.rakuten.co.jp/hgc/53033622.7bbb75b6.53033623.c98a76f0/?pc=https%3A%2F%2Fitem.rakuten.co.jp%2Fcocochi-oki%2F10000374%2F&m=https%3A%2F%2Fitem.rakuten.co.jp%2Fcocochi-oki%2F10000374%2F
PRD_1107,아마미 닭고기밥 (케한) 인스턴트,奄美鶏飯 (フリーズドライ),야마토 식료품 (やまと食料品),REG_025,PRC_02,1080,프리즈 드라이 방식으로 재현하여 집에서도 간편하게 닭고기밥(케한)을 즐길 수 있습니다. 이 제품은 아마미 오시마 지역 특산품인 흑당콩이 들어갔습니다. 열대 지방의 풍미와 향긋함을 느낄 수 있는 것이 특징입니다. 바쁜 일상 속에서 맛있는 케한을 간편하게 즐기기에 좋습니다.,"뜨거운 물만 부으면 현지의 맛을 재현할 수 있어, 바쁜 여행객이나 선물용으로 매우 편리합니다.",1,https://thumbnail.image.rakuten.co.jp/@0_mall/ibusukiya/cabinet/keihan/amami-keihan-5.jpg?_ex=1024x1024,https://hb.afl.rakuten.co.jp/hgc/g00tsakn.16t5u88c.g00tsakn.16t5v264/?pc=https%3A%2F%2Fitem.rakuten.co.jp%2Fibusukiya%2Fkeihan-5%2F&m=http%3A%2F%2Fm.rakuten.co.jp%2Fibusukiya%2Fi%2F10000976%2F&rafcid=wsc_i_is_b93111dd-e085-46a2-a75f-28c1ee5d2de6
PRD_1108,사이고동 굿즈 열쇠고리,西郷どんグッズ キーホルダー,가고시마 미야게 혼포 (鹿児島土産本舗),REG_025,PRC_01,770,사이고돈 테마의 인기 스트랩 및 키홀더 상품입니다. '고고 사이고돈' 시리즈로 출시된 이 제품은 사이고돈 관련 다양한 굿즈 중 하나입니다. 특히 메이지 유신 150주년을 기념하는 의미를 담아 제작되었습니다.,"가고시마의 역사와 문화를 상징하는 인물로, 다양한 사이고동 굿즈 중 열쇠고리는 가볍고 부담 없는 기념품입니다.",1,https://dzwpvqehwr7zl.cloudfront.net/omios/products/generated/_review/PRD_1108/PRD_1108_packshot_v1.png,https://www.kaguya-honten.jp/shopdetail/000000000412/
PRD_1109,분화재 주머니,降灰袋,가고시마시 (鹿児島市),REG_025,PRC_01,0,분화재 주머니는 가고시마 시민들이 사쿠라지마 화산재를 수거할 때 쓰는 주황색 봉투를 모티프로 한 상품입니다. 실제 지역 생활과 화산 도시의 특수한 환경을 보여주는 상징성이 큽니다. 독특한 이야기가 있어 일반 기념품보다 현지색이 강하게 느껴집니다.,"가고시마의 독특한 일상문화를 보여주는 상징적인 아이템으로, 기념품점에서 미니어처나 관련 굿즈를 구매할 수 있습니다. (실제 봉투는 무료 배포)",1,https://thumbnail.image.rakuten.co.jp/@0_mall/kagoshima-city/cabinet/item/k116/k116-004_s.jpg?_ex=1024x1024,https://hb.afl.rakuten.co.jp/hgc/g00us99n.16t5u34b.g00us99n.16t5vba6/?pc=https%3A%2F%2Fitem.rakuten.co.jp%2Fkagoshima-city%2Fk116-004%2F&m=http%3A%2F%2Fm.rakuten.co.jp%2Fkagoshima-city%2Fi%2F10000144%2F&rafcid=wsc_i_is_b93111dd-e085-46a2-a75f-28c1ee5d2de6
PRD_1110,가고시마 흑돼지 카레,鹿児島黒豚カレー,혼포 (本舗),REG_025,PRC_01,648,부드러운 흑돼지의 풍미가 가득한 레토르트 카레입니다. 깊고 진한 맛과 함께 상쾌하게 매콤한 매력이 특징인 제품입니다. 고급스러운 맛을 자랑하는 가고시마 흑돼지 카레를 즐겨보세요.,"조리하기 간편하여 선물용이나 집에서 먹기 좋으며, 가고시마의 특산품 판매점에서 쉽게 찾아볼 수 있습니다.",1,https://thumbnail.image.rakuten.co.jp/@0_mall/nipponselect/cabinet/item/g0002_25_07/03/g000225072251.jpg?_ex=1024x1024,https://hb.afl.rakuten.co.jp/hgc/g00ska5n.16t5u689.g00ska5n.16t5v27f/?pc=https%3A%2F%2Fitem.rakuten.co.jp%2Fnipponselect%2Fg000225072251%2F&m=http%3A%2F%2Fm.rakuten.co.jp%2Fnipponselect%2Fi%2F10210551%2F&rafcid=wsc_i_is_b93111dd-e085-46a2-a75f-28c1ee5d2de6
PRD_1111,야쿠시마 탄칸 립밤,屋久島たんかんリップバーム,야쿠시마 미야게 본포 (屋久島土産本舗),REG_025,PRC_01,770,야쿠시마 탄칸 립밤은 야쿠시마 특산 감귤인 탄칸의 향을 활용한 입술 보습 제품입니다. 과일의 상큼한 향과 부드러운 사용감이 특징인 휴대용 화장품입니다. 섬의 농산물 이미지를 일상 관리 제품으로 옮긴 기념품입니다.,"야쿠시마의 자연을 느낄 수 있는 실용적인 기념품으로, 여성분들께 인기가 많습니다.",1,https://dzwpvqehwr7zl.cloudfront.net/omios/products/generated/_review/PRD_1111/PRD_1111_packshot_v1.png,https://www.yakushima-shop.jp/shopdetail/000000000109/
PRD_1112,가고시마 라멘 (가정용),鹿児島ラーメン（お土産用）,코무라사키 (こむらさき),REG_025,PRC_02,1080,가고시마 라멘은 가고시마식 국물과 면을 집에서 조리할 수 있게 만든 가정용 라멘입니다. 돼지뼈 계열의 진한 맛에 지역 라멘점의 분위기를 더한 것이 특징입니다. 여행 후에도 가고시마의 한 그릇을 간편하게 다시 맛볼 수 있는 제품입니다.,현지의 맛을 그대로 재현하여 집에서도 가고시마의 명물 라멘을 맛볼 수 있어 라멘 애호가에게 좋은 선물입니다.,1,https://dzwpvqehwr7zl.cloudfront.net/omios/products/generated/_review/PRD_1112/PRD_1112_packshot_v1.png,https://www.komurasaki.com/index.php?data=./data/l6/
PRD_1113,두겹떡,両棒餅 (じゃんぼ餅),모리요시 (森よし),REG_025,PRC_01,600,두겹떡은 가고시마에서 오래 먹어 온 꼬치 떡 과자입니다. 작은 떡을 두 개의 꼬치에 끼우고 달콤짭짤한 간장 양념을 발라 먹는 방식이 특징입니다. 사찰 참배나 관광지 간식으로도 알려진 소박한 향토 음식입니다.,"가고시마 시내의 이소 해변 근처에서 유명하며, 갓 구워낸 따뜻한 떡을 맛보는 것이 가장 좋습니다.",1,https://dzwpvqehwr7zl.cloudfront.net/omios/products/generated/_review/PRD_1113/PRD_1113_packshot_v1.png,https://tabelog.com/kagoshima/A4601/A460101/46001069/
PRD_1114,벚꽃섬 코미칸 주스,桜島小みかんジュース,타카노 과수원 (高野果樹園),REG_025,PRC_01,756,"벚꽃섬 코미칸 주스는 싱그러운 코미칸의 맛을 담은 주스입니다. 이 제품은 순수한 맛을 강조한 스트레이트 타입으로, 원액 그대로의 깊고 깔끔한 풍미를 즐길 수 있습니다. 계절의 색을 담아낸 상품답게, 제철에 맞는 특별함을 느낄 수 있는 코미칸 주스입니다.","새콤달콤한 맛과 향이 특징이며, 벚꽃섬 기념품점이나 현지 마트에서 구매할 수 있습니다.",1,https://thumbnail.image.rakuten.co.jp/@0_mall/yksakai/cabinet/13010612/42302838_1.jpg?_ex=1024x1024,https://hb.afl.rakuten.co.jp/hgc/53033622.7bbb75b6.53033623.c98a76f0/?pc=https%3A%2F%2Fitem.rakuten.co.jp%2Fyksakai%2Fl3ic5aqyt5oyyunpsnc2r67bz4%2F&m=https%3A%2F%2Fitem.rakuten.co.jp%2Fyksakai%2Fl3ic5aqyt5oyyunpsnc2r67bz4%2F
PRD_1115,야쿠스기 열쇠고리,屋久杉ストラップ,야쿠시마 물산 (屋久島物産),REG_025,PRC_02,1500,야쿠스기 열쇠고리는 야쿠시마의 오래된 삼나무인 야쿠스기 소재 이미지를 담은 소형 장식품입니다. 나뭇결의 자연스러운 무늬와 따뜻한 촉감이 특징입니다. 열쇠나 가방에 달아 야쿠시마 숲 여행의 기억을 간직하기 좋습니다.,"가볍고 휴대하기 좋으며, 야쿠스기의 자연스러운 아름다움을 느낄 수 있는 기념품입니다.",1,https://thumbnail.image.rakuten.co.jp/@0_mall/gokurakuya5968/cabinet/02579136/06576314/imgrc0084392956.jpg?_ex=1024x1024,https://hb.afl.rakuten.co.jp/hgc/g00raxln.16t5u275.g00raxln.16t5v164/?pc=https%3A%2F%2Fitem.rakuten.co.jp%2Fgokurakuya5968%2F10001229%2F&m=http%3A%2F%2Fm.rakuten.co.jp%2Fgokurakuya5968%2Fi%2F10001229%2F&rafcid=wsc_i_is_b93111dd-e085-46a2-a75f-28c1ee5d2de6
PRD_1116,가고시마 방언 티셔츠,鹿児島弁Tシャツ,가고시마 미야게 (鹿児島お土産),REG_025,PRC_03,2750,"가고시마 방언 티셔츠는 가고시마 지역 말을 그래픽으로 담은 지역 굿즈입니다. 가투이 팩토리의 방언 티셔츠처럼 사쓰마 지역 특유의 표현을 전면 문구로 사용해, 현지 문화와 유머를 옷으로 보여주는 방식이 특징입니다. 여행 기념품이나 캐주얼 의류로 입기 좋고, 가고시마 말의 강한 개성을 가볍게 즐길 수 있는 상품입니다.","가고시마의 문화적 특징을 재미있게 표현한 기념품으로, 유니크한 선물을 찾는 사람에게 좋습니다.",1,https://thumbnail.image.rakuten.co.jp/@0_mall/nesnoo2/cabinet/shouhin01/shouhin/stk020/kids-00.jpg?_ex=1024x1024,https://hb.afl.rakuten.co.jp/hgc/53033622.7bbb75b6.53033623.c98a76f0/?pc=https%3A%2F%2Fitem.rakuten.co.jp%2Fnesnoo2%2Fstk020k%2F&m=https%3A%2F%2Fitem.rakuten.co.jp%2Fnesnoo2%2Fstk020k%2F
PRD_1117,벚꽃섬 후화산재 타월,桜島降灰タオル,마르타마 타올 (マルタマタオル),REG_025,PRC_02,1100,벚꽃섬 후화산재 타월은 사쿠라지마의 화산재 이미지를 활용한 가고시마 지역 타월입니다. 생활용품에 화산 도시의 독특한 이야기를 담아 재미있는 기념품 성격을 가집니다. 부드러운 수건 소재라 실사용과 여행 추억 보관을 함께 할 수 있습니다.,"가고시마의 상징인 화산재를 활용한 실용적인 기념품으로, 환경 친화적인 선물로도 좋습니다.",1,https://dzwpvqehwr7zl.cloudfront.net/omios/products/generated/_review/PRD_1117/PRD_1117_packshot_v1.png,https://www.rakuten.co.jp/marutamacho/base/sakurajima_towel/
PRD_1118,가고시마 유나이티드 FC 머플러 타월,鹿児島ユナイテッドFCタオルマフラー,가고시마 유나이티드 FC (鹿児島ユナイテッドFC),REG_025,PRC_03,2200,가고시마 유나이티드 머플러 타월은 구단 색과 마스코트 유나이쿠 디자인을 담은 응원용 굿즈입니다. 경기장에서 목에 두르거나 들어 올려 응원하기 좋은 길쭉한 타월 형태입니다. 축구 관람의 현장감을 남기면서 일상 타월이나 기념품으로도 쓸 수 있는 팬 상품입니다.,"축구 팬이나 스포츠를 좋아하는 사람에게 좋은 기념품으로, 경기장 주변 상점이나 공식 온라인 스토어에서 구매할 수 있습니다.",1,https://dzwpvqehwr7zl.cloudfront.net/omios/products/generated/_review/PRD_1118/PRD_1118_packshot_v1.png,https://www.kufcshop.com/view/item/000000000216
PRD_1119,흑돼지 캐릭터 스트랩,黒豚キャラクター ストラップ,가고시마 미야게 혼포 (鹿児島土産本舗),REG_025,PRC_01,660,흑돼지 캐릭터 스트랩은 가고시마 흑돼지 이미지를 귀엽게 표현한 작은 걸이형 소품입니다. 지역 축산물의 상징을 캐릭터로 만든 상품이라 가방이나 열쇠에 달기 좋습니다. 먹거리 기념품과 달리 오래 보관할 수 있는 가고시마 캐릭터 굿즈입니다.,"휴대폰이나 가방에 달 수 있는 아기자기한 기념품으로, 아이들이나 귀여운 것을 좋아하는 분들께 좋습니다.",1,https://thumbnail.image.rakuten.co.jp/@0_mall/ypshop/cabinet/11587396/11873911/compass1742910654.jpg?_ex=1024x1024,https://hb.afl.rakuten.co.jp/hgc/g00tsvdn.16t5u205.g00tsvdn.16t5v55a/?pc=https%3A%2F%2Fitem.rakuten.co.jp%2Fypshop%2Fwx0206%2F&m=http%3A%2F%2Fm.rakuten.co.jp%2Fypshop%2Fi%2F10004642%2F&rafcid=wsc_i_is_b93111dd-e085-46a2-a75f-28c1ee5d2de6
PRD_1120,츠게 오일,つげオイル,쥬니야 혼포 (十三や本舗),REG_025,PRC_03,2000,츠게 오일은 나무 빗이나 목재 소품을 관리하는 데 쓰기 좋은 오일 계열 상품입니다. 건조한 목재에 윤기를 더하고 결을 보호하는 용도로 활용됩니다. 작은 병에 담긴 관리 제품이라 전통 소품을 오래 쓰려는 사람에게 어울립니다.,"사츠마 회양목 빗과 세트로 구매하면 더욱 좋으며, 가고시마의 미용 관련 상점에서 찾아볼 수 있습니다.",1,https://thumbnail.image.rakuten.co.jp/@0_mall/smile-career/cabinet/100972_1/62009738_img_0.jpg?_ex=1024x1024,https://hb.afl.rakuten.co.jp/hgc/g00uptrn.16t5ud39.g00uptrn.16t5v90e/?pc=https%3A%2F%2Fitem.rakuten.co.jp%2Fsmile-career%2F620097381141921%2F&m=http%3A%2F%2Fm.rakuten.co.jp%2Fsmile-career%2Fi%2F10039655%2F&rafcid=wsc_i_is_b93111dd-e085-46a2-a75f-28c1ee5d2de6
PRD_1121,사이고동 그림 엽서 세트,西郷どん ポストカードセット,가고시마 미야게 혼포 (鹿児島土産本舗),REG_025,PRC_01,660,"사이고동 그림 엽서 세트는 가고시마의 역사 인물 사이고 다카모리를 테마로 한 기념 엽서 상품입니다. 메이지 유신과 사이고동을 앞세운 가고시마 관광 기념품 흐름에 맞춘 굿즈로, 지역 방문의 추억을 그림 카드 형태로 남기기 좋습니다. 엽서 세트라 보관하거나 선물하기 쉽고, 가고시마 역사 캐릭터를 가볍게 수집할 수 있는 상품입니다.","여행의 추억을 간직하거나, 소중한 사람에게 가고시마 소식을 전하기 좋은 부담 없는 기념품입니다.",1,https://dzwpvqehwr7zl.cloudfront.net/omios/products/generated/_review/PRD_1121/PRD_1121_packshot_v1.png,https://www.kaguya-honten.jp/shopdetail/000000000403/
PRD_1122,가고시마 시영 전차 미니어처,鹿児島市電ミニチュア,테츠도모케 (鉄道模型),REG_025,PRC_04,3850,가고시마 시영 전차 미니어처는 가고시마 시내를 달리는 노면전차를 작은 모형으로 만든 상품입니다. 지역 교통수단의 색감과 형태를 축소해 철도 굿즈처럼 즐길 수 있습니다. 전차가 지나는 도시 풍경을 책상 위 장식으로 남기기 좋습니다.,철도 모형을 좋아하는 분이나 가고시마의 대중교통에 대한 추억을 간직하고 싶은 분에게 특별한 선물입니다.,1,https://dzwpvqehwr7zl.cloudfront.net/omios/products/generated/_review/PRD_1122/PRD_1122_packshot_v1.png,https://tetsudou-mokei.com/?pid=170889988
PRD_1123,타루미즈 온천수 미스트,垂水温泉水ミスト,타루미즈 온천수 (垂水温泉水),REG_025,PRC_02,1320,타루미즈 온천수 미스트는 가고시마 타루미즈 지역의 온천수 이미지를 활용한 분사형 보습 제품입니다. 얼굴이나 피부에 가볍게 뿌려 건조함을 달래는 용도로 쓰입니다. 온천 여행의 느낌을 휴대용 화장품으로 이어 가는 상품입니다.,"화장 전후 또는 건조할 때 수시로 뿌려주면 좋으며, 가고시마 지역 온천 관광지 기념품점에서 구매할 수 있습니다.",1,https://dzwpvqehwr7zl.cloudfront.net/omios/products/generated/_review/PRD_1123/PRD_1123_packshot_v1.png,https://www.tarumizuwaters.com/SHOP/0000000010.html
PRD_1124,가고시마 차 푸딩,鹿児島茶ぷりん,오차노후쿠쥬엔 (お茶の福壽園),REG_025,PRC_01,432,가고시마 차 푸딩은 가고시마 차의 향을 부드러운 푸딩 질감으로 즐기는 디저트입니다. 녹차의 은은한 쌉싸름함과 우유 푸딩의 단맛이 함께 느껴집니다. 차 산지의 이미지를 선물용 냉장 과자로 풀어낸 제품입니다.,"냉장 보관이 필요하며, 녹차 특유의 향과 달콤함이 어우러져 차를 좋아하는 분들께 추천합니다.",1,https://thumbnail.image.rakuten.co.jp/@0_mall/nipponselect/cabinet/item/f03/f03690006.jpg?_ex=1024x1024,https://hb.afl.rakuten.co.jp/hgc/g00ska5n.16t5u689.g00ska5n.16t5v27f/?pc=https%3A%2F%2Fitem.rakuten.co.jp%2Fnipponselect%2Ff03690006%2F&m=http%3A%2F%2Fm.rakuten.co.jp%2Fnipponselect%2Fi%2F10196305%2F&rafcid=wsc_i_is_b93111dd-e085-46a2-a75f-28c1ee5d2de6
PRD_1125,쓰리 비치 커피 (야쿠시마),Three Beaches Coffee (屋久島),쓰리 비치 커피 (Three Beaches Coffee),REG_025,PRC_02,1080,쓰리 비치 커피는 야쿠시마의 자연 이미지를 담은 지역 커피 상품입니다. 원두를 갈아 내려 마시면 섬 여행지의 카페 분위기를 집에서도 느낄 수 있습니다. 바다와 숲이 있는 야쿠시마의 느긋한 감성을 담은 음료 기념품입니다.,"야쿠시마의 분위기를 느낄 수 있는 독특한 커피로, 커피 애호가나 여행의 추억을 되새기고 싶은 분들께 좋습니다.",1,https://dzwpvqehwr7zl.cloudfront.net/omios/products/generated/_review/PRD_1125/PRD_1125_packshot_v1.png,https://threebeachescoffee.stores.jp/items/60822180f3d5ee1e70e2df40
PRD_1126,사츠마야키 마그넷,薩摩焼マグネット,미야마 (美山),REG_025,PRC_02,1000,사츠마야키 마그넷은 가고시마의 전통 도자기인 사츠마야키 이미지를 작은 자석으로 만든 상품입니다. 도자기 특유의 따뜻한 색감과 문양을 냉장고나 금속판에 붙여 장식할 수 있습니다. 고급 도자기 문화의 분위기를 부담 없는 소품으로 즐기기 좋습니다.,"작고 가벼워 부담 없는 기념품으로 좋으며, 다양한 문양과 색상의 마그넷을 고를 수 있습니다.",1,https://thumbnail.image.rakuten.co.jp/@0_mall/shogei-bungu/cabinet/p_14paper_2012/15_pb5302-6_1.jpg?_ex=1024x1024,https://hb.afl.rakuten.co.jp/hgc/g00r9tyn.16t5u48b.g00r9tyn.16t5vf21/?pc=https%3A%2F%2Fitem.rakuten.co.jp%2Fshogei-bungu%2F10010176%2F&m=http%3A%2F%2Fm.rakuten.co.jp%2Fshogei-bungu%2Fi%2F10010176%2F&rafcid=wsc_i_is_b93111dd-e085-46a2-a75f-28c1ee5d2de6
PRD_1127,오오시마츠무기 동전지갑,大島紬小銭入れ,오오시마츠무기 공업조합 (大島紬工業組合),REG_025,PRC_05,4000,오오시마츠무기 동전지갑은 가고시마 아마미 지역의 전통 견직물인 오오시마츠무기 무늬를 활용한 작은 지갑입니다. 촘촘한 직물 무늬와 차분한 색감이 특징이며 동전이나 작은 소지품을 담기 좋습니다. 섬의 직물 공예를 실용 소품으로 접하는 기념품입니다.,고급스러운 전통 직물의 아름다움을 일상생활에서 실용적으로 사용할 수 있는 제품입니다.,1,https://thumbnail.image.rakuten.co.jp/@0_mall/sakedondon/cabinet/93/226793_1.jpg?_ex=1024x1024,https://hb.afl.rakuten.co.jp/hgc/53033622.7bbb75b6.53033623.c98a76f0/?pc=https%3A%2F%2Fitem.rakuten.co.jp%2Fsakedondon%2F226793%2F&m=https%3A%2F%2Fitem.rakuten.co.jp%2Fsakedondon%2F226793%2F
PRD_1128,흑초 드레싱,黒酢ドレッシング,사카모토 쿠로즈 (坂元醸造),REG_025,PRC_01,583,"이 드레싱은 오랜 시간 숙성된 검은 식초인 '카쿠시다'를 베이스로 만들어졌습니다. 카쿠시다는 3년 이상의 장기 숙성 기간을 거쳐 완성되었습니다. 이 깊고 풍부한 맛의 검은 식초가 그대로 담긴 것이 특징입니다. 오니언 향이 더해진 제품으로, 신선하고 특별한 드레싱을 경험할 수 있습니다.","샐러드나 육류 요리에 활용하기 좋으며, 건강에 관심 있는 분들께 실용적인 선물입니다.",1,https://thumbnail.image.rakuten.co.jp/@0_mall/sakamoto-kurozu/cabinet/shrink/imgrc0075865758.jpg?_ex=1024x1024,https://hb.afl.rakuten.co.jp/hgc/g00tdqqn.16t5u8cf.g00tdqqn.16t5v80b/?pc=https%3A%2F%2Fitem.rakuten.co.jp%2Fsakamoto-kurozu%2Ff632%2F&m=http%3A%2F%2Fm.rakuten.co.jp%2Fsakamoto-kurozu%2Fi%2F10000098%2F&rafcid=wsc_i_is_b93111dd-e085-46a2-a75f-28c1ee5d2de6
PRD_1129,가고시마 참치 후리가케,鹿児島まぐろふりかけ,야마카와 미나미 (山川港),REG_025,PRC_01,400,"가고시마 참치 후리가케는 가고시마산 참치 본가레부시와 구운 김을 조합한 밥 토핑 상품이다. 참치 포는 가다랑어포보다 담백하고 품위 있는 맛을 내며, 함께 쓰는 재료의 단맛을 끌어내는 특징이 있다. 밥에 뿌리거나 주먹밥, 절임 반찬에 곁들이기 쉽도록 지퍼백 포장으로 풍미를 보존하게 되어 있다.","간편하게 밥맛을 돋우는 제품으로, 아이들이나 바쁜 현대인에게 좋은 선물입니다.",1,https://thumbnail.image.rakuten.co.jp/@0_mall/e-edison/cabinet/other/miraipowder/sakana/imgrc0150579511.jpg?_ex=1024x1024,https://hb.afl.rakuten.co.jp/hgc/53033622.7bbb75b6.53033623.c98a76f0/?pc=https%3A%2F%2Fitem.rakuten.co.jp%2Fe-edison%2Fmiraipowder-fish%2F&m=https%3A%2F%2Fitem.rakuten.co.jp%2Fe-edison%2Fmiraipowder-fish%2F
PRD_1130,가고시마 한정 쿠츠시타 (양말),鹿児島限定くつした,돈구리노모리 (どんぐりの森),REG_025,PRC_01,550,가고시마 한정 양말은 지역 캐릭터나 명소 이미지를 발목 양말에 넣은 생활 기념품입니다. 작고 가벼워 여행 중 여러 켤레를 챙기기 쉬운 상품입니다. 일상에서 신으면서도 가고시마 여행의 분위기를 드러낼 수 있습니다.,"재미있고 실용적인 기념품으로, 가볍고 저렴하여 여러 개 구매하기 좋습니다.",1,https://dzwpvqehwr7zl.cloudfront.net/omios/products/generated/_review/PRD_1130/PRD_1130_packshot_v1.png,https://www.dongurinomori.jp/news/17102
PRD_1131,키비나고 센베이,きびなごせんべい,호시노야 (星乃家),REG_025,PRC_01,648,키비나고 센베이는 가고시마에서 친숙한 작은 생선 키비나고의 감칠맛을 살린 전병 과자입니다. 바삭한 식감에 해산물 향과 짭짤함이 더해져 간식이나 안주로 먹기 좋습니다. 바다와 가까운 가고시마의 식문화를 담은 지역 과자입니다.,"짭짤하면서도 고소한 맛이 일품이며, 바삭한 식감으로 남녀노소 누구나 좋아하는 간식입니다.",1,https://thumbnail.image.rakuten.co.jp/@0_mall/daishin-bussan/cabinet/pets/kibinago_senbei.jpg?_ex=1024x1024,https://hb.afl.rakuten.co.jp/hgc/53033622.7bbb75b6.53033623.c98a76f0/?pc=https%3A%2F%2Fitem.rakuten.co.jp%2Fgenba-youhin%2Fkibinago-senbei100gf%2F&m=https%3A%2F%2Fitem.rakuten.co.jp%2Fgenba-youhin%2Fkibinago-senbei100gf%2F
PRD_1132,흑돼지 소시지,黒豚ソーセージ,쿠마모토야 (くまもとや),REG_025,PRC_02,1080,흑돼지 소시지는 가고시마 흑돼지의 고소한 육향을 살린 육가공 식품입니다. 씹으면 돼지고기의 감칠맛과 지방의 부드러움이 느껴집니다. 데워서 반찬이나 안주로 곁들이기 좋은 지역 축산물 상품입니다.,"술안주나 바비큐에 좋으며, 흑돼지의 깊은 맛을 간편하게 즐길 수 있습니다.",1,https://thumbnail.image.rakuten.co.jp/@0_mall/tenchobishoku/cabinet/biiino/2-800x800.jpg?_ex=1024x1024,https://hb.afl.rakuten.co.jp/hgc/g00rcpjn.16t5u6a6.g00rcpjn.16t5v495/?pc=https%3A%2F%2Fitem.rakuten.co.jp%2Ftenchobishoku%2Ft266%2F&m=http%3A%2F%2Fm.rakuten.co.jp%2Ftenchobishoku%2Fi%2F10003081%2F&rafcid=wsc_i_is_b93111dd-e085-46a2-a75f-28c1ee5d2de6
PRD_1133,가고시마 가챠폰 (캡슐 토이),鹿児島限定ガチャ,반다이 (バンダイ),REG_025,PRC_01,300,"가고시마 가챠폰은 지역 명소나 캐릭터를 캡슐 장난감으로 만든 수집형 상품입니다. 작은 크기 안에 사쿠라지마, 전차, 지역 먹거리 같은 소재가 담길 수 있습니다. 무엇이 나올지 모르는 재미와 여행지 수집의 즐거움을 함께 주는 기념품입니다.","랜덤으로 나오는 재미가 있으며, 가고시마 공항이나 주요 관광지 기념품점에서 찾아볼 수 있습니다.",1,https://dzwpvqehwr7zl.cloudfront.net/omios/products/generated/_review/PRD_1133/PRD_1133_packshot_v1.png,https://gashapon.jp/products/detail.html?jan_code=4549660237785000
PRD_1134,가고시마 현지술 마오우 (고구마 소주),鹿児島本格焼酎 魔王,시라타마 주조 (白玉醸造),REG_025,PRC_06,6000,"숙성주 특유의 부드럽고 온화한 풍미가 화사하게 향을 내며 깊은 여운을 남기는 고구마 소주입니다. 또한, 감압 증류를 거쳐 바나나가 연상되는 열대 과일의 화려한 향이 특징인 술입니다. 이 술은 천사를 유혹하고 마계에 최고의 술을 가져다주는 악마들이 전해준 특별한 술이라는 의미로 '마왕'이라 이름 붙여졌습니다.","매우 희귀하고 고가이지만, 소주 애호가들에게 최고의 선물이며, 면세점이나 전문 주류점에서 찾을 수 있습니다.",1,https://thumbnail.image.rakuten.co.jp/@0_mall/yamagawaya/cabinet/06897616/imgrc0075529810.jpg?_ex=1024x1024,https://hb.afl.rakuten.co.jp/hgc/g00q69fn.16t5ub2f.g00q69fn.16t5v85f/?pc=https%3A%2F%2Fitem.rakuten.co.jp%2Fyamagawaya%2F1120027%2F&m=http%3A%2F%2Fm.rakuten.co.jp%2Fyamagawaya%2Fi%2F10000088%2F&rafcid=wsc_i_is_b93111dd-e085-46a2-a75f-28c1ee5d2de6
PRD_1135,이즈미 시로부타 (백돼지) 미소즈케,いずみ白豚味噌漬け,이즈미 식육 (いずみ食肉),REG_025,PRC_02,1400,이즈미 시로부타 미소즈케는 이즈미 지역의 백돼지를 된장 양념에 재운 육가공 식품입니다. 된장의 구수한 단맛과 돼지고기의 부드러운 풍미가 어울립니다. 구워서 밥반찬으로 먹기 좋은 가고시마 축산물 기념 식품입니다.,"구워서 밥반찬이나 술안주로 즐기기 좋으며, 가고시마의 또 다른 특산 돼지고기를 맛볼 수 있습니다.",1,https://dzwpvqehwr7zl.cloudfront.net/omios/products/generated/_review/PRD_1135/PRD_1135_packshot_v1.png,https://www.kagoshimafurusato.com/products/detail.php?product_id=892
PRD_1136,고마쓰 우동 선물 세트,小松うどん詰め合わせ,고마쓰 우동 (小松うどん),REG_026,PRC_03,2700,"고마쓰 우동 선물 세트는 고마쓰의 여러 면 문화를 한 상자에 담은 구성이다. 전통 고마쓰 우동, 지역 재래종 메밀로 만든 생소바, 명물 소금 야키소바, 가쓰오부시와 다시마로 맛을 낸 멘쓰유가 들어간다. 고마쓰 우동은 삼백 년 넘는 전통을 지닌 지역 음식으로 소개되어, 면 요리를 좋아하는 사람에게 맞는 선물 세트다.","고마쓰 시내의 우동 전문점에서 직접 맛보거나, 기념품점에서 건면 세트를 구매할 수 있습니다.",1,https://thumbnail.image.rakuten.co.jp/@0_mall/tokushima-shop/cabinet/00451499/05_set/05_5set2025.jpg?_ex=1024x1024,https://hb.afl.rakuten.co.jp/hgc/53033622.7bbb75b6.53033623.c98a76f0/?pc=https%3A%2F%2Fitem.rakuten.co.jp%2Ftokushima-shop%2F200-317%2F&m=https%3A%2F%2Fitem.rakuten.co.jp%2Ftokushima-shop%2F200-317%2F
PRD_1137,기미도리 젠자이,黄門ぜんざい,마츠바야 (松葉屋),REG_026,PRC_01,380,기미도리 젠자이는 콩과 단맛을 살린 일본식 단팥 디저트 계열 상품입니다. 부드러운 단맛과 따뜻하게 먹기 좋은 질감이 특징입니다. 지역 과자점의 개성을 담은 간식으로 차와 함께 곁들이기 좋습니다.,"전자레인지에 데워 따뜻하게 즐기거나, 선물용으로 좋습니다.",1,https://dzwpvqehwr7zl.cloudfront.net/omios/products/generated/_review/PRD_1137/PRD_1137_packshot_v1.png,https://www.matsubaya-wagashi.com/item/%E9%BB%84%E9%96%80%E3%81%9C%E3%82%93%E3%81%96%E3%81%84/
PRD_1138,고마쓰 쿠타니야키 사케잔 (구이노미),小松九谷焼ぐい呑 青粒鉄仙,고마쓰 쿠타니야키 (小松九谷焼),REG_026,PRC_06,5500,"고마쓰 쿠타니야키에서 제작된 '청립철선' 구이노미입니다. 이 술잔은 일상에 특별한 순간을 더해주는 아름다운 작품으로 알려져 있습니다. 일본주를 담아 사용하는 사케 잔이나 주전자(술기)로 활용할 수 있는 품목입니다. 쿠타니야키 특유의 우아함과 멋진 디자인이 돋보여, 소중한 시간을 기념하거나 선물하기에 완벽합니다.",고마쓰 쿠타니야키 가마 또는 전문점에서 다양한 디자인을 직접 보고 고르는 것이 좋습니다.,1,https://dzwpvqehwr7zl.cloudfront.net/omios/products/generated/_review/PRD_1138/PRD_1138_packshot_v1.png,https://kutani.jp/SHOP/13768/list.html
PRD_1139,호시료칸 우유 모찌,法師旅館牛乳餅 (10個入),호시료칸 (法師旅館),REG_026,PRC_02,1300,호시료칸 우유 모찌는 오래된 온천 료칸의 이름을 내세운 부드러운 떡 과자입니다. 우유의 은은한 단맛과 말랑한 식감이 어울려 부담 없이 먹기 좋습니다. 여관의 환대와 온천 여행 분위기를 작은 디저트로 담은 상품입니다.,"온천여행 후 료칸 기념품점에서 구매하거나, 고마쓰 시내 일부 기념품점에서 찾을 수 있습니다.",1,https://dzwpvqehwr7zl.cloudfront.net/omios/products/generated/_review/PRD_1139/PRD_1139_packshot_v1.png,https://www.ho-shi.co.jp/shop/products/detail/4
PRD_1140,고마쓰마루 쌀빵,小松まーる,니시무라 타케코 (にしむらたけこ),REG_026,PRC_01,180,고마쓰마루 쌀빵은 둥근 형태와 쌀의 부드러운 맛을 살린 고마쓰 지역 빵입니다. 밀가루빵보다 촉촉하고 담백한 식감을 기대할 수 있는 제품입니다. 지역 농산물과 간편한 간식을 연결한 생활형 기념 식품입니다.,갓 구운 빵을 맛보기 위해 고마쓰 시내 빵집을 방문해보세요.,1,https://dzwpvqehwr7zl.cloudfront.net/omios/products/generated/_review/PRD_1140/PRD_1140_packshot_v1.png,https://takekomp.jimdofree.com/%E3%81%8A%E5%9C%9F%E7%94%A3/%E5%B0%8F%E6%9D%BE%E3%81%BE%E3%83%BC%E3%82%8B/
PRD_1141,고마쓰 야키카린,小松焼カリン,카린토 혼포 타케미야 (かりんとう本舗たけみや),REG_026,PRC_01,648,고마쓰 야키카린은 고마쓰 지역의 이름을 붙인 구운 카린토 계열 과자입니다. 튀김 과자보다 가볍고 바삭한 식감에 고소한 단맛이 납니다. 차와 함께 먹기 좋은 지역 간식으로 부담 없이 나누기 좋습니다.,"차와 함께 즐기기 좋으며, 선물용으로도 인기가 많습니다.",1,https://dzwpvqehwr7zl.cloudfront.net/omios/products/generated/_review/PRD_1141/PRD_1141_packshot_v1.png,https://www.takemiya-karinto.com/item/komatsu-yaki-karinto/
PRD_1142,가가테마리 키홀더,加賀手毬キーホルダー,가가테마리 (加賀手毬),REG_026,PRC_02,1320,가가테마리 키홀더는 가가 지역의 전통 공예인 손공 모양 장식을 작은 열쇠고리로 만든 상품입니다. 실로 만든 둥근 무늬와 선명한 색 조합이 특징입니다. 가방이나 열쇠에 달아 이시카와 공예의 섬세한 분위기를 간직할 수 있습니다.,고마쓰 역 근처 기념품점이나 공예품점에서 다양한 디자인을 찾아볼 수 있습니다.,1,https://dzwpvqehwr7zl.cloudfront.net/omios/products/generated/_review/PRD_1142/PRD_1142_packshot_v1.png,https://item.rakuten.co.jp/japan-ichiba/keyholder-kagatemari/
PRD_1143,에치젠 게살 밥반찬 (오미츠케),越前がに おみつけ,야마모토 수산 (やまもと水産),REG_026,PRC_02,1080,에치젠 게살 밥반찬은 게살의 감칠맛을 밥 위에 곁들이기 좋게 만든 해산물 가공품입니다. 짭짤하고 진한 맛이 흰밥이나 술안주와 잘 어울립니다. 북륙 지역의 해산물 이미지를 간편한 반찬으로 담은 상품입니다.,"따뜻한 밥과 함께 먹으면 더욱 맛있으며, 술안주로도 좋습니다.",1,https://dzwpvqehwr7zl.cloudfront.net/omios/products/generated/_review/PRD_1143/PRD_1143_packshot_v1.png,https://www.yamamotosuisan.jp/fs/yamasu/gd47
PRD_1144,이카노 쿠로즈쿠리,いかの黒作り,노토비카이 (能都飛海),REG_026,PRC_01,540,"이카노 쿠로즈쿠리는 오징어 살을 오징어먹물과 내장 양념에 버무린 이시카와·노토 계열의 검은 젓갈입니다. 일반 오징어 젓갈보다 먹물의 진한 감칠맛과 바다 향이 강하고, 밥반찬이나 술안주로 먹기 좋습니다. 에도시대 가가 번의 헌상품으로 전해지는 명산품 이야기가 있어 지역 전통성이 뚜렷합니다.","밥반찬이나 술안주로 좋으며, 냉장 보관해야 합니다.",1,https://thumbnail.image.rakuten.co.jp/@0_mall/shikisainomise/cabinet/04763942/05512787/05838131/imgrc0079787842.jpg?_ex=1024x1024,https://hb.afl.rakuten.co.jp/hgc/g00s9zon.16t5u882.g00s9zon.16t5vb10/?pc=https%3A%2F%2Fitem.rakuten.co.jp%2Fshikisainomise%2Fkurozukuri400g-1set%2F&m=http%3A%2F%2Fm.rakuten.co.jp%2Fshikisainomise%2Fi%2F10002200%2F&rafcid=wsc_i_is_b93111dd-e085-46a2-a75f-28c1ee5d2de6
PRD_1145,호우쇼카엔 가가보차,ほうしょうかえん 加賀棒茶,호우쇼카엔 (ほうしょうかえん),REG_026,PRC_01,864,"금강산의 문호로 알려진 이즈미 쿄카가 사랑했던 가가보차입니다. 첫 수확한 최고급 녹차(일반차) 줄기의 깊은 감칠맛을 그대로 지키기 위해, 가볍게 볶아 부드럽고 풍성하게 완성했습니다. 사용하기 편리하도록 티백에 담겨 제공하며, 원물도 충분히 담아 제공합니다. 인기 있는 가가보차와 가가 홍차를 함께 구성한 세트는 전통적인 적·백색의 금자사 스타일 단지에 담겨 있습니다.","고마쓰 시내의 찻집이나 기념품점에서 구매할 수 있으며, 따뜻하게 우려 마시기 좋습니다.",1,https://dzwpvqehwr7zl.cloudfront.net/omios/products/generated/_review/PRD_1145/PRD_1145_packshot_v1.png,https://www.houshoukaen.com/shop/detail/1
PRD_1146,고마쓰 쿠타니야키 머그컵 (츠바키),九谷焼マグカップ 椿,고마쓰 쿠타니야키 (小松九谷焼),REG_026,PRC_04,3850,"고마쓰 구타니야키 머그컵 츠바키는 동백 문양을 담은 구타니야키 머그컵입니다. 구타니야키는 대담한 구성과 풍부한 색채, 세밀한 묘사로 알려진 이시카와 지역의 색회 도자기입니다. 동백 문양의 장식성과 일상 머그컵의 실용성을 함께 갖춘 상품이라 차나 커피를 마실 때 전통 도자기의 분위기를 즐기기 좋습니다.",고마쓰역 주변의 기념품점이나 쿠타니야키 전문점에서 다양한 디자인을 구경해보세요.,1,https://thumbnail.image.rakuten.co.jp/@0_mall/toulife/cabinet/k7/mugcup/k7-840.jpg?_ex=1024x1024,https://hb.afl.rakuten.co.jp/hgc/g00s1esn.16t5u144.g00s1esn.16t5v093/?pc=https%3A%2F%2Fitem.rakuten.co.jp%2Ftoulife%2Fk7-840%2F&m=http%3A%2F%2Fm.rakuten.co.jp%2Ftoulife%2Fi%2F10010996%2F&rafcid=wsc_i_is_b93111dd-e085-46a2-a75f-28c1ee5d2de6
PRD_1147,아타카노세키 도라야키,安宅の関どら焼き,오카시노 이에 오카지마야 (お菓子の家おかじまや),REG_026,PRC_01,200,아타카노세키 도라야키는 고마쓰의 역사적 명소인 아타카노세키 이름을 딴 화과자입니다. 부드러운 팬케이크형 반죽 사이에 단팥을 넣어 차와 함께 먹기 좋습니다. 지역 이야기를 전통적인 도라야키 형태에 담은 기념 과자입니다.,아타카노세키 근처 기념품점이나 고마쓰 시내 빵집에서 구매할 수 있습니다.,1,https://dzwpvqehwr7zl.cloudfront.net/omios/products/generated/_review/PRD_1147/PRD_1147_packshot_v1.png,https://okajimaya.com/?pid=120286821
PRD_1148,히요리 다이긴죠 사케,大吟醸「日榮」720ml,히요리가와 주조 (日榮川酒造),REG_026,PRC_04,3300,"히요리 다이긴죠 사케는 이시카와현 나카무라 주조의 다이긴죠 계열 술이다. 술쌀 야마다니시키를 사용하고 정미 비율을 낮춰 빚어, 화려한 긴조 향과 매끄러운 입맛을 내는 담려하면서 감칠맛 있는 타입으로 소개된다. 노토 도지가 손으로 빚는 방식에 공을 들인 상품으로, 전국 신주 감평회 입상 이력이 여러 차례 있는 고급 니혼슈다.",고마쓰 시내의 주류 판매점이나 양조장에서 구매할 수 있습니다.,1,https://thumbnail.image.rakuten.co.jp/@0_mall/kawasakigroup/cabinet/01586267/imgrc0147084428.jpg?_ex=1024x1024,https://hb.afl.rakuten.co.jp/hgc/g00qjnan.16t5u8f9.g00qjnan.16t5ve1d/?pc=https%3A%2F%2Fitem.rakuten.co.jp%2Fkawasakigroup%2F35333%2F&m=http%3A%2F%2Fm.rakuten.co.jp%2Fkawasakigroup%2Fi%2F10021363%2F&rafcid=wsc_i_is_b93111dd-e085-46a2-a75f-28c1ee5d2de6
PRD_1149,시바야마가타노 츠키,柴山潟の月 (6個入),오카시츠카사 카게츠 (御菓子司 花月),REG_026,PRC_02,1080,시바야마가타노 츠키는 가가 지역의 호수 풍경을 달 이미지로 풀어낸 화과자입니다. 부드러운 만주나 구움과자 계열의 단맛으로 차와 잘 어울립니다. 이름에서 지역 풍경의 정취를 느낄 수 있는 선물용 과자입니다.,"가가 온천 지역이나 고마쓰 시내 기념품점에서 구매할 수 있으며, 선물용으로 인기가 많습니다.",1,https://dzwpvqehwr7zl.cloudfront.net/omios/products/generated/_review/PRD_1149/PRD_1149_packshot_v1.png,https://www.kaga-kagetsu.com/?pid=164609805
PRD_1150,항공자위대 고마쓰 기지 타월,小松基地タオル,항공자위대 고마쓰 기지 (航空自衛隊小松基地),REG_026,PRC_02,1000,항공자위대 고마쓰 기지 타월은 고마쓰 기지와 항공기를 모티프로 한 실용 굿즈입니다. 수건에 부대나 비행기 이미지가 들어가 항공 팬에게 수집 가치가 있습니다. 일상에서 쓰기 쉬우면서도 고마쓰 공항 도시의 특성을 담은 상품입니다.,고마쓰 기지 인근 기념품점 또는 온라인 쇼핑몰에서 구매할 수 있습니다.,1,https://thumbnail.image.rakuten.co.jp/@0_mall/skylife/cabinet/u-50.jpg?_ex=1024x1024,https://hb.afl.rakuten.co.jp/hgc/g00qlnrn.16t5u45d.g00qlnrn.16t5vee3/?pc=https%3A%2F%2Fitem.rakuten.co.jp%2Fskylife%2F92-u-50%2F&m=http%3A%2F%2Fm.rakuten.co.jp%2Fskylife%2Fi%2F10006985%2F&rafcid=wsc_i_is_b93111dd-e085-46a2-a75f-28c1ee5d2de6
PRD_1151,아타카노시오 천연 소금,安宅の塩,아타카노시오 (安宅の塩),REG_026,PRC_01,540,아타카노시오 천연 소금은 고마쓰 아타카 지역의 바다 이미지를 담은 소금 제품입니다. 음식에 쓰면 짠맛과 함께 해양 미네랄의 깔끔한 풍미를 더합니다. 지역 명소와 식재료를 연결한 조미료형 기념품입니다.,"요리에 사용하거나 선물용으로 좋으며, 특산품점에서 구매할 수 있습니다.",1,https://dzwpvqehwr7zl.cloudfront.net/omios/products/generated/_review/PRD_1151/PRD_1151_packshot_v1.png,https://www.atakamirai.com/salt.html
PRD_1152,하쿠류 준마이긴죠 720ml,白龍 純米吟醸 720ml,하쿠류 주조 (白龍酒造),REG_026,PRC_03,2640,"하쿠류 주조의 준마이긴죠는 계약 재배된 쌀을 사용하여 깊은 풍미를 자랑합니다. 흰색 라벨에 그려진 용 같은 '백룡' 문양과 멋스러운 패키지 디자인이 시선을 사로잡습니다. 이 술은 그 맛이 매우 뛰어나 많은 사람들에게 특별한 즐거움을 선사하며, 가족과의 시간을 더욱 소중하게 만들어주는 인기 주류입니다.",고마쓰 시내 주류 전문점이나 양조장에서 구매할 수 있습니다.,1,https://thumbnail.image.rakuten.co.jp/@0_mall/niigata-shop/cabinet/item/0604/0604-001-01.jpg?_ex=1024x1024,https://hb.afl.rakuten.co.jp/hgc/g00rk5an.16t5u9ba.g00rk5an.16t5v811/?pc=https%3A%2F%2Fitem.rakuten.co.jp%2Fniigata-shop%2F0604-001-01%2F&m=http%3A%2F%2Fm.rakuten.co.jp%2Fniigata-shop%2Fi%2F10005063%2F&rafcid=wsc_i_is_b93111dd-e085-46a2-a75f-28c1ee5d2de6
PRD_1153,가가테마리 DIY 키트,加賀てまりキット,와쿠와쿠 슈게이 랜드 (わくわく手芸ランド),REG_026,PRC_02,1650,"가가테마리 제작 키트는 가나자와 전통 공예인 가가테마리를 직접 만들어 볼 수 있는 손작업 세트입니다. 가가테마리는 둥근 마리 위에 실로 무늬를 수놓는 공예로, 관련 키트에는 재료와 만드는 방법 안내가 포함되는 형태로 제공됩니다. 완성품을 사는 것이 아니라 제작 과정을 경험하는 상품이라 전통 공예 체험이나 선물용 취미 키트로 어울립니다.","공예 체험 시설이나 온라인 쇼핑몰에서 구매할 수 있으며, 특별한 취미 활동으로 좋습니다.",1,https://dzwpvqehwr7zl.cloudfront.net/omios/products/generated/_review/PRD_1153/PRD_1153_packshot_v1.png,https://www.h4.dion.ne.jp/~wakuwaku-k/temari_kit.html
PRD_1154,호우토쿠 고마쓰 야키 (8개입),ほうとく小松焼 (8個入),호우토쿠 (ほうとく),REG_026,PRC_02,1080,호우토쿠 고마쓰 야키는 고마쓰 지역 제과점의 이름을 건 구운 화과자입니다. 부드러운 반죽과 달콤한 앙금이 어울리는 소박한 맛이 특징입니다. 여덟 개입 구성이라 가족이나 동료와 나누기 좋은 지역 과자입니다.,"고마쓰 시내의 과자점에서 구매할 수 있으며, 차와 함께 즐기기 좋습니다.",1,https://dzwpvqehwr7zl.cloudfront.net/omios/products/generated/_review/PRD_1154/PRD_1154_packshot_v1.png,https://houtoku.jp/item/%E5%B0%8F%E6%9D%BE%E7%84%BC/
PRD_1155,미야가와 라멘 고마쓰 카레라면,小松加里 小松白根 (宮川ラーメン),미야가와 라멘 (宮川ラーメン),REG_026,PRC_01,880,미야가와 라멘 고마쓰 카레라면은 고마쓰 지역 카레 문화를 라멘으로 풀어낸 즉석 면 상품입니다. 카레의 향신료 풍미와 라멘 국물이 어울려 든든한 한 그릇을 만듭니다. 지역 음식 이야기를 간편식으로 즐기기 좋은 제품입니다.,고마쓰 시내의 라면 전문점이나 기념품점에서 구매할 수 있습니다.,1,https://dzwpvqehwr7zl.cloudfront.net/omios/products/generated/_review/PRD_1155/PRD_1155_packshot_v1.png,https://www.miyagawa-ramen.jp/products/detail/29
PRD_1156,고마쓰 쿠타니야키 젓가락 받침 (아오츠부 텟센),九谷焼箸置き 青粒鉄仙,고마쓰 쿠타니야키 (小松九谷焼),REG_026,PRC_01,880,고마쓰 구타니야키 젓가락 받침은 구타니 도자기의 색과 문양을 작은 식탁 소품으로 만든 상품입니다. 아오츠부와 철선 문양처럼 세밀한 장식이 들어가 식사 공간에 공예적인 느낌을 더합니다. 실용 식기이면서 이시카와 도자기 문화를 보여주는 기념품입니다.,다양한 디자인이 있으므로 마음에 드는 것을 여러 개 구매하여 선물하기 좋습니다.,1,https://dzwpvqehwr7zl.cloudfront.net/omios/products/generated/_review/PRD_1156/PRD_1156_packshot_v1.png,https://kutani.jp/SHOP/aotsubu_tessen_hashioki.html
PRD_1157,고마쓰노 사토 (6개입),小松の里 (6個入),오카시노 이에 오카지마야 (お菓子の家おかじまや),REG_026,PRC_02,1080,고마쓰노 사토는 고마쓰의 고향 이미지를 담은 부드러운 화과자입니다. 팥이나 밤 같은 전통적인 단맛 재료와 폭신한 식감이 어울리는 타입입니다. 여섯 개입 구성이라 지역 과자 선물로 나누기 좋습니다.,"고마쓰 시내 과자점에서 구매할 수 있으며, 차와 함께 즐기기 좋은 간식입니다.",1,https://dzwpvqehwr7zl.cloudfront.net/omios/products/generated/_review/PRD_1157/PRD_1157_packshot_v1.png,https://okajimaya.com/?pid=120286820
PRD_1158,가가 렌콘 (연근),加賀れんこん (500g),카나자와 노우카 (金澤農家),REG_026,PRC_02,1500,"가가 렌콘은 이시카와 가가 지역에서 재배되는 연근입니다. 아삭한 식감과 끈기가 있어 조림, 튀김, 찜요리에 두루 어울립니다. 지역 농산물의 신선한 맛을 직접 요리에 활용할 수 있는 식재료 상품입니다.",고마쓰 시내의 로컬 시장이나 대형 마트에서 신선한 가가 야채를 구매할 수 있습니다.,1,https://thumbnail.image.rakuten.co.jp/@0_mall/hokuriku-umaimon/cabinet/10088034/imgrc0083330649.jpg?_ex=1024x1024,https://hb.afl.rakuten.co.jp/hgc/53033622.7bbb75b6.53033623.c98a76f0/?pc=https%3A%2F%2Fitem.rakuten.co.jp%2Fhokuriku-umaimon%2F3501-7106-10%2F&m=https%3A%2F%2Fitem.rakuten.co.jp%2Fhokuriku-umaimon%2F3501-7106-10%2F
PRD_1159,항공자위대 고마쓰 기지 와펜,航空自衛隊小松基地 ワッペン,항공자위대 고마쓰 기지 (航空自衛隊小松基地),REG_026,PRC_02,1100,"항공자위대 고마쓰 기지 와펜은 항공기와 부대 이미지를 천 패치로 만든 굿즈입니다. 가방, 재킷, 모자 등에 붙여 항공 팬의 수집품처럼 활용할 수 있습니다. 고마쓰 기지의 존재감을 작고 선명한 디자인으로 담은 상품입니다.","고마쓰 기지 인근 기념품점 또는 온라인 쇼핑몰에서 구매할 수 있으며, 가방이나 의류에 부착하기 좋습니다.",1,https://thumbnail.image.rakuten.co.jp/@0_mall/blueport/cabinet/04504874/imgrc0084447991.jpg?_ex=1024x1024,https://hb.afl.rakuten.co.jp/hgc/53033622.7bbb75b6.53033623.c98a76f0/?pc=https%3A%2F%2Fitem.rakuten.co.jp%2Fblueport%2F10002876%2F&m=https%3A%2F%2Fitem.rakuten.co.jp%2Fblueport%2F10002876%2F
PRD_1160,고마쓰노 모리 바움쿠헨,こまつの杜のバームクーヘン Sサイズ,파티스리 쉐즈 시노 (パティスリー シェ・シノ),REG_026,PRC_02,1620,고마쓰노 모리 바움쿠헨은 고마쓰의 숲 이미지를 담은 층층이 구운 케이크입니다. 부드러운 반죽의 결이 나이테처럼 보여 숲과 나무를 떠올리게 합니다. 소형 구성이라 차와 함께 먹기 좋은 고마쓰 지역 과자입니다.,"선물용으로 인기가 많으며, 온라인 또는 매장에서 구매할 수 있습니다.",1,https://dzwpvqehwr7zl.cloudfront.net/omios/products/generated/_review/PRD_1160/PRD_1160_packshot_v1.png,https://chez-shino.jp/shop/baumkuchen/komatsunomori-baumkuchen/
PRD_1161,고마쓰 그린 카레 (레토르트),小松グリーンカレー レトルト,마루야 (有限会社マルヤ),REG_026,PRC_01,650,"이 카레는 매콤한 토마토 커리 풍미가 특징입니다. 국산 양파를 볶아 넣고, 무려 29가지 종류의 향신료를 베이스로 하여 깊고 매콤하게 완성했습니다. 특히 물을 전혀 사용하지 않고 토마토 자체의 수분만으로 만들어 적당한 산미가 느껴지는 것이 맛의 포인트입니다. 이처럼 다양한 재료와 향신료가 어우러져 풍부하고 깊은 맛을 자랑하는 카레입니다.","고마쓰 시내의 기념품점이나 식품점에서 구매할 수 있으며, 간편하게 즐기기 좋습니다.",1,https://dzwpvqehwr7zl.cloudfront.net/omios/products/generated/_review/PRD_1161/PRD_1161_packshot_v1.png,https://komatsukura.jp/?pid=176228384
PRD_1162,고마쓰 쿠타니야키 장식 접시 (후쿠마네키),九谷焼3号皿 縁起画 ふくろう,고마쓰 쿠타니야키 (小松九谷焼),REG_026,PRC_04,3300,고마쓰 구타니야키 장식 접시는 구타니 도자기의 화려한 색채와 길상 문양을 담은 작은 접시입니다. 부엉이 같은 복을 부르는 소재를 넣어 장식성과 선물성이 강합니다. 식탁 소품이나 선반 장식으로 이시카와 공예의 분위기를 즐길 수 있습니다.,"식탁을 장식하거나 인테리어 소품으로 활용하기 좋으며, 예술적 가치가 높습니다.",1,https://dzwpvqehwr7zl.cloudfront.net/omios/products/generated/_review/PRD_1162/PRD_1162_packshot_v1.png,https://kutani.jp/SHOP/fuku_maneki.html
PRD_1163,호우쇼카엔 차노키 모나카,ほうしょうかえん 茶の木もなか,호우쇼카엔 (ほうしょうかえん),REG_026,PRC_01,160,호우쇼카엔 차노키 모나카는 차나무 이미지를 담은 고마쓰 지역 모나카 과자입니다. 바삭한 모나카 껍질 안에 달콤한 앙금을 넣어 차와 잘 어울립니다. 지역 차 문화와 화과자 감성을 함께 느낄 수 있는 제품입니다.,"차와 함께 즐기기 좋으며, 선물용으로도 인기가 많습니다.",1,https://dzwpvqehwr7zl.cloudfront.net/omios/products/generated/_review/PRD_1163/PRD_1163_packshot_v1.png,https://www.houshoukaen.com/shop/detail/6
PRD_1164,고마쓰 쿠타니야키 피어스 (하나즈메),九谷焼ピアス 花詰,고마쓰 쿠타니야키 (小松九谷焼),REG_026,PRC_05,4400,"고마쓰 쿠타니야키 하나즈메 피어스는 구타니야키의 화려한 꽃무늬 장식을 작은 귀걸이로 옮긴 공예 액세서리입니다. 하나즈메는 금빛 배경에 꽃을 빽빽하게 그려 넣는 장식성이 강한 양식으로, 작은 도자기 표면에서도 존재감이 큽니다. 고마쓰 지역 도자기의 색감과 손그림 느낌을 일상 장신구로 즐길 수 있는 상품입니다.",고마쓰 쿠타니야키 전문점에서 다양한 디자인을 찾아볼 수 있습니다.,1,https://thumbnail.image.rakuten.co.jp/@0_mall/auc-concent/cabinet/1precp/p/1021179.jpg?_ex=1024x1024,https://hb.afl.rakuten.co.jp/hgc/g00r0unn.16t5ub29.g00r0unn.16t5vb4b/?pc=https%3A%2F%2Fitem.rakuten.co.jp%2Fauc-concent%2F1021179%2F&m=http%3A%2F%2Fm.rakuten.co.jp%2Fauc-concent%2Fi%2F10003866%2F&rafcid=wsc_i_is_b93111dd-e085-46a2-a75f-28c1ee5d2de6
PRD_1165,가타야마즈 온천 계란 수프,片山津温泉たまごスープ (5食入),가타야마즈 온천 관광협회 (片山津温泉観光協会),REG_026,PRC_01,650,가타야마즈 온천 계란 수프는 온천지의 계란 이미지를 간편한 수프 형태로 만든 상품입니다. 뜨거운 물을 부으면 부드러운 계란 풍미와 따뜻한 국물 맛을 즐길 수 있습니다. 온천 여행지에서 먹는 편안한 한 그릇을 떠올리게 하는 기념 식품입니다.,가타야마즈 온천 기념품점이나 고마쓰 시내 일부 매장에서 구매할 수 있습니다.,1,https://dzwpvqehwr7zl.cloudfront.net/omios/products/generated/_review/PRD_1165/PRD_1165_packshot_v1.png,https://www.katayamazu-onsen.com/s/s/products/detail/2
PRD_1166,고마쓰 쿠타니야키 마그넷,九谷焼マグネット,고마쓰 쿠타니야키 (小松九谷焼),REG_026,PRC_02,1500,고마쓰 구타니야키 마그넷은 구타니 도자기의 색감과 문양을 작은 자석으로 만든 소품입니다. 냉장고나 금속판에 붙여 지역 공예 무늬를 일상 공간에 더할 수 있습니다. 도자기 기념품보다 부담 없이 들고 오기 좋은 공예형 상품입니다.,"실용적이면서도 아름다운 기념품으로, 선물용으로 좋습니다.",1,https://thumbnail.image.rakuten.co.jp/@0_mall/crafting-kit/cabinet/2026/imgrc0115981547.jpg?_ex=1024x1024,https://hb.afl.rakuten.co.jp/hgc/53033622.7bbb75b6.53033623.c98a76f0/?pc=https%3A%2F%2Fitem.rakuten.co.jp%2Fcrafting-kit%2Fcf9958y05%2F&m=https%3A%2F%2Fitem.rakuten.co.jp%2Fcrafting-kit%2Fcf9958y05%2F
PRD_1167,미야가와 라멘 즉석 라면 (돈코츠),宮川ラーメン インスタントラーメン とんこつ,미야가와 라멘 (宮川ラーメン),REG_026,PRC_01,540,미야가와 라멘 즉석 라면은 고마쓰 지역 라멘점의 맛을 집에서 조리할 수 있게 만든 제품입니다. 돈코츠 계열의 구수한 국물과 면을 간편하게 즐기는 구성이 특징입니다. 지역 식당의 한 그릇을 여행 후에도 떠올리게 하는 기념 식품입니다.,고마쓰 시내의 라면 전문점이나 기념품점에서 구매할 수 있습니다.,1,https://dzwpvqehwr7zl.cloudfront.net/omios/products/generated/_review/PRD_1167/PRD_1167_packshot_v1.png,https://www.miyagawa-ramen.jp/products/detail/28
PRD_1168,고마쓰 기지 F-15 기념 엽서 세트,小松基地F-15記念はがきセット (5枚組),항공자위대 고마쓰 기지 (航空自衛隊小松基地),REG_026,PRC_01,660,"고마쓰 기지 에프 십오 기념 엽서 세트는 이시카와현 고마쓰 기지의 전투기 이미지를 담은 항공 기념품입니다. 고마쓰 기지는 일본해 쪽 전투기 부대가 있는 항공자위대 거점으로 소개되며, 에프 십오 전투기와 관련된 기념 상품이 꾸준히 제공됩니다. 항공기 사진이나 일러스트를 엽서 형태로 소장할 수 있어 항공 팬과 지역 방문객에게 어울리는 상품입니다.","밀리터리 팬이나 여행 기념으로 좋으며, 고마쓰 기지 관련 매장에서 구매할 수 있습니다.",1,https://dzwpvqehwr7zl.cloudfront.net/omios/products/generated/_review/PRD_1168/PRD_1168_packshot_v1.png,https://item.rakuten.co.jp/shizuokakoukuushoppu/pos-02/
PRD_1169,히요리 준마이 사케 720ml,日榮 純米酒 720ml,나카무라 주조 (中村酒造),REG_026,PRC_02,1815,히요리 준마이 사케는 나카무라 주조가 전개하는 일영 계열의 준마이 사케입니다. 가가 금박을 넣어 잔 안에서 황금빛이 도는 화려한 인상이 특징입니다. 쌀로 빚은 준마이 사케의 풍부한 맛과 향을 갖추어 축하 자리나 특별한 식탁에 어울립니다.,"주류 전문점이나 양조장에서 구매할 수 있으며, 일본 사케 애호가에게 좋은 선물입니다.",1,https://thumbnail.image.rakuten.co.jp/@0_mall/kawasakigroup/cabinet/14/imgrc0156024338.jpg?_ex=1024x1024,https://hb.afl.rakuten.co.jp/hgc/g00qjnan.16t5u8f9.g00qjnan.16t5ve1d/?pc=https%3A%2F%2Fitem.rakuten.co.jp%2Fkawasakigroup%2F5374%2F&m=http%3A%2F%2Fm.rakuten.co.jp%2Fkawasakigroup%2Fi%2F10024075%2F&rafcid=wsc_i_is_b93111dd-e085-46a2-a75f-28c1ee5d2de6
PRD_1170,코마츠 건설 기계 미니어처 (PC200-10),コマツ建機 ミニチュア PC200-10,코마츠 (コマツ),REG_026,PRC_03,2750,코마츠 건설 기계 미니어처는 고마쓰를 대표하는 건설기계 브랜드의 굴삭기를 축소한 모형입니다. 정교한 형태와 장비의 노란색 이미지가 산업 도시 고마쓰의 정체성을 보여줍니다. 장난감과 수집품의 성격을 함께 가진 기계 모형 상품입니다.,"코마츠노모리 박물관 기념품점이나 온라인 숍에서 구매할 수 있으며, 건설 기계 팬에게 특별한 선물입니다.",1,https://thumbnail.image.rakuten.co.jp/@0_mall/gomukuro-one/cabinet/track/5.jpg?_ex=1024x1024,https://hb.afl.rakuten.co.jp/hgc/53033622.7bbb75b6.53033623.c98a76f0/?pc=https%3A%2F%2Fitem.rakuten.co.jp%2Fgomukuro-one%2F140193568%2F&m=https%3A%2F%2Fitem.rakuten.co.jp%2Fgomukuro-one%2F140193568%2F
PRD_1171,호우토쿠 츠루노코 (6개입),ほうとく 鶴の子 (6個入),호우토쿠 (ほうとく),REG_026,PRC_02,1300,호우토쿠 츠루노코는 학의 알을 떠올리게 하는 이름의 고마쓰 화과자입니다. 부드러운 겉과 달콤한 속이 어울리는 전통적인 선물 과자 형태입니다. 여섯 개입 구성으로 지역의 길상 이미지를 담아 나누기 좋습니다.,"고마쓰 시내의 과자점에서 구매할 수 있으며, 고급스러운 선물로 좋습니다.",1,https://dzwpvqehwr7zl.cloudfront.net/omios/products/generated/_review/PRD_1171/PRD_1171_packshot_v1.png,https://houtoku.jp/item/%E9%B6%B4%E3%81%AE%E5%AD%90/
PRD_1172,가가테마리 휴대폰 스트랩,加賀手毬携帯ストラップ,가가테마리 (加賀手毬),REG_026,PRC_02,1000,가가테마리 휴대폰 스트랩은 가가 전통 손공 문양을 작은 끈 장식으로 만든 상품입니다. 둥근 형태에 색실 무늬가 들어가 섬세한 공예미가 느껴집니다. 휴대폰이나 가방에 달아 이시카와 지역 공예의 분위기를 간직할 수 있습니다.,"스마트폰이나 가방에 달아 포인트를 줄 수 있으며, 작은 선물로 좋습니다.",1,https://dzwpvqehwr7zl.cloudfront.net/omios/products/generated/_review/PRD_1172/PRD_1172_packshot_v1.png,https://item.rakuten.co.jp/japan-ichiba/strap-kagatemari/
PRD_1173,고마쓰노 유메 (꿈) (8개입),こまつのゆめ (8個入),오카시노 이에 오카지마야 (お菓子の家おかじまや),REG_026,PRC_02,1200,고마쓰노 유메는 고마쓰의 꿈이라는 이름을 가진 부드러운 구움과자입니다. 폭신한 반죽과 달콤한 맛이 중심이라 어린이부터 어른까지 부담 없이 먹기 좋습니다. 여덟 개입 구성으로 지역 이야기를 담은 선물 과자입니다.,"고마쓰 시내의 과자점에서 구매할 수 있으며, 아이들과 함께 즐기기 좋습니다.",1,https://dzwpvqehwr7zl.cloudfront.net/omios/products/generated/_review/PRD_1173/PRD_1173_packshot_v1.png,https://okajimaya.com/?pid=120286817
PRD_1174,고마쓰쌀 코시히카리 2kg,小松米こしひかり 2kg,고마쓰쌀 (小松米),REG_026,PRC_02,1800,"고마쓰쌀의 특별한 상품으로, 청정 지역에서 재배된 코시히카리 품종 '호타루마이' 쌀 2킬로그램을 만나보세요. 이 쌀은 반딧불이가 날아다니는 맑은 계곡에서 수확되어 알이 단단하고 맛있는 식감을 자랑합니다. 함께 구성된 토마토 카레는 농가에서 직접 채취한 토마토의 적당한 산미와 향신료의 조화가 특징입니다. 또한, 대나무 순을 활용한 간편식까지 포함하여 풍성하게 즐길 수 있는 세트 상품입니다.",고마쓰 시내의 농협 직판장이나 대형 마트에서 구매할 수 있습니다.,1,https://thumbnail.image.rakuten.co.jp/@0_mall/biocle/cabinet/cinagro/rice007.jpg?_ex=1024x1024,https://hb.afl.rakuten.co.jp/hgc/53033622.7bbb75b6.53033623.c98a76f0/?pc=https%3A%2F%2Fitem.rakuten.co.jp%2Fbiocle%2Frice007%2F&m=https%3A%2F%2Fitem.rakuten.co.jp%2Fbiocle%2Frice007%2F
PRD_1175,고마쓰 쿠타니야키 볼펜 (사쿠라),九谷焼ボールペン 桜,고마쓰 쿠타니야키 (小松九谷焼),REG_026,PRC_06,5500,고마쓰 구타니야키 볼펜은 구타니 도자기 문양을 필기구에 적용한 공예형 문구류입니다. 벚꽃 무늬처럼 화사한 장식이 들어가 실용품이면서 장식성이 강합니다. 매일 쓰는 볼펜으로 이시카와 도자기 색채를 가볍게 즐길 수 있습니다.,"특별한 선물이나 소장품으로 좋으며, 쿠타니야키 전문점에서 구매할 수 있습니다.",1,https://thumbnail.image.rakuten.co.jp/@0_mall/mozaico/cabinet/product/10392226/10434667/7225m1.jpg?_ex=1024x1024,https://hb.afl.rakuten.co.jp/hgc/g00td16n.16t5u314.g00td16n.16t5v18c/?pc=https%3A%2F%2Fitem.rakuten.co.jp%2Fmozaico%2F7225-sk24%2F&m=http%3A%2F%2Fm.rakuten.co.jp%2Fmozaico%2Fi%2F10000449%2F&rafcid=wsc_i_is_b93111dd-e085-46a2-a75f-28c1ee5d2de6
PRD_1176,노토규 타타키 250g,能登牛たたき 250g,노토규 요시다 (能登牛よしだ),REG_026,PRC_05,4000,노토규 타타키는 이시카와의 브랜드 소고기인 노토규를 겉만 익혀 만든 육류 상품입니다. 얇게 썰면 고기의 감칠맛과 부드러운 식감이 살아나 술안주나 반찬으로 어울립니다. 지역 축산물의 고급스러운 맛을 집에서 즐기기 좋은 제품입니다.,"고마쓰 시내의 정육점이나 특산품점에서 구매할 수 있으며, 고급 요리로 좋습니다.",1,https://thumbnail.image.rakuten.co.jp/@0_mall/auc-concent/cabinet/p6/1021210.jpg?_ex=1024x1024,https://hb.afl.rakuten.co.jp/hgc/53033622.7bbb75b6.53033623.c98a76f0/?pc=https%3A%2F%2Fitem.rakuten.co.jp%2Fauc-concent%2F1021210%2F&m=https%3A%2F%2Fitem.rakuten.co.jp%2Fauc-concent%2F1021210%2F
PRD_1177,가가보차 파우더,加賀棒茶パウダー,마루하치 세이차바 (丸八製茶場),REG_026,PRC_01,800,"가가보차 파우더는 가가보차의 구수한 향을 분말 형태로 활용할 수 있게 만든 차 재료다. 마루하치 제차장은 가가 호지차와 가가 현미차 같은 차 상품을 다루며, 꽃 같은 단향과 풍부한 향, 감칠맛을 강조한 호지차 상품군을 소개한다. 음료에 타거나 과자 반죽에 섞어 가가보차 특유의 볶은 차 향을 더하기 좋다.",고마쓰 시내 찻집이나 특산품점에서 구매할 수 있습니다.,1,https://thumbnail.image.rakuten.co.jp/@0_mall/kawasakigroup/cabinet/04/imgrc0150481288.jpg?_ex=1024x1024,https://hb.afl.rakuten.co.jp/hgc/53033622.7bbb75b6.53033623.c98a76f0/?pc=https%3A%2F%2Fitem.rakuten.co.jp%2Fkawasakigroup%2F84827-10set%2F&m=https%3A%2F%2Fitem.rakuten.co.jp%2Fkawasakigroup%2F84827-10set%2F
PRD_1178,항공자위대 F-15J 이글 고마쓰 기지 완성 모형,航空自衛隊 F-15J イーグル 小松基地 JASDF 飛行機 完成品,에프토이즈 (F-TOYS),REG_026,PRC_04,3850,항공자위대 고마쓰 기지 완성 모형은 전투기와 고마쓰 기지 이미지를 담은 항공기 수집품입니다. 조립이 끝난 형태로 감상할 수 있어 항공 팬에게 접근성이 좋습니다. 기체의 날렵한 실루엣과 기지 표기가 지역성을 함께 보여줍니다.,"고마쓰 기지 인근 기념품점이나 온라인 숍에서 구매할 수 있으며, 밀리터리 마니아에게 특별한 선물입니다.",1,https://thumbnail.image.rakuten.co.jp/@0_mall/honkakuha/cabinet/jieitai-2/931413178.jpg?_ex=1024x1024,https://hb.afl.rakuten.co.jp/hgc/53033622.7bbb75b6.53033623.c98a76f0/?pc=https%3A%2F%2Fitem.rakuten.co.jp%2Fhonkakuha%2F931413178%2F&m=https%3A%2F%2Fitem.rakuten.co.jp%2Fhonkakuha%2F931413178%2F
PRD_1179,고마쓰 맥주 카가츠메 IPA,KOMATSU BEER KAGATSUME IPA,고마쓰 맥주 (小松ビール),REG_026,PRC_01,660,"고마쓰 맥주는 고마쓰 지역의 식재료와 북리쿠의 깨끗한 물을 활용하여 맛을 낸 크래프트 맥주입니다. 이 맥주를 통해 방문객들은 지역 특유의 풍미를 깊이 느낄 수 있습니다. 고마쓰 시에서 처음으로 설립된 양조장으로서, 새로운 맛과 경험을 제공하고자 합니다.",고마쓰 시내의 펍이나 주류 전문점에서 구매할 수 있습니다.,1,https://dzwpvqehwr7zl.cloudfront.net/omios/products/generated/_review/PRD_1179/PRD_1179_packshot_v1.png,https://komatsubeer.com/products/kagatume-ipa
PRD_1180,고마쓰 쿠타니야키 사케병 (긴사이),九谷焼徳利 銀彩,고마쓰 쿠타니야키 (小松九谷焼),REG_026,PRC_06,8800,"고마쓰 쿠타니야키에서 제작된 아름다운 구타니야키 도자기입니다. 이 제품들은 선물용이나 특별한 기념일 축하용으로 적합하며, 고급스러운 분위기를 더해줍니다. 와인잔이나 술을 마시는 세트 등 다양한 형태로 구성되어 있습니다. 은색 채색(긴사이)이 특징이며, 녹색과 파란색 계열의 색상으로 제작되어 품격 있는 인테리어 소품으로도 활용할 수 있습니다.","술잔과 세트로 구매하여 선물하기 좋으며, 고급스러운 분위기를 연출합니다.",1,https://thumbnail.image.rakuten.co.jp/@0_mall/qnp/cabinet/05538873/89-76-350.jpg?_ex=1024x1024,https://hb.afl.rakuten.co.jp/hgc/g00qh3kn.16t5ube5.g00qh3kn.16t5v90d/?pc=https%3A%2F%2Fitem.rakuten.co.jp%2Fqnp%2F715-w415%2F&m=http%3A%2F%2Fm.rakuten.co.jp%2Fqnp%2Fi%2F10104187%2F&rafcid=wsc_i_is_b93111dd-e085-46a2-a75f-28c1ee5d2de6
PRD_1181,가가 노토의 색채 도시락 (에키벤),加賀能登の彩り弁当,타카노 (株式会社高野),REG_026,PRC_02,1380,가가 노토의 색채 도시락은 이시카와의 바다와 산 식재료 이미지를 담은 역 도시락입니다. 여러 반찬을 작은 칸에 나누어 담아 지역의 계절감과 색감을 보여줍니다. 이동 중에도 가가와 노토의 맛을 한 상자 안에서 즐길 수 있는 상품입니다.,"고마쓰역 내 매점이나 열차 안에서 구매할 수 있으며, 기차 여행 중 특별한 식사를 즐길 수 있습니다.",1,https://dzwpvqehwr7zl.cloudfront.net/omios/products/generated/_review/PRD_1181/PRD_1181_packshot_v1.png,https://www.ekiben-takano.co.jp/bentou/kaganoto/
PRD_1182,아타카노세키 센베이,安宅の関せんべい,오카시노 이에 오카지마야 (お菓子の家おかじまや),REG_026,PRC_02,1080,아타카노세키 센베이는 고마쓰의 역사 명소인 아타카노세키 이름을 붙인 전병 과자입니다. 바삭한 식감과 고소한 맛이 중심이라 차와 함께 먹기 좋습니다. 지역 설화와 관광지 이미지를 간단한 과자에 담은 기념품입니다.,아타카노세키 근처 기념품점이나 고마쓰 시내에서 구매할 수 있습니다.,1,https://dzwpvqehwr7zl.cloudfront.net/omios/products/generated/_review/PRD_1182/PRD_1182_packshot_v1.png,https://okajimaya.com/?pid=120286815
PRD_1183,호우쇼카엔 가가의 홍차 (50g),ほうしょうかえん 加賀の紅茶 (50g),호우쇼카엔 (ほうしょうかえん),REG_026,PRC_01,756,"이 홍차는 이시카와현 가가 지역에서 생산된 프리미엄 차입니다. 밝은 주황색 물빛을 띠고 있으며, 은은한 단맛과 상쾌하고 깨끗한 뒷맛이 특징입니다. 국산 가가 지역의 최상급 차를 사용하여 장보야차호에서 정성껏 제조했습니다.","고마쓰 시내 찻집이나 기념품점에서 구매할 수 있으며, 색다른 맛의 차를 찾는 사람에게 좋습니다.",1,https://dzwpvqehwr7zl.cloudfront.net/omios/products/generated/_review/PRD_1183/PRD_1183_packshot_v1.png,https://www.houshoukaen.com/shop/detail/2
PRD_1184,가가 온센쿄 사이다,加賀温泉郷サイダー,JA 가가 (JA加賀),REG_026,PRC_01,320,가가 온센쿄 사이다는 가가 온천향 이름을 단 지역 탄산음료입니다. 상쾌한 탄산과 달콤한 맛이 온천 산책 후 마시기 좋은 느낌을 줍니다. 병 디자인과 지역명이 어우러져 가가 여행 기념 음료로 활용하기 좋습니다.,"갈증 해소에 좋으며, 온천 지역의 상점이나 고마쓰 시내 기념품점에서 구매할 수 있습니다.",1,https://dzwpvqehwr7zl.cloudfront.net/omios/products/generated/_review/PRD_1184/PRD_1184_packshot_v1.png,https://www.ja-kaga.or.jp/store/product/72
PRD_1185,노토규 가가 야채 카레 (레토르트),能登牛・加賀野菜カレー,호텔 아로레 (ホテルアローレ),REG_026,PRC_01,864,노토규 가가 야채 카레는 이시카와의 브랜드 소고기와 가가 채소 이미지를 함께 담은 레토르트 카레입니다. 진한 카레 소스에 고기 감칠맛과 채소의 단맛이 더해져 한 끼 식사로 좋습니다. 지역 식재료를 간편식 형태로 즐기게 만든 상품입니다.,"호텔 기념품점이나 온라인 숍에서 구매할 수 있으며, 특별한 식사를 즐기기에 좋습니다.",1,https://thumbnail.image.rakuten.co.jp/@0_mall/auc-concent/cabinet/itemimg/1021/1021068.jpg?_ex=1024x1024,https://hb.afl.rakuten.co.jp/hgc/g00r0unn.16t5ub29.g00r0unn.16t5vb4b/?pc=https%3A%2F%2Fitem.rakuten.co.jp%2Fauc-concent%2F1021068%2F&m=http%3A%2F%2Fm.rakuten.co.jp%2Fauc-concent%2Fi%2F10000048%2F&rafcid=wsc_i_is_b93111dd-e085-46a2-a75f-28c1ee5d2de6
PRD_1236,일육 타르트 유자 1본,一六タルト「柚子」1本,일육본포 (一六本舗),REG_027,PRC_02,1058,"이 제품은 시코쿠 에히메현 마쓰야마시에 본사를 둔 회사에서 선보입니다. 일육 타르트를 비롯하여 다양한 종류의 맛있는 과자나 기념품을 제조하고 있습니다. 제품군은 서양과자, 일본식 과자, 케이크 등 여러 가지 디저트가 포함되어 있습니다. 이 타르트는 오랜 역사와 특별한 제조 과정에 대한 깊은 노하우를 담고 있습니다.",11조각으로 잘려 있어 숙소나 사무실에서 나눠 먹기 편합니다.,1,https://thumbnail.image.rakuten.co.jp/@0_mall/ichiroku/cabinet/11174476/yuzu_sao1.jpg?_ex=1024x1024,https://hb.afl.rakuten.co.jp/hgc/g00q878n.16t5u8cf.g00q878n.16t5vb82/?pc=https%3A%2F%2Fitem.rakuten.co.jp%2Fichiroku%2F1339353%2F&m=http%3A%2F%2Fm.rakuten.co.jp%2Fichiroku%2Fi%2F10000000%2F&rafcid=wsc_i_is_b93111dd-e085-46a2-a75f-28c1ee5d2de6
PRD_1237,베이비 모에무 10개입,ベビー母恵夢 10個入箱,모에무본포 (母恵夢本舗),REG_027,PRC_02,1296,"모에무본포의 대표적인 명과로, 서양 과자의 풍부한 향미와 고급스러운 전통 한과 맛을 독자적인 제조 기술로 조화시킨 창작 화과자입니다. 계란을 사용한 황미앙을 버터를 활용하여 부드럽게 녹는 식감의 옷으로 감싼 것이 특징입니다. 이러한 조합은 깊고 우아한 풍미를 선사하며, 전통과 서양의 맛이 어우러진 특별함을 느낄 수 있습니다.",가벼운 박스 포장이라 공항에서 마지막 선물용으로 고르기 좋습니다.,0,https://thumbnail.image.rakuten.co.jp/@0_mall/e-bussan/cabinet/02296169/02526001/05937242/10003077-2.jpg?_ex=1024x1024,https://hb.afl.rakuten.co.jp/hgc/g00r7pqn.16t5ubb8.g00r7pqn.16t5v028/?pc=https%3A%2F%2Fitem.rakuten.co.jp%2Fe-bussan%2F10003077-2%2F&m=http%3A%2F%2Fm.rakuten.co.jp%2Fe-bussan%2Fi%2F10003204%2F&rafcid=wsc_i_is_b93111dd-e085-46a2-a75f-28c1ee5d2de6
PRD_1238,봇짱 당고 8개입,坊っちゃん団子／8本入り,우쓰보야 (うつぼ屋),REG_027,PRC_01,864,이 당고는 도고 온천 본관에서 차과자로 사용되는 제품입니다. 계란을 사용하지 않아 안심하고 즐기실 수 있습니다. 본 제품 외에도 엄선된 다양한 종류의 과자를 취급하고 있습니다. 총 8개입으로 구성되어 있어 간편하게 맛보기에 좋습니다.,상온 보관이 가능하지만 유통기한이 짧은 편이라 여행 후 바로 전달할 선물에 적합합니다.,1,https://thumbnail.image.rakuten.co.jp/@0_mall/e-hanafusa/cabinet/hakuho-big/bochan-8-1000.jpg?_ex=1024x1024,https://hb.afl.rakuten.co.jp/hgc/g00pqvqn.16t5u54b.g00pqvqn.16t5v4e0/?pc=https%3A%2F%2Fitem.rakuten.co.jp%2Fe-hanafusa%2Fbochan8%2F&m=http%3A%2F%2Fm.rakuten.co.jp%2Fe-hanafusa%2Fi%2F10003927%2F&rafcid=wsc_i_is_b93111dd-e085-46a2-a75f-28c1ee5d2de6
PRD_1239,노켄만토 전 종류 14개 기념 세트,労研饅頭 全種類14個 記念セット 冷凍,노켄만토 다케우치 (労研饅頭たけうち),REG_027,PRC_03,2600,"노켄만토 전 종류 기념 세트는 다케우치의 노켄만토 열네 가지를 한 번에 담은 냉동 세트입니다. 노켄만토는 노동과 영양을 배경으로 탄생한 소박한 찐빵 계열 과자로, 원조 제품에는 소금 맛 검은콩이 들어갑니다. 고구마앙처럼 우유, 버터, 코코아를 활용한 맛도 포함되어 다양한 찐빵 식감과 속재료를 비교해 먹기 좋습니다.",냉동 개별포장 상품이라 이동 시간이 길다면 보냉 준비를 함께 고려하는 편이 좋습니다.,1,https://dzwpvqehwr7zl.cloudfront.net/omios/products/generated/_review/PRD_1239/PRD_1239_packshot_v1.png,https://rokenmanto.base.shop/items/58563611
PRD_1240,일복백과 통째로 미캉 다이후쿠 6개입,一福百果 まるごとみかん大福 6個入,세이코도 (清光堂),REG_027,PRC_04,3000,"이 제품은 에히메현의 특산품인 '미캉'을 활용한 다이후쿠입니다. 엄선된 미캉 한 개를 통째로 사용하여 하얀 앙금과 대푸쿠 반죽으로 하나하나 정성껏 감싼 것이 특징입니다. 이 메뉴는 와가시 제작 수련 중 만난 딸기 대푸쿠에서 영감을 받아 탄생했으며, 가게의 대표 메뉴로 자리 잡았습니다.",냉동 상품이라 바로 먹기보다 숙소 냉장고에서 반해동해 디저트로 즐기기 좋습니다.,0,https://thumbnail.image.rakuten.co.jp/@0_mall/e-bussan/cabinet/02296169/02526001/03892308/10000220-1-img-1.jpg?_ex=1024x1024,https://hb.afl.rakuten.co.jp/hgc/g00r7pqn.16t5ubb8.g00r7pqn.16t5v028/?pc=https%3A%2F%2Fitem.rakuten.co.jp%2Fe-bussan%2F10000220-1%2F&m=http%3A%2F%2Fm.rakuten.co.jp%2Fe-bussan%2Fi%2F10001732%2F&rafcid=wsc_i_is_b93111dd-e085-46a2-a75f-28c1ee5d2de6
PRD_1241,고시키 소멘 모리카와 300g,五色そうめん森川 五色そうめん,고시키소멘 모리카와 (五色そうめん森川),REG_027,PRC_01,410,고유의 탄력과 부드러운 식감이 특징이며 색상도 매우 선명합니다. 내용량은 300그램이고 원산지는 일본(에히메현)입니다. 직사광선을 피하고 습도가 낮은 곳에서 실온 보관해야 합니다. 이 제품은 오색 소멘 모리카와 브랜드의 상품입니다.,가볍고 부피가 작아 캐리어 공간이 부족할 때 식품 선물로 넣기 좋습니다.,1,https://thumbnail.image.rakuten.co.jp/@0_mall/the-fuji/cabinet/07068947/imgrc0157695477.jpg?_ex=1024x1024,https://hb.afl.rakuten.co.jp/hgc/53033622.7bbb75b6.53033623.c98a76f0/?pc=https%3A%2F%2Fitem.rakuten.co.jp%2Fthe-fuji%2Fstk-851-59429%2F&m=https%3A%2F%2Fitem.rakuten.co.jp%2Fthe-fuji%2Fstk-851-59429%2F
PRD_1242,도고 맥주 8병 세트,道後ビール8本セット,미나쿠치주조 (水口酒造),REG_027,PRC_06,5800,"카라멜 맥아를 풍부하게 사용하여 깊고 진한 색감을 자랑하며 로스팅된 고소함과 적당한 쓴맛이 특징인 맥주입니다. 특히 밀맥주(전분)를 사용해 쓴맛은 줄이고 부드러운 목넘김을 선사합니다. 전반적으로 상큼하고 과일 같은 풍미가 느껴지며, 매력적인 바나나 향이 두드러집니다. 발효 효모가 살아있는 생맥주로 청량감 있는 맛과 함께 즐기기에 좋습니다.",병 제품이라 무게가 있으므로 현지에서 마시거나 위탁수하물 포장을 고려하는 편이 좋습니다.,1,https://thumbnail.image.rakuten.co.jp/@0_mall/e-hanafusa/cabinet/hakuho-big/mizu68-1000w.jpg?_ex=1024x1024,https://hb.afl.rakuten.co.jp/hgc/g00pqvqn.16t5u54b.g00pqvqn.16t5v4e0/?pc=https%3A%2F%2Fitem.rakuten.co.jp%2Fe-hanafusa%2Fminakuchi3%2F&m=http%3A%2F%2Fm.rakuten.co.jp%2Fe-hanafusa%2Fi%2F10003957%2F&rafcid=wsc_i_is_b93111dd-e085-46a2-a75f-28c1ee5d2de6
PRD_1243,이요카스리 하프 손수건,IYO KASURI-イヨカスリ ハーフハンカチ,이오리 (伊織),REG_027,PRC_01,880,이 제품은 에히메의 전통 특산품인 '이요가스리'를 담은 하프 손수건입니다. 이 작품은 해당 전통을 후세에 전하기 위한 활동을 이어오고 있는 민예 이요가스리 회관과 협업하여 탄생했습니다. 오랜 역사를 지닌 에히메의 특색 있는 직물인 '이요가스리'를 통해 그 가치를 담아냈습니다.,"음식 선물이 부담스러운 사람에게 주기 좋고, 작아서 여러 장 구매해도 휴대가 쉽습니다.",1,https://dzwpvqehwr7zl.cloudfront.net/omios/products/generated/_review/PRD_1243/PRD_1243_packshot_v1.png,https://www.i-ori.jp/c/towels/2476
PRD_1244,바이잔가마 쿠라완카 소형 밥그릇 요코고스펜,くらわんか 小 横呉須ペン,바이잔가마 (梅山窯),REG_027,PRC_02,1650,"바이잔가마 쿠라완카 소형 밥그릇은 도베야키 매산가마의 작은 밥그릇 상품이다. 요코고스펜 무늬가 들어간 단정한 청색 계열 디자인이며, 밥그릇으로 쓰기 좋은 생활 도자기다. 하나하나 손으로 만들고 그림을 넣기 때문에 형태, 크기, 색감이 조금씩 달라지는 수공예품의 매력이 있다.",깨지기 쉬운 도자기라 현지 매장에서 완충 포장을 요청하는 것이 안전합니다.,0,https://dzwpvqehwr7zl.cloudfront.net/omios/products/generated/_review/PRD_1244/PRD_1244_packshot_v1.png,https://baizangama.jp/catalog/no-742/
PRD_1245,슌노 츄츄 젤리 10개입 기분 세트,旬のちゅうちゅうゼリー 10個入り きまぐれセット,다나베청과 (田那部青果),REG_027,PRC_05,4950,슌노 츄츄 젤리 기분 세트는 애현산 감귤을 사용한 파우치형 젤리 음료입니다. 그때 맛있는 감귤을 골라 구성하는 방식이라 여러 종류의 산미와 단맛을 비교할 수 있습니다. 빨아 먹는 형태라 과일을 마시는 듯한 신선한 느낌이 특징입니다.,상온 보관이 가능해 과자 대신 상큼한 선물을 찾을 때 선택하기 좋습니다.,0,https://dzwpvqehwr7zl.cloudfront.net/omios/products/generated/_review/PRD_1245/PRD_1245_packshot_v1.png,https://www.e-mikan.co.jp/user_data/shop_chu
PRD_1246,사레도시오 모시오,されど塩 藻塩,사레도시오(されど塩),REG_027,PRC_01,880,"사레도시오 모시오는 세토내해의 바닷물과 해조류를 주원료로 만든 특별한 소금입니다. 이 소금은 유하식 구조의 염전에서 얻은 진한 소금물에 해초인 혼다와라를 담가 오랜 시간 동안 천천히 졸여 만들어집니다. 그 결과, 부드럽고 깊은 감칠맛을 지닌 것이 특징입니다.",작은 병·봉지 조미료라 요리를 좋아하는 사람에게 부담 없이 건네기 좋습니다.,1,https://thumbnail.image.rakuten.co.jp/@0_mall/tamurafoods/cabinet/11468594/imgrc0087820586.jpg?_ex=1024x1024,https://hb.afl.rakuten.co.jp/hgc/g00r265n.16t5u2ac.g00r265n.16t5v69a/?pc=https%3A%2F%2Fitem.rakuten.co.jp%2Ftamurafoods%2Fsaredoshio_mojio%2F&m=http%3A%2F%2Fm.rakuten.co.jp%2Ftamurafoods%2Fi%2F10000821%2F&rafcid=wsc_i_is_b93111dd-e085-46a2-a75f-28c1ee5d2de6
PRD_1247,봇짱 사브레 소 20개입,坊っちゃんサブレ 小・20個入り,봇짱 사브레(坊っちゃんサブレ),REG_027,PRC_01,870,"봇짱 사브레는 애현 마쓰야마의 문학적 이미지와 연결되는 쿠키형 과자입니다. 밀가루와 설탕, 달걀을 바탕으로 한 가벼운 단맛과 바삭한 식감이 특징입니다. 스무 개입 소형 구성이라 여러 사람에게 나누기 좋은 애현 기념 과자입니다.",개별 수량이 넉넉해 여러 명에게 나눠 주는 학교·직장 선물로 알맞습니다.,1,https://dzwpvqehwr7zl.cloudfront.net/omios/products/generated/_review/PRD_1247/PRD_1247_packshot_v1.png,https://sorauminet.com/collections/souvenir-choice-ehime/products/bocchan_sable
PRD_1248,벳시 아메 상자,別子飴 箱,벳시아메본포(別子飴本舗),REG_027,PRC_02,1300,"일본의 주요 구리 광산 중 하나인 별자구리산을 이름으로 한 전통 사탕입니다. 이 사탕은 창업 이래의 방식을 고수하며, 옛 방식 그대로 동솥에 물엿을 끓여내는 정통 제조법을 따릅니다. 오랜 세월 전해 내려오는 방식으로 만들어져, 추억이 담긴 소박하고 정겨운 맛을 느낄 수 있습니다. 숙련된 장인의 손길과 따뜻한 마음이 고스란히 담겨 현재까지 이어지고 있는 깊은 전통 과자입니다.",상자 포장이라 오래 두고 먹는 옛날식 간식을 좋아하는 분에게 어울립니다.,1,https://thumbnail.image.rakuten.co.jp/@0_mall/the-fuji/cabinet/stk_new/271/stk-274-71089_5.jpg?_ex=1024x1024,https://hb.afl.rakuten.co.jp/hgc/g00rvkfn.16t5u1c4.g00rvkfn.16t5v4b0/?pc=https%3A%2F%2Fitem.rakuten.co.jp%2Fthe-fuji%2Fstk-851-71089%2F&m=http%3A%2F%2Fm.rakuten.co.jp%2Fthe-fuji%2Fi%2F10225537%2F&rafcid=wsc_i_is_b93111dd-e085-46a2-a75f-28c1ee5d2de6
PRD_1249,삼대째 미캉 장인 미캉 주스 스트레이트,三代目みかん職人 みかんジュース（ストレート）,삼대째 미캉 장인(三代目みかん職人),REG_027,PRC_02,1300,"에히메 지역의 삼대째 미캉 장인이 만든 스트레이트 미캉 주스입니다. 본 제품은 원료로 에히메현 하치하마마에서 생산된 온슈 귤을 사용했습니다. 맛과 진한 풍미가 뛰어나 마치 농축액처럼 느껴질 만큼 놀라운 단맛과 깊은 감칠맛이 특징입니다. 720밀리리터 용량으로, 미캉의 신선하고 깊은 맛을 그대로 즐길 수 있습니다.",과자보다 신선한 느낌의 선물을 찾을 때 좋지만 병 제품이라 이동 중 파손에 유의해야 합니다.,1,https://dzwpvqehwr7zl.cloudfront.net/omios/products/generated/_review/PRD_1249/PRD_1249_packshot_v1.png,https://sorauminet.com/collections/souvenir-choice-ehime/products/mikansyokunin_mikanjuice_straight
PRD_1250,플레이버 허니 세토우치 레몬,フレーバーハニー瀬戸内レモン,플레이버 허니(フレーバーハニー),REG_027,PRC_01,650,향긋한 레몬과 꿀의 조합이 특징인 플레이버 허니 세토우치 레몬입니다. 이 제품은 에히메현에서 온 기념품으로 선택된 품목입니다. 특히 세토우치 지역의 특색을 담아낸 것이 매력적입니다. 선물용으로 좋은 추억을 간직할 수 있는 아이템입니다.,빵이나 요거트를 자주 먹는 사람에게 실용적인 식탁 선물로 고르기 좋습니다.,1,https://thumbnail.image.rakuten.co.jp/@0_mall/buriruby/cabinet/12814594/43316211_1.jpg?_ex=1024x1024,https://hb.afl.rakuten.co.jp/hgc/g00umkyn.16t5u0a6.g00umkyn.16t5vd55/?pc=https%3A%2F%2Fitem.rakuten.co.jp%2Fburiruby%2Fqvtpiezfmzs4v2tg5gq364jqd4%2F&m=http%3A%2F%2Fm.rakuten.co.jp%2Fburiruby%2Fi%2F10853674%2F&rafcid=wsc_i_is_b93111dd-e085-46a2-a75f-28c1ee5d2de6
PRD_1251,주라스농방 온슈 미캉 주스 스트레이트,じゅらす農房 温州みかんジュース（ストレート）,주라스농방(じゅらす農房),REG_027,PRC_02,1410,"에히메 지역의 주라스농방에서 선보이는 온슈 미캉 주스입니다. 에히메현에서 생산된 온슈 미캉만을 사용하여 만들었으며, 100% 스트레이트 주스로 순수함을 담았습니다. 신선한 에히메산 온슈 미캉의 맛을 그대로 느낄 수 있는 제품입니다.",감귤 산지다운 선명한 맛을 보여주기 좋아 가족용 기념품으로 무난합니다.,1,https://dzwpvqehwr7zl.cloudfront.net/omios/products/generated/_review/PRD_1251/PRD_1251_packshot_v1.png,https://sorauminet.com/collections/souvenir-choice-ehime/products/jyurasunoubou
PRD_1252,에히메 이요칸 티 8개입,愛媛伊予柑ティー（8本入り）,에히메 이요칸 티(愛媛伊予柑ティー),REG_027,PRC_01,760,"에히메 지역의 특산물인 이요칸을 활용한 티 제품입니다. 총 8개입으로 구성되어 있으며, 각 개별 포장에는 16그램씩 들어있습니다. 주재료로는 설탕, 과당과 함께 이요칸 주스 파우더와 홍차 추출물이 사용되었습니다. 부드러운 맛의 차를 즐기면서 에히메 지역의 향을 느낄 수 있는 선물용 제품입니다.",무게가 가볍고 개별 포장이라 캐리어 공간이 부족할 때도 넣기 편합니다.,1,https://thumbnail.image.rakuten.co.jp/@0_mall/the-fuji-2/cabinet/mt/211/002_1/20038.jpg?_ex=1024x1024,https://hb.afl.rakuten.co.jp/hgc/g00uoeun.16t5u7a4.g00uoeun.16t5v7b4/?pc=https%3A%2F%2Fitem.rakuten.co.jp%2Fthe-fuji-2%2Fmt-002-4901111087071-1%2F&m=http%3A%2F%2Fm.rakuten.co.jp%2Fthe-fuji-2%2Fi%2F10002465%2F&rafcid=wsc_i_is_b93111dd-e085-46a2-a75f-28c1ee5d2de6
PRD_1253,블러드 오렌지 매실주,ブラッドオレンジ梅酒,블러드 오렌지 매실주(ブラッドオレンジ梅酒),REG_027,PRC_03,2180,"이 제품은 에히메 지역의 특산품으로 알려진 블러드 오렌지 매실주입니다. 리큐르로 분류되는 이 술은 우와지마산 블러드 오렌지 과즙과 매실주를 주재료로 하여 만들어졌습니다. 여기에 양조 알코올, 당류 및 기타 첨가물들이 더해져 풍부한 맛을 자랑합니다. 내용량은 720밀리리터이며, 직사광선을 피해 보관해야 합니다.","주류라 미성년자 선물에는 맞지 않고, 성인용 식사 자리 선물로 적합합니다.",1,https://thumbnail.image.rakuten.co.jp/@0_mall/azumazuru/cabinet/liqueur/imgrc0066579304.jpg?_ex=1024x1024,https://hb.afl.rakuten.co.jp/hgc/g00pzhon.16t5u1e3.g00pzhon.16t5vefe/?pc=https%3A%2F%2Fitem.rakuten.co.jp%2Fazumazuru%2F12090008%2F&m=http%3A%2F%2Fm.rakuten.co.jp%2Fazumazuru%2Fi%2F10006358%2F&rafcid=wsc_i_is_b93111dd-e085-46a2-a75f-28c1ee5d2de6
PRD_1254,이요칸 통조림,伊予柑缶詰,이요칸 통조림(伊予柑缶詰),REG_027,PRC_01,660,"이요칸 통조림은 에히메현산 이요칸 과육을 시럽에 담은 과일 통조림입니다. 이요칸 특유의 상큼한 향과 산미를 보존하면서 설탕과 구연산으로 깔끔한 단맛을 더했습니다. 그대로 후식으로 먹거나 요구르트, 빙수, 디저트 토핑에 올리기 좋은 감귤 가공품입니다.",상온 보관이 가능해 여행 후 바로 먹지 않아도 되는 실용적인 간식입니다.,1,https://thumbnail.image.rakuten.co.jp/@0_mall/e-bussan/cabinet/02296169/02526001/03632889/10000540-10_2.jpg?_ex=1024x1024,https://hb.afl.rakuten.co.jp/hgc/53033622.7bbb75b6.53033623.c98a76f0/?pc=https%3A%2F%2Fitem.rakuten.co.jp%2Fe-bussan%2F10000540-10%2F&m=https%3A%2F%2Fitem.rakuten.co.jp%2Fe-bussan%2F10000540-10%2F
PRD_1255,아마나쓰 통조림,甘夏缶詰,아마나쓰 통조림(甘夏缶詰),REG_027,PRC_01,660,"에히메현산 아마나쓰 미칸을 주재료로 한 통조림 과자입니다. 이 제품은 '아마나쓰 미칸 시럽 코팅(라이트)'이라는 이름으로 제공됩니다. 주요 원료로는 에히메현에서 생산된 아마나쓰 미칸과 설탕, 구연산이 사용되었습니다. 내용물 총량은 295그램이며 고형분은 170그램입니다.",디저트 토핑으로 쓰기 좋아 집에서 과일 간식을 즐기는 사람에게 잘 맞습니다.,1,https://thumbnail.image.rakuten.co.jp/@0_mall/atashikita/cabinet/05777133/imgrc0081169226.jpg?_ex=1024x1024,https://hb.afl.rakuten.co.jp/hgc/g00sv8hn.16t5ua22.g00sv8hn.16t5v0d6/?pc=https%3A%2F%2Fitem.rakuten.co.jp%2Fatashikita%2F10000018-3%2F&m=http%3A%2F%2Fm.rakuten.co.jp%2Fatashikita%2Fi%2F10000093%2F&rafcid=wsc_i_is_b93111dd-e085-46a2-a75f-28c1ee5d2de6
PRD_1256,미캉 한천 젤리,みかん寒天ゼリー,미캉 한천 젤리(みかん寒天ゼリー),REG_027,PRC_01,440,"에히메현의 특색을 담은 기념품으로 즐길 수 있는 미캉 한천 젤리입니다. 이 젤리는 지역에서 나는 다양한 감귤류를 활용하여 만들어졌습니다. 특히, 이요칸, 세토카, 카와치 반칸 등 여러 품종의 맛과 향을 느낄 수 있도록 구성되었습니다. 부드러운 식감의 주레 형태로, 에히메 지역의 특별한 맛을 간편하게 즐길 수 있습니다.",가격이 낮아 다른 선물에 하나 더 곁들이는 보조 기념품으로 좋습니다.,1,https://thumbnail.image.rakuten.co.jp/@0_mall/tomizawa/cabinet/item007/02229900_1.jpg?_ex=1024x1024,https://hb.afl.rakuten.co.jp/hgc/g00sltxn.16t5uecd.g00sltxn.16t5va4c/?pc=https%3A%2F%2Fitem.rakuten.co.jp%2Ftomizawa%2F02229900%2F&m=http%3A%2F%2Fm.rakuten.co.jp%2Ftomizawa%2Fi%2F10018015%2F&rafcid=wsc_i_is_b93111dd-e085-46a2-a75f-28c1ee5d2de6
PRD_1257,핫사쿠 통조림,八朔缶詰,핫사쿠 통조림(八朔缶詰),REG_027,PRC_01,620,"핫사쿠 통조림은 에히메현산 핫사쿠 과육을 시럽에 담은 과일 통조림입니다. 핫사쿠 특유의 산뜻한 쓴맛과 향, 가벼운 단맛이 함께 느껴지는 것이 특징입니다. 껍질을 벗기는 번거로움 없이 감귤류 과육을 디저트나 간식으로 활용하기 좋은 상품입니다.",단맛만 강한 간식보다 산뜻한 과일 맛을 선호하는 사람에게 추천하기 좋습니다.,1,https://thumbnail.image.rakuten.co.jp/@0_mall/e-bussan/cabinet/02296169/02526001/03632889/10000540-10_2.jpg?_ex=1024x1024,https://hb.afl.rakuten.co.jp/hgc/g00r7pqn.16t5ubb8.g00r7pqn.16t5v028/?pc=https%3A%2F%2Fitem.rakuten.co.jp%2Fe-bussan%2F10000540-10%2F&m=http%3A%2F%2Fm.rakuten.co.jp%2Fe-bussan%2Fi%2F10002276%2F&rafcid=wsc_i_is_b93111dd-e085-46a2-a75f-28c1ee5d2de6
PRD_1258,이마바리 타월 MOKU 라이트 타월,今治タオル MOKUライトタオル,이마바리 타월(今治タオル),REG_027,PRC_02,1000,이 제품은 이마바리 타월 브랜드에서 선보이는 모쿠 라이트 타월입니다. 에히메 지역의 전통을 담아 제작된 것으로 알려진 타월입니다. 일상생활 속 잡화로 활용하기 좋은 디자인과 실용성을 갖추고 있습니다.,먹거리 선물이 부담스러운 사람에게 주기 좋은 실용형 에히메 기념품입니다.,0,https://thumbnail.image.rakuten.co.jp/@0_mall/antiqua-a/cabinet/cafe/goods/kon/kon-00004-.jpg?_ex=1024x1024,https://hb.afl.rakuten.co.jp/hgc/g00qllxn.16t5ue2f.g00qllxn.16t5v2ba/?pc=https%3A%2F%2Fitem.rakuten.co.jp%2Fantiqua-a%2Fkon-00004%2F&m=http%3A%2F%2Fm.rakuten.co.jp%2Fantiqua-a%2Fi%2F10028752%2F&rafcid=wsc_i_is_b93111dd-e085-46a2-a75f-28c1ee5d2de6
PRD_1259,이마바리 타월 오가닉 코튼 손수건 생성,今治タオル オーガニックコットンタオルハンカチ（生成り）,이마바리 타월(今治タオル),REG_027,PRC_01,550,"에히메 지역의 이마바리 타월 브랜드에서 선보이는 오가닉 코튼 소재의 손수건입니다. 순수한 오가닉 코튼을 사용하여 제작되었으며, 자연스러운 생성리 색상으로 은은하고 깨끗한 느낌을 줍니다. 부드러운 촉감과 뛰어난 품질이 특징인 이마바리 타월 핸드타월로 일상에서 활용하기 좋습니다.",부피가 작고 호불호가 적어 여러 사람에게 나눠 줄 실용 선물로 편합니다.,0,https://thumbnail.image.rakuten.co.jp/@0_mall/cyberl2010/cabinet/01635375/0628organicchied300.jpg?_ex=1024x1024,https://hb.afl.rakuten.co.jp/hgc/53033622.7bbb75b6.53033623.c98a76f0/?pc=https%3A%2F%2Fitem.rakuten.co.jp%2Fcyberl2010%2F0106-0218-0101%2F&m=https%3A%2F%2Fitem.rakuten.co.jp%2Fcyberl2010%2F0106-0218-0101%2F
PRD_1260,콘텍스 플러스컬러 오가닉 코튼 타월,kontex プラスカラー オーガニックコットンタオル,콘텍스(コンテックス),REG_027,PRC_01,830,콘텍스 플러스컬러 오가닉 코튼 타월은 이마바리 타월 산지의 생활용 수건 상품입니다. 유기농 면 소재와 선명한 색상 구성이 특징이며 손수건이나 작은 타월로 쓰기 좋습니다. 부드러운 촉감과 실용성을 중시한 애현 기념품입니다.,색을 골라 살 수 있어 상대 취향에 맞춘 생활용품 선물로 활용하기 좋습니다.,0,https://dzwpvqehwr7zl.cloudfront.net/omios/products/generated/_review/PRD_1260/PRD_1260_packshot_v1.png,https://sorauminet.com/collections/souvenir-choice-ehime/products/organic_cotton_towel
PRD_1261,코모부치 모시오,蒋渕の藻塩,코모부치 모시오(蒋渕の藻塩),REG_027,PRC_01,760,"코모부치 모시오는 애현 우와지마 바다의 해조와 해수 이미지를 담은 조미 소금입니다. 일반 소금보다 부드러운 짠맛과 바다의 감칠맛을 함께 느끼기 좋습니다. 생선구이, 주먹밥, 튀김처럼 재료 맛을 살리는 요리에 잘 어울립니다.",생선구이나 주먹밥에 쓰기 좋아 요리 취미가 있는 사람에게 잘 맞습니다.,1,https://dzwpvqehwr7zl.cloudfront.net/omios/products/generated/_review/PRD_1261/PRD_1261_packshot_v1.png,https://sorauminet.com/collections/souvenir-choice-ehime/products/komobuti_mosio
PRD_1262,도고노유 입욕제,道後の湯,도고노유(道後の湯),REG_027,PRC_01,260,"도고노유는 액체 입욕제 형태의 제품입니다. 이 제품은 애월현 지역과 관련이 깊으며, 여행 기념품으로 선택할 수 있는 상품입니다. 사용된 주요 원료로는 염화나트륨, 황산나트륨 등 다양한 성분들이 포함되어 있습니다. 따뜻한 목욕 시간을 위한 입욕제로 활용할 수 있습니다.",도고온천을 다녀온 느낌을 작게 남기고 싶을 때 저렴하게 추가 구매하기 좋습니다.,1,https://thumbnail.image.rakuten.co.jp/@0_mall/amazing-supply/cabinet/bathadditive/imgrc0095843582.jpg?_ex=1024x1024,https://hb.afl.rakuten.co.jp/hgc/g00tk1gn.16t5ub5a.g00tk1gn.16t5v882/?pc=https%3A%2F%2Fitem.rakuten.co.jp%2Famazing-supply%2F2000000033518%2F&m=http%3A%2F%2Fm.rakuten.co.jp%2Famazing-supply%2Fi%2F10001329%2F&rafcid=wsc_i_is_b93111dd-e085-46a2-a75f-28c1ee5d2de6
PRD_1263,온슈 미캉 주스,温州みかんジュース,온슈 미캉 주스(温州みかんジュース),REG_027,PRC_02,1300,온슈 미캉 주스는 애현의 대표 감귤인 온슈 미캉의 상큼한 맛을 담은 과즙 음료입니다. 달콤함과 산미가 균형을 이루어 진한 감귤 향을 느끼기 좋습니다. 시코쿠 감귤 산지의 이미지를 병이나 팩 음료로 간편하게 즐기는 상품입니다.,달콤한 음료를 좋아하는 가족에게 에히메다운 선물로 건네기 좋습니다.,1,https://thumbnail.image.rakuten.co.jp/@0_mall/shikazo/cabinet/item/juice/k-jc-mikan-6_p1_01.jpg?_ex=1024x1024,https://hb.afl.rakuten.co.jp/hgc/g00quj9n.16t5ucc7.g00quj9n.16t5v17b/?pc=https%3A%2F%2Fitem.rakuten.co.jp%2Fshikazo%2Fk-jc-mikan-6%2F&m=http%3A%2F%2Fm.rakuten.co.jp%2Fshikazo%2Fi%2F10000439%2F&rafcid=wsc_i_is_b93111dd-e085-46a2-a75f-28c1ee5d2de6
PRD_1264,라쿠렌 우유 캐러멜,らくれん 牛乳キャラメル,라쿠렌(らくれん),REG_027,PRC_01,390,"사누키 지역에서 오랫동안 사랑받아 온 라쿠렌 우유 캐러멜입니다. 이 제품은 사누키 유업의 '라쿠렌 우유'를 사용하여 만들었으며, 우유 본연의 단맛을 살려 너무 달지 않고 부드럽고 순한 맛이 특징입니다. 크기와 디자인까지 200밀리리터 라쿠렌 우유와 함께 구성되어 선물하기 좋습니다.",저렴하고 가벼워 학생 여행객이 여러 개 사서 나눠 주기 좋습니다.,1,https://dzwpvqehwr7zl.cloudfront.net/omios/products/generated/_review/PRD_1264/PRD_1264_packshot_v1.png,https://sorauminet.com/collections/souvenir-choice-ehime/products/rakurengyunyuukyarameru
PRD_1265,카오리 이치반 유즈스,香り一番ゆず酢,카오리 이치반(香り一番),REG_027,PRC_02,1060,"카오리 이치반 유즈스는 상큼한 유자 식초 제품입니다. 본 상품은 일본의 에히메현과 관련이 깊으며, 지역 특산품으로 많이 알려져 있습니다. 여행 기념품으로 선택하기 좋은 인기 품목 중 하나로 소개되고 있습니다.",샐러드나 생선 요리에 쓰기 좋아 평소 요리하는 사람에게 실용적입니다.,1,https://dzwpvqehwr7zl.cloudfront.net/omios/products/generated/_review/PRD_1265/PRD_1265_packshot_v1.png,https://sorauminet.com/collections/souvenir-choice-ehime/products/kaoriichiban_yuzusu
PRD_1266,하타다 오구리 타르트,御栗タルト,하타다본포(畑田本舗),REG_027,PRC_02,1300,하타다본포는 시코쿠의 명과로 알려진 하타다 쿠리 타르트를 비롯하여 다양한 종류의 과자를 취급합니다. 일본 전통 과자(화과자)부터 서양식 디저트(양과)까지 폭넓은 제품군을 즐길 수 있습니다. 본 브랜드에서는 여러 가지 맛과 스타일의 간식을 소개하고 선보이고 있습니다.,기존 일육 타르트와 다른 브랜드의 밤 풍미를 비교하고 싶을 때 고르기 좋습니다.,1,https://thumbnail.image.rakuten.co.jp/@0_mall/hatadakuritaruto/cabinet/lp/10683996/imgrc0099361351.jpg?_ex=1024x1024,https://hb.afl.rakuten.co.jp/hgc/g00rv0mn.16t5udc3.g00rv0mn.16t5v741/?pc=https%3A%2F%2Fitem.rakuten.co.jp%2Fhatadakuritaruto%2F202-001-7%2F&m=http%3A%2F%2Fm.rakuten.co.jp%2Fhatadakuritaruto%2Fi%2F10000665%2F&rafcid=wsc_i_is_b93111dd-e085-46a2-a75f-28c1ee5d2de6
PRD_1267,히메노츠키 이시무라 가세이 패키지 3개입,媛の月×石村嘉成パッケージ 3個入,하타다본포(畑田本舗),REG_027,PRC_01,699,히메노츠키 이시무라 가세이 패키지는 하타다의 달 모양 과자에 작가 이시무라 가세이의 그림 패키지를 더한 상품입니다. 부드러운 달 이미지와 예술적인 포장이 결합되어 선물성이 강합니다. 세 개입 구성이라 가볍게 맛보고 나누기 좋은 애현 과자입니다.,패키지 그림이 눈에 띄어 아이가 있는 집이나 친구 선물로 고르기 좋습니다.,1,https://dzwpvqehwr7zl.cloudfront.net/omios/products/generated/_review/PRD_1267/PRD_1267_packshot_v1.png,https://www.hatada.co.jp/products/34456/
PRD_1268,하타다 후와도라,フワどら,하타다본포(畑田本舗),REG_027,PRC_01,200,"하타다 후와도라는 시코쿠 명과 밤 타르트로 알려진 하타다 본포의 도라야키 계열 과자다. 이름처럼 폭신한 반죽을 내세우는 간식형 화과자이며, 하타다의 과자 상품군 안에서 별도 라인업으로 소개된다. 팥소가 들어간 부드러운 도라야키를 가볍게 먹고 싶을 때 알맞은 에히메 과자다.",낱개 구매가 가능해 여행 중 바로 먹어보고 선물 수량을 정하기 편합니다.,1,https://thumbnail.image.rakuten.co.jp/@0_mall/kochouan/cabinet/dora/imgrc0113649612.jpg?_ex=1024x1024,https://hb.afl.rakuten.co.jp/hgc/53033622.7bbb75b6.53033623.c98a76f0/?pc=https%3A%2F%2Fitem.rakuten.co.jp%2Fkochouan%2Fdoragift-04%2F&m=https%3A%2F%2Fitem.rakuten.co.jp%2Fkochouan%2Fdoragift-04%2F
PRD_1269,하타다 고다이야키 아즈키,五大焼 -どら焼・小豆-,하타다본포(畑田本舗),REG_027,PRC_01,157,깊고 독특한 단맛의 흑당과 밤이 들어간 아즈키앙이 절묘하게 어우러진 특제 도라야키입니다. 하타다본포에서 선보이는 이 명품 과자는 깊은 풍미를 자랑합니다. 부드럽게 녹아내리는 달콤함과 고소한 밤의 식감이 완벽하게 조화를 이루어 특별한 맛을 선사할 것입니다.,저렴한 낱개 과자라 간단한 추가 선물이나 이동 중 간식으로 적합합니다.,1,https://dzwpvqehwr7zl.cloudfront.net/omios/products/generated/_review/PRD_1269/PRD_1269_packshot_v1.png,https://www.hatada.co.jp/products/godaiyaki/
PRD_1270,베이비 모에무 세토우치 허니 레몬 10개입,ベビー母恵夢「瀬戸内はちみつレモン」10個入箱,모에무본포(母恵夢本舗),REG_027,PRC_02,1296,"베이비 모에무 세토우치 허니 레몬은 세토우치 레몬과 꿀의 이미지를 살린 계절 한정 과자다. 레몬 과즙, 레몬 껍질, 꿀, 꿀 페이스트가 들어가 상큼한 레몬 향과 은근한 꿀 단맛이 부드럽게 퍼진다. 열 개입 상자 구성이라 에히메 지역 과자를 나누어 먹는 선물용으로 알맞다.",부드러운 식감이라 어린이부터 어른까지 나눠 먹기 쉬운 상자 선물입니다.,1,https://dzwpvqehwr7zl.cloudfront.net/omios/products/generated/_review/PRD_1270/PRD_1270_packshot_v1.png,https://www.poemehonpo.co.jp/view/item/000000000115
PRD_1271,세토우치 후와마주 6개입,瀬戸内ふわまーじゅ 6個入箱,모에무본포(母恵夢本舗),REG_027,PRC_01,879,"모에무본포의 세토우치 후와마주는 꿀과 세토내 레몬을 부드럽게 녹인 치즈케이크로 감싼 디저트입니다. 이 제품은 자극적이지 않으면서도 시원한 느낌이 특징이며, 달콤함과 새콤함이 조화롭게 어우러진 맛이 매력적입니다. 6개입 상자로 구성되어 있어 간편하게 즐기기 좋습니다.",냉장·냉동 보관 조건을 확인해야 해서 숙소 복귀 직전 구매가 안전합니다.,1,https://dzwpvqehwr7zl.cloudfront.net/omios/products/generated/_review/PRD_1271/PRD_1271_packshot_v1.png,https://www.poemehonpo.co.jp/view/item/000000000026
PRD_1272,세토우치 브륄레피유 이요칸 캐러멜 8개입,瀬戸内ブリュレフィユ 伊予柑キャラメル 8個入,모에무본포(母恵夢本舗),REG_027,PRC_02,1296,"잎사귀 모양으로 만든 파이 생지에 에히메산 이요칸 필(껍질)을 넣은 캐러멜 크림을 채워 넣어 만든 바삭한 과자입니다. 부드럽고 향긋한 이요칸의 풍미가 느껴지는 캐러멜 크림과 겹겹이 쌓인 파이 생지의 조화가 특징입니다. 자극적이지 않으면서도 달콤함이 매력적인 디저트로, 입안 가득 바삭하고 기분 좋은 식감을 선사합니다.",커피와 어울리는 바삭한 과자를 찾는 친구나 직장동료 선물로 좋습니다.,1,https://dzwpvqehwr7zl.cloudfront.net/omios/products/generated/_review/PRD_1272/PRD_1272_packshot_v1.png,https://www.poemehonpo.co.jp/view/item/000000000107
PRD_1273,야마다야 만주 화장상자 6개입 밀봉포장,山田屋まんじゅう 化粧箱6個入 密封包装,야마다야 만주(山田屋まんじゅう),REG_027,PRC_01,896,야마다야 만주는 아주 작은 크기의 한입 만주에 고운 팥소의 단맛을 담은 애현 명과입니다. 얇은 피와 부드러운 앙금이 어울려 차와 함께 먹기 좋은 전통 과자입니다. 여섯 개입 화장상자와 밀봉 포장 구성으로 선물 보관성이 좋은 상품입니다.,차와 함께 먹기 좋아 부모님이나 은사에게 드리는 단정한 선물로 어울립니다.,1,https://dzwpvqehwr7zl.cloudfront.net/omios/products/generated/_review/PRD_1273/PRD_1273_packshot_v1.png,https://shop.yamadayamanju.jp/c-item-detail?ic=MI-6
PRD_1274,야마다야 만주 화장상자 10개입 밀봉포장,山田屋まんじゅう 化粧箱10個入 密封包装,야마다야 만주(山田屋まんじゅう),REG_027,PRC_02,1836,"야마다야 만주는 우아하고 깊은 단맛이 특징인 한 입 크기의 전통 화과자입니다. 작은 사이즈로 22그램 정도의 가벼운 무게감이며, 간편하게 즐기기에 좋습니다. 선물용으로 적합하도록 예쁜 상자에 담겨 있으며, 위생적인 밀봉 포장 상태로 제공됩니다. 오랜 역사를 지닌 명품 과자의 맛을 집에서 편안하게 경험하실 수 있습니다.",격식을 갖춘 소포장 화과자라 상사나 가족 선물로 고르기 좋습니다.,1,https://dzwpvqehwr7zl.cloudfront.net/omios/products/generated/_review/PRD_1274/PRD_1274_packshot_v1.png,https://shop.yamadayamanju.jp/c-item-detail?ic=MI-10
PRD_1275,일육 명물 쇼유모치 5개입,一六名物しょうゆ餅5個入,일육본포(一六本舗),REG_027,PRC_01,702,"일육본포는 시코쿠 에히메현 마쓰야마시에 본사를 둔 곳으로, 정성을 담아 맛있는 과자와 기념품을 제조 및 선보이고 있습니다. 이곳은 사계절 명물로 알려진 일육 타르트를 비롯하여 다양한 종류의 고급 과자들을 선보이고 있습니다. 이번에 소개하는 '일육 명물 쇼유모치'는 이러한 일육본포가 만든 대표적인 간식 중 하나입니다. 깊이 있는 맛과 정성이 느껴지는 이 모치는 선물용으로도 좋은 특별한 디저트입니다.",타르트 외에 마쓰야마 향토 과자를 함께 소개하고 싶을 때 적합합니다.,1,https://dzwpvqehwr7zl.cloudfront.net/omios/products/generated/_review/PRD_1275/PRD_1275_packshot_v1.png,https://www.itm-gr.co.jp/ichiroku/products/?p=288
PRD_1276,일육 봇짱 당고 5개입,坊っちゃんだんご5本入,일육본포(一六本舗),REG_027,PRC_01,756,"일육본포는 시코쿠 에히메현 마쓰야마시에 본사를 둔 곳으로, 지역의 특색을 담은 맛있는 과자와 기념품을 제조 및 선보이고 있습니다. 특히 유명한 시코쿠 명과인 '일육 타르트'를 비롯하여 다양한 제품들을 선보이고 있습니다. 오늘 소개하는 봇짱 당고는 일육본포가 정성껏 만든 간식으로, 깊이 있는 지역의 맛을 경험할 수 있게 해줍니다.",보기 좋은 색감 덕분에 여행지 느낌을 살린 간식 선물로 무난합니다.,1,https://thumbnail.image.rakuten.co.jp/@0_mall/ichiroku/cabinet/02354490/02412956/b_mdango/img65147371.jpg?_ex=1024x1024,https://hb.afl.rakuten.co.jp/hgc/g00q878n.16t5u8cf.g00q878n.16t5vb82/?pc=https%3A%2F%2Fitem.rakuten.co.jp%2Fichiroku%2F10000474%2F&m=http%3A%2F%2Fm.rakuten.co.jp%2Fichiroku%2Fi%2F10000474%2F&rafcid=wsc_i_is_b93111dd-e085-46a2-a75f-28c1ee5d2de6
PRD_1277,히토키레 일육 타르트 유자 10개입,ひと切れ一六タルト「柚子」10個入,일육본포(一六本舗),REG_027,PRC_02,1836,"일육본포는 시코쿠 에히메현 마쓰야마시에 본사를 둔 곳입니다. 이곳은 사국의 명과로 알려진 일육 타르트를 시작으로, 정성을 담아 만든 맛있는 과자나 기념품을 제조하고 제공하는 전문점입니다. 오랜 전통을 바탕으로 소비자들에게 깊이 있는 맛의 경험을 선사합니다.",개별포장 10개입이라 여러 명에게 나누기 좋고 마쓰야마 대표성을 설명하기 쉽습니다.,1,https://thumbnail.image.rakuten.co.jp/@0_mall/e-bussan/cabinet/02296169/02526001/03032460/imgrc0083444775.jpg?_ex=1024x1024,https://hb.afl.rakuten.co.jp/hgc/g00r7pqn.16t5ubb8.g00r7pqn.16t5v028/?pc=https%3A%2F%2Fitem.rakuten.co.jp%2Fe-bussan%2F10000186%2F&m=http%3A%2F%2Fm.rakuten.co.jp%2Fe-bussan%2Fi%2F10000186%2F&rafcid=wsc_i_is_b93111dd-e085-46a2-a75f-28c1ee5d2de6
PRD_1278,일육 타르트 비터 초콜릿,一六タルト ビターチョコレート,일육본포(一六本舗),REG_027,PRC_01,324,"벨기에산 비터 초콜릿을 사용한 초콜릿 안을 코코아를 넣어 부드럽게 만든 반죽으로 감싼 타르트입니다. 카카오의 풍미가 더욱 살아나는 진하고 깊은 맛을 즐길 수 있습니다. 사계절 언제나 사랑받는 명과로, 달콤하면서도 쌉싸름한 매력이 특징인 제품입니다.",기본 유자 타르트를 이미 아는 사람에게 색다른 변형 맛으로 추천하기 좋습니다.,1,https://thumbnail.image.rakuten.co.jp/@0_mall/ichiroku/cabinet/11559699/imgrc0106451637.jpg?_ex=1024x1024,https://hb.afl.rakuten.co.jp/hgc/g00q878n.16t5u8cf.g00q878n.16t5vb82/?pc=https%3A%2F%2Fitem.rakuten.co.jp%2Fichiroku%2F7002505%2F&m=http%3A%2F%2Fm.rakuten.co.jp%2Fichiroku%2Fi%2F10000901%2F&rafcid=wsc_i_is_b93111dd-e085-46a2-a75f-28c1ee5d2de6
PRD_1279,텐팩토리 미캉 주스 200ml 10본 선물세트,10FACTORY みかんジュース 200ml 10本ギフト,텐팩토리(10FACTORY),REG_027,PRC_06,8730,"텐팩토리의 미캉 주스는 자연 그대로의 풍미를 가득 담은 스트레이트 주스입니다. 과즙이 풍부하고 진한 단맛과 신맛, 그리고 향긋함과 깔끔하게 마무리되는 뒷맛을 느낄 수 있습니다. 착즙 전 귤껍질을 하나하나 정성껏 제거하는 과정을 거쳐 자연의 맛을 그대로 전달합니다. 직원들이 한 병 한 병 세심하게 완성하여 만든 고급 미캉 주스로, 깊고 우수한 풍미를 경험하실 수 있습니다.",가격대가 있는 편이라 감귤을 좋아하는 가족이나 특별한 선물용으로 적합합니다.,1,https://thumbnail.image.rakuten.co.jp/@0_mall/w-harmony/cabinet/giftset/200ml10-jelly14-2.jpg?_ex=1024x1024,https://hb.afl.rakuten.co.jp/hgc/g00u5hen.16t5uea2.g00u5hen.16t5v35b/?pc=https%3A%2F%2Fitem.rakuten.co.jp%2Fw-harmony%2Ftp564gi%2F&m=http%3A%2F%2Fm.rakuten.co.jp%2Fw-harmony%2Fi%2F10000044%2F&rafcid=wsc_i_is_b93111dd-e085-46a2-a75f-28c1ee5d2de6
PRD_1280,텐팩토리 미캉 젤리 14개 세트,10FACTORY みかんゼリー 14個セット,텐팩토리(10FACTORY),REG_027,PRC_06,5700,"텐팩토리 미캉 젤리는 에히메산 감귤의 풍미를 살린 파우치형 젤리 세트입니다. 재료 본연의 맛을 전하기 위해 감귤 과즙에 한천과 그래뉴당을 더해 만들며, 합성보존료와 합성착색료를 쓰지 않는 상품으로 소개됩니다. 부드럽게 마시듯 즐길 수 있어 간식이나 선물용으로 부담이 적고, 여러 감귤 품종의 향과 산미를 비교해 보기 좋습니다.",무거운 병 주스보다 나눠 먹기 쉬운 감귤 디저트 선물을 찾을 때 좋습니다.,1,https://thumbnail.image.rakuten.co.jp/@0_mall/w-harmony/cabinet/giftset/200ml10-jelly14-2.jpg?_ex=1024x1024,https://hb.afl.rakuten.co.jp/hgc/g00u5hen.16t5uea2.g00u5hen.16t5v35b/?pc=https%3A%2F%2Fitem.rakuten.co.jp%2Fw-harmony%2Ftp564gi%2F&m=http%3A%2F%2Fm.rakuten.co.jp%2Fw-harmony%2Fi%2F10000044%2F&rafcid=wsc_i_is_b93111dd-e085-46a2-a75f-28c1ee5d2de6
PRD_1281,텐팩토리 이요칸 마멀레이드,10FACTORY 伊予柑マーマレード,텐팩토리(10FACTORY),REG_027,PRC_02,1100,"좋은 기운을 상징하는 이요감을 사용하여 만든 마멀레이드입니다. 신선한 감귤의 부드러운 산미와 오렌지의 달콤함, 그리고 향이 좋은 껍질까지 더해 깊고 풍부한 맛을 자랑합니다. 마치 방금 수확한 과일을 먹는 듯한 진한 단맛과 상쾌한 향이 조화를 이루며, 보존료나 색소 없이 탄탄하게 만들어졌습니다. 평소에는 빵이나 스콘, 요거트와 함께 즐기기 좋으며, 아이스크림 토핑이나 스무디에 활용하여 다채로운 맛을 더할 수 있습니다.",빵이나 크래커와 함께 먹기 좋아 조식용 선물이나 집들이 선물로 활용하기 좋습니다.,1,https://thumbnail.image.rakuten.co.jp/@0_mall/w-harmony/cabinet/etc/jam_unshu110_w.jpg?_ex=1024x1024,https://hb.afl.rakuten.co.jp/hgc/53033622.7bbb75b6.53033623.c98a76f0/?pc=https%3A%2F%2Fitem.rakuten.co.jp%2Fw-harmony%2F10jam%2F&m=https%3A%2F%2Fitem.rakuten.co.jp%2Fw-harmony%2F10jam%2F
PRD_1282,마쓰야마아게 대판 3매입,松山あげ 大判3枚入,호도요시(程野商店),REG_027,PRC_01,248,"기름에 바삭하게 튀겨낸 간식, 마쓰야마아게입니다. 크기가 큰 대판 사이즈로 제작되어 더욱 풍성한 식감을 자랑합니다. 이 제품은 건조 식품 형태로 제공되며, 한 세트에는 총 3매가 담겨 있습니다. 간편하게 즐길 수 있는 맛있는 스낵으로 활용해 보세요.","과자가 아닌 현지 식문화 선물을 찾을 때 좋고, 된장국이나 우동에 넣어 쓰기 쉽습니다.",1,https://thumbnail.image.rakuten.co.jp/@0_mall/e-bussan/cabinet/02296169/02526001/03029530/img60954483.jpg?_ex=1024x1024,https://hb.afl.rakuten.co.jp/hgc/g00r7pqn.16t5ubb8.g00r7pqn.16t5v028/?pc=https%3A%2F%2Fitem.rakuten.co.jp%2Fe-bussan%2F10000545-2%2F&m=http%3A%2F%2Fm.rakuten.co.jp%2Fe-bussan%2Fi%2F10000783%2F&rafcid=wsc_i_is_b93111dd-e085-46a2-a75f-28c1ee5d2de6
PRD_1283,도베야키 미모자 시리즈 머그컵 M,ミモザシリーズ マグカップM,히가시가마(東窯),REG_027,PRC_03,2900,"도베야키 미모자 시리즈 머그컵은 봄에 노란 꽃을 피우는 미모자를 부드러운 그림으로 표현한 도자기 머그다. 금채를 더해 귀엽고 화사한 인상을 만들며, 보는 사람과 쓰는 사람이 밝은 기분을 느끼도록 디자인되었다. 에히메 도베야키의 흰 바탕과 손그림 같은 장식이 어우러진 생활 공예품이다.",깨질 수 있으므로 귀국 직전 구매하거나 포장 상태를 확인하는 것이 좋습니다.,1,https://dzwpvqehwr7zl.cloudfront.net/omios/products/generated/_review/PRD_1283/PRD_1283_packshot_v1.png,https://ehime-hyakka.com/sugomono/products/hobby/chinaware/i0145/
PRD_1284,무차차엔 핸드크림,無茶々園のハンドクリーム,무차차엔(株式会社地域法人無茶々園),REG_027,PRC_01,770,무차차엔 핸드크림은 상큼한 감귤의 향을 즐기면서 손에 촉촉한 보습감을 선사하는 제품입니다. 주원료는 무차차엔 생산자가 직접 재배한 감귤에서 추출한 에센셜 오일과 그 부산물인 증류수를 사용하여 만들었습니다. 이 성분들을 통해 깊은 보습 효과를 경험할 수 있습니다.,식품 반입이나 취향이 걱정될 때 가볍게 줄 수 있는 향기 있는 생활 선물입니다.,1,https://thumbnail.image.rakuten.co.jp/@0_mall/yuukiya0097/cabinet/yaoy/imgrc0124870428.jpg?_ex=1024x1024,https://hb.afl.rakuten.co.jp/hgc/g00pwj8n.16t5u554.g00pwj8n.16t5v86c/?pc=https%3A%2F%2Fitem.rakuten.co.jp%2Fyuukiya0097%2F10012338%2F&m=http%3A%2F%2Fm.rakuten.co.jp%2Fyuukiya0097%2Fi%2F10012338%2F&rafcid=wsc_i_is_b93111dd-e085-46a2-a75f-28c1ee5d2de6
PRD_1285,기프트백 YU・WA・I,ギフトバッグ YU・WA・I（ゆわい）,아리타카 센잔도(株式会社有高扇山堂),REG_027,PRC_06,5000,기프트백 유와이는 아리타카 센잔도의 선물 포장용 종이 가방입니다. 일본식 공예품이나 생활소품을 담아 전달할 때 쓰기 좋은 포장 상품입니다. 차분한 디자인과 휴대성을 갖춘 기프트용 패키지 부자재입니다.,술이나 음료를 선물할 때 포장 자체를 기념품처럼 남기고 싶을 때 적합합니다.,1,https://dzwpvqehwr7zl.cloudfront.net/omios/products/generated/_review/PRD_1285/PRD_1285_packshot_v1.png,https://ehime-hyakka.com/sugomono/products/hobby/paper/i0069/
PRD_1286,미야자키 망고 랑드샤 10매입,宮崎マンゴーラングドシャ(10枚入),난주제과(南寿製菓株式会社),REG_028,PRC_02,1037,미야자키 망고 랑드샤는 미야자키산 망고의 향을 살린 얇고 바삭한 쿠키 과자입니다. 부드러운 크림을 사이에 두어 과일 향과 달콤한 유제품 풍미가 함께 느껴지는 타입입니다. 낱개 포장된 열 장 구성이라 미야자키 여행 기념 과자로 나누기 좋습니다.,10매입은 부피가 크지 않아 캐리어 공간이 좁을 때도 나눠 사기 좋다.,1,https://thumbnail.image.rakuten.co.jp/@0_mall/yamakataya/cabinet/miya/myf1645_common_pc.jpg?_ex=1024x1024,https://hb.afl.rakuten.co.jp/hgc/g00piv1n.16t5u996.g00piv1n.16t5v882/?pc=https%3A%2F%2Fitem.rakuten.co.jp%2Fyamakataya%2Fmyf1645%2F&m=http%3A%2F%2Fm.rakuten.co.jp%2Fyamakataya%2Fi%2F10018091%2F&rafcid=wsc_i_is_b93111dd-e085-46a2-a75f-28c1ee5d2de6
PRD_1287,미야자키 망고 샌드 쿠키 12개입,宮崎マンゴーサンドクッキー(12個入),미야자키공항상사(宮崎空港商事株式会社),REG_028,PRC_02,1350,미야자키 망고 샌드 쿠키는 망고 풍미의 크림을 쿠키 사이에 넣은 지역 기념 과자입니다. 바삭한 쿠키와 달콤한 망고 향이 어울려 과일 디저트 같은 인상을 줍니다. 열두 개입 구성으로 소포장 간식이나 선물용으로 쓰기 좋은 제품입니다.,개별 포장 쿠키라 학교나 사무실에 여러 명에게 나누기 편하다.,1,https://dzwpvqehwr7zl.cloudfront.net/omios/products/generated/_review/PRD_1287/PRD_1287_packshot_v1.png,https://shop.miyazaki-airport.co.jp/view/item/000000000186
PRD_1288,망고 피낭시에,マンゴーフィナンシェ,미야자키공항상사(宮崎空港商事株式会社),REG_028,PRC_02,1036,망고 피낭시에는 버터 풍미가 있는 구움과자에 미야자키 망고의 달콤한 향을 더한 제품입니다. 촉촉하고 밀도 있는 식감에 과일 향이 올라와 차나 커피와 함께 먹기 좋습니다. 망고 산지로 알려진 미야자키의 이미지를 작은 디저트로 담은 과자입니다.,상큼한 과일보다는 부드러운 구움과자 취향인 사람에게 잘 맞는다.,1,https://thumbnail.image.rakuten.co.jp/@0_mall/umaimon-hunter/cabinet/maker_list/08280831/imgrc0095296335.jpg?_ex=1024x1024,https://hb.afl.rakuten.co.jp/hgc/g00s83qn.16t5ub2f.g00s83qn.16t5v915/?pc=https%3A%2F%2Fitem.rakuten.co.jp%2Fumaimon-hunter%2Fretm-mngfs-0005-gf-001%2F&m=http%3A%2F%2Fm.rakuten.co.jp%2Fumaimon-hunter%2Fi%2F10028826%2F&rafcid=wsc_i_is_b93111dd-e085-46a2-a75f-28c1ee5d2de6
PRD_1289,히가나쓰 푸딩 5개입,日向夏プリン(5個入),미야자키공항상사(宮崎空港商事株式会社),REG_028,PRC_02,1296,히가나쓰 푸딩은 미야자키 특산 감귤인 히가나쓰의 산뜻한 향을 살린 디저트입니다. 부드러운 푸딩 질감에 감귤의 상큼함이 더해져 무겁지 않은 단맛을 냅니다. 다섯 개입 구성으로 지역 과일을 가볍게 맛볼 수 있는 기념품입니다.,부드러운 디저트를 좋아하는 가족 선물로 고르기 좋지만 이동 중 충격에는 주의가 필요하다.,1,https://dzwpvqehwr7zl.cloudfront.net/omios/products/generated/_review/PRD_1289/PRD_1289_packshot_v1.png,https://shop.miyazaki-airport.co.jp/view/item/000000000098
PRD_1290,망고 크림 롤 15개입,マンゴーくりーむロール(15本入),미야자키공항상사(宮崎空港商事株式会社),REG_028,PRC_01,864,망고 크림 롤은 얇고 바삭한 롤 과자 속에 망고 풍미 크림을 넣은 간식입니다. 가볍게 부서지는 식감과 달콤한 과일 향이 특징이라 부담 없이 먹기 좋습니다. 열다섯 개입 구성으로 나누어 먹기 편한 미야자키 기념 과자입니다.,개수가 넉넉해 부담 없는 단체 선물이나 회식 답례품으로 활용하기 쉽다.,1,https://dzwpvqehwr7zl.cloudfront.net/omios/products/generated/_review/PRD_1290/PRD_1290_packshot_v1.png,https://shop.miyazaki-airport.co.jp/view/item/000000000129
PRD_1291,미야자키 소금 캐러멜 너츠 쿠키 12매입,宮崎塩キャラメルナッツクッキー(12枚入),미야자키공항상사(宮崎空港商事株式会社),REG_028,PRC_01,680,미야자키 소금 캐러멜 너츠 쿠키는 캐러멜의 단맛에 소금의 짭짤함과 견과의 고소함을 더한 과자입니다. 바삭한 쿠키 안에서 단짠 풍미가 균형을 이루는 타입입니다. 열두 장 구성이라 차와 함께 곁들이는 간식이나 선물용으로 어울립니다.,단맛이 과한 선물이 부담스러울 때 커피와 곁들이기 좋은 선택지다.,1,https://thumbnail.image.rakuten.co.jp/@0_mall/toy-god/cabinet/hp-2766/f70a9a0adcf34685b-0.jpg?_ex=1024x1024,https://hb.afl.rakuten.co.jp/hgc/g00uoc3n.16t5ua82.g00uoc3n.16t5vf72/?pc=https%3A%2F%2Fitem.rakuten.co.jp%2Ftoy-god%2Ff70a9a0adcf34685b200f3d46cd49766%2F&m=http%3A%2F%2Fm.rakuten.co.jp%2Ftoy-god%2Fi%2F10002186%2F&rafcid=wsc_i_is_b93111dd-e085-46a2-a75f-28c1ee5d2de6
PRD_1292,히로야 양풍 치즈만주 10개입,洋風チーズ饅頭〖お菓子の浩屋〗(10個入),오카시노히로야(お菓子の浩屋),REG_028,PRC_02,1512,히로야 양풍 치즈만주는 미야자키의 대표 향토 과자인 치즈만주를 서양식 구움과자 느낌으로 만든 제품입니다. 겉은 쿠키처럼 고소하고 속에는 치즈의 부드러운 풍미가 들어갑니다. 열 개입 상자 구성으로 지역 제과점의 개성을 담은 미야자키 기념 과자입니다.,냉장 배송 상품이라 현지에서 바로 먹거나 숙소 냉장 보관할 때 적합하다.,1,https://thumbnail.image.rakuten.co.jp/@0_mall/nipponmarche/cabinet/syohin16/4538187000033_01.jpg?_ex=1024x1024,https://hb.afl.rakuten.co.jp/hgc/g00te14n.16t5ud0b.g00te14n.16t5vabd/?pc=https%3A%2F%2Fitem.rakuten.co.jp%2Fnipponmarche%2F4538187000033%2F&m=http%3A%2F%2Fm.rakuten.co.jp%2Fnipponmarche%2Fi%2F10030757%2F&rafcid=wsc_i_is_b93111dd-e085-46a2-a75f-28c1ee5d2de6
PRD_1293,아오시마 센베이 프루티 6봉입,青島せんべい フルーティ（6袋入）,오노사키센베이(お菓子の日進堂),REG_028,PRC_01,756,아오시마 센베이 프루티는 미야자키 아오시마 이름을 내세운 샌드형 센베이 과자입니다. 바삭한 센베이 사이에 과일 향이 있는 크림을 넣어 일반 전병보다 디저트 느낌이 강합니다. 여섯 봉 구성으로 미야자키 해변 관광지의 이미지를 담은 기념 과자입니다.,가볍고 납작한 박스라 여행 마지막 날 공항에서 추가 구매하기 좋다.,1,https://dzwpvqehwr7zl.cloudfront.net/omios/products/generated/_review/PRD_1293/PRD_1293_packshot_v1.png,https://shop.miyazaki-airport.co.jp/view/item/000000000259
PRD_1294,아오시마 센베이 6봉입,青島せんべい（6袋入）,오노사키센베이(お菓子の日進堂),REG_028,PRC_01,702,아오시마 센베이는 미야자키 아오시마 지역을 대표하는 기념 과자로 알려진 샌드형 센베이입니다. 얇고 바삭한 전병 사이에 크림을 넣어 가볍고 달콤하게 먹는 타입입니다. 여섯 봉 구성으로 오래전부터 미야자키 선물 과자로 자리 잡은 제품입니다.,전통적인 로컬 과자를 찾는 사람에게 부담 없이 추천하기 좋다.,1,https://dzwpvqehwr7zl.cloudfront.net/omios/products/generated/_review/PRD_1294/PRD_1294_packshot_v1.png,https://shop.miyazaki-airport.co.jp/view/item/000000000087
PRD_1295,금귤떡 미야자키 타마타마 12개입,きんかん餅 宮崎たまたま(12個入),미야자키공항상사(宮崎空港商事株式会社),REG_028,PRC_02,1188,금귤떡 미야자키 타마타마는 미야자키의 브랜드 금귤을 모티프로 한 떡 과자입니다. 쫀득한 식감에 금귤 특유의 상큼하고 달콤한 향을 더한 것이 특징입니다. 열두 개입 구성으로 지역 과일의 이미지를 살린 선물용 과자입니다.,금귤 특유의 향을 살린 과자라 흔한 쿠키류와 다른 선물을 원할 때 좋다.,1,https://dzwpvqehwr7zl.cloudfront.net/omios/products/generated/_review/PRD_1295/PRD_1295_packshot_v1.png,https://shop.miyazaki-airport.co.jp/view/item/000000000213
PRD_1296,도미살 냉야즙 유메카구라 2인분,鯛のほぐし身入り冷や汁〖夢かぐら〗(2杯分),미야자키공항상사(宮崎空港商事株式会社),REG_028,PRC_01,540,도미살 냉야즙 유메카구라는 미야자키 향토 음식인 냉야즙을 간편하게 먹을 수 있게 만든 제품입니다. 된장과 깨의 고소한 국물에 도미살을 더해 일반 냉야즙보다 담백한 생선 풍미가 납니다. 밥에 차갑게 부어 먹는 방식이라 더운 계절의 가벼운 한 끼로 어울립니다.,밥에 바로 부어 먹는 형태라 숙소나 집에서 미야자키식 한 끼를 재현하기 쉽다.,1,https://dzwpvqehwr7zl.cloudfront.net/omios/products/generated/_review/PRD_1296/PRD_1296_packshot_v1.png,https://shop.miyazaki-airport.co.jp/view/item/000000000256
PRD_1297,시즌 치킨난반 2식입,チキン南蛮〖シーズン〗(常温、2食入),시즌(シーズン),REG_028,PRC_02,1404,"시즌 치킨난반은 미야자키 명물 치킨난반을 상온 보관용으로 만든 간편식입니다. 새콤달콤한 난반 소스와 부드러운 닭고기 조합이 특징이며, 현지 양식당 스타일의 맛을 집에서도 즐길 수 있게 구성했습니다. 두 식 구성이라 미야자키 향토 음식을 간편하게 나누어 먹기 좋습니다.",조리형 기념품이라 과자보다 현지 음식 경험을 선물하고 싶을 때 어울린다.,1,https://thumbnail.image.rakuten.co.jp/@0_mall/foods-season/cabinet/photo/items/chicken_retort/chicken_000132_a.jpg?_ex=1024x1024,https://hb.afl.rakuten.co.jp/hgc/g00rd5mn.16t5u3a4.g00rd5mn.16t5vc74/?pc=https%3A%2F%2Fitem.rakuten.co.jp%2Ffoods-season%2Fchicken_000132%2F&m=http%3A%2F%2Fm.rakuten.co.jp%2Ffoods-season%2Fi%2F10000004%2F&rafcid=wsc_i_is_b93111dd-e085-46a2-a75f-28c1ee5d2de6
PRD_1298,수제 니쿠마키 오니기리 1개입,手作り肉巻きおにぎり(1個入),미야자키공항상사(宮崎空港商事株式会社),REG_028,PRC_01,410,수제 니쿠마키 오니기리는 밥을 고기로 감싸 양념해 구운 미야자키식 간식입니다. 짭조름하고 달콤한 고기 양념이 밥에 배어 한 개만으로도 든든한 맛을 냅니다. 지역 축제와 길거리 음식 분위기를 담은 간편한 미야자키 향토 먹거리입니다.,냉장·즉석식 성격이 강해 선물보다는 여행 중 간식이나 숙소 야식으로 적합하다.,1,https://dzwpvqehwr7zl.cloudfront.net/omios/products/generated/_review/PRD_1298/PRD_1298_packshot_v1.png,https://shop.miyazaki-airport.co.jp/view/item/000000000203
PRD_1299,스모크에이스 닭 숯불구이 소프트 타입,鶏炭火焼 ソフトタイプ〖スモーク・エース〗,스모크에이스(スモーク・エース),REG_028,PRC_02,1188,스모크에이스 닭 숯불구이 소프트 타입은 미야자키식 닭 숯불구이의 향을 살린 제품입니다. 숯불에 그을린 듯한 향과 닭고기의 감칠맛을 부드러운 식감으로 즐길 수 있는 타입입니다. 미야자키의 이자카야와 향토 음식 문화가 떠오르는 육가공 간식입니다.,"술안주 선물로 좋고, 데워 먹으면 숯불 향이 살아나 캠핑 간식으로도 쓰기 좋다.",1,https://dzwpvqehwr7zl.cloudfront.net/omios/products/generated/_review/PRD_1299/PRD_1299_packshot_v1.png,https://shop.miyazaki-airport.co.jp/view/item/000000000184
PRD_1300,오비텐 10매입,おび天(10枚入),오비텐쿠라(おび天蔵),REG_028,PRC_02,1200,오비텐은 미야자키 오비 지역에서 전해지는 어묵 계열 향토 음식입니다. 생선살에 된장과 흑설탕을 더해 단맛과 고소함이 함께 느껴지는 것이 특징입니다. 열 장 구성으로 반찬이나 안주처럼 데워 먹기 좋은 지역 특산품입니다.,유통기한이 짧은 편이라 구매 후 이동 일정과 보관 조건을 먼저 확인하는 것이 좋다.,1,https://dzwpvqehwr7zl.cloudfront.net/omios/products/generated/_review/PRD_1300/PRD_1300_packshot_v1.png,https://shop.miyazaki-airport.co.jp/view/item/000000000104
PRD_1301,카라멘야 린 매운면,辛麺〖辛麺屋 輪〗,카라멘야 린(辛麺屋 輪),REG_028,PRC_01,540,카라멘야 린 매운면은 미야자키식 매운 국수 문화를 담은 즉석 면 제품입니다. 마늘과 고추의 매운 향에 달걀과 부추가 어울리는 현지 매운면 스타일을 집에서도 즐길 수 있게 만든 타입입니다. 칼칼하지만 감칠맛이 있는 국물 맛이 특징인 미야자키 향토 면류입니다.,매운 음식을 좋아하는 친구에게 지역색 있는 간편식 선물로 주기 좋다.,1,https://thumbnail.image.rakuten.co.jp/@0_mall/nipponmarche/cabinet/shohin24/4580359760016_01.jpg?_ex=1024x1024,https://hb.afl.rakuten.co.jp/hgc/g00te14n.16t5ud0b.g00te14n.16t5vabd/?pc=https%3A%2F%2Fitem.rakuten.co.jp%2Fnipponmarche%2F4580359760016%2F&m=http%3A%2F%2Fm.rakuten.co.jp%2Fnipponmarche%2Fi%2F10002360%2F&rafcid=wsc_i_is_b93111dd-e085-46a2-a75f-28c1ee5d2de6
PRD_1302,히비키 냉야즙 2컵분×2봉,冷や汁〖響〗(2杯分×2袋),히비키(響),REG_028,PRC_01,712,히비키 냉야즙은 미야자키 향토 음식인 냉야즙을 간편하게 만들 수 있는 제품입니다. 구수한 된장과 깨 풍미가 중심이며 차갑게 밥에 부어 먹는 방식으로 더운 지역의 식문화를 보여줍니다. 두 컵분씩 나뉜 구성이라 가정에서도 현지식 냉야즙을 손쉽게 준비할 수 있습니다.,상온 보관 가능한 향토식품이라 과자가 아닌 실용적인 기념품으로 좋다.,1,https://thumbnail.image.rakuten.co.jp/@0_mall/jrk-shoji/cabinet/st_miyazaki/higashi-mhj.jpg?_ex=1024x1024,https://hb.afl.rakuten.co.jp/hgc/g00ptaln.16t5u528.g00ptaln.16t5v3fb/?pc=https%3A%2F%2Fitem.rakuten.co.jp%2Fjrk-shoji%2F10001698%2F&m=http%3A%2F%2Fm.rakuten.co.jp%2Fjrk-shoji%2Fi%2F10001698%2F&rafcid=wsc_i_is_b93111dd-e085-46a2-a75f-28c1ee5d2de6
PRD_1303,간지스 카레,ガンジスカレー,맛의 간지스(味のガンジス),REG_028,PRC_01,550,간지스 카레는 미야자키공항의 카레 브랜드로 알려진 간지스의 맛을 담은 레토르트 제품입니다. 부드러운 소스에 향신료의 풍미가 더해져 여행 중 먹던 공항 카레의 분위기를 집에서도 느낄 수 있습니다. 간편식 형태라 밥에 데워 곁들이기 좋은 미야자키 지역 카레입니다.,가볍게 한 끼로 먹을 수 있어 혼자 여행한 뒤 자신용 기념품으로 사기 좋다.,1,https://thumbnail.image.rakuten.co.jp/@0_mall/foods-season/cabinet/photo/items/curry/0801011_01.jpg?_ex=1024x1024,https://hb.afl.rakuten.co.jp/hgc/g00rd5mn.16t5u3a4.g00rd5mn.16t5vc74/?pc=https%3A%2F%2Fitem.rakuten.co.jp%2Ffoods-season%2F0801011%2F&m=http%3A%2F%2Fm.rakuten.co.jp%2Ffoods-season%2Fi%2F10000188%2F&rafcid=wsc_i_is_b93111dd-e085-46a2-a75f-28c1ee5d2de6
PRD_1304,미야자키 와규 카레,宮崎和牛カレー,맛의 간지스(味のガンジス),REG_028,PRC_01,550,미야자키 와규 카레는 미야자키산 소고기의 고급스러운 감칠맛을 살린 레토르트 카레입니다. 진한 카레 소스에 고기의 풍미가 더해져 일반 기념품 카레보다 묵직한 맛을 냅니다. 미야자키 와규 산지 이미지를 한 끼 식사로 즐길 수 있는 지역 특산 카레입니다.,가격 부담은 낮지만 ‘미야자키 와규’ 이름이 들어가 선물 설명이 쉽다.,1,https://thumbnail.image.rakuten.co.jp/@0_mall/foods-season/cabinet/photo/items/curry/0801013_01.jpg?_ex=1024x1024,https://hb.afl.rakuten.co.jp/hgc/g00rd5mn.16t5u3a4.g00rd5mn.16t5vc74/?pc=https%3A%2F%2Fitem.rakuten.co.jp%2Ffoods-season%2F0801012%2F&m=http%3A%2F%2Fm.rakuten.co.jp%2Ffoods-season%2Fi%2F10000189%2F&rafcid=wsc_i_is_b93111dd-e085-46a2-a75f-28c1ee5d2de6
PRD_1305,난자코라 다이후쿠 2개입,なんじゃこら大福,오카시노히다카(お菓子の日高),REG_028,PRC_02,1360,난자코라 다이후쿠는 오랜 역사를 지닌 인기 상품입니다. 이 제품은 약 30년 전에 처음 탄생했습니다. 난자코라 다이후쿠의 흥미로운 탄생 배경 이야기가 전해지고 있습니다. 그 긴 시간 동안 사랑받아 온 특별한 추억을 느껴보세요.,크기가 크고 냉장 보관이 필요한 과자라 가까운 사람에게 직접 전할 때 알맞다.,1,https://thumbnail.image.rakuten.co.jp/@0_mall/okashinohidaka/cabinet/08993616/144.jpg?_ex=1024x1024,https://hb.afl.rakuten.co.jp/hgc/g00u473n.16t5u37f.g00u473n.16t5vab4/?pc=https%3A%2F%2Fitem.rakuten.co.jp%2Fokashinohidaka%2F0016%2F&m=http%3A%2F%2Fm.rakuten.co.jp%2Fokashinohidaka%2Fi%2F10000023%2F&rafcid=wsc_i_is_b93111dd-e085-46a2-a75f-28c1ee5d2de6
PRD_1306,규슈 팬케이크,九州パンケーキ,규슈테이블(株式会社九州テーブル),REG_028,PRC_01,430,"규슈 팬케이크는 규슈산 곡물을 사용한 팬케이크 믹스 제품입니다. 여러 잡곡의 구수한 향과 폭신한 식감이 특징이며, 단맛이 과하지 않아 식사와 간식 모두에 어울립니다. 규슈 지역 재료를 집에서 간단히 즐기도록 만든 대표적인 미야자키발 상품입니다.",가볍고 조리법이 쉬워 과자보다 실용적인 식품 선물을 찾을 때 적합하다.,0,https://thumbnail.image.rakuten.co.jp/@0_mall/nipponmarche/cabinet/10260967/imgrc0078866146.jpg?_ex=1024x1024,https://hb.afl.rakuten.co.jp/hgc/g00te14n.16t5ud0b.g00te14n.16t5vabd/?pc=https%3A%2F%2Fitem.rakuten.co.jp%2Fnipponmarche%2F4990022588043%2F&m=http%3A%2F%2Fm.rakuten.co.jp%2Fnipponmarche%2Fi%2F10029044%2F&rafcid=wsc_i_is_b93111dd-e085-46a2-a75f-28c1ee5d2de6
PRD_1307,규슈 팬케이크 버터밀크,九州パンケーキ バターミルク,규슈테이블(株式会社九州テーブル),REG_028,PRC_01,530,규슈 팬케이크 버터밀크는 규슈산 곡물 베이스에 버터밀크의 부드러운 풍미를 더한 믹스입니다. 구우면 폭신한 식감과 은은한 유제품 향이 살아나 기본 팬케이크보다 고소한 맛을 냅니다. 가정에서 카페식 팬케이크를 만들기 좋게 구성된 지역 식품입니다.,달지 않은 식사형 기념품이라 가족이나 자취하는 친구에게 주기 편하다.,0,https://thumbnail.image.rakuten.co.jp/@0_mall/nipponmarche/cabinet/09096225/4560203001021_01.jpg?_ex=1024x1024,https://hb.afl.rakuten.co.jp/hgc/g00te14n.16t5ud0b.g00te14n.16t5vabd/?pc=https%3A%2F%2Fitem.rakuten.co.jp%2Fnipponmarche%2F4560203001021%2F&m=http%3A%2F%2Fm.rakuten.co.jp%2Fnipponmarche%2Fi%2F10003131%2F&rafcid=wsc_i_is_b93111dd-e085-46a2-a75f-28c1ee5d2de6
PRD_1308,규슈 팬케이크 고구마,九州パンケーキ さつまいも,규슈테이블(株式会社九州テーブル),REG_028,PRC_01,530,규슈 팬케이크 고구마는 규슈산 곡물 믹스에 고구마의 달콤하고 구수한 맛을 더한 제품입니다. 팬에 구우면 은은한 고구마 향과 폭신한 식감이 살아납니다. 아침 식사나 간식으로 지역 농산물의 맛을 편하게 즐길 수 있는 팬케이크 믹스입니다.,현지 과자보다 직접 만들어 먹는 재미가 있어 요리를 좋아하는 사람에게 어울린다.,0,https://thumbnail.image.rakuten.co.jp/@0_mall/monone/cabinet/08935680/4560203001236.jpg?_ex=1024x1024,https://hb.afl.rakuten.co.jp/hgc/g00thk9n.16t5u105.g00thk9n.16t5v71e/?pc=https%3A%2F%2Fitem.rakuten.co.jp%2Fmonone%2F4560203001236%2F&m=http%3A%2F%2Fm.rakuten.co.jp%2Fmonone%2Fi%2F10011804%2F&rafcid=wsc_i_is_b93111dd-e085-46a2-a75f-28c1ee5d2de6
PRD_1309,치타루 5개입,チータル（5個入）,오카시노히로야(お菓子の浩屋),REG_028,PRC_02,1350,치타루는 치즈 풍미를 살린 미야자키 지역 제과점의 양과자입니다. 부드러운 치즈 맛과 달콤한 빵과자 느낌이 함께 나며 작은 크기로 먹기 편합니다. 다섯 개입 구성이라 치즈만주 계열을 좋아하는 사람에게 어울리는 기념 과자입니다.,"치즈만주보다 산뜻한 맛을 원할 때 고르기 좋고, 개별 포장이라 나눠 먹기 쉽다.",1,https://thumbnail.image.rakuten.co.jp/@0_mall/nipponmarche/cabinet/10260967/4538187000637_01.jpg?_ex=1024x1024,https://hb.afl.rakuten.co.jp/hgc/g00te14n.16t5ud0b.g00te14n.16t5vabd/?pc=https%3A%2F%2Fitem.rakuten.co.jp%2Fnipponmarche%2F4538187000637%2F&m=http%3A%2F%2Fm.rakuten.co.jp%2Fnipponmarche%2Fi%2F10000001%2F&rafcid=wsc_i_is_b93111dd-e085-46a2-a75f-28c1ee5d2de6
PRD_1310,휴가의 사자레석 6개입,日向のさざれ石(6個入),미야자키공항상사(宮崎空港商事株式会社),REG_028,PRC_02,1404,"휴가의 사자레석은 미야자키의 옛 지명인 휴가와 전통적 이미지가 담긴 과자입니다. 작은 돌을 떠올리게 하는 이름처럼 단정한 크기의 구움과자로, 고소하고 달콤한 맛을 냅니다. 여섯 개입 구성으로 지역 이름과 이야기를 담은 선물용 과자입니다.",이름에 지역성이 뚜렷해 선물할 때 미야자키 여행 이야기를 곁들이기 좋다.,1,https://dzwpvqehwr7zl.cloudfront.net/omios/products/generated/_review/PRD_1310/PRD_1310_packshot_v1.png,https://shop.miyazaki-airport.co.jp/view/item/000000000233?category_page_id=okashi
PRD_1311,야부레 만주 6개입,破れ饅頭(6個入),미야자키공항상사(宮崎空港商事株式会社),REG_028,PRC_01,756,야부레 만주는 겉피가 갈라진 듯한 모양이 특징인 일본식 만주 과자입니다. 부드러운 피와 단팥의 달콤함이 어울려 차와 함께 먹기 좋은 전통 간식입니다. 여섯 개입 구성으로 미야자키 지역 기념품 매장에서 찾을 수 있는 소박한 과자입니다.,크림 과자류보다 일본식 화과자 느낌이 강해 어른 선물로 고르기 좋다.,1,https://thumbnail.image.rakuten.co.jp/@0_mall/jrk-shoji/cabinet/st_miyazaki/i79p01_750a2.jpg?_ex=1024x1024,https://hb.afl.rakuten.co.jp/hgc/g00ptaln.16t5u528.g00ptaln.16t5v3fb/?pc=https%3A%2F%2Fitem.rakuten.co.jp%2Fjrk-shoji%2F10001346%2F&m=http%3A%2F%2Fm.rakuten.co.jp%2Fjrk-shoji%2Fi%2F10001346%2F&rafcid=wsc_i_is_b93111dd-e085-46a2-a75f-28c1ee5d2de6
PRD_1312,이못코로 소박스 5봉입,いもっコロ 箱小(5袋入),미야자키공항상사(宮崎空港商事株式会社),REG_028,PRC_01,702,이못코로는 고구마의 구수한 단맛을 살린 미야자키 과자입니다. 한입 크기로 먹기 좋은 형태라 바삭하거나 포슬한 식감과 달콤함을 가볍게 즐길 수 있습니다. 다섯 봉 상자 구성으로 지역 농산물 이미지를 담은 간식입니다.,한입 크기 과자라 이동 중 간식이나 가벼운 나눔 선물로 부담이 적다.,1,https://dzwpvqehwr7zl.cloudfront.net/omios/products/generated/_review/PRD_1312/PRD_1312_packshot_v1.png,https://shop.miyazaki-airport.co.jp/view/item/000000000012?category_page_id=okashi
PRD_1313,망고 젤리 6개입,マンゴーゼリー(6個入),미야자키공항상사(宮崎空港商事株式会社),REG_028,PRC_01,772,망고 젤리는 미야자키 망고의 달콤한 향을 시원하게 즐기는 디저트입니다. 탱글한 젤리 식감에 과일 향이 살아 있어 가벼운 후식으로 먹기 좋습니다. 여섯 개입 구성으로 미야자키 대표 과일을 부담 없이 나누는 기념품입니다.,부드러운 식감이라 아이나 가족용 간식으로도 무난하지만 눌림에는 주의가 필요하다.,1,https://thumbnail.image.rakuten.co.jp/@0_mall/jelly83/cabinet/01829891/koi-0kcal/236101_20250716.jpg?_ex=1024x1024,https://hb.afl.rakuten.co.jp/hgc/g00r3f1n.16t5uca1.g00r3f1n.16t5v171/?pc=https%3A%2F%2Fitem.rakuten.co.jp%2Fjelly83%2F10001784%2F&m=http%3A%2F%2Fm.rakuten.co.jp%2Fjelly83%2Fi%2F10001801%2F&rafcid=wsc_i_is_b93111dd-e085-46a2-a75f-28c1ee5d2de6
PRD_1314,망고 시폰 케이크 18개입,マンゴーシフォンケーキ(18個入),미야자키공항상사(宮崎空港商事株式会社),REG_028,PRC_02,1296,망고 시폰 케이크는 폭신한 시폰 반죽에 망고 풍미를 더한 미야자키 기념 과자입니다. 부드럽고 가벼운 식감이라 크림이 많은 케이크보다 부담이 적습니다. 열여덟 개입 구성으로 여러 사람이 나누어 먹기 좋은 상자 과자입니다.,18개입 구성이라 동아리나 사무실처럼 여러 명에게 나눠주기 좋다.,1,https://dzwpvqehwr7zl.cloudfront.net/omios/products/generated/_review/PRD_1314/PRD_1314_packshot_v1.png,https://shop.miyazaki-airport.co.jp/view/item/000000000095?category_page_id=okashi
PRD_1315,카페모치 5개입,カフェもっち(5個入),미야자키공항상사(宮崎空港商事株式会社),REG_028,PRC_01,800,카페모치는 커피 향과 쫀득한 식감을 결합한 디저트형 과자입니다. 말랑한 떡 느낌에 카페 음료 같은 풍미가 더해져 전통 과자와 양과자의 중간 인상을 줍니다. 다섯 개입 구성으로 차나 커피와 함께 곁들이기 좋은 미야자키 기념품입니다.,"커피 향 디저트를 좋아하는 사람에게 어울리고, 흔한 망고 과자와 겹치지 않는다.",1,https://dzwpvqehwr7zl.cloudfront.net/omios/products/generated/_review/PRD_1315/PRD_1315_packshot_v1.png,https://shop.miyazaki-airport.co.jp/view/item/000000000198?category_page_id=okashi
PRD_1316,토로초코 히가나쓰 쿠키 10매입,とろチョコ 日向夏クッキー(10枚入),미야자키공항상사(宮崎空港商事株式会社),REG_028,PRC_01,691,토로초코 히가나쓰 쿠키는 미야자키 특산 감귤인 히가나쓰의 향과 초콜릿의 달콤함을 함께 담은 과자입니다. 바삭한 쿠키 안에서 상큼한 감귤 풍미와 부드러운 단맛이 조화를 이룹니다. 열 장 구성으로 지역 과일의 개성을 살린 디저트형 기념 과자입니다.,초콜릿 과자지만 과일 향이 있어 너무 무거운 단맛을 피하고 싶을 때 좋다.,1,https://dzwpvqehwr7zl.cloudfront.net/omios/products/generated/_review/PRD_1316/PRD_1316_packshot_v1.png,https://shop.miyazaki-airport.co.jp/view/item/000000000221?category_page_id=okashi
PRD_1317,미야자키 레몬 케이크 5개입,宮崎れもんケーキ(5個入),미야자키공항상사(宮崎空港商事株式会社),REG_028,PRC_02,1728,미야자키 레몬 케이크는 레몬의 산뜻한 향을 살린 작은 구움과자입니다. 부드러운 케이크 식감에 상큼한 맛이 더해져 차가운 음료나 차와 함께 먹기 좋습니다. 다섯 개입 구성으로 가볍게 나누기 좋은 미야자키 과자입니다.,상큼한 맛과 깔끔한 패키지 덕분에 가볍게 격식을 갖춘 선물로 쓰기 좋다.,1,https://thumbnail.image.rakuten.co.jp/@0_mall/halloday/cabinet/dasozai/syouhin2/10000225-2.jpg?_ex=1024x1024,https://hb.afl.rakuten.co.jp/hgc/g00smwvn.16t5ua90.g00smwvn.16t5v310/?pc=https%3A%2F%2Fitem.rakuten.co.jp%2Fhalloday%2F10000225%2F&m=http%3A%2F%2Fm.rakuten.co.jp%2Fhalloday%2Fi%2F10000225%2F&rafcid=wsc_i_is_b93111dd-e085-46a2-a75f-28c1ee5d2de6
PRD_1318,카레멘 마스모토,カレ麺〖桝元〗,카라멘야 마스모토(辛麺屋桝元),REG_028,PRC_01,650,"카레멘 마스모토는 미야자키 매운면 브랜드 마스모토의 매운면에 카레 풍미를 더한 제품입니다. 칼칼한 국물과 향신료의 묵직한 향이 함께 나며, 일반 매운면보다 부드럽고 진한 맛을 냅니다. 미야자키식 매운면 문화를 변주한 간편 면류입니다.",기존 카라멘보다 색다른 맛이라 매운 면을 좋아하는 친구 선물로 적당하다.,1,https://thumbnail.image.rakuten.co.jp/@0_mall/halloday/cabinet/satou/karamen_masumoto/karamen-kare11.jpg?_ex=1024x1024,https://hb.afl.rakuten.co.jp/hgc/g00smwvn.16t5ua90.g00smwvn.16t5v310/?pc=https%3A%2F%2Fitem.rakuten.co.jp%2Fhalloday%2F10000601%2F&m=http%3A%2F%2Fm.rakuten.co.jp%2Fhalloday%2Fi%2F10000601%2F&rafcid=wsc_i_is_b93111dd-e085-46a2-a75f-28c1ee5d2de6
PRD_1319,하얀 카라멘 마스모토,白い辛麺〖桝元〗,카라멘야 마스모토(辛麺屋桝元),REG_028,PRC_01,650,하얀 카라멘 마스모토는 마스모토의 매운면을 흰 국물 스타일로 풀어낸 제품입니다. 부드러운 국물에 매운맛과 마늘 향이 더해져 기존 빨간 매운면과 다른 인상을 줍니다. 미야자키 매운면을 색다르게 즐길 수 있는 간편식입니다.,매운맛은 즐기지만 자극적인 국물은 부담스러운 사람에게 추천하기 쉽다.,1,https://thumbnail.image.rakuten.co.jp/@0_mall/aruyan/cabinet/masumoto/masumoto_5_shiro.jpg?_ex=1024x1024,https://hb.afl.rakuten.co.jp/hgc/g00qdjfn.16t5u7b5.g00qdjfn.16t5v7b2/?pc=https%3A%2F%2Fitem.rakuten.co.jp%2Faruyan%2Fv15ma100004%2F&m=http%3A%2F%2Fm.rakuten.co.jp%2Faruyan%2Fi%2F10041883%2F&rafcid=wsc_i_is_b93111dd-e085-46a2-a75f-28c1ee5d2de6
PRD_1320,표고버섯집이 만든 키마카레,椎茸屋が作ったキーマカレー,오스기시이타케엔(おすぎ椎茸園),REG_028,PRC_01,460,표고버섯집이 만든 키마카레는 표고버섯 생산자가 버섯의 감칠맛을 살려 만든 카레입니다. 잘게 다진 재료와 향신료가 어울려 밥에 비벼 먹기 좋은 진한 맛을 냅니다. 고기 중심 카레와 달리 버섯의 향과 식감을 강조한 미야자키 지역 간편식입니다.,가격이 낮고 상온 보관이 가능해 부담 없는 간편식 기념품으로 좋다.,1,https://dzwpvqehwr7zl.cloudfront.net/omios/products/generated/_review/PRD_1320/PRD_1320_packshot_v1.png,https://shop.miyazaki-airport.co.jp/view/item/000000000208?category_page_id=local
PRD_1321,시즌 치킨난반 1식입,チキン南蛮〖シーズン〗(常温、1食入),시즌(シーズン),REG_028,PRC_01,756,"시즌 치킨난반 한 식 구성은 미야자키 명물 치킨난반을 혼자 먹기 좋은 양으로 담은 간편식입니다. 새콤달콤한 난반 소스와 닭고기의 조합이 특징이며, 현지 양식당 스타일의 맛을 재현한 제품입니다. 상온 보관형이라 여행 기념 식품으로도 다루기 편합니다.",혼자 사는 사람에게 미야자키 대표 음식을 간단히 맛보게 하기 좋다.,1,https://thumbnail.image.rakuten.co.jp/@0_mall/hihirose/cabinet/09610946/4562118124086.jpg?_ex=1024x1024,https://hb.afl.rakuten.co.jp/hgc/53033622.7bbb75b6.53033623.c98a76f0/?pc=https%3A%2F%2Fitem.rakuten.co.jp%2Fhihirose%2F310199994562118124086%2F&m=https%3A%2F%2Fitem.rakuten.co.jp%2Fhihirose%2F310199994562118124086%2F
PRD_1322,미야자키 관광호텔 히야지루 팩 1인분,ひや汁パック〖宮崎観光ホテル〗(1人前),미야자키관광호텔(宮崎観光ホテル),REG_028,PRC_01,297,미야자키 관광호텔 히야지루 팩은 호텔식으로 다듬은 미야자키 향토 냉야즙 제품입니다. 된장과 깨의 고소한 국물에 차가운 밥을 곁들이는 지역 식문화를 간편하게 즐길 수 있습니다. 한 사람분 구성이라 처음 냉야즙을 맛보는 사람도 부담 없이 먹기 좋습니다.,"소포장이라 맛보기용으로 좋고, 밥만 있으면 간단히 현지식을 재현할 수 있다.",1,https://dzwpvqehwr7zl.cloudfront.net/omios/products/generated/_review/PRD_1322/PRD_1322_packshot_v1.png,https://shop.miyazaki-airport.co.jp/view/item/000000000188?category_page_id=local
PRD_1323,도미살 냉야즙 유메카구라 박스입,鯛のほぐし身入り冷や汁〖夢かぐら〗箱入(2杯分×2袋),미야자키공항상사(宮崎空港商事株式会社),REG_028,PRC_02,1080,도미살 냉야즙 유메카구라 박스입은 도미살을 넣어 담백함을 더한 냉야즙 선물 세트입니다. 된장과 깨를 바탕으로 한 구수한 국물에 생선의 감칠맛이 더해져 밥과 잘 어울립니다. 상자 구성이라 미야자키 향토 음식을 선물 형태로 전하기 좋은 제품입니다.,일반 파우치보다 선물 느낌이 강해 부모님이나 가족에게 전하기 좋다.,1,https://dzwpvqehwr7zl.cloudfront.net/omios/products/generated/_review/PRD_1323/PRD_1323_packshot_v1.png,https://shop.miyazaki-airport.co.jp/view/item/000000000182?category_page_id=local
PRD_1324,토마토 카라멘 마스모토,トマト辛麺〖桝元〗,카라멘야 마스모토(辛麺屋桝元),REG_028,PRC_01,650,토마토 카라멘 마스모토는 매운면의 칼칼함에 토마토의 산뜻한 감칠맛을 더한 제품입니다. 마늘과 고추의 자극적인 향에 토마토의 부드러운 산미가 섞여 기존 매운면보다 경쾌한 맛을 냅니다. 미야자키식 매운면을 현대적으로 변주한 간편 면류입니다.,매운맛과 토마토 풍미를 함께 즐기는 이색 간편식으로 추천하기 좋다.,1,https://thumbnail.image.rakuten.co.jp/@0_mall/excellent-work/cabinet/shouhin/tomakara/imgrc0072799888.jpg?_ex=1024x1024,https://hb.afl.rakuten.co.jp/hgc/g00r4fgn.16t5u294.g00r4fgn.16t5vdb8/?pc=https%3A%2F%2Fitem.rakuten.co.jp%2Fexcellent-work%2Fg-014%2F&m=http%3A%2F%2Fm.rakuten.co.jp%2Fexcellent-work%2Fi%2F10000186%2F&rafcid=wsc_i_is_b93111dd-e085-46a2-a75f-28c1ee5d2de6
PRD_1325,히비키 닭 숯불구이 유자후추맛 소,鶏炭火焼ゆずこしょう味〖響〗(小),히비키(響),REG_028,PRC_01,486,히비키 닭 숯불구이 유자후추맛은 미야자키식 닭 숯불구이에 유자의 향과 후추의 매운맛을 더한 제품입니다. 숯불 향이 나는 닭고기에 산뜻하고 알싸한 양념이 어울려 안주 같은 맛을 냅니다. 작은 구성이라 가볍게 미야자키 닭 요리의 분위기를 즐기기 좋습니다.,"술안주용으로 가격 부담이 낮고, 적은 양만 맛보고 싶은 사람에게 맞다.",1,https://dzwpvqehwr7zl.cloudfront.net/omios/products/generated/_review/PRD_1325/PRD_1325_packshot_v1.png,https://shop.miyazaki-airport.co.jp/view/item/000000000118?category_page_id=local
PRD_1326,스모크에이스 닭 훈제 날개,鶏いぶし手羽 〖スモーク・エース〗,스모크에이스(スモーク・エース),REG_028,PRC_01,699,스모크에이스 닭 훈제 날개는 닭날개를 훈연해 향을 살린 미야자키 육가공 제품입니다. 씹을수록 훈제 향과 닭고기의 감칠맛이 올라와 간식이나 안주로 먹기 좋습니다. 닭 숯불구이 문화가 강한 미야자키의 풍미를 손쉽게 즐길 수 있는 상품입니다.,"과자보다 안주류를 선호하는 사람에게 좋고, 캠핑·홈술용으로도 활용하기 쉽다.",1,https://dzwpvqehwr7zl.cloudfront.net/omios/products/generated/_review/PRD_1326/PRD_1326_packshot_v1.png,https://shop.miyazaki-airport.co.jp/view/item/000000000043?category_page_id=local
PRD_1327,오비텐 진공팩,おび天真空パック,오비텐쿠라(おび天蔵),REG_028,PRC_02,1000,오비텐 진공팩은 오비 지역의 전통 어묵인 오비텐을 보관하기 쉽게 포장한 제품입니다. 생선살에 된장과 흑설탕을 섞어 달콤하고 구수한 맛을 내는 것이 특징입니다. 데우면 부드럽고 고소한 식감이 살아나 반찬이나 안주로 활용하기 좋습니다.,일반 오비텐보다 휴대가 쉬워 이동 일정이 있는 여행자에게 더 안전하다.,1,https://dzwpvqehwr7zl.cloudfront.net/omios/products/generated/_review/PRD_1327/PRD_1327_packshot_v1.png,https://shop.miyazaki-airport.co.jp/view/item/000000000031?category_page_id=local
PRD_1328,모찌리 교자 30개입,もっちり餃子(30個入),교자노마와타리(餃子の馬渡),REG_028,PRC_02,1998,모찌리 교자는 두툼하고 쫀득한 피가 특징인 교자 제품입니다. 속재료의 육즙과 채소의 단맛이 피의 탄력 있는 식감과 어울려 든든한 맛을 냅니다. 서른 개입 구성이라 가족 식사나 간식으로 나누어 조리하기 좋은 냉동 만두입니다.,부피와 보관 조건을 확인해야 하지만 가족용 식품 선물로 만족도가 높다.,1,https://thumbnail.image.rakuten.co.jp/@0_mall/nipponmarche/cabinet/08134920/4580313840303_01.jpg?_ex=1024x1024,https://hb.afl.rakuten.co.jp/hgc/g00te14n.16t5ud0b.g00te14n.16t5vabd/?pc=https%3A%2F%2Fitem.rakuten.co.jp%2Fnipponmarche%2F4580313840303%2F&m=http%3A%2F%2Fm.rakuten.co.jp%2Fnipponmarche%2Fi%2F10036322%2F&rafcid=wsc_i_is_b93111dd-e085-46a2-a75f-28c1ee5d2de6
PRD_1329,미야자키 흑돼지 카레,宮崎黒豚カレー,맛의 간지스(味のガンジス),REG_028,PRC_01,550,미야자키 흑돼지 카레는 흑돼지의 고소한 감칠맛을 살린 레토르트 카레입니다. 돼지고기의 풍미가 카레 소스에 녹아 부드럽고 진한 맛을 냅니다. 미야자키 축산물의 이미지를 간편한 한 끼로 즐길 수 있는 지역 특산 카레입니다.,가볍고 가격대가 낮아 여러 개 사서 비교해 먹기 좋은 간편식이다.,1,https://thumbnail.image.rakuten.co.jp/@0_mall/foods-season/cabinet/photo/items/curry/0801012_01.jpg?_ex=1024x1024,https://hb.afl.rakuten.co.jp/hgc/53033622.7bbb75b6.53033623.c98a76f0/?pc=https%3A%2F%2Fitem.rakuten.co.jp%2Ffoods-season%2F0801013%2F&m=https%3A%2F%2Fitem.rakuten.co.jp%2Ffoods-season%2F0801013%2F
PRD_1330,미야자키 와규 고로고로 카레,宮崎和牛ゴロゴロカレー,맛의 간지스(味のガンジス),REG_028,PRC_02,1000,미야자키 와규 고로고로 카레는 큼직한 미야자키 와규 고기를 강조한 레토르트 카레입니다. 진한 카레 소스에 씹히는 고기 식감이 더해져 포만감 있는 맛을 냅니다. 미야자키 와규의 존재감을 선물용 간편식으로 담은 제품입니다.,일반 카레보다 고급감을 주기 쉬워 미야자키 와규 선물의 대체재로 적합하다.,1,https://thumbnail.image.rakuten.co.jp/@0_mall/foods-season/cabinet/cat/airport/4582172470196_01.jpg?_ex=1024x1024,https://hb.afl.rakuten.co.jp/hgc/g00rd5mn.16t5u3a4.g00rd5mn.16t5vc74/?pc=https%3A%2F%2Fitem.rakuten.co.jp%2Ffoods-season%2F0801014%2F&m=http%3A%2F%2Fm.rakuten.co.jp%2Ffoods-season%2Fi%2F10000254%2F&rafcid=wsc_i_is_b93111dd-e085-46a2-a75f-28c1ee5d2de6
PRD_1331,맥시멈 와사비맛,マキシマム わさび味,나카무라식육(中村食肉),REG_028,PRC_01,648,"맥시멈 와사비맛은 미야자키의 유명 조미료 맥시멈에 와사비의 알싸한 향을 더한 양념입니다. 고기나 튀김에 뿌리면 짭짤한 감칠맛과 톡 쏘는 매운맛이 함께 납니다. 지역 정육점에서 출발한 만능 스파이스의 변주 상품으로, 요리에 포인트를 주기 좋습니다.",고기 요리나 캠핑을 즐기는 사람에게 실용적이고 휴대도 쉬운 선물이다.,0,https://thumbnail.image.rakuten.co.jp/@0_mall/nipponmarche/cabinet/09096225/4933932050149_01.jpg?_ex=1024x1024,https://hb.afl.rakuten.co.jp/hgc/g00te14n.16t5ud0b.g00te14n.16t5vabd/?pc=https%3A%2F%2Fitem.rakuten.co.jp%2Fnipponmarche%2F4933932050149%2F&m=http%3A%2F%2Fm.rakuten.co.jp%2Fnipponmarche%2Fi%2F10003143%2F&rafcid=wsc_i_is_b93111dd-e085-46a2-a75f-28c1ee5d2de6
PRD_1332,미야자키공항 오리지널 히가나쓰 드레싱,宮崎空港オリジナル 日向夏ドレッシング,미야자키공항상사(宮崎空港商事株式会社),REG_028,PRC_01,600,미야자키공항 오리지널 히가나쓰 드레싱은 미야자키 특산 감귤의 상큼한 향을 살린 조미 소스입니다. 샐러드에 뿌리면 산뜻한 산미와 은은한 단맛이 더해져 채소 맛을 가볍게 정리합니다. 지역 과일을 일상 식탁에 쓰기 좋게 만든 공항 한정형 상품입니다.,샐러드나 닭요리에 곁들이기 좋아 단맛 과자보다 실용적인 선물로 좋다.,1,https://thumbnail.image.rakuten.co.jp/@0_mall/foods-season/cabinet/photo/items/dressing/0801001_01.jpg?_ex=1024x1024,https://hb.afl.rakuten.co.jp/hgc/g00rd5mn.16t5u3a4.g00rd5mn.16t5vc74/?pc=https%3A%2F%2Fitem.rakuten.co.jp%2Ffoods-season%2F0801001%2F&m=http%3A%2F%2Fm.rakuten.co.jp%2Ffoods-season%2Fi%2F10000182%2F&rafcid=wsc_i_is_b93111dd-e085-46a2-a75f-28c1ee5d2de6
PRD_1333,도무라본점 특선 야키니쿠 소스,戸村本店の焼肉のたれ(特撰),도무라본점(戸村本店),REG_028,PRC_01,427,도무라본점 특선 야키니쿠 소스는 미야자키에서 잘 알려진 고기 양념 소스입니다. 달콤하고 짭짤한 맛에 과일과 채소의 감칠맛이 더해져 구운 고기와 잘 어울립니다. 가정에서도 지역 식당 같은 야키니쿠 풍미를 내기 쉬운 조미료입니다.,고기나 볶음요리에 바로 쓰기 좋아 요리하는 가족에게 실용적이다.,1,https://thumbnail.image.rakuten.co.jp/@0_mall/tsutsu-uraura/cabinet/09079214/4950268006015-500.jpg?_ex=1024x1024,https://hb.afl.rakuten.co.jp/hgc/g00r7kkn.16t5u9de.g00r7kkn.16t5v244/?pc=https%3A%2F%2Fitem.rakuten.co.jp%2Ftsutsu-uraura%2Ftomura-tokusen600%2F&m=http%3A%2F%2Fm.rakuten.co.jp%2Ftsutsu-uraura%2Fi%2F10018554%2F&rafcid=wsc_i_is_b93111dd-e085-46a2-a75f-28c1ee5d2de6
PRD_1334,히가나쓰 100% 주스 12병입,日向夏100%ジュース(1ケース12本入り),미야자키공항상사(宮崎空港商事株式会社),REG_028,PRC_03,2064,히가나쓰 주스는 미야자키 특산 감귤인 히가나쓰를 사용한 과즙 음료입니다. 상큼한 산미와 깔끔한 향이 특징이라 달기만 한 주스보다 산뜻하게 마실 수 있습니다. 열두 병 상자 구성으로 지역 과일의 맛을 넉넉하게 즐길 수 있는 제품입니다.,무게가 있어 귀국 전 공항에서 구매하거나 배송 가능 여부를 확인하는 편이 좋다.,1,https://dzwpvqehwr7zl.cloudfront.net/omios/products/generated/_review/PRD_1334/PRD_1334_packshot_v1.png,https://shop.miyazaki-airport.co.jp/view/item/000000000286?category_page_id=nomimono
PRD_1335,하니와 말,ハニワ 馬,하니와제작소(はにわ製作所),REG_028,PRC_02,1200,하니와 말은 일본 고대 토기 인형인 하니와를 말 모양으로 만든 장식품입니다. 미야자키에는 하니와 관련 명소와 공원이 있어 지역 기념품으로 연결되는 소재입니다. 소박한 표정과 토기 같은 질감이 특징이라 책상이나 선반 장식으로 어울립니다.,먹거리 선물이 어려운 사람에게 오래 보관할 수 있는 지역 기념품으로 좋다.,1,https://thumbnail.image.rakuten.co.jp/@0_mall/mojidonya/cabinet/wagarastamp/haniwauma.jpg?_ex=1024x1024,https://hb.afl.rakuten.co.jp/hgc/g00pxbzn.16t5ua98.g00pxbzn.16t5v8f0/?pc=https%3A%2F%2Fitem.rakuten.co.jp%2Fmojidonya%2Fstamp_haniwauma%2F&m=http%3A%2F%2Fm.rakuten.co.jp%2Fmojidonya%2Fi%2F10003589%2F&rafcid=wsc_i_is_b93111dd-e085-46a2-a75f-28c1ee5d2de6
PRD_1336,유키시오 산도,雪塩さんど,미야코지마노 유키시오(宮古島の雪塩),REG_029,PRC_02,1200,"미야코지마의 눈 소금을 활용한 유키시오 산도는 부드럽게 녹는 에어 초콜릿과 입에서 사르르 녹는 비스킷이 조화롭게 어우러진 간식입니다. 준초콜릿을 주재료로 사용하여 달콤함과 짭조름함을 동시에 느낄 수 있습니다. 밀가루, 마가린 등 다양한 재료들이 사용되어 맛의 균형을 이루며, 바삭하면서도 부드러운 식감이 특징입니다.",상온 보관이 가능하고 포장이 깔끔해 사무실용 선물로 나누기 편하다.,1,https://thumbnail.image.rakuten.co.jp/@0_mall/san-a/cabinet/04273376/singazousouko/imgrc0097430215.jpg?_ex=1024x1024,https://hb.afl.rakuten.co.jp/hgc/g00pybdn.16t5uab0.g00pybdn.16t5v672/?pc=https%3A%2F%2Fitem.rakuten.co.jp%2Fsan-a%2F4529448320731%2F&m=http%3A%2F%2Fm.rakuten.co.jp%2Fsan-a%2Fi%2F10005590%2F&rafcid=wsc_i_is_b93111dd-e085-46a2-a75f-28c1ee5d2de6
PRD_1337,미야코지마 사이다,宮古島サイダー,미야코지마노 유키시오(宮古島の雪塩),REG_029,PRC_01,350,"미야코지마 사이다는 설탕과 미야코지마산 소금 등을 주원료로 한 탄산음료입니다. 이 음료는 지역의 특색을 담아낸 제품으로, 특히 '미야코지마의 눈 소금'과 연관되어 있습니다. 200밀리리터 용량으로 제공되며, 맛있는 청량감을 선사합니다. 또한, 출시 10주년을 기념하여 복각 디자인의 선물 세트도 즐길 수 있습니다.",무게가 있으므로 여러 병을 살 때는 공항 매장에서 출국 직전 구매하는 편이 좋다.,1,https://dzwpvqehwr7zl.cloudfront.net/omios/products/generated/_review/PRD_1337/PRD_1337_packshot_v1.png,https://miyakojima-yukishio.com/products/4529448810164
PRD_1338,미야코지마 사이다 캔디,宮古島サイダーキャンディ,미야코지마노 유키시오(宮古島の雪塩),REG_029,PRC_01,380,"미야코지마 사이다 캔디는 미야코지마의 설염과 연관된 제품입니다. 이 캔디는 미야코지마 지역을 배경으로 한 상품입니다. 제조 시설에서는 우유 성분, 밀, 땅콩, 콩, 사과, 오렌지, 복숭아 등을 포함한 다른 제품들과 함께 생산되고 있습니다.",작고 가벼워 여러 개 사서 친구나 동료에게 나눠주기 좋다.,1,https://dzwpvqehwr7zl.cloudfront.net/omios/products/generated/_review/PRD_1338/PRD_1338_packshot_v1.png,https://miyakojima-yukishio.com/products/4529448320854
PRD_1339,유키시오 흑당 120g,雪塩黒糖 120g,미야코지마노 유키시오(宮古島の雪塩),REG_029,PRC_01,390,"미야코지마의 미네랄이 풍부한 유키시오 흑당은 특별한 방식으로 만들어졌습니다. 일반적인 방식과 달리 물엿을 사용하지 않고, 굵은 설탕, 당밀, 흑설탕만을 사용하여 고형화했기 때문에 깊고 진한 맛을 자랑합니다. 간식이나 차와 함께 즐기기 좋으며, 무더운 여름철 염분과 미네랄 보충용으로도 좋습니다. 또한, 바닐라 아이스크림 토핑으로 활용하거나 따뜻한 우유, 커피에 녹여 단맛과 쌉싸름함을 더하는 등 다양한 방법으로 활용할 수 있습니다.","차나 커피와 곁들이기 좋고, 더운 날 이동 중 당 보충용으로도 실용적이다.",1,https://thumbnail.image.rakuten.co.jp/@0_mall/okinawa-chulaharberlu/cabinet/05394492/yukisiokokuto-10.jpg?_ex=1024x1024,https://hb.afl.rakuten.co.jp/hgc/g00sbnqn.16t5u55f.g00sbnqn.16t5va61/?pc=https%3A%2F%2Fitem.rakuten.co.jp%2Fokinawa-chulaharberlu%2Fko-yk10%2F&m=http%3A%2F%2Fm.rakuten.co.jp%2Fokinawa-chulaharberlu%2Fi%2F10000638%2F&rafcid=wsc_i_is_b93111dd-e085-46a2-a75f-28c1ee5d2de6
PRD_1340,유키시오 자쿠자쿠 3봉입,雪塩ざくざく 3袋入,미야코지마노 유키시오(宮古島の雪塩),REG_029,PRC_01,900,"지그재그로 잘린 감자는 곧게 자른 것보다 더욱 바삭한 식감을 느낄 수 있습니다. 미야코섬의 눈 소금과 옅은 소금 맛을 활용하여 만든 감자 과자입니다. 총 내용량은 81그램이며, 세 봉지에 나누어 포장되어 제공됩니다. 본 제품은 밀가루, 계란 등 특정 원료를 포함한 시설에서 제조되므로 주의해야 합니다.",단 과자보다 짭짤한 간식을 좋아하는 사람에게 잘 맞고 맥주 안주로도 무난하다.,1,https://dzwpvqehwr7zl.cloudfront.net/omios/products/generated/_review/PRD_1340/PRD_1340_packshot_v1.png,https://miyakojima-yukishio.com/products/4529448320915
PRD_1341,유키시오 피낭시에 5개입,雪塩ふぃなん 5個入,미야코지마노 유키시오(宮古島の雪塩),REG_029,PRC_02,1100,"미야코지마의 유키시오를 활용한 피낭시에입니다. 촉촉한 식감과 은은하게 퍼지는 버터 향이 특징이며, 한번 맛보면 멈출 수 없는 매력적인 맛을 자랑합니다. 커피나 홍차와 함께 즐기면 더욱 좋으며, 우유와의 궁합 또한 뛰어납니다.","개별 포장이라 이동 중 눌림이 적고, 커피를 좋아하는 사람에게 선물하기 좋다.",1,https://thumbnail.image.rakuten.co.jp/@0_mall/macaron-store/cabinet/img11/a-ju-845-1_g1.jpg?_ex=1024x1024,https://hb.afl.rakuten.co.jp/hgc/g00rxxjn.16t5u976.g00rxxjn.16t5vbb4/?pc=https%3A%2F%2Fitem.rakuten.co.jp%2Fmacaron-store%2Fa-ju-845%2F&m=http%3A%2F%2Fm.rakuten.co.jp%2Fmacaron-store%2Fi%2F10026577%2F&rafcid=wsc_i_is_b93111dd-e085-46a2-a75f-28c1ee5d2de6
PRD_1342,유키시오 파린 10매입,雪塩ぱりん 10枚入,미야코지마노 유키시오(宮古島の雪塩),REG_029,PRC_02,1300,"미야코지마의 설염을 사용한 파린 제품입니다. 독특하고 신선한 미야코지마의 눈 소금을 활용했습니다. 본 제품에는 밀, 계란, 우유, 대두가 포함되어 있습니다. 제조 시설에서는 땅콩을 사용한 상품도 생산하고 있으니 주의해야 합니다.",부서지기 쉬우니 캐리어 안쪽보다 손가방 위쪽에 넣어 가져가는 편이 안전하다.,1,https://thumbnail.image.rakuten.co.jp/@0_mall/macaron-store/cabinet/img11/a-ju-844-1_g1.jpg?_ex=1024x1024,https://hb.afl.rakuten.co.jp/hgc/g00rxxjn.16t5u976.g00rxxjn.16t5vbb4/?pc=https%3A%2F%2Fitem.rakuten.co.jp%2Fmacaron-store%2Fa-ju-844%2F&m=http%3A%2F%2Fm.rakuten.co.jp%2Fmacaron-store%2Fi%2F10026576%2F&rafcid=wsc_i_is_b93111dd-e085-46a2-a75f-28c1ee5d2de6
PRD_1343,유키시오 바움,雪塩ばうむ,미야코지마노 유키시오(宮古島の雪塩),REG_029,PRC_03,2000,"유키시오 바움은 미야코지마 설염을 사용한 바움쿠헨입니다. 부드러운 타입은 촉촉하고 폭신한 식감, 단단한 타입은 겉의 바삭함과 진한 단맛이 특징입니다. 소금의 은은한 짠맛이 버터와 달걀 풍미를 살려 주는 섬 과자입니다.",유통기한과 판매 시기를 확인해야 하므로 직영점이나 공식 판매 페이지를 먼저 보는 것이 좋다.,1,https://dzwpvqehwr7zl.cloudfront.net/omios/products/generated/_review/PRD_1343/PRD_1343_packshot_v1.png,https://miyakojima-yukishio.com/products/baum_order
PRD_1344,유키시오 비누 미야코 내추럴 80g,imsalt 雪塩石鹸 宮古ナチュラル 無香料 80g,임솔트(imsalt),REG_029,PRC_02,1650,유키시오 비누 미야코 내추럴은 미야코지마 설염을 활용한 무향 타입 세안 비누입니다. 민감한 피부도 부담을 줄이도록 부드러운 사용감을 강조한 제품입니다. 설염과 마유 성분의 보습감을 살려 세안 후 당김을 줄이는 생활 화장품입니다.,"식품 선물이 부담스러운 상대에게 주기 좋고, 파손 위험이 낮아 휴대도 편하다.",1,https://dzwpvqehwr7zl.cloudfront.net/omios/products/generated/_review/PRD_1344/PRD_1344_packshot_v1.png,https://miyakojima-yukishio.com/products/4529448930909
PRD_1345,미야코지마 사이다 마그넷,宮古島サイダー マグネット,미야코지마노 유키시오(宮古島の雪塩),REG_029,PRC_01,495,"'미야코지마 사이다'로 친숙한 귀여운 시사 캐릭터가 마그넷 상품으로 출시되었습니다. 이 제품은 디자인이 다른 두 종류의 마그넷 세트로 구성되어 있습니다. 흰색 버전에는 미야코지마 사이다 로고가, 하늘색 버전에는 미야코지마 사이다 캔디 이미지가 담겨 있습니다.",먹지 않는 기념품을 찾는 사람에게 좋고 냉장고나 책상 주변에 붙여 추억용으로 쓰기 좋다.,1,https://dzwpvqehwr7zl.cloudfront.net/omios/products/generated/_review/PRD_1345/PRD_1345_packshot_v1.png,https://miyakojima-yukishio.com/products/4529448930640
PRD_1346,유키시오 파우더 타입,雪塩 パウダータイプ,미야코지마노 유키시오(宮古島の雪塩),REG_029,PRC_01,486,"미야코지마의 아름다운 지하 해수를 사용하여 만든 유키시오는 바다의 성분을 최대한 보존한, 일본에서도 보기 드문 특별한 소금입니다. 일반적인 소금과 달리 평소에는 제거되는 니가리 성분까지 포함하고 있어 미네랄이 풍부하다는 장점이 있습니다. 이 파우더 타입의 유키시오는 밥, 치즈, 우유 등 다양한 식재료와 잘 어울립니다. 특히 전골 요리나 치즈케이크, 구운 연어, 오니기리, 로스트비프 등의 음식에 활용하면 깊고 풍부한 맛을 더할 수 있습니다.",요리용으로 실용성이 높아 단기 여행보다 집에서 오래 쓸 선물을 찾을 때 좋다.,1,https://thumbnail.image.rakuten.co.jp/@0_mall/megahealth/cabinet/2025list01/ykshio60g.jpg?_ex=1024x1024,https://hb.afl.rakuten.co.jp/hgc/g00sjbwn.16t5u6e2.g00sjbwn.16t5vde2/?pc=https%3A%2F%2Fitem.rakuten.co.jp%2Fmegahealth%2Fykshio60g%2F&m=http%3A%2F%2Fm.rakuten.co.jp%2Fmegahealth%2Fi%2F10035275%2F&rafcid=wsc_i_is_b93111dd-e085-46a2-a75f-28c1ee5d2de6
PRD_1347,유키시오 고츠부 타입,雪塩 こつぶタイプ,미야코지마노 유키시오(宮古島の雪塩),REG_029,PRC_01,864,"유키시오 고츠부 타입은 미야코지마 설염을 알갱이 형태로 만든 조미 소금입니다. 가루형 유키시오의 성분과 맛을 유지하면서도 손으로 집거나 뿌리기 쉬운 것이 특징입니다. 고기, 생선, 채소에 간단히 더하면 미네랄감 있는 짠맛을 낼 수 있습니다.",파우더형이 낯선 사람에게 추천하기 좋고 병·팩 크기를 보고 골라 사면 된다.,1,https://thumbnail.image.rakuten.co.jp/@0_mall/okinawa-chulaharberlu/cabinet/05394492/yukisio55-3.jpg?_ex=1024x1024,https://hb.afl.rakuten.co.jp/hgc/g00sbnqn.16t5u55f.g00sbnqn.16t5va61/?pc=https%3A%2F%2Fitem.rakuten.co.jp%2Fokinawa-chulaharberlu%2Fko-ys55-5%2F&m=http%3A%2F%2Fm.rakuten.co.jp%2Fokinawa-chulaharberlu%2Fi%2F10001122%2F&rafcid=wsc_i_is_b93111dd-e085-46a2-a75f-28c1ee5d2de6
PRD_1348,유키시오카케루 시콰사 소금,雪塩かける シークヮーサー塩,미야코지마노 유키시오(宮古島の雪塩),REG_029,PRC_01,750,"시콰사 향이 특징인 소금으로, 레몬과는 다른 산미와 향을 자랑합니다. 이 독특한 풍미를 활용하여 튀김 요리의 양념으로 사용하면 상큼하고 깔끔하게 맛을 낼 수 있습니다. 식재료에 뿌려 간을 하거나 다양한 요리에 첨가해 보세요. 특히 바닐라 아이스크림 위에 토핑하면 마치 치즈케이크 같은 특별한 풍미를 즐길 수 있습니다.",가볍고 부피가 작아 요리를 즐기는 가족 선물로 챙기기 편하다.,1,https://thumbnail.image.rakuten.co.jp/@0_gold/385store/imges/paradaisupran/kakerushiobin/2021kakerubinsikuwasa02.jpg?_ex=1024x1024,https://hb.afl.rakuten.co.jp/hgc/g00s39cn.16t5u1ec.g00s39cn.16t5v00c/?pc=https%3A%2F%2Fitem.rakuten.co.jp%2F385store%2F10001914%2F&m=http%3A%2F%2Fm.rakuten.co.jp%2F385store%2Fi%2F10000999%2F&rafcid=wsc_i_is_b93111dd-e085-46a2-a75f-28c1ee5d2de6
PRD_1349,유키시오카케루 오니기리 소금,雪塩かける おにぎり塩,미야코지마노 유키시오(宮古島の雪塩),REG_029,PRC_01,500,"이 소금은 밥에 뿌려 오니기리를 더욱 맛있게 만들어주는 제품입니다. 소금의 간, 독특한 식감, 그리고 사용하기 편리함까지 모두 블렌딩하여 쌀 본연의 단맛과 감칠맛을 극대화해줍니다. 이처럼 맛있는 풍미 덕분에 흰밥을 좋아하지 않는 아이들조차도 오니기리를 맛있게 먹었다는 좋은 반응이 있습니다.",일상 요리에 바로 쓸 수 있어 화려한 선물보다 실용적인 선물을 원할 때 적합하다.,1,https://thumbnail.image.rakuten.co.jp/@0_gold/385store/imges/paradaisupran/kakerushiobin/2021kakerubinchanpuru02.jpg?_ex=1024x1024,https://hb.afl.rakuten.co.jp/hgc/g00s39cn.16t5u1ec.g00s39cn.16t5v00c/?pc=https%3A%2F%2Fitem.rakuten.co.jp%2F385store%2F10001919%2F&m=http%3A%2F%2Fm.rakuten.co.jp%2F385store%2Fi%2F10001002%2F&rafcid=wsc_i_is_b93111dd-e085-46a2-a75f-28c1ee5d2de6
PRD_1350,미야코지마 멜론 젤리,宮古島メロンゼリー,미야코지마노 유키시오(宮古島の雪塩),REG_029,PRC_01,550,미야코지마 멜론 젤리는 미야코지마 멜론의 달콤한 향을 담은 디저트 상품입니다. 탱글한 젤리 식감에 과일의 산뜻한 단맛이 더해져 가벼운 후식으로 먹기 좋습니다. 아홉 개입 구성으로 남국 과일 이미지를 나누어 즐길 수 있습니다.,냉장하면 더 맛있지만 상온 이동이 가능해 과일 대체 선물로 고르기 쉽다.,1,https://thumbnail.image.rakuten.co.jp/@0_mall/fujihisa/cabinet/11507703/imgrc0095289276.jpg?_ex=1024x1024,https://hb.afl.rakuten.co.jp/hgc/53033622.7bbb75b6.53033623.c98a76f0/?pc=https%3A%2F%2Fitem.rakuten.co.jp%2Ffujihisa%2F1000103%2F&m=https%3A%2F%2Fitem.rakuten.co.jp%2Ffujihisa%2F1000103%2F
PRD_1351,데카 우즈마키,でかうず巻,후지제과제빵(富士製菓製パン),REG_029,PRC_02,1080,"데카 우즈마키는 미야코지마의 식탁에서 사랑받아 온 우즈마키빵을 크게 만든 과자빵이다. 후지제과제빵은 미야코지마에서 육십 년 동안 지역 사람들이 좋아하는 맛을 만들어 온 제과제빵 업체로 소개된다. 밀가루, 설탕, 마가린, 달걀을 사용한 부드러운 빵 계열 상품이며, 발송일을 포함해 나흘 정도의 짧은 보관 기간을 가진다.",상미기한이 짧으므로 귀국 당일이나 숙소에서 바로 먹을 일정에 맞춰 사는 편이 좋다.,1,https://dzwpvqehwr7zl.cloudfront.net/omios/products/generated/_review/PRD_1351/PRD_1351_packshot_v1.png,https://www.uzumakipan.com/2021/02/15/%E3%81%A7%E3%81%8B%E3%81%86%E3%81%9A%E5%B7%BB/
PRD_1352,히사마쓰 고유시 15개입,久松五勇士（15個入り）,후지제과제빵(富士製菓製パン),REG_029,PRC_02,1800,"히사마쓰 고유시는 미야코지마산 달걀과 흑당을 사용한 구움과자 세트다. 후지제과제빵이 만드는 열다섯 개입 상품으로, 지역 식탁에서 사랑받아 온 미야코지마 제과의 흐름을 잇는다. 흑당과 흑당 시럽이 들어가 은은한 단맛과 고소한 구움과자 향을 함께 느낄 수 있다.",현지 역사 이름이 붙은 과자라 지역 설명을 곁들여 선물하기 좋다.,1,https://thumbnail.image.rakuten.co.jp/@0_mall/385store/cabinet/11799537/4932139900011.jpg?_ex=1024x1024,https://hb.afl.rakuten.co.jp/hgc/g00s39cn.16t5u1ec.g00s39cn.16t5v00c/?pc=https%3A%2F%2Fitem.rakuten.co.jp%2F385store%2F100000422%2F&m=http%3A%2F%2Fm.rakuten.co.jp%2F385store%2Fi%2F10001321%2F&rafcid=wsc_i_is_b93111dd-e085-46a2-a75f-28c1ee5d2de6
PRD_1353,우즈마키 라스크 코코아 6개입,うずまきラスク ココア（６個入り）,후지제과제빵(富士製菓製パン),REG_029,PRC_02,1080,"우즈마키 라스크 코코아는 미야코지마의 우즈마키빵 계열을 바삭하게 즐기도록 만든 코코아맛 라스크다. 여섯 장이 들어 있는 상자 구성으로, 후지제과제빵이 제조한다. 빵 반죽의 단맛과 코코아 풍미가 더해진 과자라 커피나 차와 곁들이기 좋은 지역 간식이다.",빵보다 보관이 편하고 바삭한 식감이라 이동 선물로 고르기 좋다.,1,https://dzwpvqehwr7zl.cloudfront.net/omios/products/generated/_review/PRD_1353/PRD_1353_packshot_v1.png,https://www.uzumakipan.com/2021/02/15/%E3%81%86%E3%81%9A%E3%81%BE%E3%81%8D%E3%83%A9%E3%82%B9%E3%82%AF-%E3%82%B3%E3%82%B3%E3%82%A2%EF%BC%88%EF%BC%96%E5%80%8B%E5%85%A5%E3%82%8A%EF%BC%89/
PRD_1354,키쿠노츠유 아카리 25도 450ml,菊之露akari 25度 450ml,키쿠노츠유주조(菊之露酒造),REG_029,PRC_02,1250,"인기 브랜드 '키쿠노츠유 아카리'의 북형 아와모리로, 누구나 쉽게 즐길 수 있는 사교적인 맛이 특징입니다. 이 술은 청량한 풍미 덕분에 다양한 재료에 섞어 마시기에 최적화되어 있습니다. 소다수 외에도 삼핀차, 커피, 홍차, 녹차 등 여러 음료와 조합하거나 칵테일, 상그리아 등으로 변주하여 무궁무진한 즐거움을 발견할 수 있습니다. 특히 닭튀김이나 야키토리 같은 안주와도 잘 어울립니다.",술 선물은 수하물 규정과 상대의 음주 여부를 확인하고 구매하는 것이 안전하다.,0,https://thumbnail.image.rakuten.co.jp/@0_mall/kikunotsuyu/cabinet/prdct/imgrc0104951165.jpg?_ex=1024x1024,https://hb.afl.rakuten.co.jp/hgc/g00u54vn.16t5uec2.g00u54vn.16t5v87e/?pc=https%3A%2F%2Fitem.rakuten.co.jp%2Fkikunotsuyu%2Fbookakari%2F&m=http%3A%2F%2Fm.rakuten.co.jp%2Fkikunotsuyu%2Fi%2F10000412%2F&rafcid=wsc_i_is_b93111dd-e085-46a2-a75f-28c1ee5d2de6
PRD_1355,고슈 카오 35도 720ml,古酒 華翁 35度 720ml,미야노하나(宮の華),REG_029,PRC_03,2860,"이 술은 아와모리입니다. 달콤한 맛이 특징이며, 알코올 도수 35도의 느낌을 받지 못할 만큼 부드러움이 뛰어납니다. 목 넘김에서 느껴지는 부드러움을 즐길 수 있는 제품입니다.","병 제품이라 완충 포장을 확인하고, 격식 있는 성인 선물로 고르면 좋다.",0,https://thumbnail.image.rakuten.co.jp/@0_mall/385store/cabinet/04911794/04986881/imgrc0067277027.jpg?_ex=1024x1024,https://hb.afl.rakuten.co.jp/hgc/g00s39cn.16t5u1ec.g00s39cn.16t5v00c/?pc=https%3A%2F%2Fitem.rakuten.co.jp%2F385store%2F10000477%2F&m=http%3A%2F%2Fm.rakuten.co.jp%2F385store%2Fi%2F10000431%2F&rafcid=wsc_i_is_b93111dd-e085-46a2-a75f-28c1ee5d2de6
PRD_1356,임솔트 아로마 리트리트 세트,imsalt アロマ・リトリートセット,임솔트(imsalt),REG_029,PRC_03,2640,"이 제품은 미야코섬의 눈 소금(설염)을 활용한 아로마 리트리트 세트입니다. 임솔트 라인업 중 유일하게 향을 담아낸 특별한 시리즈라는 특징이 있습니다. '가리마타의 석양'과 '다이진의 월광' 등 다양한 테마의 미네랄 배스 솔트를 경험할 수 있습니다. 다만, 향에 아로마 오일을 사용했으므로 민감한 피부를 가진 분들은 주의해 주시기 바랍니다.",식품 선물이 어려운 상대에게 휴식용 생활 선물로 건네기 좋다.,1,https://dzwpvqehwr7zl.cloudfront.net/omios/products/generated/_review/PRD_1356/PRD_1356_packshot_v1.png,https://miyakojima-yukishio.com/products/aromaretreat-set
PRD_1357,임솔트 퍼스트 리트리트 세트,imsalt ファースト・リトリートセット,임솔트(imsalt),REG_029,PRC_02,1430,"임솔트 퍼스트 리트리트 세트는 미야코지마의 자연에서 탄생한 배스 및 스킨케어 브랜드 임솔트의 입문용 세트입니다. 설염과 미네랄을 주성분으로 한 제품군에 속하며, 무향료 설염 비누와 배스 솔트 등으로 구성됩니다. 여행지의 휴식감을 집에서도 느낄 수 있도록 만든 세트라 민감한 향을 피하고 싶은 사람도 부담 없이 사용하기 좋습니다.",가격대가 높지 않아 미야코지마산 스킨케어를 처음 선물할 때 적합하다.,1,https://dzwpvqehwr7zl.cloudfront.net/omios/products/generated/_review/PRD_1357/PRD_1357_packshot_v1.png,https://miyakojima-yukishio.com/products/firstretreat-set
PRD_1358,임솔트 유키시오 미네랄 배스솔트 오가미의 월광 50g,imsalt 雪塩ミネラルバスソルト 大神の月光 50g,임솔트(imsalt),REG_029,PRC_01,880,"미야코지마의 지하 해수를 원료로 한 천일염과 미네랄이 담긴 배스 솔트입니다. '임솔트 유키시오'는 신비로운 이름처럼 피부에 편안함을 선사하는 입욕제입니다. 내용량 50그램으로, 욕조에 제품을 넣어 사용하면 됩니다. 따뜻한 물에 녹여 몸의 피로를 풀고 특별한 시간을 즐겨보세요.",작고 가벼워 캐리어 공간이 부족한 여행자도 챙기기 쉽다.,1,https://dzwpvqehwr7zl.cloudfront.net/omios/products/generated/_review/PRD_1358/PRD_1358_packshot_v1.png,https://miyakojima-yukishio.com/products/4529448930862
PRD_1359,임솔트 유키시오 미네랄 배스솔트 이케마의 산들바람 50g,imsalt 雪塩ミネラルバスソルト 池間のそよ風 50g,임솔트(imsalt),REG_029,PRC_01,880,"미야코지마의 지하 해수를 원료로 한 눈 소금 미네랄 배쓰 솔트입니다. '이케마의 산들바람' 향을 담아 편안한 목욕 시간을 선사합니다. 총 50그램 용량으로, 사용 시에는 내용물 전체를 욕조에 넣어 즐기시면 됩니다.",향이 있는 생활용품이라 취향을 고려해 고르면 만족도가 높다.,1,https://dzwpvqehwr7zl.cloudfront.net/omios/products/generated/_review/PRD_1359/PRD_1359_packshot_v1.png,https://miyakojima-yukishio.com/products/4529448930855
PRD_1360,임솔트 유키시오 치약 100g,imsalt 雪塩歯みがき 100g,임솔트(imsalt),REG_029,PRC_02,1320,"임솔트에서 선보이는 치약으로, 미야코지마의 특별한 눈 소금을 활용하여 만들었습니다. 지역 특산물인 눈 소금을 주성분으로 사용하여 구강 관리에 도움을 주는 것이 특징입니다. 100그램 용량으로, 자연이 선사하는 순수함과 건강함을 일상적인 양치 습관에 더해줍니다.",단기 기념품보다 오래 사용할 수 있는 실용 선물을 찾을 때 좋다.,1,https://thumbnail.image.rakuten.co.jp/@0_mall/danke-de-kirei/cabinet/ikou_20090806_001/yukisiohamigaki-new.jpg?_ex=1024x1024,https://hb.afl.rakuten.co.jp/hgc/g00pmton.16t5u953.g00pmton.16t5v532/?pc=https%3A%2F%2Fitem.rakuten.co.jp%2Fdanke-de-kirei%2F1389904-yukisio%2F&m=http%3A%2F%2Fm.rakuten.co.jp%2Fdanke-de-kirei%2Fi%2F10007134%2F&rafcid=wsc_i_is_b93111dd-e085-46a2-a75f-28c1ee5d2de6
PRD_1361,임솔트 유키시오 비누 미야코 차콜 80g,imsalt 雪塩石鹸 宮古チャコール 無香料 80g,임솔트(imsalt),REG_029,PRC_02,1650,"임솔트의 '미야코 차콜'은 미야코섬의 소금과 특성을 담은 비누입니다. 이 제품은 사람의 피지 성분과 가장 유사하다고 알려진 마유의 좋은 점을 바닷소금이 최대한으로 끌어낸 '설염비누'가 특징입니다. 특히, 세정력이 필요한 부위에 효과적인 청결함을 선사하는 상쾌한 타입이며, 오염 물질 흡착에 도움을 주는 숯 가루를 배합했습니다. 주성분으로는 비누 베이스(마유), 바닷소금, 그리고 미야코 차콜이 사용되어 순하면서도 깨끗하게 세정해줍니다.",향에 민감한 사람에게도 비교적 무난한 생활용품 선물이다.,1,https://dzwpvqehwr7zl.cloudfront.net/omios/products/generated/_review/PRD_1361/PRD_1361_packshot_v1.png,https://miyakojima-yukishio.com/products/4529448930985
PRD_1362,미야코지마 사이다 토트백,宮古島サイダー トートバック,미야코지마노 유키시오(宮古島の雪塩),REG_029,PRC_02,1420,"미야코지마 사이다를 테마로 한 귀여운 토트백입니다. 제품에는 미야코지마 사이다에서 친숙한 시사 캐릭터가 디자인되었습니다. 대형 사이즈는 가로 37센티미터, 세로 37센티미터의 크기로 제작되었습니다. 작은 사이즈는 가로 32센티미터, 세로 26센티미터 규격으로 구성되어 있습니다.",먹거리보다 오래 남는 여행 기념품을 원하는 사람에게 맞다.,1,https://dzwpvqehwr7zl.cloudfront.net/omios/products/generated/_review/PRD_1362/PRD_1362_packshot_v1.png,https://miyakojima-yukishio.com/products/4529448930725
PRD_1363,미야코지마 사이다 비치샌들,宮古島サイダー ビーチサンダル,미야코지마노 유키시오(宮古島の雪塩),REG_029,PRC_03,2000,"미야코지마의 특색을 담은 비치샌들입니다. 이 제품에는 '미야코지마 사이다'로 친숙한 귀여운 시사 캐릭터가 상품화되었습니다. 미야코지마에서는 비치샌들을 현지에서 '지마조우리' 또는 '지마사바'라고 부를 만큼, 독특하고 인상적인 디자인이 특징입니다.",사이즈 선택이 필요한 상품이라 구매 전 옵션을 확인하는 것이 좋다.,1,https://dzwpvqehwr7zl.cloudfront.net/omios/products/generated/_review/PRD_1363/PRD_1363_packshot_v1.png,https://miyakojima-yukishio.com/products/4529448931074
PRD_1364,미야코지마 사이다 페이스타월,宮古島サイダー フェイスタオル,미야코지마노 유키시오(宮古島の雪塩),REG_029,PRC_03,2000,"미야코지마 사이다의 상징인 귀여운 시사 캐릭터가 상품화되었습니다. 단순히 디자인이 예쁜 것 외에도 흡수성이 뛰어나 실용적입니다. 페이스타월 외에도 미야코지마 사이다를 테마로 한 티셔츠도 즐길 수 있습니다. 또한, 관련하여 토트백 등 다양한 종류의 기념품을 구성했습니다.",부피가 크지 않고 일상에서 사용할 수 있어 가족용 잡화 선물로 좋다.,1,https://dzwpvqehwr7zl.cloudfront.net/omios/products/generated/_review/PRD_1364/PRD_1364_packshot_v1.png,https://miyakojima-yukishio.com/products/4529448931043
PRD_1365,미야코지마 사이다 볼펜,宮古島サイダー ボールペン,미야코지마노 유키시오(宮古島の雪塩),REG_029,PRC_01,440,"미야코지마 사이다의 매력을 담은 볼펜입니다. 미야코지마 사이다에서 친숙하게 만났던 귀여운 시사 캐릭터가 이번 상품을 통해 더욱 사랑스럽게 재탄생했습니다. 이 볼펜은 다양한 디자인으로 제작되었으며, 특히 미야코지마 사이다 캔디를 연상시키는 하늘색과 시사 로고가 새겨진 흰색 등 여러 가지 색상으로 즐길 수 있습니다.",가격이 낮고 가벼워 학생이나 친구에게 간단히 나눠주기 좋다.,1,https://dzwpvqehwr7zl.cloudfront.net/omios/products/generated/_review/PRD_1365/PRD_1365_packshot_v1.png,https://miyakojima-yukishio.com/products/ballpen
PRD_1366,미야코지마 사이다 캔배지,宮古島サイダー 缶バッジ,미야코지마노 유키시오(宮古島の雪塩),REG_029,PRC_01,330,미야코지마 사이다 캔배지는 미야코지마 사이다의 시사 캐릭터 이미지를 담은 작은 굿즈입니다. 흰색 로고 디자인과 하늘색 캔디 디자인처럼 색과 그림이 다른 타입으로 구성됩니다. 약 사 센티미터 크기라 가방이나 파우치에 달아 미야코지마 여행 분위기를 남기기 좋습니다.,작은 굿즈라 여러 개 구매해 가방이나 파우치 장식용으로 선물하기 쉽다.,1,https://dzwpvqehwr7zl.cloudfront.net/omios/products/generated/_review/PRD_1366/PRD_1366_packshot_v1.png,https://miyakojima-yukishio.com/products/4529448930671
PRD_1367,유키시오 목 케어 1g×15개입,雪塩 のどケア 1g×15個入り,미야코지마노 유키시오(宮古島の雪塩),REG_029,PRC_01,700,"미야코섬의 아름다운 지하 해수를 사용하여 만든 '유키시오'는 일본에서도 보기 드문 특별한 소금입니다. 이 소금은 파우더 형태로 되어 있어 녹이기 쉽고, 입에 머금어도 안전하게 사용할 수 있습니다. 감기나 독감 유행 시기에 목이 칼칼하거나 따가울 때, 유키시오 가글로 목을 상쾌하게 관리할 수 있습니다. 사용 방법으로는 물이나 미지근한 물 한 컵(약 180~200밀리리터)에 유키시오를 약 2그램만 녹여 가글하시면 됩니다.",여행 중 휴대하기 쉽고 실용성이 있어 자신용 구매에도 어울린다.,1,https://dzwpvqehwr7zl.cloudfront.net/omios/products/generated/_review/PRD_1367/PRD_1367_packshot_v1.png,https://miyakojima-yukishio.com/products/0584000235629
PRD_1368,유키시오카케루 밥 소금,雪塩かける ごはんの塩,미야코지마노 유키시오(宮古島の雪塩),REG_029,PRC_01,600,"미야코지마의 눈 소금으로 만든 이 밥 소금은 다양한 요리에 활용할 수 있습니다. 단순히 밥에 뿌려 먹는 것 외에도, 닭 육수를 넣어 맛을 더하고 먹기 직전에 파와 구기자 등을 함께 첨가하여 완성할 수 있습니다. 또한, 식빵 토스트 위에 올리브 오일과 함께 소금을 뿌리면 간편하게 근사한 브런치 메뉴를 즐길 수 있어 활용도가 높습니다.",간단한 집밥에 바로 활용할 수 있어 요리하는 가족에게 실용적이다.,1,https://thumbnail.image.rakuten.co.jp/@0_gold/385store/imges/paradaisupran/kakerushiobin/2021kakerubingohan02.jpg?_ex=1024x1024,https://hb.afl.rakuten.co.jp/hgc/g00s39cn.16t5u1ec.g00s39cn.16t5v00c/?pc=https%3A%2F%2Fitem.rakuten.co.jp%2F385store%2F10001921%2F&m=http%3A%2F%2Fm.rakuten.co.jp%2F385store%2Fi%2F10001004%2F&rafcid=wsc_i_is_b93111dd-e085-46a2-a75f-28c1ee5d2de6
PRD_1369,유키시오카케루 참깨소금,雪塩かける ごま塩,미야코지마노 유키시오(宮古島の雪塩),REG_029,PRC_01,650,"미야코지마의 눈 소금을 활용하여 만든 다양한 풍미의 조미료입니다. 이 제품은 특히 고소한 맛이 특징인 참깨소금이 주력 상품으로 제공되고 있습니다. 미야코지마의 눈 소금 베이스를 사용하여, 매콤한 맛을 더한 청양고추소금이나 감칠맛 나는 김가루소금 등 여러 가지 종류로 즐길 수 있습니다. 필요에 따라 눈 소금 후추나 일반 식용 소금으로도 활용 가능한 다양한 조합이 구성되어 있어 요리의 풍미를 한층 높여줍니다.",음식 취향을 크게 타지 않아 가정용 선물로 무난하다.,1,https://dzwpvqehwr7zl.cloudfront.net/omios/products/generated/_review/PRD_1369/PRD_1369_packshot_v1.png,https://miyakojima-yukishio.com/products/4529448530420
PRD_1370,유키시오카케루 삶은 달걀 소금,雪塩かける ゆでたまごの塩,미야코지마노 유키시오(宮古島の雪塩),REG_029,PRC_01,500,"미야코지마의 특별한 눈 소금을 활용하여 요리의 풍미를 한층 높여주는 만능 양념입니다. 특히 삶은 달걀에 뿌려 먹기 좋은 제품이 대표적이며, 간편하게 다양한 음식에 깊은 맛을 더해줍니다. 김의 감칠맛이 느껴지는 '우마노리'부터 국물 요리에 깊이를 더하는 '다시 소금', 상큼한 레몬과 허브가 어우러진 제품까지 구성되어 있습니다. 이처럼 다채로운 맛으로 어떤 요리에도 활용할 수 있어 식탁을 더욱 풍요롭게 만들어줍니다.",부피가 작아 여러 맛의 조미 소금과 함께 조합해 선물하기 좋다.,1,https://dzwpvqehwr7zl.cloudfront.net/omios/products/generated/_review/PRD_1370/PRD_1370_packshot_v1.png,https://miyakojima-yukishio.com/products/4529448530147
PRD_1371,유키시오카케루 마늘소금,雪塩かける ガーリック塩,미야코지마노 유키시오(宮古島の雪塩),REG_029,PRC_01,550,"미야코지마의 눈 소금으로 만든 이 마늘소금은 다양한 요리에 풍미를 더하는 만능 양념입니다. 고기 요리나 파스타 요리는 물론, 그릴에 구운 버섯이나 감자튀김 등 메인 디시와 사이드 메뉴 모두에 활용할 수 있습니다. 특히 돈가스나 닭튀김, 생선 튀김 같은 전골류의 찍어 먹는 소금으로도 좋습니다. 또한 만두를 만들 때 밑간을 하거나 요리 마무리 단계에서 뿌려 간을 맞추기에도 완벽합니다.",요리용으로 활용도가 높아 캠핑이나 홈쿡을 즐기는 사람에게 맞다.,1,https://thumbnail.image.rakuten.co.jp/@0_mall/385store/cabinet/04600967/kakeru_ga-riku.jpg?_ex=1024x1024,https://hb.afl.rakuten.co.jp/hgc/g00s39cn.16t5u1ec.g00s39cn.16t5v00c/?pc=https%3A%2F%2Fitem.rakuten.co.jp%2F385store%2F10001927%2F&m=http%3A%2F%2Fm.rakuten.co.jp%2F385store%2Fi%2F10001359%2F&rafcid=wsc_i_is_b93111dd-e085-46a2-a75f-28c1ee5d2de6
PRD_1372,유키시오카케루 제노바 소금,雪塩かける ジェノバ塩,미야코지마노 유키시오(宮古島の雪塩),REG_029,PRC_01,600,"국내산 소금에 마늘, 파슬리, 바질 등 향신료가 더해진 만능 시즈닝 소금입니다. 평소 즐겨 먹는 요리를 간편하게 업그레이드할 수 있어 활용도가 높습니다. 카프레제나 파스타, 허브 구이 등 다양한 요리에 뿌려 풍미를 더하거나, 생선구이에 곁들이면 더욱 깊은 맛을 느낄 수 있습니다. 사용 후에는 습기에 약하고 덩어리질 수 있으니 반드시 뚜껑을 잘 닫아 보관해 주세요.",파스타나 생선요리에 활용하기 좋아 요리 취미가 있는 사람에게 추천하기 쉽다.,1,https://thumbnail.image.rakuten.co.jp/@0_mall/385store/cabinet/04600967/kakeru_jenoba.jpg?_ex=1024x1024,https://hb.afl.rakuten.co.jp/hgc/g00s39cn.16t5u1ec.g00s39cn.16t5v00c/?pc=https%3A%2F%2Fitem.rakuten.co.jp%2F385store%2F10001926%2F&m=http%3A%2F%2Fm.rakuten.co.jp%2F385store%2Fi%2F10001358%2F&rafcid=wsc_i_is_b93111dd-e085-46a2-a75f-28c1ee5d2de6
PRD_1373,유키시오카케루 스테이크 소금,雪塩かける ステーキの塩,미야코지마노 유키시오(宮古島の雪塩),REG_029,PRC_01,600,"미야코지마의 눈 소금을 활용한 스테이크용 소금입니다. 이 소금은 요리에 깊고 풍부한 맛을 더해주는 만능 양념으로 사용됩니다. 파스타나 브로콜리, 해산물 등을 이용한 볶음 요리 등 다양한 메뉴에 적당량 뿌려 간을 맞추면 완성도 높은 한 끼 식사를 즐길 수 있습니다.",고기 요리를 자주 하는 사람에게 작지만 쓰임새 있는 선물이다.,1,https://thumbnail.image.rakuten.co.jp/@0_gold/385store/imges/paradaisupran/kakerushiobin/2021kakerubinsuteki02.jpg?_ex=1024x1024,https://hb.afl.rakuten.co.jp/hgc/g00s39cn.16t5u1ec.g00s39cn.16t5v00c/?pc=https%3A%2F%2Fitem.rakuten.co.jp%2F385store%2F10001918%2F&m=http%3A%2F%2Fm.rakuten.co.jp%2F385store%2Fi%2F10001001%2F&rafcid=wsc_i_is_b93111dd-e085-46a2-a75f-28c1ee5d2de6
PRD_1374,유키시오카케루 드레싱 소금,雪塩かける ドレッシングソルト,미야코지마노 유키시오(宮古島の雪塩),REG_029,PRC_01,600,"미야코지마의 눈 소금을 활용하여 만든 특별한 드레싱 소금입니다. 이 제품은 8가지 허브가 함유되어 있어, 같은 양의 식초와 올리브 오일만 섞으면 집에서도 간편하게 나만의 드레싱을 완성할 수 있습니다. 신선한 샐러드는 물론, 아히요나 포토프 등 다양한 요리에 활용하기 좋습니다. 특히 샐러드치킨이나 흰살 생선의 허브 구이 양념으로 사용하면 풍미를 더해주는 만능 조미료입니다.",과자 선물보다 건강한 느낌의 실용 식품을 원할 때 고르기 좋다.,1,https://thumbnail.image.rakuten.co.jp/@0_gold/385store/imges/paradaisupran/kakerushiobin/2021kakerubindoresoru02.jpg?_ex=1024x1024,https://hb.afl.rakuten.co.jp/hgc/g00s39cn.16t5u1ec.g00s39cn.16t5v00c/?pc=https%3A%2F%2Fitem.rakuten.co.jp%2F385store%2F10001915%2F&m=http%3A%2F%2Fm.rakuten.co.jp%2F385store%2Fi%2F10000997%2F&rafcid=wsc_i_is_b93111dd-e085-46a2-a75f-28c1ee5d2de6
PRD_1375,유키시오카케루 바비큐 소금,雪塩かける バーベキュー塩,미야코지마노 유키시오(宮古島の雪塩),REG_029,PRC_01,650,"미야코지마의 유키시오를 활용한 다양한 풍미의 뿌리는 소금입니다. 메인 제품인 바비큐 소금을 비롯하여, 스테이크용 소금과 마늘 향이 가미된 갈릭 소금이 구성되어 있습니다. 또한 매콤함을 더할 고춧가루 소금(칠리 소금)이나 드레싱에 활용하기 좋은 전용 소금도 즐길 수 있습니다. 이처럼 다양한 종류의 특제 소금으로 요리의 풍미를 한층 높여줍니다.",캠핑이나 홈파티를 좋아하는 친구에게 부담 없이 주기 좋다.,1,https://dzwpvqehwr7zl.cloudfront.net/omios/products/generated/_review/PRD_1375/PRD_1375_packshot_v1.png,https://miyakojima-yukishio.com/products/4529448530352
PRD_1376,유키시오카케루 레몬&허브,雪塩かける レモン＆ハーブ,미야코지마노 유키시오(宮古島の雪塩),REG_029,PRC_01,550,"레몬의 상큼한 산미와 허브의 향이 어우러져 청량감을 선사하는 제품입니다. 특히 레몬과 로즈마리 같은 허브가 주는 향은 매우 신선하고, 적당한 산미가 매력적입니다. 이 소금은 다양한 요리에 활용하기 좋습니다. 빵가루와 섞어 허브 베이킹을 하거나, 흰살 생선의 무니에르 또는 월남쌈의 포인트로 뿌려 풍미를 더할 수 있습니다.",상큼한 맛을 좋아하는 사람에게 일반 소금보다 특별한 인상을 줄 수 있다.,1,https://thumbnail.image.rakuten.co.jp/@0_mall/385store/cabinet/04600967/kakeru_lemon.jpg?_ex=1024x1024,https://hb.afl.rakuten.co.jp/hgc/g00s39cn.16t5u1ec.g00s39cn.16t5v00c/?pc=https%3A%2F%2Fitem.rakuten.co.jp%2F385store%2F10001928%2F&m=http%3A%2F%2Fm.rakuten.co.jp%2F385store%2Fi%2F10001360%2F&rafcid=wsc_i_is_b93111dd-e085-46a2-a75f-28c1ee5d2de6
PRD_1377,유키시오 모즈쿠 스프,雪塩もずくスープ,미야코지마노 유키시오(宮古島の雪塩),REG_029,PRC_01,700,미야코지마의 눈 소금으로 정성껏 염장한 모즈쿠를 사용했습니다. 부드러운 맛을 자랑하는 간편 즉석 국물입니다. 샤브샤브 전골의 육수 대신 활용하여 요리할 수 있습니다. 오키나와산 재료와 시콰사 과즙 등이 깊은 풍미를 더합니다.,간단히 먹을 수 있는 짭짤한 식품이라 단 음식이 부담스러운 사람에게 좋다.,1,https://dzwpvqehwr7zl.cloudfront.net/omios/products/generated/_review/PRD_1377/PRD_1377_packshot_v1.png,https://miyakojima-yukishio.com/products/4529448880242
PRD_1378,유키시오 라스크 플레인 12매입,雪塩らすく プレーン 12枚入,미야코지마노 유키시오(宮古島の雪塩),REG_029,PRC_02,1600,부드러운 버터 향이 감도는 것이 특징입니다. 카스텔라에서 영감을 받은 듯한 이 라스크는 자극적이지 않고 가벼운 식감이 매력적입니다. 한 입 베어 물면 자연스럽게 미소가 지어지는 기분을 느낄 수 있습니다.,개별로 집어 먹기 좋아 가족이나 직장 동료와 나누기 편하다.,1,https://dzwpvqehwr7zl.cloudfront.net/omios/products/generated/_review/PRD_1378/PRD_1378_packshot_v1.png,https://miyakojima-yukishio.com/products/4529448320670
PRD_1379,유키시오 랑그,雪塩らんぐ,미야코지마노 유키시오(宮古島の雪塩),REG_029,PRC_02,1900,사르르 부서지는 듯한 식감의 랑그드샤와 입에서 녹는 부드러운 화이트 초콜릿이 미야코지마에서 만난 제품입니다. 밀크가 풍부한 초콜릿의 달콤함에 눈 소금 특유의 은은한 짠맛이 더해져 깊은 맛을 선사합니다. 이 조합 덕분에 여운이 길게 남는 성숙하고 고급스러운 풍미를 느낄 수 있습니다.,패키지감이 있어 격식을 조금 갖춘 과자 선물로 고르기 좋다.,1,https://thumbnail.image.rakuten.co.jp/@0_mall/awamori-zizake/cabinet/12579663/4529448320922_h01.jpg?_ex=1024x1024,https://hb.afl.rakuten.co.jp/hgc/g00s183n.16t5u2db.g00s183n.16t5vaa3/?pc=https%3A%2F%2Fitem.rakuten.co.jp%2Fawamori-zizake%2F4529448320922%2F&m=http%3A%2F%2Fm.rakuten.co.jp%2Fawamori-zizake%2Fi%2F10026396%2F&rafcid=wsc_i_is_b93111dd-e085-46a2-a75f-28c1ee5d2de6
PRD_1380,유키시오 캔디,雪塩キャンディ,미야코지마노 유키시오(宮古島の雪塩),REG_029,PRC_01,300,"미야코지마의 설염을 활용한 유키시오 캔디입니다. 이 캔디는 이름에서 알 수 있듯이, 미야코섬 특유의 '설염'이 핵심 재료로 사용된 것이 특징입니다. 섬의 특별한 소금으로 만든 독특한 맛과 매력을 경험할 수 있습니다.",가격이 낮고 가벼워 여러 명에게 나눠줄 소형 선물로 적합하다.,1,https://thumbnail.image.rakuten.co.jp/@0_mall/san-a/cabinet/04273376/gaozu/4529448320830.jpg?_ex=1024x1024,https://hb.afl.rakuten.co.jp/hgc/g00pybdn.16t5uab0.g00pybdn.16t5v672/?pc=https%3A%2F%2Fitem.rakuten.co.jp%2Fsan-a%2F4529448320830%2F&m=http%3A%2F%2Fm.rakuten.co.jp%2Fsan-a%2Fi%2F10004750%2F&rafcid=wsc_i_is_b93111dd-e085-46a2-a75f-28c1ee5d2de6
PRD_1381,류큐왕조 720ml 30도,琉球王朝 720ml(30度),다라가와(多良川),REG_029,PRC_03,2060,'류큐왕조'는 지역을 넘어 많은 오키나와 주민들에게 사랑받는 베스트셀러 아와모리입니다. 43도의 원주를 약 30도 전후로 희석하여 제품을 완성했습니다. 이 과정을 거치면서 부드럽고 마시기 편한 맛과 목 넘김이 특징입니다.,술 선물은 수하물 규정과 상대의 음주 여부를 확인하고 구매하는 것이 안전하다.,0,https://thumbnail.image.rakuten.co.jp/@0_mall/taragawa-awamori/cabinet/07885334/oucho720_titi.jpg?_ex=1024x1024,https://hb.afl.rakuten.co.jp/hgc/g00tu9fn.16t5u9d8.g00tu9fn.16t5vba6/?pc=https%3A%2F%2Fitem.rakuten.co.jp%2Ftaragawa-awamori%2Fryukyuoucho720%2F&m=http%3A%2F%2Fm.rakuten.co.jp%2Ftaragawa-awamori%2Fi%2F10000004%2F&rafcid=wsc_i_is_b93111dd-e085-46a2-a75f-28c1ee5d2de6
PRD_1382,류큐왕조 특선고주 375ml 30도,琉球王朝 特選古酒/375ml(30度),다라가와(多良川),REG_029,PRC_02,1760,"류큐왕조 특선고주는 높은 평가를 받고 있는 술입니다. 반복적인 숙성을 거쳐 부드럽고 깊은 풍미가 느껴지는 것이 특징입니다. 특히 375밀리리터 사이즈는 처음 맛보거나 기념품, 혹은 가벼운 선물로 준비하기에 가장 어울립니다.",격식은 살리되 큰 병이 부담스러운 선물 상황에 적합하다.,0,https://thumbnail.image.rakuten.co.jp/@0_mall/taragawa-awamori/cabinet/07887278/toku375.jpg?_ex=1024x1024,https://hb.afl.rakuten.co.jp/hgc/g00tu9fn.16t5u9d8.g00tu9fn.16t5vba6/?pc=https%3A%2F%2Fitem.rakuten.co.jp%2Ftaragawa-awamori%2Ftokusen375%2F&m=http%3A%2F%2Fm.rakuten.co.jp%2Ftaragawa-awamori%2Fi%2F10000129%2F&rafcid=wsc_i_is_b93111dd-e085-46a2-a75f-28c1ee5d2de6
PRD_1383,미야코지마 밀크슈 500ml 12도,宮古島ミルク酒（500ml・12度）,다라가와(多良川),REG_029,PRC_02,1760,"아와모리를 베이스로 한 연유 혼합주인 미야코지마 밀크슈입니다. 부드러운 목넘김과 은은하고 온화한 맛이 특징입니다. 차가운 잔에 따라 마시면 더욱 맛있게 즐길 수 있습니다. 녹차, 블랙커피, 망고 주스, 홍차 등 다양한 음료와 섞어 취향에 맞게 즐기기 좋습니다.",일반 아와모리보다 달고 부드러워 색다른 성인용 선물로 고르기 좋다.,0,https://thumbnail.image.rakuten.co.jp/@0_mall/taragawa-awamori/cabinet/07986578/mil_smn.jpg?_ex=1024x1024,https://hb.afl.rakuten.co.jp/hgc/g00tu9fn.16t5u9d8.g00tu9fn.16t5vba6/?pc=https%3A%2F%2Fitem.rakuten.co.jp%2Ftaragawa-awamori%2Fmilk500%2F&m=http%3A%2F%2Fm.rakuten.co.jp%2Ftaragawa-awamori%2Fi%2F10000039%2F&rafcid=wsc_i_is_b93111dd-e085-46a2-a75f-28c1ee5d2de6
PRD_1384,아와모리 커피 500ml 25도,泡盛珈琲（500ml・25度）,다라가와(多良川),REG_029,PRC_03,2350,"아와모리 커피는 다라가와가 미야코지마의 바 싱크와 함께 개발한 커피 리큐르입니다. 깊게 볶은 이탈리안 로스트 커피콩을 아와모리에 담가 향과 코쿠를 살린 것이 특징입니다. 오백 밀리리터 병과 이십오 도 도수로 구성되어, 얼음이나 우유와 함께 마시기 좋은 오키나와식 커피 술입니다.",커피와 술을 모두 좋아하는 사람에게 이색적인 미야코지마 선물이 된다.,0,https://thumbnail.image.rakuten.co.jp/@0_mall/kakuman-tsht/cabinet/taragawa/imgrc0112653067.jpg?_ex=1024x1024,https://hb.afl.rakuten.co.jp/hgc/g00tgaxn.16t5u76e.g00tgaxn.16t5vd08/?pc=https%3A%2F%2Fitem.rakuten.co.jp%2Fkakuman-tsht%2Ftaragawa-awamori-coffee%2F&m=http%3A%2F%2Fm.rakuten.co.jp%2Fkakuman-tsht%2Fi%2F10000948%2F&rafcid=wsc_i_is_b93111dd-e085-46a2-a75f-28c1ee5d2de6
PRD_1385,다라가와 브라운 720ml 30도,多良川ブラウン（720ml・30度）,다라가와(多良川),REG_029,PRC_02,1210,"다라가와 브라운은 미야코지마의 주조장 다라가와가 만드는 아와모리 계열 주류입니다. 쌀 누룩의 향과 드라이한 맛, 부드러운 목넘김이 특징입니다. 삼십 도의 도수와 칠백이십 밀리리터 병 구성으로 오키나와 증류주의 개성을 느끼기 좋은 제품입니다.",류큐왕조보다 부담 없는 가격대의 지역 주류 선물을 찾을 때 좋다.,0,https://thumbnail.image.rakuten.co.jp/@0_mall/se-sake222/cabinet/awamori/awamori1/46404x01.jpg?_ex=1024x1024,https://hb.afl.rakuten.co.jp/hgc/g00tlp0n.16t5u620.g00tlp0n.16t5va2a/?pc=https%3A%2F%2Fitem.rakuten.co.jp%2Fse-sake222%2F46404x01%2F&m=http%3A%2F%2Fm.rakuten.co.jp%2Fse-sake222%2Fi%2F10000441%2F&rafcid=wsc_i_is_b93111dd-e085-46a2-a75f-28c1ee5d2de6
PRD_1386,하기노츠키 8개입,萩の月 8個入,과장삼전(菓匠三全),REG_030,PRC_03,2120,"하기노츠키는 하기 꽃이 만발한 미야기노의 하늘에 떠오른 보름달을 형상화한 유명 과자입니다. 부드럽고 은은한 풍미의 오리지널 커스터드 크림을 듬뿍 채워 넣었으며, 폭신한 카스텔라로 감싸 완성했습니다. 우유, 계란, 설탕 등을 주재료로 사용하여 부드러우면서도 깊은 맛이 느껴지는 것이 특징입니다.","개별 포장이라 나눠 주기 좋고, 센다이역에서 가장 무난하게 고를 수 있는 정석 선물이다.",0,https://thumbnail.image.rakuten.co.jp/@0_mall/kioskgift/cabinet/hagi_no_tsuki/610-01-2_rank.jpg?_ex=1024x1024,https://hb.afl.rakuten.co.jp/hgc/g00pjkgn.16t5uc85.g00pjkgn.16t5va90/?pc=https%3A%2F%2Fitem.rakuten.co.jp%2Fkioskgift%2F610-01-2%2F&m=http%3A%2F%2Fm.rakuten.co.jp%2Fkioskgift%2Fi%2F10001152%2F&rafcid=wsc_i_is_b93111dd-e085-46a2-a75f-28c1ee5d2de6
PRD_1387,하기노츠키 5개입 간이상자,萩の月 5個入（簡易箱）,과장삼전(菓匠三全),REG_030,PRC_02,1107,하기노츠키은 미야기노 하늘에 떠오른 보름달을 형상화한 과장삼전의 대표 과자입니다. 부드러운 커스터드 크림을 폭신하고 촉촉한 카스텔라 반죽으로 감싸 은은한 달걀 풍미와 단맛을 냅니다. 다섯 개입 간이 상자 구성이라 하기에쓰키의 맛을 부담 없이 나누기 좋은 상품입니다.,부피와 가격이 부담스럽지 않아 혼자 먹거나 소수에게 선물하기 좋다.,0,https://dzwpvqehwr7zl.cloudfront.net/omios/products/generated/_review/PRD_1387/PRD_1387_packshot_v1.png,https://www.shop.sanzen.co.jp/shop/g/g3003/
PRD_1388,다테에마키 15개입,伊達絵巻 15個入,과장삼전(菓匠三全),REG_030,PRC_03,2300,계란을 반죽하여 만든 반죽를 한 층씩 정성스럽게 구워낸 바움쿠헨입니다. 이 케이크는 부드러운 바움쿠헨 사이에 달콤한 오구만과 크림을 채워 넣어 완성했습니다. 과장삼전의 다테에마키는 이러한 재료들이 조화롭게 어우러진 디저트입니다.,상온 보관과 개별 포장이 가능해 사무실용 센다이 과자로 고르기 편하다.,0,https://thumbnail.image.rakuten.co.jp/@0_mall/kioskgift/cabinet/sendaiokashi/imgrc0097337816.jpg?_ex=1024x1024,https://hb.afl.rakuten.co.jp/hgc/g00pjkgn.16t5uc85.g00pjkgn.16t5va90/?pc=https%3A%2F%2Fitem.rakuten.co.jp%2Fkioskgift%2F611-02%2F&m=http%3A%2F%2Fm.rakuten.co.jp%2Fkioskgift%2Fi%2F10000857%2F&rafcid=wsc_i_is_b93111dd-e085-46a2-a75f-28c1ee5d2de6
PRD_1389,로와이얄 테라스 생파이 10개입,ロワイヤルテラッセ 生パイ10個入,과장삼전(菓匠三全),REG_030,PRC_05,4100,"과장삼전의 생파이는 향긋하게 구워낸 파이와 오리지널 커스터드 풍미의 신선한 크림이 만난 제품입니다. 타르트 베이스는 국내산 우유, 밀가루, 버터 등을 주재료로 사용하여 바삭함을 더했습니다. 부드러운 생크림과 달콤한 재료들이 조화롭게 어우러져 깊고 풍부한 맛을 선사합니다.",냉동 상품이므로 이동 시간이 길다면 보냉 준비를 하고 구매하는 편이 안전하다.,0,https://dzwpvqehwr7zl.cloudfront.net/omios/products/generated/_review/PRD_1389/PRD_1389_packshot_v1.png,https://www.shop.sanzen.co.jp/shop/g/g4064/
PRD_1390,센다이 명물 즌다모치 8개입,仙台名物ずんだ餅 8個入,즌다사료(ずんだ茶寮),REG_030,PRC_02,1200,센다이의 명물로 알려진 즌다모치입니다. 오랜 역사와 맛을 자랑하는 이 전통 과자는 즌다사료에서 선보이는 제품입니다. 부드러운 모찌 속에 고소한 즌다를 가득 채워 넣어 깊은 풍미를 느낄 수 있습니다. 총 8개입으로 구성되어 있어 선물용이나 간식으로 즐기기 좋습니다.,전통적인 즌다 맛을 휴대하기 쉬운 형태로 사고 싶을 때 적합하다.,1,https://dzwpvqehwr7zl.cloudfront.net/omios/products/generated/_review/PRD_1390/PRD_1390_packshot_v1.png,https://www.shop.sanzen.co.jp/shop/g/g1858/
PRD_1391,즌다모치 푸치 3컵입,ずんだ餅ぷち 3カップ入,즌다사료(ずんだ茶寮),REG_030,PRC_02,1400,"전통의 맛과 역사를 담은 즌다모치 푸치 3컵입 세트입니다. 이 제품은 개별 컵을 보냉 상자에 담고, 다시 슬리브 포장하여 안전하게 구성했습니다. 한 컵당 칼로리는 195킬로칼로리이며, 장기간 신선하게 즐기실 수 있도록 냉동 상태로 보관해야 합니다. 제품의 유통 기한은 제조일로부터 70일이며, 반드시 영하 18°섭씨 이하에서 보관해 주세요.",숙소에서 바로 먹을 디저트나 가족용 간식으로 사기 좋다.,1,https://dzwpvqehwr7zl.cloudfront.net/omios/products/generated/_review/PRD_1391/PRD_1391_packshot_v1.png,https://www.shop.sanzen.co.jp/shop/g/g1803/
PRD_1392,즌다 바타후쿠 4개입,ずんだバタふく 4個入,즌다사료(ずんだ茶寮),REG_030,PRC_01,600,"파티시에가 신선한 크림과 풋콩 '즌다'를 절묘하게 블렌딩하여 탄생시킨 일식 서양식 롤케이크입니다. 지은다사료의 자랑인 특제 부드럽고 촉촉한 식감이 특징이며, 상쾌한 녹색과 풍부한 단맛이 매력적입니다. 맛과 향이 특히 강하고 풍미가 뛰어난 풋콩을 엄선하여 사용했으며, 여기에 국내산 버터를 더해 깊은 풍미를 완성했습니다. 즌다의 고소한 식감과 부드러운 크림의 조화로운 맛을 즐겨보세요.",가격대가 낮아 가볍게 맛보거나 친구에게 작은 선물로 주기 좋다.,1,https://dzwpvqehwr7zl.cloudfront.net/omios/products/generated/_review/PRD_1392/PRD_1392_packshot_v1.png,https://zundasaryo.com/
PRD_1393,즌다앙 버터 모나카 4개입,ずんだあんバター最中 4個入,즌다사료(ずんだ茶寮),REG_030,PRC_02,1480,"파티시에가 신선한 크림과 풋콩의 '즌다'를 절묘하게 블렌딩하여 탄생시킨 일식 서양식 롤케이크입니다. 즌다사료의 특제 레시피로 만든 이 케이크는 부드럽고 촉촉하며, 풍미 가득한 즌다와 고소하고 부드러운 크림치즈가 조화로운 맛을 선사합니다. 특히 신선한 녹색과 깊은 단맛, 그리고 거칠게 으깬 풋콩의 식감이 살아있는 즌다에 국내산 버터를 더했습니다. 즌다사료에서는 그중에서도 향과 맛이 뛰어난 풋콩만을 엄선하여 사용했습니다.",모나카 식감이 살아 있어 단정한 포장 과자 선물로 고르기 좋다.,1,https://dzwpvqehwr7zl.cloudfront.net/omios/products/generated/_review/PRD_1393/PRD_1393_packshot_v1.png,https://zundasaryo.com/
PRD_1394,기쿠후쿠 4종 모둠 16개입,喜久福 4種詰合せ16ヶ入,오차노 이게타 기쿠스이안(お茶の井ヶ田 喜久水庵),REG_030,PRC_03,2600,"인기 만점의 네 가지 맛을 한데 모아 담은 고급스러운 모둠 세트입니다. 향긋한 녹차 크림, 부드러운 단맛의 일반 생크림, 식감이 재미있는 즈은다 크림, 그리고 고소한 풍미가 매력적인 호지차 크림이 구성되어 있습니다. 각 맛마다 개성이 넘치며, 부드러운 모찌와 안과의 조화로운 하모니를 경험할 수 있습니다.",냉동 보관 상품이라 바로 이동하지 않는 일정에서 구매하는 것이 좋다.,0,https://thumbnail.image.rakuten.co.jp/@0_mall/ocha-igeta/cabinet/kikufuku/05857533/311872_2.jpg?_ex=1024x1024,https://hb.afl.rakuten.co.jp/hgc/g00py9nn.16t5u7ee.g00py9nn.16t5v1d0/?pc=https%3A%2F%2Fitem.rakuten.co.jp%2Focha-igeta%2F311872%2F&m=http%3A%2F%2Fm.rakuten.co.jp%2Focha-igeta%2Fi%2F10000002%2F&rafcid=wsc_i_is_b93111dd-e085-46a2-a75f-28c1ee5d2de6
PRD_1395,한입 센다이 즌다모치 4개입,仙台ひとくちずんだ餅 4ヶ入,오차노 이게타 기쿠스이안(お茶の井ヶ田 喜久水庵),REG_030,PRC_01,650,"한입 센다이 즌다모치는 센다이식 즌다모치를 작은 크기로 만든 화과자 상품이다. 네 개입, 여덟 개입, 열다섯 개입 구성이 함께 소개되어 먹는 인원과 선물 용도에 맞춰 고르기 쉽다. 차와 함께 즐기는 과자 상품군에 속해, 녹두빛 즌다의 고소한 단맛을 부담 없이 맛보는 센다이 기념품이다.",여행 중 가볍게 맛볼 수 있는 저가형 즌다 과자로 적합하다.,1,https://dzwpvqehwr7zl.cloudfront.net/omios/products/generated/_review/PRD_1395/PRD_1395_packshot_v1.png,https://www.kikusuian.com/SHOP/59981/261584/list.html
PRD_1396,떡入り 도라야키 오구라·즌다 6개 세트,餅入りどら焼（小倉3個・ずんだ3個）6個セット,고다마노 도라야키(こだまのどら焼),REG_030,PRC_02,1672,"떡이 든 도라야키 오구라·즌다 세트는 고다마 도라야키의 대표 구성을 함께 담은 상품입니다. 장인이 구운 도라야키 반죽 안에 오구라 팥앙금, 풋콩 앙금, 쫄깃한 교비떡이 들어갑니다. 팥의 고전적인 단맛과 즌다의 고소한 맛을 비교해 먹기 좋은 여섯 개입 세트입니다.",두 가지 맛을 비교할 수 있어 가족이나 친구와 나눠 먹기 좋다.,1,https://dzwpvqehwr7zl.cloudfront.net/omios/products/generated/_review/PRD_1396/PRD_1396_packshot_v1.png,https://kodama-onlineshop.com/item-detail/745694
PRD_1397,떡入り 도라야키 즌다 6개입,餅入りどら焼（ずんだ）6個,고다마노 도라야키(こだまのどら焼),REG_030,PRC_02,1702,"센다이의 명물로 알려진 다테 마사무네가 사랑했던 즌다를 사용한 '떡 채움 도라야키 즌다'입니다. 지란산 계란을 사용하여 장인이 정성껏 구운 부드러운 케이크 사이에, 톡톡 터지는 식감의 수제 앙금과 말랑말랑한 경질모찌를 가득 채워 넣은 인기 메뉴입니다. 특히 즌다 앙금은 단맛이 은은하며, 풋콩 알갱이의 고소함과 달콤함, 그리고 살짝 느껴지는 짭조름함이 조화로운 맛을 자랑합니다. 오랜 시간 동안 변치 않는 전통적인 맛으로, 세대를 아울러 사랑받아 온 고다마의 대표 상품입니다.",즌다 맛을 더 분명하게 느끼고 싶다면 혼합 세트보다 이 구성이 알맞다.,1,https://dzwpvqehwr7zl.cloudfront.net/omios/products/generated/_review/PRD_1397/PRD_1397_packshot_v1.png,https://kodama-onlineshop.com/item-detail/674880
PRD_1398,생도라 모둠 6개입,生どら詰め合せ 6個（冷蔵）,고다마노 도라야키(こだまのどら焼),REG_030,PRC_02,1855,"생도라의 발상지인 센다이에서 오랜 역사를 자랑하는 고다마의 생도라 모둠입니다. 이 제품은 생크림을 듬뿍 넣어 부드럽고 먹기 쉬워 아이부터 어르신까지 폭넓게 사랑받는 인기 디저트입니다. 한 세트는 대나언, 말차, 즈은다, 딸기, 초콜릿과 현재 시즌 한정 상품인 복숭아를 포함하여 총 6가지 맛으로 구성되어 있습니다. 오랜 전통을 지닌 고다마의 생도라로 다양한 맛을 즐겨보세요.",냉장 보관이 필요하므로 숙소 냉장고에 보관하거나 가까운 이동 일정에 맞춰 사는 편이 좋다.,0,https://thumbnail.image.rakuten.co.jp/@0_mall/nipponselect/cabinet/item/s11/s11400010.jpg?_ex=1024x1024,https://hb.afl.rakuten.co.jp/hgc/g00ska5n.16t5u689.g00ska5n.16t5v27f/?pc=https%3A%2F%2Fitem.rakuten.co.jp%2Fnipponselect%2Fs11400010%2F&m=http%3A%2F%2Fm.rakuten.co.jp%2Fnipponselect%2Fi%2F10076163%2F&rafcid=wsc_i_is_b93111dd-e085-46a2-a75f-28c1ee5d2de6
PRD_1399,아베카마보코 사사카마보코 세트 AY-3,阿部蒲鉾店 笹かまぼこ詰合せ AY-3,아베카마보코점(阿部蒲鉾店),REG_030,PRC_04,3790,"이 제품은 센다이 명물인 '사사카마보코'와 아베카마보코점에서 인기 있는 '치즈볼'을 모아 구성한 세트입니다. 순백의 찐 마카모코 안에 진하고 부드러운 크림치즈를 채워 넣은 것이 특징입니다. 총 세 가지 맛으로 구성된 미니 사이즈의 사사카마보코로, 아베의 사사카마보코와 치즈볼 외에 '사다요리'도 포함되어 있습니다. 그대로 먹어도 맛있지만, 가볍게 구우면 고소한 향이 더욱 풍부하게 퍼져 맛을 즐길 수 있습니다.",단맛 과자보다 술안주나 반찬 느낌의 선물을 찾을 때 좋다.,0,https://dzwpvqehwr7zl.cloudfront.net/omios/products/generated/_review/PRD_1399/PRD_1399_packshot_v1.png,https://shopping.jreast.co.jp/products/detail/s013/s013-23s029
PRD_1400,아베의 사사카마보코·나코론·치즈볼 세트 DSS-A,DSS-A 阿部の笹かまぼこ・菜ころん・チーズボール,아베카마보코점(阿部蒲鉾店),REG_030,PRC_03,2120,"센다이의 명물로 알려진 아베가마보코점의 사사카마보코, 나코론, 치즈볼 세트입니다. 이 세트는 가게의 대표 상품인 '아부의 사사카마보코'를 포함하여 가성비 좋은 구성으로 구성되었습니다. 구체적으로는 사사카마보코 4매, 치즈볼 3개, 그리고 나코론 3개가 들어있습니다. 참고로 나코론은 여러 재료 상품 중 하나가 담겨 있습니다.",냉장 상품이지만 양이 과하지 않아 가족용 간단 선물로 고르기 쉽다.,0,https://dzwpvqehwr7zl.cloudfront.net/omios/products/generated/_review/PRD_1400/PRD_1400_packshot_v1.png,https://shunsentanbou.pref.miyagi.jp/buy/detail_409.html
PRD_1401,가네자키 대어기 특선 세트 TF-3A7,笹かまぼこ大漁旗特選詰合せ TF-3A7,가네자키(鐘崎),REG_030,PRC_04,3980,"가네자키의 대표 상품인 '대어기'를 메인으로 구성한 특선 선물 세트입니다. 이 제품은 '맛사사(치즈)', 그리고 '우마게(사츠마/고보)'를 조합하여 맛과 영양을 더했습니다. 특히, 자연스러운 풍미가 살아있는 어육에 치즈를 함께 구워낸 것이 특징이며, 고급 어육의 매력을 느낄 수 있습니다. 고보의 독특한 향과 식감이 돋보이는 튀긴 카마보코와 한 입만으로도 차이를 체감할 수 있는 프리미엄 사사카마보코가 구성되어 있습니다. 또한, 화학조미료, 보존료, 달걀흰자, 전분 등을 사용하지 않아 안심하고 즐길 수 있습니다.",포장감이 있어 단정한 식품 선물을 해야 할 때 쓰기 좋다.,0,https://dzwpvqehwr7zl.cloudfront.net/omios/products/generated/_review/PRD_1401/PRD_1401_packshot_v1.png,https://shop.kanezaki.co.jp/c/gift/including/65263
PRD_1402,두툼한 신탄 소금절임 120g×2봉,厚切り 芯たん 塩仕込み 120g×2袋,이다테노 규탄 혼포(伊達の牛たん本舗),REG_030,PRC_05,4860,"가장 부드러운 신탄만을 두툼하게 썰어낸 인기 메뉴입니다. '신탄'은 원래 힘줄의 뿌리 부분에서 떨어진 가장 연하고 맛있는 부위를 일컫는 말로, 최상의 식감을 자랑합니다. 전문점에서만 느낄 수 있는 깊고 특별한 풍미를 담아 소금에 절여 구성했습니다. 총 2봉(120그램×2) 구성으로, 약 2인분 분량이라 온 가족이 함께 즐기기에 어울립니다.",냉동 보관과 조리가 필요해 귀국 직전 구매하거나 보냉 포장을 준비하는 편이 좋다.,0,https://thumbnail.image.rakuten.co.jp/@0_mall/dategyu/cabinet/20230301kaitei/es2345/es-2/imgrc0109682869.jpg?_ex=1024x1024,https://hb.afl.rakuten.co.jp/hgc/g00q7v9n.16t5u925.g00q7v9n.16t5v976/?pc=https%3A%2F%2Fitem.rakuten.co.jp%2Fdategyu%2F1050602%2F&m=http%3A%2F%2Fm.rakuten.co.jp%2Fdategyu%2Fi%2F10000004%2F&rafcid=wsc_i_is_b93111dd-e085-46a2-a75f-28c1ee5d2de6
PRD_1403,우설 미소절임 100g×2봉,牛たん 味噌仕込み 100g×2袋,이다테노 규탄 혼포(伊達の牛たん本舗),REG_030,PRC_04,3456,"우설 미소절임 100그램 두 봉 세트는 전문점의 우설을 된장 양념으로 숙성해 간편하게 구워 먹는 제품입니다. 부드러운 부위를 두툼하게 썬 우설에 된장, 쌀 발효 조미료, 고추장 등의 양념을 더해 감칠맛과 짭짤한 풍미를 살렸습니다. 약 2인분 구성이라 프라이팬에서 중불로 구워 식사 반찬이나 술안주로 즐기기 좋습니다.",소금맛보다 진한 양념을 좋아하는 사람에게 권하기 좋다.,0,https://thumbnail.image.rakuten.co.jp/@0_mall/dategyu/cabinet/item/rm/rm-2/imgrc0090299339.jpg?_ex=1024x1024,https://hb.afl.rakuten.co.jp/hgc/g00q7v9n.16t5u925.g00q7v9n.16t5v976/?pc=https%3A%2F%2Fitem.rakuten.co.jp%2Fdategyu%2F1055821%2F&m=http%3A%2F%2Fm.rakuten.co.jp%2Fdategyu%2Fi%2F10000029%2F&rafcid=wsc_i_is_b93111dd-e085-46a2-a75f-28c1ee5d2de6
PRD_1404,이다테노 규탄 라유,伊達の牛たんラー油,이다테노 규탄 혼포(伊達の牛たん本舗),REG_030,PRC_02,1000,"이다테노 규탄 라유는 센다이 우설 전문점의 고기 맛을 밥반찬처럼 즐기게 만든 고추기름 상품이다. 넉넉한 우설에 향 좋은 산초, 아몬드, 프라이드 양파를 더해 고소함과 씹는 맛을 살렸다. 밥 위에 얹거나 두부, 면 요리에 곁들이면 우설의 감칠맛과 매콤한 기름 향이 함께 퍼진다.",냉동 고기보다 휴대가 쉬워 부담 없는 센다이 우설 관련 선물로 좋다.,0,https://thumbnail.image.rakuten.co.jp/@0_mall/dategyu/cabinet/20230301kaitei/beeftongue_chilioil/imgrc0107342516.jpg?_ex=1024x1024,https://hb.afl.rakuten.co.jp/hgc/g00q7v9n.16t5u925.g00q7v9n.16t5v976/?pc=https%3A%2F%2Fitem.rakuten.co.jp%2Fdategyu%2Fb-5%2F&m=http%3A%2F%2Fm.rakuten.co.jp%2Fdategyu%2Fi%2F10000139%2F&rafcid=wsc_i_is_b93111dd-e085-46a2-a75f-28c1ee5d2de6
PRD_1405,서리기둥,霜ばしら,구주혼포 다마자와(九重本舗玉澤),REG_030,PRC_05,4320,"서리기둥은 영봉인 가오의 봉우리들이 겨울을 맞이할 준비를 하고 산기슭에 상고대가 생겨나기 시작하는 무렵부터 장인의 손길로 만들어지는 명과입니다. 이 과자는 매일 기후와 대화하며 탄생하는 사탕 예술품이라 불립니다. 입안에 넣으면 혀 위에서 녹아내리며, 계절의 흐름을 느끼게 하는 우아한 향과 달콤함이 어우러진 겨울의 환상을 선사합니다. 서리기둥은 약 60일 정도까지 즐기실 수 있습니다.",판매 시기가 한정적이라 겨울 여행 때 본점 재고를 확인하고 구매하는 것이 좋다.,1,https://thumbnail.image.rakuten.co.jp/@0_mall/tuzukiya/cabinet/0/1/800/l419-0179.jpg?_ex=1024x1024,https://hb.afl.rakuten.co.jp/hgc/53033622.7bbb75b6.53033623.c98a76f0/?pc=https%3A%2F%2Fitem.rakuten.co.jp%2Ftuzukiya%2Fl419-0179%2F&m=https%3A%2F%2Fitem.rakuten.co.jp%2Ftuzukiya%2Fl419-0179%2F
PRD_1406,백송 모나카 중형 12개입,白松がモナカ 中型12個入,백송가모나카본포(白松がモナカ本舗),REG_030,PRC_04,3250,백송가모나카본포에서 선보이는 백송 모나카 중형 12개입 제품입니다. 이 상품은 '백송'이라는 이름이 붙은 모나카를 브랜드의 특색을 살려 제작한 것이 특징입니다. 총 12개의 개별 포장으로 구성되어 있어 선물용이나 간식으로 즐기기 좋습니다.,격식 있는 상자 포장이라 부모님이나 어른에게 드릴 센다이 선물로 무난하다.,0,https://thumbnail.image.rakuten.co.jp/@0_mall/kioskgift/cabinet/shiramatsuga/imgrc0084923552.jpg?_ex=1024x1024,https://hb.afl.rakuten.co.jp/hgc/g00pjkgn.16t5uc85.g00pjkgn.16t5va90/?pc=https%3A%2F%2Fitem.rakuten.co.jp%2Fkioskgift%2F603-2%2F&m=http%3A%2F%2Fm.rakuten.co.jp%2Fkioskgift%2Fi%2F10001753%2F&rafcid=wsc_i_is_b93111dd-e085-46a2-a75f-28c1ee5d2de6
PRD_1407,백송 모나카 소형 8개입,白松がモナカ 小型8個入,백송가모나카본포(白松がモナカ本舗),REG_030,PRC_02,1556,"백송 모나카 소형 팔개입은 시라마쓰가 모나카 본포의 전통 모나카를 작은 크기로 담은 상품이다. 엄선한 원재료와 독자 제법으로 쌓아 온 전통의 맛을 살린 명과로 소개된다. 입에서 곱게 녹는 얇은 껍질이 단정한 단맛의 팥소를 받쳐 주어, 차와 함께 먹기 좋은 센다이 과자다.",여행 가방 공간이 넉넉하지 않을 때도 고르기 쉬운 소형 화과자다.,0,https://thumbnail.image.rakuten.co.jp/@0_mall/kioskgift/cabinet/shiramatsuga/imgrc0084923218.jpg?_ex=1024x1024,https://hb.afl.rakuten.co.jp/hgc/g00pjkgn.16t5uc85.g00pjkgn.16t5va90/?pc=https%3A%2F%2Fitem.rakuten.co.jp%2Fkioskgift%2F602-1%2F&m=http%3A%2F%2Fm.rakuten.co.jp%2Fkioskgift%2Fi%2F10001749%2F&rafcid=wsc_i_is_b93111dd-e085-46a2-a75f-28c1ee5d2de6
PRD_1408,백송 양갱 중형 밤 1본,白松がヨーカン 中型 栗1本,백송가모나카본포(白松がモナカ本舗),REG_030,PRC_03,2500,"백송 양갱 중형 밤은 백송가모나카본포가 만드는 밤맛 양갱입니다. 한천을 곱게 다듬어 만드는 매끈한 식감과 팥의 단맛, 밤의 고소한 풍미가 함께 느껴집니다. 중형 한 본 구성이라 얇게 잘라 차와 함께 나누어 먹기 좋은 전통 화과자입니다.","무게감 있는 화과자를 좋아하는 사람에게 좋고, 차 선물과 함께 맞추기 쉽다.",0,https://thumbnail.image.rakuten.co.jp/@0_mall/kioskgift/cabinet/shiramatsuga/imgrc0084944868.jpg?_ex=1024x1024,https://hb.afl.rakuten.co.jp/hgc/g00pjkgn.16t5uc85.g00pjkgn.16t5va90/?pc=https%3A%2F%2Fitem.rakuten.co.jp%2Fkioskgift%2F608-2%2F&m=http%3A%2F%2Fm.rakuten.co.jp%2Fkioskgift%2Fi%2F10001761%2F&rafcid=wsc_i_is_b93111dd-e085-46a2-a75f-28c1ee5d2de6
PRD_1409,지창야키 6개입,支倉焼 6個入,후지야센슈(ふじや千舟),REG_030,PRC_02,1598,1958년에 탄생한 지창야키는 장인이 속을 채운 후 나무 틀로 모양을 잡아 구워내는 수제 과자입니다. 신선한 버터 향이 은은하게 풍기는 바삭한 식감의 빵과 호두를 사용한 백앙이 특징입니다. 이 제품은 전통 한과와 서양 과자의 경계를 넘나드는 독특함을 지니고 있습니다. 우아하고 부드러운 단맛을 통해 깊은 맛의 조화를 경험할 수 있습니다.,상온 보관 가능하지만 유통기한이 길지 않아 여행 후 바로 전달할 선물에 알맞다.,1,https://thumbnail.image.rakuten.co.jp/@0_mall/otoshuclub/cabinet/thum/2024-2/8600076-01.jpg?_ex=1024x1024,https://hb.afl.rakuten.co.jp/hgc/g00qph9n.16t5u210.g00qph9n.16t5v1ee/?pc=https%3A%2F%2Fitem.rakuten.co.jp%2Fotoshuclub%2F8600076%2F&m=http%3A%2F%2Fm.rakuten.co.jp%2Fotoshuclub%2Fi%2F10004194%2F&rafcid=wsc_i_is_b93111dd-e085-46a2-a75f-28c1ee5d2de6
PRD_1410,지창야키 18개입,支倉焼 18個入,후지야센슈(ふじや千舟),REG_030,PRC_05,4536,"지창야키는 쿠키반죽와 호두 풍미의 백앙을 사용하여 부드럽고 은은한 맛을 자랑하는 화양과자입니다. 창립 이래 변함없는 전통 제조 방식을 고수하며, 오직 지창야키 한 가지에만 집중해 온 제품입니다. 하나하나 장인이 수작업으로 정성껏 만들어낸 깊은 맛을 경험하실 수 있습니다.",여러 명에게 나눠야 하는 상황이면 6개입보다 이 구성이 효율적이다.,1,https://thumbnail.image.rakuten.co.jp/@0_mall/gift-con/cabinet/thum/2024-5/8600078-01.jpg?_ex=1024x1024,https://hb.afl.rakuten.co.jp/hgc/g00s39mn.16t5u05c.g00s39mn.16t5v7df/?pc=https%3A%2F%2Fitem.rakuten.co.jp%2Fgift-con%2F8600078%2F&m=http%3A%2F%2Fm.rakuten.co.jp%2Fgift-con%2Fi%2F10047488%2F&rafcid=wsc_i_is_b93111dd-e085-46a2-a75f-28c1ee5d2de6
PRD_1411,구중 10본입 유자·포도,九重 10本詰（ゆず6・ぶどう4）,구주혼포 다마자와(九重本舗玉澤),REG_030,PRC_03,2268,"1675년에 창업한 구주혼포 다마자와는 미야기현 센다이시에 위치한 전통 화과자 전문점입니다. 오랜 역사 속에서 계절과 지역의 전통을 담은 다양한 과자를 선보이고 있습니다. 이 제품은 브랜드의 상호명인 '코코노에'를 담은 고급 선물 세트로, 총 10개입으로 구성되어 있습니다. 유자와 포도가 적절히 배합된 맛으로, 한 봉지당 약 15그램씩 담겨 있어 간편하게 즐기기 좋습니다.",부피가 작고 고급스러워 차나 음료를 좋아하는 사람에게 색다른 선물이 된다.,1,https://dzwpvqehwr7zl.cloudfront.net/omios/products/generated/_review/PRD_1411/PRD_1411_packshot_v1.png,https://tamazawa.thebase.in/
PRD_1412,구중 쿠즈유 8개입,九重くず湯 8個入,구주혼포 다마자와(九重本舗玉澤),REG_030,PRC_03,2289,"구중 쿠즈유 8개입은 구주혼포 다마자와의 대표 명과 구중 유자를 사용한 오리지널 쿠즈유입니다. 뜨거운 물을 부어 저어 마시는 전통 디저트형 음료로, 유자의 은은한 향과 부드러운 단맛, 걸쭉한 식감이 특징입니다. 8개입 상자 포장이라 선물용으로도 쓰기 좋으며, 구중이라는 이름은 메이지 시대 헌상 일화와 만엽가에서 유래한 브랜드 스토리를 지닙니다.",겨울철이나 부모님 선물처럼 몸을 따뜻하게 하는 간식을 찾을 때 좋다.,1,https://dzwpvqehwr7zl.cloudfront.net/omios/products/generated/_review/PRD_1412/PRD_1412_packshot_v1.png,https://tamazawa.thebase.in/
PRD_1413,숲의 유베시 10개입,杜のゆべし 10個入,구주혼포 다마자와(九重本舗玉澤),REG_030,PRC_02,1728,"'모리노 유베시'는 엄선된 고급 찹쌀과 호두를 사용하여 만든 풍미 가득한 모찌 과자입니다. 가게의 전문 장인이 재료들을 정성껏 고르고 만들어낸 제품으로, 단순하면서도 좋은 소재만을 사용했습니다. 이 간식은 대대로 전해 내려오는 제조법에 연구와 개량을 거쳐 오늘날 독특하고 깊은 맛을 갖추게 되었습니다.",단맛만 강한 과자보다 고소하고 쫀득한 식감을 좋아하는 사람에게 잘 맞는다.,1,https://dzwpvqehwr7zl.cloudfront.net/omios/products/generated/_review/PRD_1413/PRD_1413_packshot_v1.png,https://tamazawa.jp/products/detail.php?CN=302936
PRD_1414,밤 보주 8개입,くり宝珠 8個入,구주혼포 다마자와(九重本舗玉澤),REG_030,PRC_02,1944,"밤 보주는 총 8개입으로 구성된 고급 과자입니다. 정갈하게 포장되어 있어 선물용으로도 손색이 없습니다. 맛과 모양 모두 아름다운 디저트로, 품격 있는 간식을 즐기기에 좋습니다.","밤 디저트를 좋아하는 사람에게 좋고, 계절감 있는 차 선물로도 어울린다.",1,https://dzwpvqehwr7zl.cloudfront.net/omios/products/generated/_review/PRD_1414/PRD_1414_packshot_v1.png,https://tamazawa.thebase.in/
PRD_1415,미니 흑설탕 만주 18개입,ミニ黒砂糖まんじゅう 18個入,다마자와소혼텐(玉澤総本店),REG_030,PRC_02,1410,미니 흑설탕 만주는 다마자와총본점이 흑설탕의 깊은 단맛을 살려 만든 작은 만주입니다. 오키나와 하테루마섬 흑설탕의 풍미를 담아 일반 만주보다 진하고 향긋한 단맛이 특징입니다. 제조 후 칠십이 시간 안에 먹을 때 촉촉한 반죽과 흑설탕 향을 가장 잘 느낄 수 있는 생과자형 상품입니다.,"작은 크기라 여러 명에게 나눠주기 좋고, 부드러운 단맛을 선호하는 사람에게 적합하다.",1,https://dzwpvqehwr7zl.cloudfront.net/omios/products/generated/_review/PRD_1415/PRD_1415_packshot_v1.png,https://tamazawa-shop.jp/view/category/ct1
PRD_1416,리큐 큰 우설 카레,利久 大きな牛たんカレー,리큐(利久),REG_030,PRC_02,1296,회사 정보는 주식회사 리큐에서 제공하고 있습니다. 제공 두과는 미야기현 이와누마시 카지하시 1번 5호에 주소를 두고 있습니다. 이용자님들은 리큐 이용자 상담실을 통해 문의하실 수 있습니다. 일반 연락처로는 0120-047910으로 전화 문의가 가능합니다.,냉동 제품보다 휴대가 쉬워 귀국 후 간단히 먹을 식사용 선물로 좋다.,0,https://thumbnail.image.rakuten.co.jp/@0_mall/nipponmarche/cabinet/08681772/4525874114005_01.jpg?_ex=1024x1024,https://hb.afl.rakuten.co.jp/hgc/g00te14n.16t5ud0b.g00te14n.16t5vabd/?pc=https%3A%2F%2Fitem.rakuten.co.jp%2Fnipponmarche%2F4525874114005%2F&m=http%3A%2F%2Fm.rakuten.co.jp%2Fnipponmarche%2Fi%2F10033775%2F&rafcid=wsc_i_is_b93111dd-e085-46a2-a75f-28c1ee5d2de6
PRD_1417,리큐 큰 우설 스튜,利久 大きな牛たんシチュー,리큐(利久),REG_030,PRC_02,1296,리큐의 인기 상품인 우설 스튜입니다. 특제 데미글라스 소스로 끓여낸 리큐의 자랑인 우설과 채소의 단맛이 조화되어 깊은 풍미를 즐길 수 있습니다. 이 메뉴는 우설 카레와 함께 제공되는 대표적인 제품입니다.,조리 부담이 적고 맛이 진해 술안주나 간편한 저녁 메뉴로 활용하기 좋다.,0,https://thumbnail.image.rakuten.co.jp/@0_mall/tsutsu-uraura/cabinet/11079236/4525874113992-6.jpg?_ex=1024x1024,https://hb.afl.rakuten.co.jp/hgc/g00r7kkn.16t5u9de.g00r7kkn.16t5v244/?pc=https%3A%2F%2Fitem.rakuten.co.jp%2Ftsutsu-uraura%2Frikyu-s300-6s%2F&m=http%3A%2F%2Fm.rakuten.co.jp%2Ftsutsu-uraura%2Fi%2F10027253%2F&rafcid=wsc_i_is_b93111dd-e085-46a2-a75f-28c1ee5d2de6
PRD_1418,리큐 어린이 우설 카레,利久 こども牛たんカレー,리큐(利久),REG_030,PRC_01,378,"리큐의 우설과 국내산 채소를 주재료로 만든 어린이용 카레입니다. 순하고 달콤한 맛이 특징이며, 아이들을 위해 만들어진 제품입니다. 특히 7대 알레르겐을 사용하지 않아 안심하고 먹일 수 있는 부드러운 우설 카레입니다.","아이 있는 가족에게 주기 좋고, 소포장이라 부담 없이 추가 구매하기 쉽다.",0,https://thumbnail.image.rakuten.co.jp/@0_mall/tsutsu-uraura/cabinet/11079236/4525874114111-5.jpg?_ex=1024x1024,https://hb.afl.rakuten.co.jp/hgc/53033622.7bbb75b6.53033623.c98a76f0/?pc=https%3A%2F%2Fitem.rakuten.co.jp%2Ftsutsu-uraura%2Frikyu-s180-5s%2F&m=https%3A%2F%2Fitem.rakuten.co.jp%2Ftsutsu-uraura%2Frikyu-s180-5s%2F
PRD_1419,리큐 우설 진공팩 소금맛 100g,利久 牛たん真空パック 100g 塩味,리큐(利久),REG_030,PRC_02,1836,리큐 우설 진공팩 소금맛은 센다이 우설 전문점 리큐의 두툼한 우설을 집에서 구워 먹기 좋게 포장한 상품입니다. 숙련된 장인이 우설의 두께와 상태를 보며 손으로 소금을 뿌려 숙성시키는 방식이 특징입니다. 냉동 진공팩 형태라 숯불구이집의 짭짤하고 탄력 있는 우설 맛을 간편하게 즐길 수 있습니다.,냉동 보관이 필요하므로 귀국 직전 구매하고 보냉 포장을 확인하는 편이 좋다.,0,https://thumbnail.image.rakuten.co.jp/@0_mall/rikyu-gyutan/cabinet/gl/item/re/tan-1ko-thum1.jpg?_ex=1024x1024,https://hb.afl.rakuten.co.jp/hgc/g00q94cn.16t5u011.g00q94cn.16t5vb49/?pc=https%3A%2F%2Fitem.rakuten.co.jp%2Frikyu-gyutan%2F1101407%2F&m=http%3A%2F%2Fm.rakuten.co.jp%2Frikyu-gyutan%2Fi%2F10000454%2F&rafcid=wsc_i_is_b93111dd-e085-46a2-a75f-28c1ee5d2de6
PRD_1420,리큐 우설 진공팩 미소맛 110g,利久 牛たん真空パック 110g みそ味,리큐(利久),REG_030,PRC_02,1836,리큐 우설 진공팩 미소맛은 센다이 우설 전문점 리큐의 된장 양념 우설 상품입니다. 두툼한 우설에 미소 양념을 더해 소금맛보다 구수하고 깊은 풍미를 냅니다. 냉동 진공팩으로 구성되어 팬에 굽기만 해도 우설 특유의 탄력 있는 식감과 진한 감칠맛을 즐길 수 있습니다.,소금맛보다 양념감이 강해 밥반찬이나 술안주로 먹기 좋다.,0,https://thumbnail.image.rakuten.co.jp/@0_gold/fujisakidepartment/images/goods/fd21071191_1.jpg?_ex=1024x1024,https://hb.afl.rakuten.co.jp/hgc/g00scnzn.16t5ud5c.g00scnzn.16t5ve4c/?pc=https%3A%2F%2Fitem.rakuten.co.jp%2Ffujisakidepartment%2Ffd21071191%2F&m=http%3A%2F%2Fm.rakuten.co.jp%2Ffujisakidepartment%2Fi%2F10087357%2F&rafcid=wsc_i_is_b93111dd-e085-46a2-a75f-28c1ee5d2de6
PRD_1421,이다테노 우설 스튜 180g,牛たんシチュー 180g,이다테노 규탄 혼포(伊達の牛たん本舗),REG_030,PRC_02,1000,"센다이의 전문점에서 선보이는 규탄 요리로, 두꺼운 우설을 비롯해 카레나 스튜 등 다양한 메뉴를 경험할 수 있습니다. 규탄을 사용하여 정성껏 조리된 제품들이며, 우골의 감칠맛과 콜라겐이 함유된 건강한 국물까지 즐길 수 있는 것이 특징입니다. 맛은 재료 본연의 깊은 감칠맛을 살린 담백한 소금 간이나 오리지널 된장으로 만든 향긋한 양념으로 구성되어 있습니다.",조리가 간단해 냉동 고기 선물이 부담스러울 때 대체품으로 고르기 좋다.,0,https://thumbnail.image.rakuten.co.jp/@0_mall/dategyu/cabinet/20230301kaitei/mu18/01.jpg?_ex=1024x1024,https://hb.afl.rakuten.co.jp/hgc/g00q7v9n.16t5u925.g00q7v9n.16t5v976/?pc=https%3A%2F%2Fitem.rakuten.co.jp%2Fdategyu%2Fmu-18%2F&m=http%3A%2F%2Fm.rakuten.co.jp%2Fdategyu%2Fi%2F10000142%2F&rafcid=wsc_i_is_b93111dd-e085-46a2-a75f-28c1ee5d2de6
PRD_1422,이다테노 우설 카레 200g,牛たんカレー 200g,이다테노 규탄 혼포(伊達の牛たん本舗),REG_030,PRC_02,1000,"이다테노 우설 카레 200그램은 센다이 우설 전문점이 만든 본격 카레 상품입니다. 우설 전문점의 노하우를 바탕으로 깊고 진한 카레 맛을 내는 레토르트형 식품입니다. 2024년 10월 리뉴얼된 상품으로, 센다이 명물 우설의 풍미를 간편한 카레 형태로 즐길 수 있습니다.",여행 후 바로 먹을 수 있는 실용적인 기념품이 필요할 때 적합하다.,0,https://thumbnail.image.rakuten.co.jp/@0_mall/dategyu/cabinet/20230301kaitei/mc20/01.jpg?_ex=1024x1024,https://hb.afl.rakuten.co.jp/hgc/g00q7v9n.16t5u925.g00q7v9n.16t5v976/?pc=https%3A%2F%2Fitem.rakuten.co.jp%2Fdategyu%2Fmc-20%2F&m=http%3A%2F%2Fm.rakuten.co.jp%2Fdategyu%2Fi%2F10000143%2F&rafcid=wsc_i_is_b93111dd-e085-46a2-a75f-28c1ee5d2de6
PRD_1423,아베의 사사카마보코 5매입 N-5P,阿部の笹かまぼこ 5枚入 N-5P,아베카마보코점(阿部蒲鉾店),REG_030,PRC_02,1170,아베의 사사카마보코는 미야기 센다이의 아베카마보코점이 만드는 대표 어묵 상품입니다. 대나무잎 모양으로 빚은 흰살생선 어묵이라 담백한 감칠맛과 탄력 있는 식감이 특징입니다. 다섯 장 구성으로 그대로 먹거나 살짝 데워 반찬과 안주로 즐기기 좋습니다.,"냉장 보관이 필요하지만, 과자보다 짭짤한 지역 식품을 찾는 사람에게 좋다.",0,https://thumbnail.image.rakuten.co.jp/@0_mall/fujisakidepartment/cabinet/item/fd23079355_01.jpg?_ex=1024x1024,https://hb.afl.rakuten.co.jp/hgc/g00scnzn.16t5ud5c.g00scnzn.16t5ve4c/?pc=https%3A%2F%2Fitem.rakuten.co.jp%2Ffujisakidepartment%2Ffd23079355%2F&m=http%3A%2F%2Fm.rakuten.co.jp%2Ffujisakidepartment%2Fi%2F10087326%2F&rafcid=wsc_i_is_b93111dd-e085-46a2-a75f-28c1ee5d2de6
PRD_1424,아베카마보코 사사카마보코 AY-3,阿部蒲鉾店 笹かまぼこ詰合せ AY-3,아베카마보코점(阿部蒲鉾店),REG_030,PRC_04,3790,"세 가지 맛을 골고루 담은 미니 사이즈의 사사카마보코입니다. 센다이 명물인 '사사카마보코'와 아베카마보코점에서 인기 있는 '치즈볼'을 함께 구성했습니다. 순백의 찐 카마보코 안에 진하고 부드러운 크림치즈를 채워 넣어 맛과 식감을 더했습니다. 그대로 먹어도 맛있지만, 가볍게 구우면 고소한 향이 더욱 풍부하게 퍼져 즐기실 수 있습니다.",어묵을 다양하게 맛볼 수 있어 가족 단위 선물로 고르기 좋다.,0,https://dzwpvqehwr7zl.cloudfront.net/omios/products/generated/_review/PRD_1424/PRD_1424_packshot_v1.png,https://shopping.jreast.co.jp/products/detail/s013/s013-23s029
PRD_1425,가네자키 가네사사 특선 세트 KK-08,かねささ特選詰合せ KK-08,가네자키(鐘崎),REG_030,PRC_04,3500,"어류의 맛과 깔끔한 뒷맛이 매력적인 가네자키의 대표 사사카마보코를 담은 특선 세트입니다. 밀가루 대신 어육을 사용하여 만든 건강한 오코노미야키 스타일로, 사사카마보코의 감칠맛과 옥수수의 단맛을 탱글탱글한 식감으로 즐길 수 있습니다. 또한, 고품질 어육에 풍부하고 깊은 맛의 치즈를 섞어 더욱 진한 풍미를 더했으며, 황금 비율로 옥수수를 입힌 바삭한 감보코도 구성되어 있습니다. 이 외에도 가정에서 간편하게 본연의 '규탄야키' 맛을 즐길 수 있는 메뉴와 다테마사무네와 관련된 고엔소 된장을 숨겨 넣은 특별한 아게카마보코 등 다양한 별미를 경험할 수 있습니다.",우설보다 가볍지만 센다이 지역성이 강한 식품 선물을 찾을 때 적합하다.,0,https://dzwpvqehwr7zl.cloudfront.net/omios/products/generated/_review/PRD_1425/PRD_1425_packshot_v1.png,https://shop.kanezaki.co.jp/
PRD_1426,가네자키 겨울의 가네사사 세트,冬のかねささ詰合せ,가네자키(鐘崎),REG_030,PRC_04,3980,"가네자키 겨울의 가네사사 세트는 센다이 명물 사사카마보코를 중심으로 구성한 어묵 선물세트입니다. 대나무잎 모양의 어묵은 부드럽고 순한 생선 풍미가 특징이며, 겨울 한정 구성은 계절감을 더합니다. 담백한 맛이라 반찬이나 술안주로도 잘 어울리는 미야기 수산 가공품입니다.",계절감 있는 센다이 식품 선물을 고르고 싶을 때 일반 세트보다 인상이 남는다.,1,https://thumbnail.image.rakuten.co.jp/@0_mall/kanezaki/cabinet/kisetsunokanesasa/seri/99578_tmb2025.jpg?_ex=1024x1024,https://hb.afl.rakuten.co.jp/hgc/53033622.7bbb75b6.53033623.c98a76f0/?pc=https%3A%2F%2Fitem.rakuten.co.jp%2Fkanezaki%2F99589%2F&m=https%3A%2F%2Fitem.rakuten.co.jp%2Fkanezaki%2F99589%2F
PRD_1427,센다이후 토산 팩,仙台麩 土産パック,야마가타야상점(山形屋商店),REG_030,PRC_03,2280,센다이후는 밀가루와 글루텐을 반죽하여 만든 부입니다. 이 반죽을 대두유에 튀겨서 만듭니다. 바삭하게 튀긴 것이 특징인 센다이후를 선물용으로 구성했습니다.,과자가 아닌 요리 재료라 요리를 좋아하는 사람에게 실용적인 선물이 된다.,0,https://dzwpvqehwr7zl.cloudfront.net/omios/products/generated/_review/PRD_1427/PRD_1427_packshot_v1.png,https://ec.miyagibussan.or.jp/products/%E4%BB%99%E5%8F%B0%E9%BA%A9-%E5%9C%9F%E7%94%A3%E3%83%91%E3%83%83%E3%82%AF
PRD_1428,센다이 마코롱 45g 5봉입,仙臺まころん 45g×5袋入,이토식품공업소(伊藤食品工業所),REG_030,PRC_02,1307,"센다이 마코롱은 쇼와 초기부터 전해져 내려온 독자적인 방식으로 만들어진 센다이의 명과입니다. 분말로 만든 땅콩에 미야기현 시로이시 자오의 닭 계란과 설탕을 넣어 반죽한 후 구워낸 과자입니다. 이 재료들을 독특하게 조합하여 바삭하고 고소한 맛이 특징이며, 보기에도 고급스러운 45그램 세트와 여러 사람과 나누기 좋은 4개입 미니 포장 등 다양한 구성으로 즐길 수 있습니다.",가볍고 가격이 부담스럽지 않아 친구나 동료에게 나눠주기 좋다.,1,https://dzwpvqehwr7zl.cloudfront.net/omios/products/generated/_review/PRD_1428/PRD_1428_packshot_v1.png,https://shunsentanbou.pref.miyagi.jp/buy/detail_325.html
PRD_1429,센다이 마코롱 미니 15봉입,仙臺まころん 4粒入ミニ×15袋入,이토식품공업소(伊藤食品工業所),REG_030,PRC_02,1307,"센다이 마코롱은 미야기현의 명물 과자로, 쇼와 초기부터 전해 내려온 독자적인 제조법으로 만들어졌습니다. 분말화한 땅콩가루에 미야기현 시로이시 자오 지역의 타케니 닭 달걀과 설탕을 넣어 반죽합니다. 이 재료들을 사용하여 바삭하고 고소하게 구워낸 것이 특징입니다. 오랜 전통을 담아 만든 센다이 마코롱은 깊고 풍부한 맛과 향을 자랑하는 간식입니다.",한 사람당 한 봉씩 나눠주기 쉬워 동아리나 사무실용 선물로 편하다.,1,https://dzwpvqehwr7zl.cloudfront.net/omios/products/generated/_review/PRD_1429/PRD_1429_packshot_v1.png,https://shunsentanbou.pref.miyagi.jp/buy/detail_325.html
PRD_1430,코케시 캔 가마다 다카시 산파치형 야지로계,こけし缶 鎌田孝志 三八型 弥治郎系,코케시노 시마누키(こけしのしまぬき),REG_030,PRC_03,2640,"이 코케시 캔은 미야기 지방의 전통 공예품으로, 야지로 계통의 특징을 담고 있습니다. 이 작품은 가마다 다카시 장인이 제작했으며, 특히 할아버지인 카마다 분이치 명장이 쇼와 13년 38세 때 남긴 전설적인 '산파치형' 디자인을 사용했습니다. 전통 공예 기법을 그대로 살린 수공예품이며, 크기는 지름 8센티미터에 높이 6센티미터입니다. 이 제품은 쇼와 28년생인 가마다 다카시 장인의 작품으로, 깊은 역사를 담고 있습니다.",식품이 아닌 오래 남는 기념품을 찾을 때 작고 보관하기 쉬운 선택지다.,1,https://dzwpvqehwr7zl.cloudfront.net/omios/products/generated/_review/PRD_1430/PRD_1430_packshot_v1.png,https://shimanuki-shop.com/?pid=99415297
PRD_1431,마쓰카와 다루마 4촌 구슬입,松川だるま 4寸 玉入り,코케시노 시마누키(こけしのしまぬき),REG_030,PRC_03,2200,"오래전부터 센다이의 서민들에게 사랑받아 온 전통적인 마쓰카와 다루마입니다. 이번 제품은 4촌 크기에 구슬이 함께 담겨 있습니다. 오랜 역사를 지닌 만큼, 그 깊은 이야기를 간직한 특별한 상품을 만나보세요.",깨지지 않게 포장만 신경 쓰면 합격·개업 등 응원 의미의 선물로 좋다.,1,https://thumbnail.image.rakuten.co.jp/@0_mall/omame/cabinet/item14/matukawadaruma02.jpg?_ex=1024x1024,https://hb.afl.rakuten.co.jp/hgc/g00rfkfn.16t5ud9d.g00rfkfn.16t5vcec/?pc=https%3A%2F%2Fitem.rakuten.co.jp%2Fomame%2Fmatukawadaruma02%2F&m=http%3A%2F%2Fm.rakuten.co.jp%2Fomame%2Fi%2F10002686%2F&rafcid=wsc_i_is_b93111dd-e085-46a2-a75f-28c1ee5d2de6
PRD_1432,센다이 하리코 쥐 가면 소,仙台張子 子面（小）,코케시노 시마누키(こけしのしまぬき),REG_030,PRC_01,880,오랜 시간 동안 많은 사람들에게 사랑받아 온 전통적인 면 요리입니다. 바로 센다이 하리코가 대표하는 깊은 맛을 경험할 수 있습니다. 오랜 역사를 지닌 이 메뉴를 통해 특별하고 풍요로운 식도락 시간을 즐겨보세요.,가격이 낮고 가벼워 공예품을 처음 사는 여행객도 부담 없이 고를 수 있다.,1,https://dzwpvqehwr7zl.cloudfront.net/omios/products/generated/_review/PRD_1432/PRD_1432_packshot_v1.png,https://shimanuki-shop.com/?pid=163645212
PRD_1433,다마무시누리 책갈피,しおり 玉虫塗,코케시노 시마누키(こけしのしまぬき),REG_030,PRC_01,990,"이 책갈피는 '다마무시누리'라는 독특한 기법으로 제작되었습니다. 이 기술은 센다이에서 유래했으며, 바탕 재료 위에 은가루를 뿌린 후 옻칠을 입히는 공정을 거칩니다. 다른 곳에서는 찾아보기 힘든 특별한 방식으로 만들어진 예술적인 책갈피입니다.",가볍고 납작해 캐리어 공간을 거의 차지하지 않는 실용 공예품이다.,1,https://thumbnail.image.rakuten.co.jp/@0_mall/unryudo/cabinet/07779130/07781205/imgrc0076529063.jpg?_ex=1024x1024,https://hb.afl.rakuten.co.jp/hgc/g00ssxjn.16t5u60d.g00ssxjn.16t5ve9b/?pc=https%3A%2F%2Fitem.rakuten.co.jp%2Funryudo%2F10000066%2F&m=http%3A%2F%2Fm.rakuten.co.jp%2Funryudo%2Fi%2F10000066%2F&rafcid=wsc_i_is_b93111dd-e085-46a2-a75f-28c1ee5d2de6
PRD_1434,다마무시누리 손거울 소,手鏡（小）玉虫塗,코케시노 시마누키(こけしのしまぬき),REG_030,PRC_02,1980,"이 제품은 '다마무시누리' 기법이 적용된 작은 손거울입니다. 다마무시누리는 센다이에서 탄생한 독특한 칠기 기술로, 그 제작 과정 자체가 특별합니다. 이 기법은 일반적이지 않은 방식으로 만들어지는데, 먼저 바탕 위에 은가루를 뿌린 후 그 위에 옻칠을 입히는 과정을 거칩니다. 이러한 공정을 통해 아름다운 다마무시누리 손거울을 만나보실 수 있습니다.",화려하지만 실용적이라 잡화 선물을 선호하는 사람에게 알맞다.,1,https://thumbnail.image.rakuten.co.jp/@0_mall/nakayamadou/cabinet/10970125/10970134/10970730/1903211.jpg?_ex=1024x1024,https://hb.afl.rakuten.co.jp/hgc/g00qyl8n.16t5u786.g00qyl8n.16t5v5a9/?pc=https%3A%2F%2Fitem.rakuten.co.jp%2Fnakayamadou%2F1903211%2F&m=http%3A%2F%2Fm.rakuten.co.jp%2Fnakayamadou%2Fi%2F10012948%2F&rafcid=wsc_i_is_b93111dd-e085-46a2-a75f-28c1ee5d2de6
PRD_1435,센다이 마키에 라프라스 스탠드미러 다마무시누리,仙台蒔絵 ラプラス スタンドミラー（玉虫塗）,코케시노 시마누키(こけしのしまぬき),REG_030,PRC_02,1760,"이 제품들은 라프라스를 모티브로 한 다양한 생활 소품들입니다. 센다이 마키에 기법을 활용하여 제작되었으며, 특히 자개처럼 빛나는 '타마무시누리'나 깊은 색감의 '인디고 타마무시누리'가 특징입니다. 스탠드 거울과 손거울 같은 전신 소품부터 시작해, 작은 물건을 보관하는 소품함, 엽서꽂이, 그리고 마우스패드까지 여러 종류로 제작되었습니다. 각 제품은 센다이의 전통 공예 기술과 라프라스 캐릭터가 결합된 독특한 디자인을 자랑합니다.",캐릭터와 지역 공예가 함께 들어가 있어 젊은 층에게 이야기거리가 된다.,1,https://dzwpvqehwr7zl.cloudfront.net/omios/products/generated/_review/PRD_1435/PRD_1435_packshot_v1.png,https://shimanuki-shop.com/?cbid=2601443&csid=0&mode=cate
PRD_1436,기바나 5개입,き花 5枚入,쓰보야총본점(壺屋総本店),REG_031,PRC_02,1200,"고소한 아몬드 갈레트 사이에 부드러운 화이트 초콜릿을 샌드하여 만든 쿠키입니다. 입에서 사르르 녹는 듯한 식감의 화이트 초콜릿과 향긋한 아몬드가 조화를 이룹니다. 기바나 푸티모 디오라마는 다양한 테마로 출시되며, 선물하기 좋은 상자 형태로 제공됩니다.",상자 포장이 단정해 가족이나 직장 선물용으로 고르기 쉽다.,1,https://thumbnail.image.rakuten.co.jp/@0_mall/kitanomori/cabinet/00099507/2025kibana50302.jpg?_ex=1024x1024,https://hb.afl.rakuten.co.jp/hgc/g00pyuan.16t5uae2.g00pyuan.16t5ve88/?pc=https%3A%2F%2Fitem.rakuten.co.jp%2Fkitanomori%2F4071k3-01014%2F&m=http%3A%2F%2Fm.rakuten.co.jp%2Fkitanomori%2Fi%2F10007297%2F&rafcid=wsc_i_is_b93111dd-e085-46a2-a75f-28c1ee5d2de6
PRD_1437,기바나 푸티모 화이트 8개입,き花プティモ ホワイト 8枚入,쓰보야총본점(壺屋総本店),REG_031,PRC_02,1000,아몬드의 고소한 갈레트 사이에 부드러운 화이트 초콜릿을 채워 넣었습니다. 본 제품은 기바나 푸티모 화이트 맛으로 총 8개입 구성입니다. 계절 테마를 담은 '홋카이도 디오라마' 버전도 즐길 수 있습니다. '유키 미쿠 2026'와 협업한 특별한 디오라마 제품도 출시되었습니다.,작은 크기와 개별 포장 구성이라 여러 명에게 나눠주기 좋다.,1,https://thumbnail.image.rakuten.co.jp/@0_mall/tidoriya/cabinet/kibana/petimo/kibana-w1.jpg?_ex=1024x1024,https://hb.afl.rakuten.co.jp/hgc/g00tcr3n.16t5u1c6.g00tcr3n.16t5v452/?pc=https%3A%2F%2Fitem.rakuten.co.jp%2Ftidoriya%2F4535272000886%2F&m=http%3A%2F%2Fm.rakuten.co.jp%2Ftidoriya%2Fi%2F10000139%2F&rafcid=wsc_i_is_b93111dd-e085-46a2-a75f-28c1ee5d2de6
PRD_1438,기바나 푸티모 어소트 16개입,き花プティモアソート16枚入,쓰보야총본점(壺屋総本店),REG_031,PRC_03,2000,"기바나 푸티모 어소트는 향긋한 아몬드 가레트를 베이스로 합니다. 이 제품은 세 가지 맛의 필링을 샌드하여 구성되었습니다. 부드럽게 녹는 화이트 초콜릿, 깊고 진한 비터 초콜릿, 그리고 건조 딸기를 넣어 만든 스트로베리 초콜릿이 조화롭게 어우러져 풍부한 맛을 선사합니다.",맛이 섞여 있어 가족끼리 취향별로 나눠 먹기 편하다.,1,https://thumbnail.image.rakuten.co.jp/@0_mall/hokkaido-omiyage/cabinet/meika2/tsuboya020-pac01.jpg?_ex=1024x1024,https://hb.afl.rakuten.co.jp/hgc/g00pm4tn.16t5uf55.g00pm4tn.16t5vab0/?pc=https%3A%2F%2Fitem.rakuten.co.jp%2Fhokkaido-omiyage%2Ftsuboya020%2F&m=http%3A%2F%2Fm.rakuten.co.jp%2Fhokkaido-omiyage%2Fi%2F10007775%2F&rafcid=wsc_i_is_b93111dd-e085-46a2-a75f-28c1ee5d2de6
PRD_1439,잡목림 부세 5개입,雑木林(ぞうきばやし) 5個入,쓰보야총본점(壺屋総本店),REG_031,PRC_02,1200,"잡목림은 계절의 변화에 맞춰 다양한 맛을 즐길 수 있도록 테마별로 구성되었습니다. 봄에는 국내산 아즈키 카노코와 달콤한 후쿠오카 야메차를 사용한 버터크림이, 겨울에는 염도가 매력적인 치즈가 들어간 크림이 구성되어 있습니다. 이 외에도 여름의 솔트 바닐라, 가을의 레이즌 등 계절별 맛과 더불어, 스트로베리와 아로니아 베리를 섞은 버터크림 등 다채로운 조합으로 즐기실 수 있습니다.",계절 크림 구성이 바뀔 수 있어 방문 시기의 재미가 있는 선물이다.,1,https://dzwpvqehwr7zl.cloudfront.net/omios/products/generated/_review/PRD_1439/PRD_1439_packshot_v1.png,https://tsuboya.net/products/zoukibayashi
PRD_1440,구라나마 밀크 생초코 4개입,蔵生4枚入［ミルク生チョコ］,더 선 구로도(ザ・さんくろうど),REG_031,PRC_01,605,"구라나마 밀크 생초코는 홋카이도 아사히카와의 더 선 구로도가 만드는 촉촉한 사브레 과자입니다. 홋카이도산 밀가루와 비트 설탕을 사용하고, 부드러운 생초콜릿을 감싸 진한 초콜릿 풍미를 냅니다. 네 장 구성이라 대표 맛을 가볍게 맛볼 수 있는 상품입니다.",가격 부담이 낮아 맛보기용으로 사거나 친구 선물에 곁들이기 좋다.,1,https://dzwpvqehwr7zl.cloudfront.net/omios/products/generated/_review/PRD_1440/PRD_1440_packshot_v1.png,https://www.robakashitsukasa.co.jp/products/detail/110
PRD_1441,구라나마 화이트 생초코 4개입,蔵生4枚入［ホワイト生チョコ］,더 선 구로도(ザ・さんくろうど),REG_031,PRC_01,605,구라나마 화이트 생초코는 촉촉한 사브레 안에 부드러운 화이트 초콜릿 풍미를 더한 과자입니다. 홋카이도산 밀가루와 비트 설탕을 사용해 자연스러운 단맛과 부드러운 식감을 살렸습니다. 네 장 구성으로 더 선 구로도의 대표 시리즈를 맛보기 좋은 제품입니다.,달콤하고 부드러운 과자를 좋아하는 사람에게 무난하다.,1,https://dzwpvqehwr7zl.cloudfront.net/omios/products/generated/_review/PRD_1441/PRD_1441_packshot_v1.png,https://www.robakashitsukasa.co.jp/products/detail/143
PRD_1442,구라나마 아몬드 4개입,蔵生4枚入［アーモンド］,더 선 구로도(ザ・さんくろうど),REG_031,PRC_01,605,구라나마 아몬드는 더 선 구로도의 촉촉한 생초코 사브레에 아몬드 풍미를 더한 상품입니다. 부드러운 반죽 안에 고소한 견과 향이 들어가 초콜릿 맛과 균형을 이룹니다. 네 장 구성이라 차와 함께 먹기 좋은 홋카이도 구움과자입니다.,커피와 함께 먹기 좋아 가벼운 티타임 선물로 어울린다.,1,https://dzwpvqehwr7zl.cloudfront.net/omios/products/generated/_review/PRD_1442/PRD_1442_packshot_v1.png,https://www.robakashitsukasa.co.jp/products/detail/144
PRD_1443,구라나마 치즈 4개입,蔵生4枚入［チーズ］,더 선 구로도(ザ・さんくろうど),REG_031,PRC_01,669,구라나마 치즈는 촉촉한 사브레 식감에 치즈의 고소하고 부드러운 풍미를 더한 과자입니다. 더 선 구로도 특유의 촉촉한 질감과 홋카이도 재료 이미지가 살아 있습니다. 네 장 구성이라 달콤한 과자보다 유제품 풍미를 좋아하는 사람에게 어울립니다.,단맛만 있는 과자보다 고소한 맛을 선호하는 사람에게 좋다.,1,https://dzwpvqehwr7zl.cloudfront.net/omios/products/generated/_review/PRD_1443/PRD_1443_packshot_v1.png,https://www.robakashitsukasa.co.jp/products/detail/193
PRD_1444,구라마루 6개입,蔵〇（くらまる）6個入,더 선 구로도(ザ・さんくろうど),REG_031,PRC_01,842,구라마루는 촉촉한 얇은 피 안에 우유 풍미 앙금을 넣은 생밀크 만주입니다. 한입 크기의 둥근 모양과 부드럽게 녹는 식감이 특징입니다. 여섯 개입 구성으로 어린이부터 어른까지 부담 없이 먹기 좋은 더 선 구로도 과자입니다.,어린이부터 어른까지 먹기 쉬운 부드러운 식감이라 가족 선물에 좋다.,1,https://thumbnail.image.rakuten.co.jp/@0_mall/watashi-hokkaido/cabinet/11869082/imgrc0095970334.jpg?_ex=1024x1024,https://hb.afl.rakuten.co.jp/hgc/g00u4fpn.16t5uc7e.g00u4fpn.16t5vd34/?pc=https%3A%2F%2Fitem.rakuten.co.jp%2Fwatashi-hokkaido%2Frb0301-007%2F&m=http%3A%2F%2Fm.rakuten.co.jp%2Fwatashi-hokkaido%2Fi%2F10000580%2F&rafcid=wsc_i_is_b93111dd-e085-46a2-a75f-28c1ee5d2de6
PRD_1445,이시구라 치즈케이크,石蔵のチーズケーキ,더 선 구로도(ザ・さんくろうど),REG_031,PRC_01,940,"이시구라 치즈케이크는 홋카이도산 밀가루, 우유, 달걀, 감자 등 지역 재료의 맛을 부드럽게 살린 치즈케이크입니다. 진한 치즈맛보다 친숙하고 마일드한 식감을 강조한 타입입니다. 아사히카와 과자점의 온화한 분위기를 담은 선물용 디저트입니다.",상온 과자와 다른 촉촉한 케이크류를 찾는 여행객에게 알맞다.,1,https://dzwpvqehwr7zl.cloudfront.net/omios/products/generated/_review/PRD_1445/PRD_1445_packshot_v1.png,https://www.robakashitsukasa.co.jp/products/detail/132
PRD_1446,호조구라 6개입,豊穣蔵6個入,더 선 구로도(ザ・さんくろうど),REG_031,PRC_02,1270,호조구라는 큼직한 도라야키 스타일로 만든 더 선 구로도의 화과자입니다. 부드럽게 구운 반죽 사이에 특선 팥 앙금과 흰강낭콩 앙금의 맛을 담았습니다. 여섯 개입 구성이라 포만감 있는 홋카이도 선물 과자로 어울립니다.,차와 잘 어울려 부모님이나 어른 선물로 고르기 좋다.,1,https://dzwpvqehwr7zl.cloudfront.net/omios/products/generated/_review/PRD_1446/PRD_1446_packshot_v1.png,https://www.robakashitsukasa.co.jp/products/detail/141
PRD_1447,사과의 창고 6개입,林檎の蔵6個入,더 선 구로도(ザ・さんくろうど),REG_031,PRC_02,1170,"사과의 창고는 홋카이도산 밀가루와 국산 사과, 감자, 우유, 비트 설탕을 사용한 구움과자입니다. 사과의 은은한 향과 부드러운 단맛이 중심인 편안한 맛이 특징입니다. 여섯 개입 구성으로 더 선 구로도의 지역 재료 이미지를 담은 과자입니다.",과일 향이 있어 무거운 디저트보다 산뜻한 선물을 원할 때 좋다.,1,https://dzwpvqehwr7zl.cloudfront.net/omios/products/generated/_review/PRD_1447/PRD_1447_packshot_v1.png,https://www.robakashitsukasa.co.jp/products/detail/104
PRD_1448,아사히콩 300g,旭豆 300g,교세이제과(共成製菓),REG_031,PRC_01,594,아사히콩은 홋카이도 아사히카와의 전통 콩과자입니다. 볶은 대두에 설탕을 입혀 바삭하고 고소한 맛을 내며 오래 보관하기 좋습니다. 단순한 재료로 만든 소박한 단맛이 지역의 오래된 과자 문화를 보여줍니다.,가볍고 오래 보관하기 쉬워 이동 중 간식이나 실속 선물에 적합하다.,1,https://thumbnail.image.rakuten.co.jp/@0_mall/kitanomori/cabinet/00099507/sinasahimame1.jpg?_ex=1024x1024,https://hb.afl.rakuten.co.jp/hgc/g00pyuan.16t5uae2.g00pyuan.16t5ve88/?pc=https%3A%2F%2Fitem.rakuten.co.jp%2Fkitanomori%2F5859-01014%2F&m=http%3A%2F%2Fm.rakuten.co.jp%2Fkitanomori%2Fi%2F10009879%2F&rafcid=wsc_i_is_b93111dd-e085-46a2-a75f-28c1ee5d2de6
PRD_1449,아사히콩 11호 상자,旭豆11号箱,아사히콩총본포(旭豆総本舗),REG_031,PRC_02,1188,"아사히콩 11호 상자는 아사히콩총본포에서 선보이는 표준 사이즈의 제품입니다. 가장 인기가 많은 스테디셀러로, 선물용이나 기념품으로도 큰 사랑을 받고 있습니다. 누구나 좋아할 만한 맛과 크기로, 소중한 사람에게 전하는 답례품이나 선물로 안성맞춤입니다.",레트로한 포장과 전통성이 있어 어른 세대에게 설명하기 좋은 선물이다.,1,https://dzwpvqehwr7zl.cloudfront.net/omios/products/generated/_review/PRD_1449/PRD_1449_packshot_v1.png,https://asahimame.com/?pid=157300688
PRD_1450,빙점하 41도 24개입,氷点下41℃ 24個入,다카하시제과(高橋製菓),REG_031,PRC_03,2808,"빙점하 41도 24개입은 다카하시제과가 홋카이도의 추위를 모티브로 만든 구움과자입니다. 바삭한 비스킷 사이에 화이트 초콜릿 계열 크림을 넣어, 가벼운 식감과 부드러운 단맛을 함께 즐길 수 있습니다. 홋카이도산 버터와 아몬드의 고소함이 더해진 과자라, 추운 지역 이미지를 담은 홋카이도 선물 과자로 알맞습니다.",이름 자체가 아사히카와 여행 이야기와 연결돼 기념품성이 강하다.,1,https://thumbnail.image.rakuten.co.jp/@0_mall/hokkaido-omiyage/cabinet/meika3/hyoutenka_sku01.jpg?_ex=1024x1024,https://hb.afl.rakuten.co.jp/hgc/g00pm4tn.16t5uf55.g00pm4tn.16t5vab0/?pc=https%3A%2F%2Fitem.rakuten.co.jp%2Fhokkaido-omiyage%2F405226%2F&m=http%3A%2F%2Fm.rakuten.co.jp%2Fhokkaido-omiyage%2Fi%2F10002272%2F&rafcid=wsc_i_is_b93111dd-e085-46a2-a75f-28c1ee5d2de6
PRD_1451,순미 생저장주 고쿠시무소 300ml,純米生貯蔵酒 国士無双 300ml,다카사고주조(高砂酒造),REG_031,PRC_01,495,"다카사고주조에서 선보이는 '순미 생저장주 고쿠시무소'입니다. 이 술은 쌀로만 만든 순미한 맛이 특징이며, 신선함을 유지하기 위해 생으로 저장하여 숙성시킨 제품입니다. 깊고 깨끗한 풍미가 느껴지는 것이 매력적이며, 300밀리리터 용량으로 제공됩니다.",작은 병이라 주류 선물 중에서도 휴대 부담이 비교적 적다.,1,https://thumbnail.image.rakuten.co.jp/@0_mall/watashoweb/cabinet/shohin/07214987/56749-01.jpg?_ex=1024x1024,https://hb.afl.rakuten.co.jp/hgc/g00tjikn.16t5ue8e.g00tjikn.16t5va23/?pc=https%3A%2F%2Fitem.rakuten.co.jp%2Fwatashoweb%2F0006-56749%2F&m=http%3A%2F%2Fm.rakuten.co.jp%2Fwatashoweb%2Fi%2F10001023%2F&rafcid=wsc_i_is_b93111dd-e085-46a2-a75f-28c1ee5d2de6
PRD_1452,순미긴조 다이세쓰 설중저장 720ml,純米吟醸酒 大雪 雪中貯蔵 720ml,다카사고주조(高砂酒造),REG_031,PRC_03,2420,"순미긴조주 다이세쓰 설중저장은 특별한 숙성 과정을 거친 술입니다. 눈이 깊어지는 겨울 동안, 아름다운 비에이 마을의 언덕에서 막 짜낸 신선한 술을 그대로 탱크째 눈 속에 저장했습니다. 이처럼 '설중저장주'는 눈 녹는 봄까지 오랜 시간 동안 정성스럽게 숙성되었습니다.",술을 좋아하는 사람에게 지역성과 계절감이 분명한 선물로 좋다.,1,https://thumbnail.image.rakuten.co.jp/@0_mall/moriwaki/cabinet/25254/1/kk1s4969715012639-1.jpg?_ex=1024x1024,https://hb.afl.rakuten.co.jp/hgc/g00rzr1n.16t5u985.g00rzr1n.16t5va8d/?pc=https%3A%2F%2Fitem.rakuten.co.jp%2Fmoriwaki%2Fkk1s4969715012639%2F&m=http%3A%2F%2Fm.rakuten.co.jp%2Fmoriwaki%2Fi%2F10003900%2F&rafcid=wsc_i_is_b93111dd-e085-46a2-a75f-28c1ee5d2de6
PRD_1453,순미긴조 다이세쓰 300ml,清酒 大雪 純米吟醸 300ml,다카사고주조(高砂酒造),REG_031,PRC_01,628,"이 술은 순수하고 깊은 풍미를 자랑하는 홋카이도산 긴조 사케입니다. 지역에서 생산된 '긴푸'라는 쌀을 사용하여 만들었으며, 이 쌀을 45%까지 정제하여 섬세하게 빚어냈습니다. 공들여 빚어낸 순수 홋카이도의 맛과 향을 느낄 수 있는 술입니다.",300ml 병이라 숙소에서 가볍게 맛보거나 소형 선물로 사기 좋다.,1,https://thumbnail.image.rakuten.co.jp/@0_mall/hokkaidogb/cabinet/item_img0003/g6507a.jpg?_ex=1024x1024,https://hb.afl.rakuten.co.jp/hgc/53033622.7bbb75b6.53033623.c98a76f0/?pc=https%3A%2F%2Fitem.rakuten.co.jp%2Fhokkaidogb%2F6507%2F&m=https%3A%2F%2Fitem.rakuten.co.jp%2Fhokkaidogb%2F6507%2F
PRD_1454,시마에나가 양손 크기 인형,シマエナガぬいぐるみ両手のりサイズ,토미야 향토민예(トミヤ郷土民芸),REG_031,PRC_02,1540,"토미야 향토민예에서 선보이는 시마에나가 인형입니다. 양손 크기로 제작된 이 인형은 동그란 눈과 통통한 몸매가 특징이며, 전반적으로 부드러운 봉제 인형 같은 느낌을 줍니다. 상품에는 색상으로 인쇄된 종이 태그가 함께 제공됩니다.",식품이 아닌 귀여운 기념품을 찾는 사람에게 가볍게 추천하기 좋다.,0,https://dzwpvqehwr7zl.cloudfront.net/omios/products/generated/_review/PRD_1454/PRD_1454_packshot_v1.png,https://www.tomiya-s.com/eshopdo/refer/vid7-542-1-1.html
PRD_1455,아사히야마 다이브 시로쿠마 S,旭山ダイブシロクマＳ,토미야 향토민예(トミヤ郷土民芸),REG_031,PRC_02,1650,"아사히야마 다이브 시로쿠마는 아사히야마동물원 북극곰의 다이빙 장면을 모티브로 한 봉제 인형이다. 북극곰이 수영장으로 뛰어드는 모습이 유명해 이 상품에도 다이브 시로쿠마라는 이름이 붙었다. 작은 크기는 폭 약 이십일 센티미터, 높이 약 십 센티미터로 소개되며, 동물원 종이 태그가 붙은 아사히카와 기념 굿즈다.",동물원 방문 기념으로 아이나 캐릭터 굿즈 취향의 친구에게 잘 맞는다.,1,https://dzwpvqehwr7zl.cloudfront.net/omios/products/generated/_review/PRD_1455/PRD_1455_packshot_v1.png,https://www.tomiya-s.com/eshopdo/refer/vid7-267-1-1.html
PRD_1456,기바나 8개입,き花 8枚入,쓰보야총본점(壺屋総本店),REG_031,PRC_02,1900,"아몬드의 향긋한 갈레트를 사용하여 부드러운 화이트 초콜릿을 속으로 채워 넣은 쿠키입니다. 입에서 사르르 녹는 듯한 식감이 특징이며, 다양한 테마의 디오라마 형태로 제작되어 특별함을 더합니다. 홋카이도나 특정 콜라보레이션 등 여러 콘셉트가 있어 취향에 맞는 제품을 선택할 수 있습니다.",기본 기바나를 적당한 수량으로 담아 가족 선물이나 맛보기용으로 알맞다.,1,https://thumbnail.image.rakuten.co.jp/@0_mall/hokkaido-omiyage/cabinet/meika2/tsuboya017-pac01.jpg?_ex=1024x1024,https://hb.afl.rakuten.co.jp/hgc/g00pm4tn.16t5uf55.g00pm4tn.16t5vab0/?pc=https%3A%2F%2Fitem.rakuten.co.jp%2Fhokkaido-omiyage%2Ftsuboya011%2F&m=http%3A%2F%2Fm.rakuten.co.jp%2Fhokkaido-omiyage%2Fi%2F10005249%2F&rafcid=wsc_i_is_b93111dd-e085-46a2-a75f-28c1ee5d2de6
PRD_1457,기바나 12개입,き花 12枚入,쓰보야총본점(壺屋総本店),REG_031,PRC_03,2850,"기바나는 쓰보야총본점의 대표 과자로, 고소한 아몬드 가레트 사이에 부드러운 화이트 초콜릿을 샌드한 상품입니다. 겉은 바삭하고 속은 달콤하게 녹아 아몬드의 고소함과 초콜릿의 우유 풍미가 함께 느껴집니다. 열두 개입 구성은 아사히카와 여행 선물로 나누기 좋은 크기입니다.",개수가 넉넉해 사무실이나 모임에서 나눠 먹기 좋다.,1,https://thumbnail.image.rakuten.co.jp/@0_mall/kitanomori/cabinet/00099507/2022howaito2.jpg?_ex=1024x1024,https://hb.afl.rakuten.co.jp/hgc/g00pyuan.16t5uae2.g00pyuan.16t5ve88/?pc=https%3A%2F%2Fitem.rakuten.co.jp%2Fkitanomori%2F3764k2-01014%2F&m=http%3A%2F%2Fm.rakuten.co.jp%2Fkitanomori%2Fi%2F10007302%2F&rafcid=wsc_i_is_b93111dd-e085-46a2-a75f-28c1ee5d2de6
PRD_1458,기바나 16개입,き花 16枚入,쓰보야총본점(壺屋総本店),REG_031,PRC_04,3800,"고소한 아몬드 가레트 사이에 부드러운 화이트 초콜릿을 샌드하여 만든 쿠키입니다. 입안에서 사르르 녹는 듯한 식감의 화이트 초콜릿과 향긋한 아몬드가 조화를 이룹니다. 다양한 테마로 디자인된 제품으로, 예를 들어 '홋카이도 디오라마'와 같은 특별한 컨셉을 담고 있습니다.",정식 선물 느낌이 필요할 때 고르기 좋은 상자형 제품이다.,1,https://thumbnail.image.rakuten.co.jp/@0_mall/tidoriya/cabinet/kibana/petimo/kibana-a1.jpg?_ex=1024x1024,https://hb.afl.rakuten.co.jp/hgc/g00tcr3n.16t5u1c6.g00tcr3n.16t5v452/?pc=https%3A%2F%2Fitem.rakuten.co.jp%2Ftidoriya%2F4535272001333%2F&m=http%3A%2F%2Fm.rakuten.co.jp%2Ftidoriya%2Fi%2F10000312%2F&rafcid=wsc_i_is_b93111dd-e085-46a2-a75f-28c1ee5d2de6
PRD_1459,기바나 푸티모 쇼콜라 8개입,き花プティモ ショコラ 8枚入,쓰보야총본점(壺屋総本店),REG_031,PRC_02,1000,기바나 푸티모 쇼콜라는 쓰보야총본점의 기바나 시리즈를 작은 초콜릿 과자로 만든 상품입니다. 아몬드 갈레트 사이에 깊고 쌉싸름한 초콜릿을 끼워 고소함과 카카오 풍미를 함께 냅니다. 여덟 개입 구성이라 아사히카와 대표 과자를 가볍게 맛보기 좋습니다.,작고 부담 없는 가격대라 여러 종류를 함께 고르기 좋다.,1,https://thumbnail.image.rakuten.co.jp/@0_mall/tidoriya/cabinet/kibana/petimo/kibana-c01.jpg?_ex=1024x1024,https://hb.afl.rakuten.co.jp/hgc/g00tcr3n.16t5u1c6.g00tcr3n.16t5v452/?pc=https%3A%2F%2Fitem.rakuten.co.jp%2Ftidoriya%2F4535272000893%2F&m=http%3A%2F%2Fm.rakuten.co.jp%2Ftidoriya%2Fi%2F10008364%2F&rafcid=wsc_i_is_b93111dd-e085-46a2-a75f-28c1ee5d2de6
PRD_1460,기바나 푸티모 딸기 8개입,き花プティモ いちご 8枚入,쓰보야총본점(壺屋総本店),REG_031,PRC_02,1000,신맛이 강한 건조 딸기를 주재료로 사용했습니다. 이 신선한 딸기는 초콜릿에 녹여 풍미를 더했습니다. 바삭하고 고소한 아몬드 가레트 사이에 내용물이 샌드되어 있습니다. 본 제품은 딸기 맛이며 총 8개입으로 구성된 상품입니다.,과일향이 있어 어린이와 친구 선물용으로 고르기 쉽다.,1,https://thumbnail.image.rakuten.co.jp/@0_mall/senka-land/cabinet/06985558/imgrc0338381325.jpg?_ex=1024x1024,https://hb.afl.rakuten.co.jp/hgc/g00tcrdn.16t5ueb3.g00tcrdn.16t5vfa7/?pc=https%3A%2F%2Fitem.rakuten.co.jp%2Fsenka-land%2F4535272000909%2F&m=http%3A%2F%2Fm.rakuten.co.jp%2Fsenka-land%2Fi%2F10014692%2F&rafcid=wsc_i_is_b93111dd-e085-46a2-a75f-28c1ee5d2de6
PRD_1461,기바나 코론 5개입,き花ころん 5個入,쓰보야총본점(壺屋総本店),REG_031,PRC_02,1400,사쿠란 향의 아몬드 페이스트와 잘게 부순 기하나를 활용한 갈레트가 속을 채우고 있습니다. 이 재료들은 바삭하고 사르르한 시트 사이에 담겨 있어 독특한 식감을 선사합니다. 그 사이로는 화이트 초콜릿을 듬뿍 넣어 만든 부드러운 버터크림이 가득 채워져 풍부한 맛과 조화를 이룹니다. 기바나 코론은 깊고 섬세한 맛의 조합으로 즐거움을 더해줍니다.,기존 기바나와 다른 형태라 이미 기바나를 아는 사람에게도 새롭다.,1,https://dzwpvqehwr7zl.cloudfront.net/omios/products/generated/_review/PRD_1461/PRD_1461_packshot_v1.png,https://tsuboya.net/products/kibanacorron
PRD_1462,잡목림 8개입,雑木林(ぞうきばやし) 8個入,쓰보야총본점(壺屋総本店),REG_031,PRC_02,1960,"잡목림은 계절마다 다른 맛을 경험할 수 있는 케이크입니다. 봄에는 녹차 카노코, 여름에는 솔티드 바닐라, 가을에는 건포도, 겨울에는 치즈 등 사계절 테마로 구성되어 있습니다. 특히 녹차 카노코는 식감이 좋은 국내산 아즈키콩(카노코)과 달콤하고 감칠맛이 강한 '후쿠오카 야메차'를 사용한 버터크림을 샌드했습니다. 치즈 맛은 중독성 있는 짠맛의 크림치즈를 버터크림에 넣어 풍미를 더했으며, 각 계절별로 다채로운 매력을 느낄 수 있습니다.",계절감 있는 과자를 찾는 사람에게 아사히카와 분위기를 설명하기 좋다.,1,https://dzwpvqehwr7zl.cloudfront.net/omios/products/generated/_review/PRD_1462/PRD_1462_packshot_v1.png,https://tsuboya.net/products/zoukibayashi
PRD_1463,북채과 9개입,北彩菓(きたさいか) 9個入,쓰보야총본점(壺屋総本店),REG_031,PRC_03,2000,북채과는 쓰보야총본점이 만드는 홋카이도 과자 모둠 계열 상품입니다. 여러 종류의 구움과자를 한 상자에 담아 다양한 식감과 단맛을 맛볼 수 있습니다. 아홉 개입 구성으로 홋카이도 제과점의 선물 세트 성격이 뚜렷합니다.,여러 맛을 한 상자에 담아 가족끼리 나눠 먹기 좋다.,1,https://dzwpvqehwr7zl.cloudfront.net/omios/products/generated/_review/PRD_1463/PRD_1463_packshot_v1.png,https://tsuboya.net/products/kitasaika
PRD_1464,아사히카와 간장 파이 캐러멜,旭川醤油パイキャラメル,램스 초콜릿(RAMS CHOCOLATE),REG_031,PRC_01,690,아사히카와 지역의 간장 브랜드 '킷코 니혼'을 사용했습니다. 이 제품은 특색 있는 간장이 가미된 파이 형태로 제작되었습니다. 부드러운 캐러멜 향의 초콜릿에 담가 풍미를 더했습니다. 마지막으로 고소한 아몬드를 토핑하여 완성도를 높였습니다.,달콤한 간식에 로컬 재료 이야기를 더하고 싶을 때 좋다.,1,https://dzwpvqehwr7zl.cloudfront.net/omios/products/generated/_review/PRD_1464/PRD_1464_packshot_v1.png,https://tsuboya.net/products/syoyupiecaramel
PRD_1465,사쿠사쿠 다크 3개 세트,サクサク ダーク3個セット,램스 초콜릿(RAMS CHOCOLATE),REG_031,PRC_02,1650,램스 초콜릿의 대표적인 과자인 '사쿠사쿠' 다크 맛 세트입니다. 사각거리는 식감의 비스킷반죽와 초콜릿이 어우러져 가볍고 기분 좋은 맛을 선사합니다. 이 조합은 너무 맛있어서 자꾸 손이 가는 매력이 있습니다.,단맛이 강한 과자보다 진한 초콜릿을 선호하는 사람에게 알맞다.,1,https://dzwpvqehwr7zl.cloudfront.net/omios/products/generated/_review/PRD_1465/PRD_1465_packshot_v1.png,https://tsuboya.net/products/sakusakudark
PRD_1466,라 타블 램스,La table RAMS,램스 초콜릿(RAMS CHOCOLATE),REG_031,PRC_03,2190,라 타블 램스는 아사히카와 기반 초콜릿 브랜드 램스의 초콜릿 상품입니다. 일본인 쇼콜라티에와 프랑스 디자이너의 감각을 결합해 맛과 패키지 모두 세련된 인상을 줍니다. 홋카이도 여행 선물이나 특별한 날의 디저트로 어울리는 프리미엄 초콜릿입니다.,패키지가 세련되어 연인이나 가까운 친구에게 주기 좋다.,1,https://thumbnail.image.rakuten.co.jp/@0_mall/re-vida/cabinet/n0img227/n0-7469387-lightbl.jpg?_ex=1024x1024,https://hb.afl.rakuten.co.jp/hgc/g00t2gtn.16t5u689.g00t2gtn.16t5v6e8/?pc=https%3A%2F%2Fitem.rakuten.co.jp%2Fre-vida%2Fn0-7469387-lightbl%2F&m=http%3A%2F%2Fm.rakuten.co.jp%2Fre-vida%2Fi%2F24291758%2F&rafcid=wsc_i_is_b93111dd-e085-46a2-a75f-28c1ee5d2de6
PRD_1467,홋카이도 봉봉 쇼콜라 6개입,北海道ボンボンショコラ 6個入,램스 초콜릿(RAMS CHOCOLATE),REG_031,PRC_05,4320,"홋카이도 봉봉 쇼콜라 6개입은 두 가지 특별한 맛으로 구성된 초콜릿입니다. 하나는 에탄베츠 지역의 이세 농장에서 자체 목장의 우유로 만든 블루치즈를 사용한 풍미가 특징입니다. 다른 한 가지 맛은 잘 익은 꿀이 가득 찬 홍옥 사과를 콩피튜르로 만들고, 시나몬 가나슈와 함께 밀크 초콜릿 및 화이트 초콜릿으로 감싼 달콤함이 매력적입니다.",가격대가 있어 특별한 사람에게 주는 선물로 어울린다.,1,https://dzwpvqehwr7zl.cloudfront.net/omios/products/generated/_review/PRD_1467/PRD_1467_packshot_v1.png,https://tsuboya.net/products/%E6%97%AD%E5%B7%9D-%E5%8C%97%E6%B5%B7%E9%81%93%E3%82%B3%E3%83%AC%E3%82%AF%E3%82%B7%E3%83%A7%E3%83%B3-%EF%BC%96%E5%80%8B%E5%85%A5
PRD_1468,다이세쓰 도라야키 5개입,大雪 どら焼 つぶあん 5個入,쓰보야총본점(壺屋総本店),REG_031,PRC_02,1150,"오랜 시간 동안 제조 방식을 끊임없이 개선해 온 전통 과자입니다. '도라야키'라는 이름은 모양이 타악기의 징과 비슷하거나 무사조 변경에 관한 전설에서 유래했습니다. 벌꿀을 더한 쓰보야만의 독특하고 섬세한 반죽을 폭신하고 색감 있게 구워냈습니다. 여기에 장인이 정성껏 끓여낸 직접 만든 앙금을 속재료로 채웠으며, 촉촉하면서도 깊고 진한 풍미를 자랑합니다.",차와 함께 먹기 좋아 부모님이나 어른 선물로 무난하다.,1,https://dzwpvqehwr7zl.cloudfront.net/omios/products/generated/_review/PRD_1468/PRD_1468_packshot_v1.png,https://tsuboya.net/products/dorayaki_1
PRD_1469,사과의 창고 10개입,林檎の蔵10個入,더 선 구로도(ザ・さんくろうど),REG_031,PRC_02,1960,사과의 창고 열 개입은 사과와 홋카이도산 재료의 향을 살린 더 선 구로도의 구움과자 세트입니다. 국산 사과의 산뜻한 단맛과 부드러운 반죽이 어울리는 타입입니다. 열 개입 구성이라 가족이나 모임에서 나누기 좋습니다.,6개입보다 넉넉해 가족이나 직장에 나눠주기 편하다.,1,https://dzwpvqehwr7zl.cloudfront.net/omios/products/generated/_review/PRD_1469/PRD_1469_packshot_v1.png,https://www.robakashitsukasa.co.jp/products/detail/103
PRD_1470,구라이치고 6개입,蔵いちご6個入,더 선 구로도(ザ・さんくろうど),REG_031,PRC_02,1200,구라이치고는 촉촉한 카스텔라 안에 딸기 페이스트와 딸기 풍미 커스터드 크림을 넣은 소프트 케이크입니다. 새콤달콤한 딸기 맛과 부드러운 반죽이 층을 이루어 디저트 느낌이 강합니다. 여섯 개입 구성으로 냉장해 먹으면 더 산뜻하게 즐길 수 있습니다.,상큼한 맛을 좋아하는 친구나 어린이 선물로 고르기 쉽다.,1,https://dzwpvqehwr7zl.cloudfront.net/omios/products/generated/_review/PRD_1470/PRD_1470_packshot_v1.png,https://www.robakashitsukasa.co.jp/products/detail/137
PRD_1471,치즈 퐁듀 빵 4개입,チーズフォンデューパン4個入,더 선 구로도(ザ・さんくろうど),REG_031,PRC_03,2080,"치즈 퐁듀 빵은 자체 빵 속에 진한 치즈 퐁듀를 담은 냉동 빵 상품입니다. 홋카이도산 우유와 생크림, 여러 치즈를 사용해 부드럽고 고소한 맛을 냅니다. 데운 뒤 빵을 뜯어 치즈와 함께 먹는 재미가 있는 더 선 구로도 제품입니다.",일반 쿠키류보다 식사감 있는 디저트를 찾는 사람에게 좋다.,1,https://dzwpvqehwr7zl.cloudfront.net/omios/products/generated/_review/PRD_1471/PRD_1471_packshot_v1.png,https://www.robakashitsukasa.co.jp/products/detail/92
PRD_1472,더 선 구로도 냉동 기프트 12개입,The Sun 蔵人 冷凍ギフト12個入,더 선 구로도(ザ・さんくろうど),REG_031,PRC_04,3244,더 선 구로도 냉동 기프트는 냉동 디저트와 빵을 묶어 선물용으로 구성한 세트입니다. 브랜드의 생크림 빵이나 치즈 계열 상품처럼 차갑게 보관하는 과자를 다양하게 맛볼 수 있습니다. 여러 종류를 한 번에 나누어 먹기 좋은 아사히카와 디저트 세트입니다.,냉동 상품이라 이동 시간과 보냉 가능 여부를 확인하고 구매하는 것이 좋다.,1,https://dzwpvqehwr7zl.cloudfront.net/omios/products/generated/_review/PRD_1472/PRD_1472_packshot_v1.png,https://www.robakashitsukasa.co.jp/products/detail/101
PRD_1473,구라나마 10개입,蔵生10枚入,더 선 구로도(ザ・さんくろうど),REG_031,PRC_02,1512,구라나마 열 개입은 더 선 구로도의 대표 촉촉한 생초코 사브레를 넉넉하게 담은 세트입니다. 밀크 생초코와 화이트 생초코 맛을 함께 즐길 수 있어 부드러운 초콜릿 풍미의 차이를 느끼기 좋습니다. 홋카이도산 밀가루와 비트 설탕을 사용한 지역 선물 과자입니다.,개별 포장이라 직장동료나 친구들에게 나눠주기 편하다.,1,https://dzwpvqehwr7zl.cloudfront.net/omios/products/generated/_review/PRD_1473/PRD_1473_packshot_v1.png,https://www.robakashitsukasa.co.jp/products/detail/120
PRD_1474,구라마루 10개입,蔵〇（くらまる）10個入,더 선 구로도(ザ・さんくろうど),REG_031,PRC_02,1360,구라마루 열 개입은 우유 풍미 앙금을 얇은 피로 감싼 생밀크 만주 세트입니다. 한입 크기의 둥근 모양과 촉촉한 식감이 특징이라 부담 없이 먹기 좋습니다. 열 개입 구성으로 더 선 구로도의 부드러운 화과자를 넉넉히 나누기 좋습니다.,부드러운 식감을 좋아하는 가족 선물로 안정적인 선택이다.,1,https://thumbnail.image.rakuten.co.jp/@0_mall/watashi-hokkaido/cabinet/11869082/imgrc0095970335.jpg?_ex=1024x1024,https://hb.afl.rakuten.co.jp/hgc/g00u4fpn.16t5uc7e.g00u4fpn.16t5vd34/?pc=https%3A%2F%2Fitem.rakuten.co.jp%2Fwatashi-hokkaido%2Frb0301-008%2F&m=http%3A%2F%2Fm.rakuten.co.jp%2Fwatashi-hokkaido%2Fi%2F10000581%2F&rafcid=wsc_i_is_b93111dd-e085-46a2-a75f-28c1ee5d2de6
PRD_1475,호조구라 12개입,豊穣蔵12個入,더 선 구로도(ザ・さんくろうど),REG_031,PRC_03,2310,호조구라 열두 개입은 큼직하고 폭신한 도라야키 스타일 과자를 넉넉히 담은 세트입니다. 특선 팥 앙금과 흰강낭콩 앙금의 조화가 부드러운 반죽과 어울립니다. 여러 사람이 나누어 먹기 좋은 더 선 구로도의 선물용 화과자입니다.,개수가 넉넉하고 손잡이 봉투 선택이 가능해 단체 선물로 쓰기 좋다.,1,https://dzwpvqehwr7zl.cloudfront.net/omios/products/generated/_review/PRD_1475/PRD_1475_packshot_v1.png,https://www.robakashitsukasa.co.jp/products/detail/129
PRD_1476,망고 화병,Mango vase,사사키공예(SASAKI KOGEI),REG_031,PRC_06,6600,"망고 화병은 사사키 공예가 선보이는 나무 소재의 플라워 베이스 상품입니다. 사사키 공예는 수공예 감각과 기계 가공의 정밀도를 함께 살려 목제품을 만드는 브랜드로, 망고 화병은 부드럽게 손에 굴린 듯한 형태의 꽃기로 소개됩니다. 목재 본체와 유리 실린더를 조합한 구조라 작은 꽃을 꽂아 실내에 자연스러운 포인트를 주기 좋은 제품입니다.",깨지기 쉬운 소품이므로 포장 상태를 확인하고 수하물에 넣는 것이 안전하다.,1,https://thumbnail.image.rakuten.co.jp/@0_mall/nagomikobo/cabinet/thumbs/butugu1/butugu-hn005_01.jpg?_ex=1024x1024,https://hb.afl.rakuten.co.jp/hgc/g00s8jln.16t5uaf2.g00s8jln.16t5v052/?pc=https%3A%2F%2Fitem.rakuten.co.jp%2Fnagomikobo%2Fbutugu-hn005%2F&m=http%3A%2F%2Fm.rakuten.co.jp%2Fnagomikobo%2Fi%2F10004342%2F&rafcid=wsc_i_is_b93111dd-e085-46a2-a75f-28c1ee5d2de6
PRD_1477,토트백,TOTEBAG,사사키공예(SASAKI KOGEI),REG_031,PRC_04,3080,"사사키공예 토트백은 목공 브랜드 사사키공예의 감성을 담은 생활형 가방 상품입니다. 짧은 외출이나 장바구니 용도로 쓰기 쉬운 크기이며, 유기농 또는 재활용 면 소재를 사용하는 가방 라인을 바탕으로 제작됩니다. 가볍고 튼튼한 소재감에 브랜드 이미지를 아이콘처럼 배치한 실용 굿즈입니다.",식품이 아닌 가벼운 실사용 기념품을 찾을 때 추천하기 좋다.,1,https://thumbnail.image.rakuten.co.jp/@0_mall/galleria/cabinet/000065/751-09873.jpg?_ex=1024x1024,https://hb.afl.rakuten.co.jp/hgc/g00pyapn.16t5u0ad.g00pyapn.16t5vc4f/?pc=https%3A%2F%2Fitem.rakuten.co.jp%2Fgalleria%2F751-09873%2F&m=http%3A%2F%2Fm.rakuten.co.jp%2Fgalleria%2Fi%2F10012542%2F&rafcid=wsc_i_is_b93111dd-e085-46a2-a75f-28c1ee5d2de6
PRD_1478,플레인 플레이트,Plain plate,사사키공예(SASAKI KOGEI),REG_031,PRC_06,5500,사사키공예에서 선보이는 '플레인 플레이트'입니다. 이름처럼 군더더기 없이 깨끗하고 기본적인 디자인이 특징입니다. 어떤 식탁 분위기에도 자연스럽게 어울리는 심플함으로 일상에 세련된 감각을 더해줍니다.,집들이나 생활용품 선물로 실용성과 지역성을 함께 담을 수 있다.,1,https://thumbnail.image.rakuten.co.jp/@0_mall/paradox/cabinet/pics/plate01/r-1776-2330.jpg?_ex=1024x1024,https://hb.afl.rakuten.co.jp/hgc/g00sbnrn.16t5u281.g00sbnrn.16t5v757/?pc=https%3A%2F%2Fitem.rakuten.co.jp%2Fparadox%2Fr-1776-2330%2F&m=http%3A%2F%2Fm.rakuten.co.jp%2Fparadox%2Fi%2F10000037%2F&rafcid=wsc_i_is_b93111dd-e085-46a2-a75f-28c1ee5d2de6
PRD_1479,라운드 포토 프레임,Photo frame rounded,사사키공예(SASAKI KOGEI),REG_031,PRC_05,4950,"사사키공예에서 선보이는 라운드 포토 프레임입니다. 사진을 담아 추억을 간직할 수 있도록 디자인된 액자 제품입니다. 이름처럼 전체적으로 둥글고 부드러운 형태가 특징이며, 인테리어 소품으로 활용하기 좋습니다.",여행 사진을 넣어 보관하기 좋아 자기 기념품으로도 어울린다.,1,https://thumbnail.image.rakuten.co.jp/@0_mall/kcm-onlineshop/cabinet/sasaki/photoframe-re1.jpg?_ex=1024x1024,https://hb.afl.rakuten.co.jp/hgc/g00tbhhn.16t5u6b9.g00tbhhn.16t5v6f5/?pc=https%3A%2F%2Fitem.rakuten.co.jp%2Fkcm-onlineshop%2F244-photoframe-re%2F&m=http%3A%2F%2Fm.rakuten.co.jp%2Fkcm-onlineshop%2Fi%2F10042224%2F&rafcid=wsc_i_is_b93111dd-e085-46a2-a75f-28c1ee5d2de6
PRD_1480,피그스 마사지어,Figs massager,사사키공예(SASAKI KOGEI),REG_031,PRC_06,6600,"피그스 마사지어는 사사키 공예의 목제 마사지 도구입니다. 사사키 공예는 형태의 디자인성과 사용자의 기능성을 함께 고려해 목제품을 만드는 브랜드로, 이 마사지어도 손에 쥐고 몸을 문지르기 좋은 생활 소품으로 볼 수 있습니다. 나무 특유의 따뜻한 촉감과 간단한 사용성을 살린 상품이라 책상 위나 집에서 부담 없이 쓰기 좋습니다.",부모님이나 자신을 위한 생활 소품 선물로 고르기 좋다.,1,https://thumbnail.image.rakuten.co.jp/@0_mall/wood-l/cabinet/sa01/sasaki/17.jpg?_ex=1024x1024,https://hb.afl.rakuten.co.jp/hgc/g00r6z5n.16t5u46e.g00r6z5n.16t5v6e2/?pc=https%3A%2F%2Fitem.rakuten.co.jp%2Fwood-l%2Fsasaki-05%2F&m=http%3A%2F%2Fm.rakuten.co.jp%2Fwood-l%2Fi%2F10000720%2F&rafcid=wsc_i_is_b93111dd-e085-46a2-a75f-28c1ee5d2de6
PRD_1481,아사히카와 라멘 바이코켄 간장 2인분,旭川ラーメン梅光軒 醤油味2食入,바이코켄(梅光軒),REG_031,PRC_01,799,"아사히카와에서 유명한 라멘집 '바이코켄'의 맛을 집에서도 즐길 수 있습니다. 진하고 깊은 국물임에도 불구하고 부드러운 여운이 있어 거부감 없이 편하게 먹기 좋은 간장 라멘입니다. 또한, 특제 된장의 감칠맛이 풍기는 된장 맛도 함께 경험할 수 있습니다. 유명 전문점의 맛을 가정에서 간편하게 즐겨보세요.",공항이나 기념품 매장에서 구매하기 쉬운 상온 라멘 선물로 적합하다.,1,https://thumbnail.image.rakuten.co.jp/@0_mall/senka-land/cabinet/06869665/imgrc0330722898.jpg?_ex=1024x1024,https://hb.afl.rakuten.co.jp/hgc/g00tcrdn.16t5ueb3.g00tcrdn.16t5vfa7/?pc=https%3A%2F%2Fitem.rakuten.co.jp%2Fsenka-land%2F4533446007112%2F&m=http%3A%2F%2Fm.rakuten.co.jp%2Fsenka-land%2Fi%2F10000553%2F&rafcid=wsc_i_is_b93111dd-e085-46a2-a75f-28c1ee5d2de6
PRD_1482,바이코켄 신선 냉동 라멘 간장 2식 세트,梅光軒 新鮮冷凍ラーメン 醤油 2食セット,바이코켄(梅光軒),REG_031,PRC_02,1900,"바이코켄의 깊은 맛을 집에서도 그대로 재현할 수 있는 신선 냉동 라멘입니다. 이 라멘은 삿포로 라멘의 대표적인 된장(미소)과 아사히카와 라멘의 특색이 결합된 독특한 더블 수프가 특징입니다. 특히, 아사히카와 라멘 고유의 더블 육수 방식 덕분에 '진하지만 뒷맛은 깔끔하게' 즐길 수 있습니다. 이처럼 풍부하면서도 개운한 맛을 경험할 수 있는 프리미엄 라멘 세트입니다.",냉동 상품이라 숙소 냉장 보관과 이동 시간을 고려해 구매해야 한다.,1,https://dzwpvqehwr7zl.cloudfront.net/omios/products/generated/_review/PRD_1482/PRD_1482_packshot_v1.png,https://baikohken-shop.com/
PRD_1483,바이코켄 신선 냉동 라멘 미소 2식 세트,梅光軒 新鮮冷凍ラーメン 味噌 2食セット,바이코켄(梅光軒),REG_031,PRC_02,1900,"삿포로 라멘의 대표적인 된장(미소) 맛을 아사히카와 라멘의 더블 수프에 결합한 제품입니다. '깔끔하면서도 깊은' 풍미가 특징인 신개념 더블 수프를 경험할 수 있습니다. 단순히 든든함을 넘어, 효소 파워가 담긴 된장으로 건강까지 생각한 맛을 즐길 수 있습니다. 매장에서 먹는 듯한 바이코켄 본연의 맛을 집에서도 그대로 재현하여 깊은 만족감을 선사합니다.",진한 라멘 맛을 좋아하는 사람에게 지역 식사 경험을 선물하기 좋다.,1,https://dzwpvqehwr7zl.cloudfront.net/omios/products/generated/_review/PRD_1483/PRD_1483_packshot_v1.png,https://baikohken-shop.com/
PRD_1484,남산 국방의 명취주 720ml,男山 国芳乃名取酒 720ml,오토코야마(男山),REG_031,PRC_02,1870,"남산의 대표적인 대신코 순미주입니다. 홋카이도의 맑은 기후에서 자라난 이 술은 미세한 산미가 느껴지는 샤프하고 깔끔한 끝맛이 특징입니다. 남산 최고의 맛을 자랑하는 대신코 순미주로, 깊고 개운한 풍미를 경험할 수 있습니다.",유리병 상품이라 포장과 수하물 규정을 확인하고 구매하는 것이 좋다.,1,https://thumbnail.image.rakuten.co.jp/@0_mall/hokkaidogb/cabinet/item_img0003/g4042a.jpg?_ex=1024x1024,https://hb.afl.rakuten.co.jp/hgc/g00suipn.16t5u2c8.g00suipn.16t5v2d0/?pc=https%3A%2F%2Fitem.rakuten.co.jp%2Fhokkaidogb%2F4042%2F&m=http%3A%2F%2Fm.rakuten.co.jp%2Fhokkaidogb%2Fi%2F10007001%2F&rafcid=wsc_i_is_b93111dd-e085-46a2-a75f-28c1ee5d2de6
PRD_1485,남산 기타노이나호 대辛口 720ml,男山 北の稲穂 大辛口 720ml,오토코야마(男山),REG_031,PRC_02,1089,남산 기타노이나호 대카라쿠치는 오토코야마가 만드는 드라이한 맛의 일본주입니다. 맑고 청량한 목넘김과 깔끔한 뒷맛을 강조해 식사와 함께 마시기 좋습니다. 홋카이도 쌀의 이미지를 담은 칠백이십 밀리리터 병 주류입니다.,술맛이 드라이한 편이라 일본주를 즐기는 지인에게 잘 맞는다.,1,https://thumbnail.image.rakuten.co.jp/@0_mall/hokkaidouselectshop/cabinet/nihonsyu/otokoyama-dai.jpg?_ex=1024x1024,https://hb.afl.rakuten.co.jp/hgc/g00uhstn.16t5u461.g00uhstn.16t5v2ba/?pc=https%3A%2F%2Fitem.rakuten.co.jp%2Fhokkaidouselectshop%2Fotokoyama-dry%2F&m=http%3A%2F%2Fm.rakuten.co.jp%2Fhokkaidouselectshop%2Fi%2F10000222%2F&rafcid=wsc_i_is_b93111dd-e085-46a2-a75f-28c1ee5d2de6
PRD_1486,콧코 8개입,こっこ 8個入り,미호미(ミホミ),REG_004,PRC_02,1296,콧코 8개입은 미호미가 만드는 시즈오카의 부드러운 스팀 케이크입니다. 남알프스 산맥의 지하수와 신선한 달걀을 사용해 폭신하게 쪄낸 반죽 안에 밀크 크림을 넣은 것이 특징입니다. 촉촉하고 순한 단맛이 중심이라 아이부터 어른까지 먹기 쉬운 시즈오카 대표 과자입니다.,콧코 시리즈는 대표 기본형 하나만 남겨 여러 맛·용량 중복을 줄였다.,0,https://dzwpvqehwr7zl.cloudfront.net/omios/products/generated/_review/PRD_1486/PRD_1486_packshot_v1.png,https://shop-cocco.jp/c/gr_cocco_lineup/cocco/gd1003
PRD_1487,야마다이치 안베카와 모치 3호,安倍川もち 3号,야마다이치(やまだいち),REG_004,PRC_01,990,이 제품은 안베카와 모치라는 이름의 명물입니다. 시즈오카 지역을 대표하는 특산품으로 알려져 있습니다. 단순히 해당 지역에만 국한되지 않습니다. 도카이도 전체를 상징하는 기념품으로 사랑받고 있습니다.,"역 매장에서 살 수 있는 대표 규격으로, 같은 안베카와 모치 용량 중복은 제외했다.",0,https://dzwpvqehwr7zl.cloudfront.net/omios/products/generated/_review/PRD_1487/PRD_1487_packshot_v1.png,https://www.abekawamochi.co.jp/order/
PRD_1488,야슈손조 만주 9개입,野趣村情 まんじゅう 9ヶ入,야마다이치(やまだいち),REG_004,PRC_01,990,"야슈손조 만주는 시즈오카 야마다이치의 만주 계열 전통 과자다. 야마다이치는 시즈오카를 넘어 도카이도를 대표하는 명물 아베카와모치의 전통을 이어 온 업체로, 사백 년 역사의 맛을 강조한다. 이 만주는 흑당 풍미와 소박한 식감을 앞세워 차와 함께 먹기 좋은 시즈오카식 선물 과자다.",안베카와 모치와 다른 식감의 화과자라 어른 선물로 구분해 담기 좋다.,0,https://dzwpvqehwr7zl.cloudfront.net/omios/products/generated/_review/PRD_1488/PRD_1488_packshot_v1.png,https://www.abekawamochi.co.jp/order/
PRD_1489,시즈오카 미칸 주스 720ml,静岡みかんジュース 720ml,미호미(ミホミ),REG_004,PRC_01,972,"시즈오카 지역의 미칸을 활용한 주스입니다. 상큼하고 달콤한 맛이 특징인 음료로, 갈증 해소에 좋은 제품입니다. 용량은 720밀리리터이며, 간편하게 즐길 수 있는 드링크 타입의 상품입니다.",미칸 주스는 용량별 중복을 없애고 선물성이 좋은 병 제품 하나만 남겼다.,0,https://thumbnail.image.rakuten.co.jp/@0_mall/daiichi/cabinet/ikou_20100225/02540804/2020/2025100522.jpg?_ex=1024x1024,https://hb.afl.rakuten.co.jp/hgc/g00pjp0n.16t5u3e5.g00pjp0n.16t5v5cb/?pc=https%3A%2F%2Fitem.rakuten.co.jp%2Fdaiichi%2F5032335%2F&m=http%3A%2F%2Fm.rakuten.co.jp%2Fdaiichi%2Fi%2F10005566%2F&rafcid=wsc_i_is_b93111dd-e085-46a2-a75f-28c1ee5d2de6
PRD_1490,시즈오카 교쿠로 차소바,静岡玉露茶そば 徳用 2束入り（4人前）,미호미(ミホミ),REG_004,PRC_01,637,"지방의 특색을 담은 시즈오카 교쿠로 차소바입니다. 고급 녹차인 교쿠로를 활용하여 만든 소바 면으로, 깊고 은은한 차 향이 특징입니다. 4인분 기준으로 2묶음이 들어있는 대용량 제품이라 온 가족이 즐기기에 좋습니다.",가볍고 조리법이 단순해 과자 외 식품 선물로 구성하기 좋다.,0,https://dzwpvqehwr7zl.cloudfront.net/omios/products/generated/_review/PRD_1490/PRD_1490_packshot_v1.png,https://shop-cocco.jp/c/gr_shizuoka_gift/gr_meisan/meisan-chasoba/gd232
PRD_1491,우구이스차 티백,うぐいす茶ティーバッグ,미호미(ミホミ),REG_004,PRC_01,346,이 제품은 티백 형태로 되어 있습니다. 주요 재료는 우구이스차입니다. 따뜻하게 즐기기 좋은 차 종류입니다. 정확한 명칭은 우구이스차 티백입니다.,차 선물은 티백형 하나로 정리해 휴대성과 실용성을 높였다.,0,https://thumbnail.image.rakuten.co.jp/@0_mall/recshop/cabinet/10094750/12970273/imgrc0206762713.jpg?_ex=1024x1024,https://hb.afl.rakuten.co.jp/hgc/g00trp7n.16t5u8f0.g00trp7n.16t5v2d1/?pc=https%3A%2F%2Fitem.rakuten.co.jp%2Frecshop%2Fe-sortobu%2F&m=http%3A%2F%2Fm.rakuten.co.jp%2Frecshop%2Fi%2F10001412%2F&rafcid=wsc_i_is_b93111dd-e085-46a2-a75f-28c1ee5d2de6
PRD_1492,잇푸쿠로 금박 말차 사탕,いっぷくロウの金箔抹茶あめ,미호미(ミホミ),REG_004,PRC_01,324,말차의 깊고 진한 풍미가 느껴지는 고급 사탕입니다. 금박이 더해져 시각적으로도 우아하며 특별한 분위기를 연출합니다. 이 제품은 목 건강에 도움을 주는 노도캔디나 차사탕으로 즐기기에 좋습니다. 잇푸쿠로의 금박 말차 사탕과 함께 달콤하고 향긋한 티타임을 가져보세요.,가볍고 여러 명에게 나눠주기 좋아 보조 선물로 쓰기 좋다.,0,https://dzwpvqehwr7zl.cloudfront.net/omios/products/generated/_review/PRD_1492/PRD_1492_packshot_v1.png,https://shop-cocco.jp/c/gr_shizuoka_gift/gr_ame/ame-kino/gd314
PRD_1493,소금 미칸 사탕,塩みかん飴,미호미(ミホミ),REG_004,PRC_01,216,"소금 미칸 사탕은 온주귤 농축과즙과 소금을 조합한 시즈오카식 캔디다. 설탕과 물엿을 바탕으로 귤의 상큼한 향, 소금의 짭짤함, 구연산의 산미를 더해 더운 날 가볍게 먹기 좋은 맛을 낸다. 작은 사탕 형태라 이동 중 당분과 짠맛을 함께 챙길 수 있는 간식이다.",가격이 낮아 다른 기념품과 함께 담는 추가 선물로 알맞다.,0,https://thumbnail.image.rakuten.co.jp/@0_mall/auc-mikawa-kiko/cabinet/05502355/30001297_2.jpg?_ex=1024x1024,https://hb.afl.rakuten.co.jp/hgc/g00qyj8n.16t5u00d.g00qyj8n.16t5v3fa/?pc=https%3A%2F%2Fitem.rakuten.co.jp%2Fauc-mikawa-kiko%2F30001297%2F&m=http%3A%2F%2Fm.rakuten.co.jp%2Fauc-mikawa-kiko%2Fi%2F10818455%2F&rafcid=wsc_i_is_b93111dd-e085-46a2-a75f-28c1ee5d2de6
PRD_1494,우나기파이 12개입,うなぎパイ 12本入,춘화당(春華堂),REG_004,PRC_02,1155,"하마나호와 엔슈나다의 풍부한 자연이 키워낸 하마마츠의 명과, 우나기파이는 춘화당만의 특별한 제품입니다. 본래 가족들이 모여 즐기는 밤 간식이라는 의미를 담아 이름 붙여졌습니다. 원형 상자를 충실히 재현하기 위해 색상뿐 아니라 캔의 주름 디자인까지 세심하게 구현했으며, 내부 트레이에도 귀여운 장어 무늬가 그려져 디테일이 살아있습니다. 또한 이 제품에는 일반 공모를 통해 모은 하마마츠의 역사와 생활상이 담긴 '하마마츠 화카루타'가 함께 동봉되어 더욱 특별한 경험을 선사합니다.",우나기파이 계열은 기본형 하나만 남겨 같은 시리즈 반복을 줄였다.,0,https://dzwpvqehwr7zl.cloudfront.net/omios/products/generated/_review/PRD_1494/PRD_1494_packshot_v1.png,https://www.shunkado.co.jp/sp/sweets/unagipai_s/post_53.php
PRD_1495,우나기 사브레 12개입,うなぎサブレ 12ヶ入,춘화당(春華堂),REG_004,PRC_01,800,버터를 듬뿍 넣어 반죽을 만들었습니다. 사르르 부서지는 듯한 사각거리는 식감이 특징입니다. 매우 가볍고 담백하게 구워낸 사브레입니다. 이러한 방식으로 정성껏 만들어 맛있는 간식으로 즐기세요.,파이와는 다른 쿠키형 식감이라 우나기파이 중복이 아닌 별도 상품으로 담았다.,0,https://thumbnail.image.rakuten.co.jp/@0_mall/shunkado/cabinet/default/shunkado/products_img/rakuten_unagisabre12.jpg?_ex=1024x1024,https://hb.afl.rakuten.co.jp/hgc/g00svikn.16t5u565.g00svikn.16t5v05c/?pc=https%3A%2F%2Fitem.rakuten.co.jp%2Fshunkado%2F14535_unagisabre%2F&m=http%3A%2F%2Fm.rakuten.co.jp%2Fshunkado%2Fi%2F10000354%2F&rafcid=wsc_i_is_b93111dd-e085-46a2-a75f-28c1ee5d2de6
PRD_1496,전원 미소만 6개입,田舎みそまん 6ヶ入,춘화당(春華堂),REG_004,PRC_01,867,"전원 미소만은 하마마쓰 과자점 슌카도의 소박한 된장 만주다. 대두, 쌀, 소금만으로 만들고 천연 양조로 삼 년 숙성한 시골 된장의 향이 은은하게 난다. 장인이 천천히 끓여 만든 고운 팥소가 들어가, 된장의 구수함과 만주의 단맛이 부드럽게 어울린다.",된장 향이 있는 단맛이라 일반 쿠키류와 차별화된다.,0,https://thumbnail.image.rakuten.co.jp/@0_mall/shunkado/cabinet/default/shunkado/products_img/3505_inaka_000.jpg?_ex=1024x1024,https://hb.afl.rakuten.co.jp/hgc/g00svikn.16t5u565.g00svikn.16t5v05c/?pc=https%3A%2F%2Fitem.rakuten.co.jp%2Fshunkado%2F3505_inaka%2F&m=http%3A%2F%2Fm.rakuten.co.jp%2Fshunkado%2Fi%2F10000023%2F&rafcid=wsc_i_is_b93111dd-e085-46a2-a75f-28c1ee5d2de6
PRD_1497,핫초 미소만 라부이데소로 6개입,八丁みそまん らぶいで候 6個入,춘화당(春華堂),REG_004,PRC_01,867,"깊고 풍부한 맛과 독특한 풍미가 자랑인 '하치오 미소만'을 만나보세요. 이 만주는 이에야스 공의 탄생지인 '미카와' 지역에서 나는 '하치오 된장'을 사용하여 만들었습니다. 특히 하치오 된장은 이에야스 공이 사랑했으며 장수 비결로 알려진 재료로, 에도 시대 초기부터 변함없는 전통 제조 방식으로 천연 발효되고 두 번의 여름과 두 번의 겨울 동안 숙성되었습니다. 2023년에 방영된 도쿠가와 이에야스 공 관련 역사 드라마를 기념하여 특별히 준비한 패키지 상품입니다.",전통적인 단맛보다 짭조름한 개성을 좋아하는 사람에게 맞다.,0,https://thumbnail.image.rakuten.co.jp/@0_mall/shunkado/cabinet/default/shunkado/products_img/imgrc0114169098.jpg?_ex=1024x1024,https://hb.afl.rakuten.co.jp/hgc/g00svikn.16t5u565.g00svikn.16t5v05c/?pc=https%3A%2F%2Fitem.rakuten.co.jp%2Fshunkado%2F19635%2F&m=http%3A%2F%2Fm.rakuten.co.jp%2Fshunkado%2Fi%2F10000605%2F&rafcid=wsc_i_is_b93111dd-e085-46a2-a75f-28c1ee5d2de6
PRD_1498,다마루야 금인 와사비즈케 통 130g,金印わさび漬樽 130g,다마루야 본점(田丸屋本店),REG_004,PRC_02,1458,"와사비 재배의 발상지인 시즈오카 지역의 전통을 이어받아, 국내산 와사비를 중심으로 명품 와사비 절임을 만들어 왔습니다. 엄선된 와사비와 충분히 숙성시킨 사케 누룩(술밥)을 사용하여 정성껏 만든 최상급 제품입니다. 다른 와사비 절임보다 뿌리 배합이 많아 풍미와 매운맛이 강하며, 와사비 본연의 깊은 맛을 더욱 잘 느낄 수 있습니다. 국내산 재료를 활용하여 고급스러운 풍미가 뛰어나 안주나 식사 대용으로도 완벽합니다.",와사비즈케는 소용량·세트 중복을 빼고 대표 통 제품만 남겼다.,0,https://thumbnail.image.rakuten.co.jp/@0_mall/wasabi/cabinet/05990708/05993343/imgrc0091530609.jpg?_ex=1024x1024,https://hb.afl.rakuten.co.jp/hgc/g00pledn.16t5u3f4.g00pledn.16t5v659/?pc=https%3A%2F%2Fitem.rakuten.co.jp%2Fwasabi%2F389310%2F&m=http%3A%2F%2Fm.rakuten.co.jp%2Fwasabi%2Fi%2F10000010%2F&rafcid=wsc_i_is_b93111dd-e085-46a2-a75f-28c1ee5d2de6
PRD_1499,다마루야 와사비김 컵 대,わさびのりカップ 大,다마루야 본점(田丸屋本店),REG_004,PRC_01,756,다마루야 본점은 창업 이래 150년 동안 와사비 가공을 이어온 전통 있는 회사입니다. 이곳은 와사비 재배의 발상지인 시즈오카산 와사비를 중심으로 국내산 와사비에 대한 고집과 시즈오카 명물 '와사비절임'의 전통을 지켜왔습니다. 제품으로 선보이는 다마루야 와사비노리컵 대는 이러한 깊은 역사를 담고 있습니다. 특히 이 와사비노리에 사용된 노리는 새우가 섞이는 방식으로 채집되어 더욱 특별한 풍미를 자랑합니다.,냉장 절임보다 활용도가 넓어 식탁용 선물로 설명하기 쉽다.,0,https://thumbnail.image.rakuten.co.jp/@0_mall/wasabi/cabinet/05990708/05993343/imgrc0086903819.jpg?_ex=1024x1024,https://hb.afl.rakuten.co.jp/hgc/53033622.7bbb75b6.53033623.c98a76f0/?pc=https%3A%2F%2Fitem.rakuten.co.jp%2Fwasabi%2F34-03601%2F&m=https%3A%2F%2Fitem.rakuten.co.jp%2Fwasabi%2F34-03601%2F
PRD_1500,극상의 와사비메시 후리카케,極のわさびめしふりかけ,다마루야 본점(田丸屋本店),REG_004,PRC_01,378,"150년 역사를 자랑하는 와사비 가공 전문 제조사가 오랜 시간 쌓아온 깊은 정성을 담았습니다. 와사비 재배의 본고장인 시즈오카산 와사비를 중심으로 국내산 와사비만을 고집하며, 지역 특산품 '와사비절임'의 전통을 이어왔습니다. 또한, 에도 시대부터 전해 내려오는 전통적인 볶는 방식을 통해 가쓰오부시가 지닌 독특한 향과 깊은 맛을 구현했습니다. 이러한 역사적 배경과 장인의 노하우를 담아낸 극상의 와사비메시 후리카케로 특별한 식탁 경험을 즐겨보세요.",상온 휴대가 쉬워 냉장 선물이 부담스러운 사람에게 적합하다.,0,https://thumbnail.image.rakuten.co.jp/@0_mall/wasabi/cabinet/remon01/gift2026b.jpg?_ex=1024x1024,https://hb.afl.rakuten.co.jp/hgc/53033622.7bbb75b6.53033623.c98a76f0/?pc=https%3A%2F%2Fitem.rakuten.co.jp%2Fwasabi%2F60-00045%2F&m=https%3A%2F%2Fitem.rakuten.co.jp%2Fwasabi%2F60-00045%2F
PRD_1501,다마루야 와사비비즈 80g,わさビーズ 80g,다마루야 본점(田丸屋本店),REG_004,PRC_01,756,"다마루야 와사비비즈는 와사비를 투명한 알갱이처럼 만든 이색 조미료다. 음식 위에 올리면 알갱이가 터지는 부분에서만 와사비 맛이 느껴져, 요리 본래의 맛과 와사비의 향을 함께 즐길 수 있다. 착색료를 쓰지 않고 와사비 본래의 색을 살렸으며, 반짝이는 모양 덕분에 일식과 양식의 장식용 토핑으로도 쓰인다.",사진이 잘 나오는 독특한 형태라 요리를 좋아하는 친구 선물로 재미있다.,0,https://thumbnail.image.rakuten.co.jp/@0_mall/wasabi/cabinet/05990708/05993343/imgrc0083489327.jpg?_ex=1024x1024,https://hb.afl.rakuten.co.jp/hgc/53033622.7bbb75b6.53033623.c98a76f0/?pc=https%3A%2F%2Fitem.rakuten.co.jp%2Fwasabi%2F26-00005%2F&m=https%3A%2F%2Fitem.rakuten.co.jp%2Fwasabi%2F26-00005%2F
PRD_1502,다마루야 WASABBQ 와사비 스파이스,わさびスパイスガーリック入 WASABBQ,다마루야 본점(田丸屋本店),REG_004,PRC_01,648,"와사비와 마늘이 들어간 바비큐 스파이스입니다. 코끝을 톡 쏘는 와사비의 상쾌한 매운맛이 특징입니다. 이 제품은 와사비의 알싸함에 마늘과 여러 종류의 향신료, 그리고 가쓰오부시와 다시마 육수를 블렌딩하여 풍미를 더했습니다.",고기나 해산물에 뿌려 쓰기 좋아 캠핑·요리 취향 선물로 잘 맞다.,0,https://thumbnail.image.rakuten.co.jp/@0_mall/wasabi/cabinet/05990708/imgrc0119807725.jpg?_ex=1024x1024,https://hb.afl.rakuten.co.jp/hgc/g00pledn.16t5u3f4.g00pledn.16t5v659/?pc=https%3A%2F%2Fitem.rakuten.co.jp%2Fwasabi%2F60-00090%2F&m=http%3A%2F%2Fm.rakuten.co.jp%2Fwasabi%2Fi%2F10000818%2F&rafcid=wsc_i_is_b93111dd-e085-46a2-a75f-28c1ee5d2de6
PRD_1503,후지산초 4개입,富士山頂 4個入,타고노츠키(田子の月),REG_004,PRC_02,1050,"후지산 기슭의 우유와 고급 생크림을 사용하여 부드럽게 만든 특제 커스터드 크림을 촉촉한 스펀지에 가득 채웠습니다. 폭신하고 촉촉한 식감의 케이크에 담긴 커스터드 크림은 은은하고 품격 있는 단맛이 특징입니다. 여기에 화이트 초콜릿과 커피 향 초콜릿의 쌉싸름함이 더해져 깊은 풍미를 선사합니다. 마치 눈 덮인 후지산을 연상시키는 디자인으로, 느끼하지 않아 부담 없이 즐기기 좋은 맛있는 과자입니다.",후지산 이미지가 뚜렷해 시즈오카 여행 선물임을 설명하기 쉽다.,0,https://dzwpvqehwr7zl.cloudfront.net/omios/products/generated/_review/PRD_1503/PRD_1503_packshot_v1.png,https://www.tagonotsuki.jp/view/item/000000000284
PRD_1504,다코노츠키 모나카 4개입,田子の月もなか 4個入,타고노츠키(田子の月),REG_004,PRC_02,1050,다코노츠키 모나카는 후지산 기슭 지역 과자점 타고노츠키의 대표 모나카입니다. 바삭한 모나카 껍질 속에 달콤한 앙금을 넣어 차와 함께 먹기 좋습니다. 네 개입 구성으로 지역 과자의 정취를 간단히 맛볼 수 있는 선물 상품입니다.,부드러운 화과자 계열이라 차와 함께 먹는 선물로 좋다.,0,https://dzwpvqehwr7zl.cloudfront.net/omios/products/generated/_review/PRD_1504/PRD_1504_packshot_v1.png,https://tagonotsuki.jp/view/item/000000000283
PRD_1505,후지산 오카게모치 4개입,富士山御蔭餅 4個入,타고노츠키(田子の月),REG_004,PRC_01,920,떡가루를 사용하여 만든 후지산 오카게모치입니다. 이 과자는 떡가루 반죽을 이용해 후지산 모양의 틀에 구워낸 것이 특징입니다. 맛은 오카게모치와 말차 아즈키 두 가지 종류로 즐길 수 있습니다.,모양이 선명해 사진으로 남기기 좋은 시즈오카 기념품이다.,0,https://dzwpvqehwr7zl.cloudfront.net/omios/products/generated/_review/PRD_1505/PRD_1505_packshot_v1.png,https://tagonotsuki.jp/view/item/000000000014
PRD_1506,검은 후지 4개입,黒富士 4個入,타고노츠키(田子の月),REG_004,PRC_02,1290,"후지산 기슭에서 자란 후지시의 유기농 녹차를 사용한 과자입니다. 검은색을 띠고 있어 처음 접하는 분들에게는 신비로운 느낌을 주며, 독특한 비주얼이 특징입니다. 깊고 진한 풍미가 느껴지는 크림이지만 입안에서 부드럽게 사르르 녹아내리는 매끄러운 식감이 일품입니다. 특히 말차크림의 맛은 절묘하다는 평가를 받을 만큼 깊고 우수한 맛을 자랑합니다.",말차 풍미와 독특한 검은 외형이 있어 기본 후지산초와 차별화된다.,0,https://dzwpvqehwr7zl.cloudfront.net/omios/products/generated/_review/PRD_1506/PRD_1506_packshot_v1.png,https://www.tagonotsuki.jp/view/item/000000000719
PRD_1507,키노미 4개입,きのみ 4個入,타고노츠키(田子の月),REG_004,PRC_02,1140,타고노츠키의 과자 전문점에서 선보이는 '키노미'는 4개입으로 구성되어 있습니다. 이 제품은 바삭한 모나카 껍질과 달콤한 캐러멜 필링이 조화를 이루어 깊은 풍미를 자랑합니다. 사각거리는 식감의 모나카와 부드럽고 진한 캐러멜 맛의 조합이 입맛을 사로잡는 매력이 있습니다.,전통 모나카보다 현대적인 맛이라 젊은 층 선물로도 무난하다.,0,https://thumbnail.image.rakuten.co.jp/@0_mall/kioskgift/cabinet/grapestone/imgrc0087550357.jpg?_ex=1024x1024,https://hb.afl.rakuten.co.jp/hgc/g00pjkgn.16t5uc85.g00pjkgn.16t5va90/?pc=https%3A%2F%2Fitem.rakuten.co.jp%2Fkioskgift%2F018-14%2F&m=http%3A%2F%2Fm.rakuten.co.jp%2Fkioskgift%2Fi%2F10002569%2F&rafcid=wsc_i_is_b93111dd-e085-46a2-a75f-28c1ee5d2de6
PRD_1508,아게시오 50g,あげ潮 50g,마루타야 양과자점(まるたや洋菓子店),REG_004,PRC_01,324,"상질의 가볍고 바삭한 식감을 자랑하는 쿠키입니다. 반죽에는 레이즌, 호두, 오렌지 필을 넣어 풍부한 맛과 향을 더했습니다. 코너플레이크를 입혀 더욱 사각거리는 식감을 극대화하도록 정성껏 만들었습니다. '아게시오'는 만조의 의미로, 받는 분에게 행운이 가득하기를 바라는 마음을 담았습니다.",아게시오는 단품 하나만 남겨 박스 구성 중복을 제거했다.,0,https://thumbnail.image.rakuten.co.jp/@0_gold/koreshika-oisizu/cabinet/ihan/ageshio2207s.jpg?_ex=1024x1024,https://hb.afl.rakuten.co.jp/hgc/g00s9r9n.16t5u9f3.g00s9r9n.16t5v4fe/?pc=https%3A%2F%2Fitem.rakuten.co.jp%2Fkoreshika-oisizu%2F10000053%2F&m=http%3A%2F%2Fm.rakuten.co.jp%2Fkoreshika-oisizu%2Fi%2F10000053%2F&rafcid=wsc_i_is_b93111dd-e085-46a2-a75f-28c1ee5d2de6
PRD_1509,치즈박스,チーズボックス,마루타야 양과자점(まるたや洋菓子店),REG_004,PRC_04,3499,"바삭한 쿠키반죽에 진한 크림치즈를 부어 구운 후, 식힌 부분에 신선한 사워크림을 얹은 특제 치즈케이크입니다. 쿠키반죽와 크림치즈, 사워크림의 세 가지 재료가 조화롭게 어우러진 것이 특징인 3단 구조의 케이크입니다. 진하면서도 산뜻한 뒷맛이 느껴져 깊은 풍미와 상쾌함을 동시에 즐길 수 있습니다. 엄선된 좋은 소재를 사용하여 다른 곳에서는 맛볼 수 없는 특별한 맛을 선사합니다.",냉장·냉동 이동이 가능할 때 고급 디저트 선물로 고르기 좋다.,0,https://thumbnail.image.rakuten.co.jp/@0_mall/candytower/cabinet/205000-206000/200539.jpg?_ex=1024x1024,https://hb.afl.rakuten.co.jp/hgc/g00q7ffn.16t5u048.g00q7ffn.16t5v623/?pc=https%3A%2F%2Fitem.rakuten.co.jp%2Fcandytower%2Fmk205539%2F&m=http%3A%2F%2Fm.rakuten.co.jp%2Fcandytower%2Fi%2F10037077%2F&rafcid=wsc_i_is_b93111dd-e085-46a2-a75f-28c1ee5d2de6
PRD_1510,대사구 치즈크림,大砂丘 チーズクリーム,타코만(たこまん),REG_004,PRC_01,180,시즈오카현 엔슈 지역 해안선에서 발견되는 '엔슈 대사구'의 아름다운 바람 무늬에 감명받아 탄생한 과자입니다. 창업자가 이 장엄한 풍경을 오감으로 느낄 수 있도록 어엿하게 표현하여 시즈오카 명과로 자리 잡았습니다. 단순함 속에 재료 본연의 맛과 부드러운 식감을 극대화하는 데 중점을 두었습니다. 이러한 깊은 뜻을 담아 반세기 이상 사랑받아 온 타코만 인기 제품입니다.,개별 구매가 쉬운 과자라 여행 중 맛보기용으로도 좋다.,0,https://dzwpvqehwr7zl.cloudfront.net/omios/products/generated/_review/PRD_1510/PRD_1510_packshot_v1.png,https://www.takoman.co.jp/70th-daisakyu/
PRD_1511,THE MILK 아사기리 밀크,THE MILK【朝霧ミルク】,타코만(たこまん),REG_004,PRC_01,280,아사기리 밀크는 아사기리 고원의 우유를 사용한 사블레 샌드 과자입니다. 바삭한 사블레 사이에 진한 밀크 크림과 버터 풍미가 들어가 부드럽고 고소한 맛을 냅니다. 차갑게 먹으면 아이스크림 같은 질감이 살아나는 시즈오카 디저트 상품입니다.,차나 커피와 곁들이기 좋은 부드러운 밀크 디저트 선물이다.,0,https://dzwpvqehwr7zl.cloudfront.net/omios/products/generated/_review/PRD_1511/PRD_1511_packshot_v1.png,https://www.takoman.co.jp/okashi/themilk/
PRD_1512,프리미엄 MATCHA 7 스틱 초콜릿,PREMIUM MATCHA 7 スティック型チョコ,나나야(ななや),REG_004,PRC_03,2160,"최고급 말차를 사용하여 짙은 녹차의 농도가 다른 총 8가지 종류의 초콜릿을 만날 수 있습니다. 이 제품들은 마치 아름다운 파스텔 그라데이션 같은 비주얼이 특징입니다. 특히 최고 농도의 레벨 7은 형태가 무너질 정도로 진한 말차를 구현하기 위해 한계를 넘나들며 만든 역작입니다. 총 8가지 종류(말차 초콜릿과 진한 홍차 초콜릿)로 구성되어 있으며, 각 2개씩 총 16개의 스틱 세트입니다. 이 제품은 초콜릿 부문에서 가장 인기 있는 상품으로 알려져 있습니다.",말차 덕후나 디저트 취향 친구에게 시즈오카 차 이미지를 강하게 전달할 수 있다.,0,https://dzwpvqehwr7zl.cloudfront.net/omios/products/generated/_review/PRD_1512/PRD_1512_packshot_v1.png,https://nanaya-matcha.com/?pid=148029766
PRD_1513,TEA CHOCOLATE MATCHA 7,TEA CHOCOLATE MATCHA 7 8種各4個入り,나나야(ななや),REG_004,PRC_02,1620,"지방 함량이 적어 일반 초콜릿보다 깔끔하고 산뜻한 뒷맛이 특징입니다. 시즈오카 말차 스위츠 팩토리 나나야에서 선보이는 제품으로, 다양한 종류의 녹차와 말차가 담겨 있습니다. 이 세트는 농도가 다른 7가지 종류의 초콜릿을 맛볼 수 있도록 구성되어 있어 여러 가지 풍미를 즐길 수 있습니다. 말차 아이스크림이나 말차 초콜릿 등 다채로운 말차 스위츠가 포함된 선물용 제품입니다.",냉장 보관이 가능하다면 여러 맛을 비교하는 재미가 있다.,0,https://thumbnail.image.rakuten.co.jp/@0_mall/pandacn/cabinet/imgrc0091688259.jpg?_ex=1024x1024,https://hb.afl.rakuten.co.jp/hgc/g00uc24n.16t5ue01.g00uc24n.16t5vbf8/?pc=https%3A%2F%2Fitem.rakuten.co.jp%2Fpandacn%2F12422312%2F&m=http%3A%2F%2Fm.rakuten.co.jp%2Fpandacn%2Fi%2F10010239%2F&rafcid=wsc_i_is_b93111dd-e085-46a2-a75f-28c1ee5d2de6
PRD_1514,나나야 흑컵초코 말차 NO.1,7粒入 黒カップチョコ 抹茶NO．1,나나야(ななや),REG_004,PRC_01,756,"나나야 흑컵초코 말차 넘버 원은 시즈오카 말차 전문 브랜드 나나야의 컵형 말차 초콜릿입니다. 검은 종이컵 같은 패키지에 담긴 초콜릿으로, 말차 농도 단계 중 가장 가벼운 넘버 원부터 진한 단계까지 고를 수 있는 라인업에 속합니다. 말차의 향을 살린 화이트 초콜릿 베이스 디저트라 녹차 맛 초콜릿을 부담 없이 맛보기 좋은 상품입니다.",작은 컵 포장이라 고급 말차 초콜릿을 부담 없이 건네기 좋다.,0,https://dzwpvqehwr7zl.cloudfront.net/omios/products/generated/_review/PRD_1514/PRD_1514_packshot_v1.png,https://nanaya-matcha.com/?pid=124913667
PRD_1515,시즈오카 한정 차즈케 세트,静岡限定 しらす茶づけとわさび茶づけと桜えび茶づけ,나가타니엔(永谷園),REG_004,PRC_01,907,"시즈오카 한정 차즈케 세트는 시라스, 와사비, 사쿠라새우의 지역 식재료 이미지를 담은 밥용 조미 세트입니다. 뜨거운 물이나 차를 부으면 각각의 해산물 향과 매콤한 와사비 풍미가 살아납니다. 시즈오카의 바다와 산 맛을 간편한 한 그릇으로 즐길 수 있는 상품입니다.",가볍고 상온 보관이 가능해 직장동료용 실용 선물로 좋다.,1,https://dzwpvqehwr7zl.cloudfront.net/omios/products/generated/_review/PRD_1515/PRD_1515_packshot_v1.png,https://www.nagatanien.co.jp/product/detail/26/
PRD_1516,오이와케 양갱,追分羊羹,오이와케 양갱(追分羊羹),REG_004,PRC_02,1350,오이와케 양갱은 시즈오카 시미즈 지역의 전통 양갱 상품이다. 대나무 껍질로 감싸 만든 양갱이라 포장을 열면 대나무 향이 은은하게 배어 나온다. 단정한 단맛과 향을 함께 느낄 수 있어 차와 곁들이는 시즈오카식 화과자로 어울린다.,묵직한 전통 과자라 부모님이나 은사 선물로 어울린다.,0,https://dzwpvqehwr7zl.cloudfront.net/omios/products/generated/_review/PRD_1516/PRD_1516_packshot_v1.png,https://www.jr-plus.co.jp/gift/000728/
PRD_1517,8의 자,8の字,카쿠젠 쿠와나야(カクゼン桑名屋),REG_004,PRC_01,410,"8의 자는 시즈오카에서 오래 사랑받아 온 숫자 8 모양의 구움과자입니다. 밀가루, 설탕, 달걀을 중심으로 한 단순한 재료로 구워 소박하고 고소한 맛을 냅니다. 바삭하게 씹히면서도 입안에서 부드럽게 풀리는 식감이 특징이며, 길한 의미의 8자 모양 덕분에 지역 선물 과자로도 인기가 있습니다.",작고 가벼워 부담 없는 지역 과자 선물로 넣기 좋다.,0,https://thumbnail.image.rakuten.co.jp/@0_mall/wealthylife/cabinet/8noji/8_8mitsu_s.jpg?_ex=1024x1024,https://hb.afl.rakuten.co.jp/hgc/g00rwsnn.16t5u113.g00rwsnn.16t5v4b4/?pc=https%3A%2F%2Fitem.rakuten.co.jp%2Fwealthylife%2F8noji-03%2F&m=http%3A%2F%2Fm.rakuten.co.jp%2Fwealthylife%2Fi%2F10000360%2F&rafcid=wsc_i_is_b93111dd-e085-46a2-a75f-28c1ee5d2de6
PRD_1518,시즈오카 명물 시조카 오뎅캔,静岡名物 しぞーかおでん缶,텐진야(天神屋),REG_004,PRC_01,650,"1954년에 창업한 텐진야의 제품으로, 깊고 진한 국물이 특징인 시즈오카 명물 오뎅캔입니다. 손바닥만 한 크기의 이 간편한 캔은 다시마 육수와 오뎅 재료 본연의 감칠맛이 어우러져 시즈오카의 맛을 쉽게 즐길 수 있습니다. 국내산 꼬치어묵, 고기 완자, 흰 녹두 전분면, 검은 한펜 등 다양한 식재료가 가득 담겨 있어 풍부한 맛을 자랑합니다. 캠핑이나 야외 활동 등 여러 상황에서 간편하게 따뜻한 오뎅 국물을 즐길 수 있습니다.",상온 보관이 가능해 캠핑이나 야식용 선물로 재미가 있다.,0,https://dzwpvqehwr7zl.cloudfront.net/omios/products/generated/_review/PRD_1518/PRD_1518_packshot_v1.png,https://www.amazon.co.jp/dp/B0F7H63DZH
PRD_1519,구로한펜 10장,黒はんぺん,카네요상점(カネヨ商店),REG_004,PRC_01,810,"구로한펜은 시즈오카와 야이즈 지역의 명물로 알려진 어묵류 식품이다. 고등어와 정어리를 주원료로 통째로 갈아 만들어 검은빛이 도는 색과 진한 생선 풍미가 특징이다. 그대로 먹거나 구워 먹고, 튀김이나 오뎅 재료로도 활용할 수 있는 서민적인 반찬이다.",냉장 상품이라 귀국 직전 구매하거나 국내 이동 시간이 짧을 때 적합하다.,0,https://thumbnail.image.rakuten.co.jp/@0_mall/kojistore/cabinet/select_lp/12308197/1129-005544.jpg?_ex=1024x1024,https://hb.afl.rakuten.co.jp/hgc/g00tm1rn.16t5u43b.g00tm1rn.16t5v2c0/?pc=https%3A%2F%2Fitem.rakuten.co.jp%2Fkojistore%2F1129-005544%2F&m=http%3A%2F%2Fm.rakuten.co.jp%2Fkojistore%2Fi%2F10008676%2F&rafcid=wsc_i_is_b93111dd-e085-46a2-a75f-28c1ee5d2de6
PRD_1520,가마아게 시라스 캔,釜揚げしらす缶詰,시즈오카 수산가공품(静岡水産加工品),REG_004,PRC_01,432,"가마아게 시라스 캔은 스루가만에서 잡히는 시즈오카 명물 시라스를 담은 수산 캔 상품이다. 독자적인 통조림 제법으로 불필요한 재료를 넣지 않고, 시라스의 맛을 가능한 그대로 가두는 데 초점을 둔다. 상온 보관이 쉬워 술안주나 밥반찬으로 시즈오카 바다 맛을 간편하게 즐길 수 있다.",깨지지 않고 가벼워 해산물 선물을 간단히 전하고 싶을 때 좋다.,0,https://thumbnail.image.rakuten.co.jp/@0_mall/uzumasa/cabinet/goods1/00401260.jpg?_ex=1024x1024,https://hb.afl.rakuten.co.jp/hgc/g00pnkan.16t5ue09.g00pnkan.16t5vc3c/?pc=https%3A%2F%2Fitem.rakuten.co.jp%2Fuzumasa%2F00401260%2F&m=http%3A%2F%2Fm.rakuten.co.jp%2Fuzumasa%2Fi%2F10036565%2F&rafcid=wsc_i_is_b93111dd-e085-46a2-a75f-28c1ee5d2de6
PRD_1521,오차 나마 사브레,お茶生サブレ,오야이즈 세이이치 상점(小柳津清一商店),REG_004,PRC_02,1180,"오차 나마 사브레는 말차 생초콜릿을 넣은 부드러운 쿠키 상품이다. 일반적인 바삭한 쿠키보다 촉촉하고 말랑한 식감을 살려, 어린이와 어르신도 먹기 쉬운 신감각 과자로 소개된다. 말차의 쌉싸름한 향과 생초콜릿의 부드러운 단맛이 함께 느껴지는 차 과자다.",일반 바삭한 쿠키보다 부드러워 어린이나 어른 모두 먹기 편하다.,0,https://thumbnail.image.rakuten.co.jp/@0_gold/oyaizu/img/lp-sabouret/img03.jpg?_ex=1024x1024,https://hb.afl.rakuten.co.jp/hgc/g00s4svn.16t5ub61.g00s4svn.16t5v9c3/?pc=https%3A%2F%2Fitem.rakuten.co.jp%2Foyaizu%2F10000011%2F&m=http%3A%2F%2Fm.rakuten.co.jp%2Foyaizu%2Fi%2F10000011%2F&rafcid=wsc_i_is_b93111dd-e085-46a2-a75f-28c1ee5d2de6
PRD_1522,시즈오카 말차 바움쿠헨,静岡抹茶バウムクーヘン,오야이즈 세이이치 상점(小柳津清一商店),REG_004,PRC_02,1450,시즈오카 말차 바움쿠헨입니다. 부드러우면서도 깊은 풍미가 느껴지는 바움쿠헨을 맛볼 수 있습니다. 입안 가득 퍼지는 진하고 고소한 매력이 돋보이는 제품입니다.,시즈오카 차 이미지를 살린 홀 디저트라 가족 선물로 좋다.,0,https://thumbnail.image.rakuten.co.jp/@0_mall/oyaizu/cabinet/kisetu/father/10000005_dad.jpg?_ex=1024x1024,https://hb.afl.rakuten.co.jp/hgc/g00s4svn.16t5ub61.g00s4svn.16t5v9c3/?pc=https%3A%2F%2Fitem.rakuten.co.jp%2Foyaizu%2F10000005%2F&m=http%3A%2F%2Fm.rakuten.co.jp%2Foyaizu%2Fi%2F10000005%2F&rafcid=wsc_i_is_b93111dd-e085-46a2-a75f-28c1ee5d2de6
PRD_1523,구로야쓰 15개입,黒大奴,시미즈야(清水屋),REG_004,PRC_02,1350,구로야쓰는 고운 팥소를 다시마가 들어간 양갱으로 감싼 한입 크기 시즈오카 화과자다. 속은 촉촉한 고급 고시앙이고 겉은 양갱의 매끈한 단맛이 감싸는 구조다. 작게 집어 먹기 쉬운 크기라 차 자리나 선물용 과자로 잘 어울린다.,이름과 외형이 독특해 전통 과자 중에서도 기억에 남기 쉽다.,0,https://thumbnail.image.rakuten.co.jp/@0_mall/tea-agent/cabinet/05473552/08348475/737.jpg?_ex=1024x1024,https://hb.afl.rakuten.co.jp/hgc/g00sq20n.16t5u580.g00sq20n.16t5v97b/?pc=https%3A%2F%2Fitem.rakuten.co.jp%2Ftea-agent%2F10000737%2F&m=http%3A%2F%2Fm.rakuten.co.jp%2Ftea-agent%2Fi%2F10000986%2F&rafcid=wsc_i_is_b93111dd-e085-46a2-a75f-28c1ee5d2de6
PRD_1524,사쿠라에비 센베이 얇은구이 봉지,桜えびせんべい薄焼き袋入,야마키혼포(山喜本舗),REG_004,PRC_01,756,"사쿠라에비 센베이 얇은구이 봉지는 시즈오카현산 사쿠라 새우의 풍미를 살린 얇은 센베이입니다. 야마키혼포의 대표 과자로 소개되는 상품이며, 얇게 구운 식감 덕분에 가볍고 바삭하게 먹기 좋습니다. 기름에 튀기지 않는 방식으로 담백함을 강조해, 새우의 고소한 향과 산뜻한 맛을 함께 즐길 수 있는 지역 과자입니다.",가볍고 바삭해 스루가만 해산물 느낌을 부담 없이 전할 수 있다.,0,https://dzwpvqehwr7zl.cloudfront.net/omios/products/generated/_review/PRD_1524/PRD_1524_packshot_v1.png,https://yaizu-marche.jp/products/443
PRD_1525,시라스 센베이,しらすせんべい,카즈사야 관광(カズサヤ観光),REG_004,PRC_01,756,"시즈오카현산의 신선한 시라스를 주재료로 만든 센베이입니다. 시즈오카현산 시라스 100%를 사용하여 만들었으며, 신선한 시라스를 반죽에 곱게 넣어 고소하게 구워냈습니다. 바삭하고 향긋하게 구워진 맛과 풍미가 특징인 제품입니다.",단 과자가 많은 구성에서 짭짤한 과자 선택지로 균형을 잡아준다.,0,https://thumbnail.image.rakuten.co.jp/@0_mall/chinmiya/cabinet/layout/kashi/shirasusenbei_70_1.jpg?_ex=1024x1024,https://hb.afl.rakuten.co.jp/hgc/g00pjtqn.16t5u0a8.g00pjtqn.16t5vd97/?pc=https%3A%2F%2Fitem.rakuten.co.jp%2Fchinmiya%2F062304%2F&m=http%3A%2F%2Fm.rakuten.co.jp%2Fchinmiya%2Fi%2F10001048%2F&rafcid=wsc_i_is_b93111dd-e085-46a2-a75f-28c1ee5d2de6
PRD_1526,시즈오카의 이대보 센베이,静岡の二大宝／金目鯛と桜えびせんべい,카즈사야 관광(カズサヤ観光),REG_004,PRC_01,756,"시즈오카의 이대보 센베이는 금눈다이와 벚꽃 새우를 활용한 특별한 맛의 센베이입니다. 이름에서 알 수 있듯이, 시즈오카 지역을 대표하는 두 가지 귀한 재료가 어우러진 제품입니다. 바삭하게 즐길 수 있는 이 센베이는 카즈사야 관광에서 선보이는 상품으로, 깊은 풍미를 자랑합니다.",이즈와 스루가만 해산물 이미지를 한 번에 보여주는 간식 선물이다.,0,https://dzwpvqehwr7zl.cloudfront.net/omios/products/generated/_review/PRD_1526/PRD_1526_packshot_v1.png,https://shop.kazusaya-kanko.com/products/kinmedai-sakuraebi-senbei
PRD_1527,스루가만 시라스·사쿠라에비 센베이 세트,駿河湾しらすせんべい13枚＆桜えびせんべい13枚,이즈 무라노에키(伊豆・村の駅),REG_004,PRC_02,1404,"인기가 많은 스루가만의 센베이 시리즈를 한데 모은 구성품입니다. 이 세트는 스루가만 시라스 센베이 13매와 사쿠라에비 센베이 13매로 이루어진 기획 상자입니다. 특히 사쿠라에비 센베이는 스루가만산 사쿠라에비를 넣어 만들었으며, 먹기 편한 식감으로 완성했습니다.",해산물 과자를 한 상자로 비교할 수 있어 가족용으로 편하다.,0,https://thumbnail.image.rakuten.co.jp/@0_mall/muranoeki/cabinet/sg/sirasugohan00.jpg?_ex=1024x1024,https://hb.afl.rakuten.co.jp/hgc/g00q3esn.16t5u327.g00q3esn.16t5v357/?pc=https%3A%2F%2Fitem.rakuten.co.jp%2Fmuranoeki%2Fm001-062470%2F&m=http%3A%2F%2Fm.rakuten.co.jp%2Fmuranoeki%2Fi%2F10003092%2F&rafcid=wsc_i_is_b93111dd-e085-46a2-a75f-28c1ee5d2de6
PRD_1528,미카비 미칸 젤리,三ヶ日みかんゼリー,쇼메이도(フルーツShomeido),REG_004,PRC_03,2650,"미카비 미칸 젤리는 특선 과일로 만든 고급스러운 맛의 젤리입니다. 이 제품은 지중해산 크라운멜론과 잘 익은 마스크 멜론 '아마네' 등 신선한 재료를 활용했습니다. 단순히 젤리로만 즐기는 것이 아니라, 100% 과일 주스처럼 깊고 진한 풍미를 느낄 수 있습니다. 미카비 미칸의 상큼함과 고급스러운 과일 향이 어우러져 특별한 맛을 선사합니다.",상큼한 과일 선물이라 어린이와 가족 모두에게 무난하다.,0,https://thumbnail.image.rakuten.co.jp/@0_mall/kojistore/cabinet/select_lp/imgrc0146906573.jpg?_ex=1024x1024,https://hb.afl.rakuten.co.jp/hgc/53033622.7bbb75b6.53033623.c98a76f0/?pc=https%3A%2F%2Fitem.rakuten.co.jp%2Fkojistore%2F1129-010851%2F&m=https%3A%2F%2Fitem.rakuten.co.jp%2Fkojistore%2F1129-010851%2F
PRD_1529,이시마쓰 교자 60개입 기프트박스,石松ぎょうざ 60個入り ギフトBOX,이시마쓰 교자(石松餃子),REG_004,PRC_05,4320,"이시마쓰 교자 육십 개입 기프트박스는 하마마츠 교자를 넉넉하게 담은 냉동 만두 세트입니다. 대표점 이시마쓰의 교자를 집에서 구워 먹기 좋게 구성해, 얇은 피와 채소·고기 소의 균형을 즐길 수 있습니다. 하마마츠 지역의 교자 문화를 가족이나 모임에서 나누기 좋은 대용량 상품입니다.",냉동 배송 또는 숙소 보관이 가능할 때 지역 음식 선물로 임팩트가 크다.,0,https://dzwpvqehwr7zl.cloudfront.net/omios/products/generated/_review/PRD_1529/PRD_1529_packshot_v1.png,https://umachokubin.com/view/item/000000000914
PRD_1530,하마나코 우나기 가바야키 세트,浜名湖うなぎ蒲焼 セット,하마나코 양어어업협동조합(浜名湖養魚漁業協同組合),REG_004,PRC_06,5999,하마나코 우나기 가바야키 세트는 시즈오카 하마나호의 장어 이미지를 담은 구운 장어 상품입니다. 달콤짭짤한 양념을 발라 구운 장어를 밥 위에 올리면 진한 감칠맛을 즐길 수 있습니다. 지역 수산물의 고급스러운 맛을 집에서 간편하게 먹기 좋은 세트입니다.,가격대는 높지만 시즈오카 식재료 선물로 격식 있게 전하기 좋다.,0,https://thumbnail.image.rakuten.co.jp/@0_mall/japanpost-ts/cabinet/26otoriyose/8325210117.jpg?_ex=1024x1024,https://hb.afl.rakuten.co.jp/hgc/53033622.7bbb75b6.53033623.c98a76f0/?pc=https%3A%2F%2Fitem.rakuten.co.jp%2Fjapanpost-ts%2F4967030714%2F&m=https%3A%2F%2Fitem.rakuten.co.jp%2Fjapanpost-ts%2F4967030714%2F
PRD_1531,스루가 다케센스지 세공 화기 동구리/구리,花器 団栗（どんぐり）/栗,스루가 트래드(駿河トラッド),REG_004,PRC_06,8800,"이 화기는 동구리 또는 구리로 세공된 화기입니다. 제품의 디자인은 도토리에서 영감을 받아 제작되었습니다. 특히, 도토리가 굴러가는 듯한 생동감 있는 모습을 표현했습니다. 이 작품은 다른 요소와 함께 연상되는 느낌을 담아 완성되었습니다.",식품이 아닌 오래 남는 전통공예 선물로 차별화하기 좋다.,1,https://dzwpvqehwr7zl.cloudfront.net/omios/products/generated/_review/PRD_1531/PRD_1531_packshot_v1.png,https://www.suruga-trad.jp/products/donguri_kuri/
PRD_1532,후지산 데누구이,富士山てぬぐい,스루가 트래드(駿河トラッド),REG_004,PRC_01,990,"후지산 데누구이는 시즈오카 전통 염색 기법으로 만든 후지산 무늬 손수건이다. 장인이 손수건에 풀을 바르고 여러 장을 겹친 뒤 본염 방식으로 물들이는 제품이라 색과 무늬에 개체 차이가 생긴다. 민예품 성격의 면 손수건으로, 세탁은 손세탁이 권장되는 전통 공예 잡화다.",가볍고 부피가 작아 식품이 부담스러운 사람에게 실용적이다.,1,https://thumbnail.image.rakuten.co.jp/@0_mall/esumi/cabinet/imgrc0085209990.jpg?_ex=1024x1024,https://hb.afl.rakuten.co.jp/hgc/g00rtwgn.16t5u20f.g00rtwgn.16t5v837/?pc=https%3A%2F%2Fitem.rakuten.co.jp%2Fesumi%2F10002433%2F&m=http%3A%2F%2Fm.rakuten.co.jp%2Fesumi%2Fi%2F10002433%2F&rafcid=wsc_i_is_b93111dd-e085-46a2-a75f-28c1ee5d2de6
PRD_1533,후지 데누구이,富士てぬぐい,스루가 트래드(駿河トラッド),REG_004,PRC_03,2200,"후지산을 모티브로 하여 제작된 수건입니다. 손으로 그린 원화 그림을 바탕으로 디자인되었으며, 전통적인 로케츠 염색 기법이 적용되었습니다. 전체적으로 회색과 여러 색상이 조화롭게 물들어 다채로운 패턴을 자랑합니다.",패턴이 차분해 인테리어 소품이나 포장 천처럼 활용하기 좋다.,1,https://thumbnail.image.rakuten.co.jp/@0_mall/nijiyura/cabinet/07718348/07718471/10542139/imgrc0121218388.jpg?_ex=1024x1024,https://hb.afl.rakuten.co.jp/hgc/g00ttm0n.16t5u2be.g00ttm0n.16t5v2b0/?pc=https%3A%2F%2Fitem.rakuten.co.jp%2Fnijiyura%2Ftc60001%2F&m=http%3A%2F%2Fm.rakuten.co.jp%2Fnijiyura%2Fi%2F10000568%2F&rafcid=wsc_i_is_b93111dd-e085-46a2-a75f-28c1ee5d2de6
PRD_1534,엔슈 면츠무기 손수건,遠州綿紬 はんかち,누쿠모리 공방(ぬくもり工房),REG_004,PRC_02,1320,"엔슈 면츠무기는 일상생활에서 자주 사용하기 좋은 인기 상품입니다. 일본의 사계절을 담은 '일본색'을 사용하여, 색감과 무늬, 그리고 직물의 질감에서 전통적인 아름다움과 높은 품질을 느낄 수 있습니다. 또한 헤이안 시대부터 이어져 온 역사를 지니고 있어 깊은 문화적 배경을 간직하고 있습니다. 손수건 외에도 부채, 타월 등 다양한 생활용품으로 제작되어 활용도가 높습니다.",가볍고 오래 남아 실용적인 비식품 기념품으로 좋다.,1,https://thumbnail.image.rakuten.co.jp/@0_mall/yellowstudio/cabinet/itemimg/12601_tn.jpg?_ex=1024x1024,https://hb.afl.rakuten.co.jp/hgc/g00q2gin.16t5u565.g00q2gin.16t5v950/?pc=https%3A%2F%2Fitem.rakuten.co.jp%2Fyellowstudio%2F12601%2F&m=http%3A%2F%2Fm.rakuten.co.jp%2Fyellowstudio%2Fi%2F10008265%2F&rafcid=wsc_i_is_b93111dd-e085-46a2-a75f-28c1ee5d2de6
PRD_1535,엔슈 면츠무기 명함지갑,遠州綿紬 名刺入れ,누쿠모리 공방(ぬくもり工房),REG_004,PRC_04,3300,"이 제품은 시즈오카현 하마마쓰시의 인기 전통 공예품인 '엔슈 멘츠무기' 브랜드 와자카입니다. 엔슈 멘츠무기의 특징을 살린 줄무늬나 격자 무늬(체크)를 디자인에서 즐길 수 있습니다. 명함 지갑으로 활용할 수 있을 뿐만 아니라 일상생활에서 사용하기 편리한 카드 케이스로도 어울립니다. 처음 인사를 나눌 때 은은하게 엔슈 멘츠무기를 담아낼 수 있으며, 그 역사와 문화적 가치를 느낄 수 있습니다.",취업 준비생이나 직장인에게 지역성과 실용성을 함께 줄 수 있다.,1,https://thumbnail.image.rakuten.co.jp/@0_mall/sobagni/cabinet/item/shimatsumugi/shimatsumugi01.jpg?_ex=1024x1024,https://hb.afl.rakuten.co.jp/hgc/g00tzipn.16t5u766.g00tzipn.16t5vbee/?pc=https%3A%2F%2Fitem.rakuten.co.jp%2Fsobagni%2Fsobagnik6267cdc%2F&m=http%3A%2F%2Fm.rakuten.co.jp%2Fsobagni%2Fi%2F10000763%2F&rafcid=wsc_i_is_b93111dd-e085-46a2-a75f-28c1ee5d2de6
PRD_1536,아자리모치 10개입,阿闍梨餅 10個入,만게츠(満月),REG_032,PRC_02,1522,"아자리모치는 교토 만게츠를 대표하는 반생과자입니다. 히에이산에서 수행하는 고승인 아자리의 삿갓을 본뜬 모양으로, 떡가루와 달걀 등을 섞은 비전의 반죽에 단바 다이나곤 팥앙금을 감싸 구워냅니다. 겉은 얇고 쫀득하며 속은 은은하게 달콤해, 도라야키와 비슷해 보이면서도 더 탄력 있는 식감이 특징입니다.",상온 보관 가능한 단정한 상자 구성이라 가족이나 어른 선물로 고르기 좋다.,1,https://thumbnail.image.rakuten.co.jp/@0_mall/shop-tlc2525/cabinet/biiino/item/main-image/20230225210040_1.jpg?_ex=1024x1024,https://hb.afl.rakuten.co.jp/hgc/g00ual3n.16t5u7d2.g00ual3n.16t5vfec/?pc=https%3A%2F%2Fitem.rakuten.co.jp%2Fshop-tlc2525%2Fajyarihako10%2F&m=http%3A%2F%2Fm.rakuten.co.jp%2Fshop-tlc2525%2Fi%2F10000061%2F&rafcid=wsc_i_is_b93111dd-e085-46a2-a75f-28c1ee5d2de6
PRD_1537,오타베 닛키·말차 8개입,おたべ にっき抹茶 8個入,오타베(おたべ),REG_032,PRC_01,756,"오타베의 시그니처 간식인 생야츠하시에 직접 만든 앙금을 채워 넣은 제품입니다. 오타베는 생산자의 얼굴이 담긴 원료를 사용하고자 하는 마음으로, 국내산 특별 재배 현미를 공수하여 교토에서 정성껏 완성합니다. 특히 아즈키콩 본연의 풍미가 그대로 느껴지도록 은은한 단맛으로 마무리한 팥소가 특징입니다. 언제 먹어도 맛있고 함께 나누기 좋은 맛을 자랑하며, 깊이 있는 말차 향과 조화롭게 어우러집니다.",유통기한이 길지 않으므로 귀국 직전 교토역 주변에서 사는 편이 안전하다.,1,https://thumbnail.image.rakuten.co.jp/@0_mall/kukou-wakou/cabinet/12734422/otabe003.jpg?_ex=1024x1024,https://hb.afl.rakuten.co.jp/hgc/g00qlf0n.16t5u18d.g00qlf0n.16t5v93a/?pc=https%3A%2F%2Fitem.rakuten.co.jp%2Fkukou-wakou%2Fotabe8%2F&m=http%3A%2F%2Fm.rakuten.co.jp%2Fkukou-wakou%2Fi%2F10000342%2F&rafcid=wsc_i_is_b93111dd-e085-46a2-a75f-28c1ee5d2de6
PRD_1538,교바움 3.5cm,京ばあむ 3.5cm厚,교바움(京ばあむ),REG_032,PRC_02,1577,이 제품은 교바움 시리즈에 속하는 상품입니다. 말차와 두유를 주재료로 사용하여 맛을 낸 바름쿠헨입니다. 부드러운 식감의 디저트 형태로 즐기실 수 있습니다. 본 상품의 크기는 3.5센티미터입니다.,부피가 조금 있어 캐리어 공간을 고려하면 마지막 쇼핑 코스로 사기 좋다.,1,https://thumbnail.image.rakuten.co.jp/@0_mall/kukou-wakou/cabinet/12726454/kyobaum001.jpg?_ex=1024x1024,https://hb.afl.rakuten.co.jp/hgc/g00qlf0n.16t5u18d.g00qlf0n.16t5v93a/?pc=https%3A%2F%2Fitem.rakuten.co.jp%2Fkukou-wakou%2Fkyobaum10%2F&m=http%3A%2F%2Fm.rakuten.co.jp%2Fkukou-wakou%2Fi%2F10000239%2F&rafcid=wsc_i_is_b93111dd-e085-46a2-a75f-28c1ee5d2de6
PRD_1539,차노카 3매입,茶の菓 3枚入,마르브랑슈(マールブランシュ),REG_032,PRC_01,570,"셰프의 기술과 오감을 담아 부드럽게 녹는 라앙드샤 쿠키에 풍부한 밀크 향의 오리지널 화이트 초콜릿을 채워 넣었습니다. 제품에는 '차노카'를 위해 최적의 균형으로 블렌딩된 진하고 깊은 차가 사용되었습니다. 전문 팀과 농장들이 토지 조성부터 공들여 키운 찻잎을 정성껏 선별하여, 최고의 맛과 향이 담긴 진한 차로 조화시켰습니다. '합조'라는 장인의 기술로 변함없는 품질을 유지하며, 이 모든 과정이 '차노카'의 깊은 풍미를 만들어냅니다.",소량 패키지는 부담이 적어 여러 명에게 나눠 줄 기념품으로 활용하기 쉽다.,1,https://dzwpvqehwr7zl.cloudfront.net/omios/products/generated/_review/PRD_1539/PRD_1539_packshot_v1.png,https://www.malebranche-shop.jp/i/000800290
PRD_1540,쓰지리노사토 21개입,つじりの里 21本入り,기온쓰지리(祇園辻利),REG_032,PRC_02,1296,기온쓰지리의 인기 녹차 과자 '츠지리노사토'입니다. 진한 돌절구로 간 말차 크림을 얇게 구운 로열 센베이에 정성껏 감싼 제품입니다. 이 과자는 농후한 말차 크림과 가볍고 바삭한 로열 센베이의 식감이 조화롭게 어우러져 인기가 높습니다.,개수가 넉넉해 사무실이나 동아리처럼 여러 명에게 나눠 주기 좋다.,1,https://thumbnail.image.rakuten.co.jp/@0_mall/giontsujiri/cabinet/newlogo_thumb/31313.jpg?_ex=1024x1024,https://hb.afl.rakuten.co.jp/hgc/g00u8aqn.16t5u584.g00u8aqn.16t5v9e9/?pc=https%3A%2F%2Fitem.rakuten.co.jp%2Fgiontsujiri%2F31313%2F&m=http%3A%2F%2Fm.rakuten.co.jp%2Fgiontsujiri%2Fi%2F10000002%2F&rafcid=wsc_i_is_b93111dd-e085-46a2-a75f-28c1ee5d2de6
PRD_1541,시치미야 칠미봉지 대,七味袋（大）,시치미야혼포(七味家本舗),REG_032,PRC_02,1080,"이 제품은 교토의 명물로, 일본 3대 시치미(일곱 가지 향신료) 중 하나로 손꼽힙니다. 오랜 역사를 지닌 교토 청수사 참도에서 전해져 내려오는 전통적인 맛을 자랑합니다. 매운맛을 적당히 조절하면서도 풍미가 사라지지 않는 것이 특징입니다. 교토의 상징적인 지역인 기요미즈와 산넨자카를 배경으로 하는 명품 향신료 '시치미 토가라시'입니다.",요리를 자주 하는 사람에게 가볍게 건네기 좋은 실용적인 조미료 선물이다.,1,https://thumbnail.image.rakuten.co.jp/@0_mall/fujimuraya/cabinet/e0500l.jpg?_ex=1024x1024,https://hb.afl.rakuten.co.jp/hgc/g00qcaqn.16t5u09e.g00qcaqn.16t5v267/?pc=https%3A%2F%2Fitem.rakuten.co.jp%2Ffujimuraya%2Fe0500%2F&m=http%3A%2F%2Fm.rakuten.co.jp%2Ffujimuraya%2Fi%2F10001173%2F&rafcid=wsc_i_is_b93111dd-e085-46a2-a75f-28c1ee5d2de6
PRD_1542,하라료카쿠 흑칠미 봉지 대,黒七味 袋（大）,하라료카쿠(原了郭),REG_032,PRC_01,540,"하라료카쿠 흑칠미 봉지 대형은 교토 기온의 향신료점 하라료카쿠가 다루는 흑칠미 상품이다. 흑칠미는 여러 향신료를 어둡게 볶아 깊은 향을 살린 교토식 조미료로, 국수와 덮밥, 구이 요리에 소량 뿌려 풍미를 더한다. 봉지형 대용량 구성이라 집에서 기존 용기에 보충해 쓰기 좋은 향신료 상품이다.","작고 가벼워 여러 개 사도 부담이 적고, 면 요리나 고기 요리에 곁들이기 좋다.",1,https://thumbnail.image.rakuten.co.jp/@0_mall/fujimuraya/cabinet/e0500l.jpg?_ex=1024x1024,https://hb.afl.rakuten.co.jp/hgc/g00qcaqn.16t5u09e.g00qcaqn.16t5v267/?pc=https%3A%2F%2Fitem.rakuten.co.jp%2Ffujimuraya%2Fe0500%2F&m=http%3A%2F%2Fm.rakuten.co.jp%2Ffujimuraya%2Fi%2F10001173%2F&rafcid=wsc_i_is_b93111dd-e085-46a2-a75f-28c1ee5d2de6
PRD_1543,센차 호센 소캔 95g,煎茶 芳泉 小缶箱 95g,잇포도차호(一保堂茶舗),REG_032,PRC_03,2160,센차 호센은 교토 잇포도차호가 다루는 대표적인 센차 상품입니다. 부드러운 감칠맛과 녹차 특유의 산뜻한 향이 균형을 이루어 일상 차로 마시기 좋습니다. 작은 캔 상자에 담겨 향 보관이 쉽고 선물용 차로도 어울립니다.,"캔 포장이라 격식이 있고, 차를 즐기는 부모님이나 은사 선물로 무난하다.",1,https://dzwpvqehwr7zl.cloudfront.net/omios/products/generated/_review/PRD_1543/PRD_1543_packshot_v1.png,https://www.ippodo-tea.co.jp/products/sencha503126
PRD_1544,니시리 센마이즈케 100g,千枚漬 100g,교쓰케모노 니시리(京つけもの西利),REG_032,PRC_01,864,"교쓰케모노 니시리에서 선보이는 천매이즈케 100그램입니다. 이 제품은 교토의 전통적인 장아찌로, 식탁을 풍요롭게 채워줍니다. 아침 식사 때 간편하게 즐길 수 있는 '다시차즈케'에 활용하기 좋습니다. 니시리 특유의 맛으로 속과 마음까지 든든하게 채우며 하루를 시작할 수 있습니다.",냉장 보관 상품이라 숙소 냉장고와 귀국 시간을 고려해 구매하는 것이 좋다.,1,https://thumbnail.image.rakuten.co.jp/@0_mall/nishiri/cabinet/0010_00.jpg?_ex=1024x1024,https://hb.afl.rakuten.co.jp/hgc/g00sp4en.16t5ue95.g00sp4en.16t5vc15/?pc=https%3A%2F%2Fitem.rakuten.co.jp%2Fnishiri%2F10000001%2F&m=http%3A%2F%2Fm.rakuten.co.jp%2Fnishiri%2Fi%2F10000001%2F&rafcid=wsc_i_is_b93111dd-e085-46a2-a75f-28c1ee5d2de6
PRD_1545,프리미엄 센주센베이 6매입,プレミアム千寿せんべい 6枚入,고게츠(鼓月),REG_032,PRC_02,1329,"전통적인 일본 과자에서 찾아볼 수 없었던 독창적인 소재와 제조 방식을 활용하여 만들어졌습니다. 특히, 센주센베이의 핵심 매력인 부스러지듯 녹는 식감에 중점을 두어 더욱 가볍고 사르르 녹아내리는 입안의 느낌을 구현했습니다. 제품 라인업에 따라 버터 향이 나는 촉촉한 황미앙으로 만든 구운 만쥬나, 레몬 풍미의 파운드 반죽 사이에 코시앙을 감싼 호일 구이 과자 등 다양한 맛과 특징을 즐길 수 있습니다.",개별 포장과 깔끔한 상자 구성이라 직장동료에게 나눠 주기 편하다.,1,https://thumbnail.image.rakuten.co.jp/@0_mall/intel/cabinet/kog-001.jpg?_ex=1024x1024,https://hb.afl.rakuten.co.jp/hgc/g00trurn.16t5ud0a.g00trurn.16t5v7eb/?pc=https%3A%2F%2Fitem.rakuten.co.jp%2Fintel%2Fkog-001%2F&m=http%3A%2F%2Fm.rakuten.co.jp%2Fintel%2Fi%2F10000827%2F&rafcid=wsc_i_is_b93111dd-e085-46a2-a75f-28c1ee5d2de6
PRD_1546,교메이카 운류 반사오,京銘菓 雲龍 半棹,다와라야요시토미(俵屋吉富),REG_032,PRC_02,1080,이 제품은 '타와라야가 있는 곳에 운룡이 있다'고 불릴 만큼 명성이 높은 전통 과자입니다. 국내산 큰 팥을 사용하여 맛을 낸 오구라 안과 촉촉하게 마무리한 무사안을 주재료로 사용했습니다. 이 재료들을 한 개씩 정성스럽게 손으로 말아 만들었습니다. 마치 구름 위에 올라탄 용의 장엄하고 웅장한 모습을 표현한 것이 특징입니다.,잘라 먹는 형태라 차와 함께 내기 좋아 어른 선물이나 집 선물로 어울린다.,1,https://dzwpvqehwr7zl.cloudfront.net/omios/products/generated/_review/PRD_1546/PRD_1546_packshot_v1.png,https://hibikyoto.com/products/svd_001
PRD_1547,요지야 기름종이 HAKO 그레이,あぶらとり紙HAKO（グレー）,요지야(よーじや),REG_032,PRC_04,3500,요지야 기름종이 하코 그레이는 교토의 피부 관리 브랜드 요지야가 만든 상자형 기름종이입니다. 휴대용 묶음보다 책상이나 화장대에 두고 한 장씩 꺼내 쓰기 편한 형태가 특징입니다. 얼굴의 유분을 가볍게 눌러 정리하는 실용적인 교토 화장 소품입니다.,"가벼운 화장품류 선물을 찾을 때 좋고, 부피가 작아 여행 가방에 넣기 쉽다.",1,https://thumbnail.image.rakuten.co.jp/@0_mall/bi-sai/cabinet/row_y/yojiya/4582290342580.jpg?_ex=1024x1024,https://hb.afl.rakuten.co.jp/hgc/g00q0wan.16t5u1ed.g00q0wan.16t5v6c4/?pc=https%3A%2F%2Fitem.rakuten.co.jp%2Fbi-sai%2F4582290342580%2F&m=http%3A%2F%2Fm.rakuten.co.jp%2Fbi-sai%2Fi%2F10811238%2F&rafcid=wsc_i_is_b93111dd-e085-46a2-a75f-28c1ee5d2de6
PRD_1548,호린 교고사이,芳輪 京五彩,쇼에이도(松栄堂),REG_032,PRC_02,1650,"향기로운 생활을 제안하는 브랜드 쇼에이도에서 선보이는 '호린 교고사이'는 대표적인 향 제품입니다. 인기 시리즈인 호린에서 엄선한 다섯 가지 종류의 매력적인 향들을 한 상자에 모았습니다. 구체적으로 천평, 무로마치, 겐로쿠, 하쿠가와, 니조 등 총 다섯 가지 향이 각각 네 개씩 담겨 있습니다. 하나의 제품으로 다양한 명향을 경험할 수 있어 소소한 선물용으로도 매우 편리합니다.",향 취향을 잘 모를 때도 부담 없이 건넬 수 있는 소형 어소트 구성이다.,1,https://thumbnail.image.rakuten.co.jp/@0_mall/eharabutsugu02/cabinet/item-e/e750.jpg?_ex=1024x1024,https://hb.afl.rakuten.co.jp/hgc/g00s62nn.16t5uabf.g00s62nn.16t5v69f/?pc=https%3A%2F%2Fitem.rakuten.co.jp%2Feharabutsugu02%2Fe750%2F&m=http%3A%2F%2Fm.rakuten.co.jp%2Feharabutsugu02%2Fi%2F10004351%2F&rafcid=wsc_i_is_b93111dd-e085-46a2-a75f-28c1ee5d2de6
PRD_1549,소우소우 타비시타 SO-SU-U,足袋下（普通丈）／SO-SU-U 濡羽色×つくも,소우소우(SOU・SOU),REG_032,PRC_01,880,"전통적인 발가락 분리 양말 안에 받쳐 신기 위해 특별히 제작된 제품입니다. 소우소우의 등록 상표인 '아시부쿠시타' 라인으로, 남성용과 여성용 모두 착용할 수 있도록 디자인되었습니다. 일반적인 길이감의 실루엣을 유지하면서도 소우소우만의 독특하고 세련된 스타일을 더해줍니다.",사이즈 부담이 비교적 적고 패턴이 선명해 친구 선물로 고르기 좋다.,1,https://dzwpvqehwr7zl.cloudfront.net/omios/products/generated/_review/PRD_1549/PRD_1549_packshot_v1.png,https://www.sousou.co.jp/products/2000701
PRD_1550,에이라쿠야 교토 행사 손수건,手ぬぐい 京の年中行事,에이라쿠야(永楽屋),REG_032,PRC_04,3520,"에이라쿠야의 손수건은 일본을 대표하는 염색 기법 중 하나인 유젠염으로 주로 물들여 제작되었습니다. 이 손수건은 에도 시대부터 작은 폭의 면화로 만들어져 왔으며, 길이 방향으로 다양한 용도에 맞게 활용할 수 있도록 마감되지 않은 형태로 디자인된 것이 특징입니다. 이번 제품은 교토의 연중 행사 중 11월에 열리는 '야사카의 무라쿠'를 테마로 담아냈습니다.",실사용뿐 아니라 장식용으로도 활용할 수 있어 공예품 느낌의 선물에 적합하다.,1,https://thumbnail.image.rakuten.co.jp/@0_mall/eirakuya-kyoto/cabinet/item03/86580890.jpg?_ex=1024x1024,https://hb.afl.rakuten.co.jp/hgc/53033622.7bbb75b6.53033623.c98a76f0/?pc=https%3A%2F%2Fitem.rakuten.co.jp%2Feirakuya-kyoto%2F2104000011016%2F&m=https%3A%2F%2Fitem.rakuten.co.jp%2Feirakuya-kyoto%2F2104000011016%2F
PRD_1551,교토 블랙썬더 20봉입,京都ブラックサンダー 20袋入,유라쿠제과(有楽製菓),REG_032,PRC_02,1597,"교토의 지역 한정 기념품으로 즐길 수 있는 제품입니다. 두 가지 종류의 우지 말차를 사용하여 깊고 본격적인 녹차 맛을 느낄 수 있습니다. 이 초콜릿 바는 플레인 비스킷, 코코아 쿠키, 그리고 초콜릿이 절묘하게 조화된 것이 특징입니다. 블랙썬더 특유의 바삭한 식감은 그대로 유지하면서 우지 말차의 고소하고 깊은 풍미를 함께 즐길 수 있습니다.",가볍고 개별 포장이라 학생이나 친구들에게 여러 개 나눠 주기 좋다.,1,https://thumbnail.image.rakuten.co.jp/@0_mall/kukou-wakou/cabinet/kashi/12696840/blackthunda07.jpg?_ex=1024x1024,https://hb.afl.rakuten.co.jp/hgc/g00qlf0n.16t5u18d.g00qlf0n.16t5v93a/?pc=https%3A%2F%2Fitem.rakuten.co.jp%2Fkukou-wakou%2Fburakkusannda20%2F&m=http%3A%2F%2Fm.rakuten.co.jp%2Fkukou-wakou%2Fi%2F10000300%2F&rafcid=wsc_i_is_b93111dd-e085-46a2-a75f-28c1ee5d2de6
PRD_1552,마이코한 히히 라유,舞妓はんひぃ～ひぃ～ラー油,오차노코사이사이(おちゃのこさいさい),REG_032,PRC_01,810,"마이코한 히히 라유는 오차노코사이사이가 만드는 교토식 매운 고추기름입니다. 하바네로와 고추, 마늘 향을 살려 단순한 매운맛보다 깊은 풍미를 내는 조미료입니다. 만두, 볶음밥, 고기요리에 더하면 교토 산넨자카 브랜드 특유의 매운 향을 입힐 수 있습니다.",매운맛을 좋아하는 친구나 자취생에게 주면 활용도가 높은 조미료다.,1,https://thumbnail.image.rakuten.co.jp/@0_mall/ochanoko/cabinet/maiko/maikorayu_01.jpg?_ex=1024x1024,https://hb.afl.rakuten.co.jp/hgc/g00qbjfn.16t5uc10.g00qbjfn.16t5v97c/?pc=https%3A%2F%2Fitem.rakuten.co.jp%2Fochanoko%2Fmaiko-010%2F&m=http%3A%2F%2Fm.rakuten.co.jp%2Fochanoko%2Fi%2F10000171%2F&rafcid=wsc_i_is_b93111dd-e085-46a2-a75f-28c1ee5d2de6
PRD_1553,시모가모사료 치리멘 너츠 8개입,料亭のちりめんナッツ 8個入,시모가모사료(下鴨茶寮),REG_032,PRC_02,1620,"장인이 한 알씩 정성껏 만들어 다른 곳에서는 맛볼 수 없는 독특한 풍미를 자랑합니다. 고소한 너츠와 치리멘(멸치)가루, 그리고 간장과 꿀이 어우러진 달콤짭짤한 사탕이 깊은 맛을 자아냅니다. 입안 가득 퍼지는 감칠맛은 단순히 단맛이나 짠맛에 그치지 않고, 견과류의 고소함과 산초 향이 은은하게 느껴지는 이색적인 조화가 특징입니다. 한국적이고 서양적인 요소가 절묘하게 어우러진 새로운 맛을 경험할 수 있습니다.",달고 짭짤한 맛이 섞여 차나 술에 곁들이기 좋아 조금 특별한 선물로 적합하다.,1,https://thumbnail.image.rakuten.co.jp/@0_mall/shimogamosaryo/cabinet/jouon/chirinut/th_nuts8_no.jpg?_ex=1024x1024,https://hb.afl.rakuten.co.jp/hgc/g00sak6n.16t5u6cd.g00sak6n.16t5vb8f/?pc=https%3A%2F%2Fitem.rakuten.co.jp%2Fshimogamosaryo%2F1999002%2F&m=http%3A%2F%2Fm.rakuten.co.jp%2Fshimogamosaryo%2Fi%2F10000113%2F&rafcid=wsc_i_is_b93111dd-e085-46a2-a75f-28c1ee5d2de6
PRD_1554,다치키치 하나케쇼 머그컵,花結晶 マグカップ,다치키치(たち吉),REG_032,PRC_06,6050,이 제품은 교야키와 키요미즈야키 스타일의 도자기입니다. 우아하고 화려한 결정 유약이 아름답게 표현된 것이 특징입니다. 금빛 꽃 장식이 더해져 더욱 고급스러운 느낌을 줍니다. 머그컵 형태로 제작되어 일상생활이나 선물용으로 활용하기 좋습니다.,깨지기 쉬우므로 포장 상태를 확인하고 기내 반입 짐에 넣는 편이 안전하다.,1,https://thumbnail.image.rakuten.co.jp/@0_mall/shoindo/cabinet/19/8089.jpg?_ex=1024x1024,https://hb.afl.rakuten.co.jp/hgc/g00qjqln.16t5u81c.g00qjqln.16t5vacf/?pc=https%3A%2F%2Fitem.rakuten.co.jp%2Fshoindo%2F8089%2F&m=http%3A%2F%2Fm.rakuten.co.jp%2Fshoindo%2Fi%2F10007047%2F&rafcid=wsc_i_is_b93111dd-e085-46a2-a75f-28c1ee5d2de6
PRD_1555,아이바 교우치와 아지사이,小丸型片透うちわ「紫陽花」,아이바(阿以波),REG_032,PRC_05,4400,아이바 교우치와 아지사이는 교토 부채점 아이바가 만드는 작은 원형 부채입니다. 수국 문양과 반투명한 장식이 어우러져 여름철 교토의 시원한 분위기를 보여줍니다. 실사용 부채이면서 벽에 걸어두어도 좋은 전통 공예 소품입니다.,장식성과 지역성이 강해 실용품보다 기념성 있는 선물을 찾을 때 어울린다.,1,https://dzwpvqehwr7zl.cloudfront.net/omios/products/generated/_review/PRD_1555/PRD_1555_packshot_v1.png,https://kyo-aiba.ocnk.net/product/344
PRD_1556,하라료카쿠 흑칠미 캔,黒七味 缶,하라료카쿠(原了郭),REG_032,PRC_01,858,"흑칠미는 재료를 건식으로 볶고 색이 배어날 때까지 반죽하여 제조한 제품입니다. 풍부한 향과 깊은 맛, 그리고 고추의 알싸한 매콤함이 특징입니다. 이 독특한 조합 덕분에 일본 요리뿐만 아니라 서양 및 중식 등 어떤 종류의 음식에도 활용할 수 있습니다. 어디에 사용해도 깊고 다채로운 풍미를 더해줄 것입니다.",향이 강하므로 요리를 즐기는 사람에게 설명을 덧붙여 주기 좋다.,1,https://thumbnail.image.rakuten.co.jp/@0_mall/fujimuraya/cabinet/e0506ll.jpg?_ex=1024x1024,https://hb.afl.rakuten.co.jp/hgc/g00qcaqn.16t5u09e.g00qcaqn.16t5v267/?pc=https%3A%2F%2Fitem.rakuten.co.jp%2Ffujimuraya%2Fe0506%2F&m=http%3A%2F%2Fm.rakuten.co.jp%2Ffujimuraya%2Fi%2F10001175%2F&rafcid=wsc_i_is_b93111dd-e085-46a2-a75f-28c1ee5d2de6
PRD_1557,시치미야 야쿠미캔 칠미,薬味缶【七味】袋付,시치미야혼포(七味家本舗),REG_032,PRC_02,1080,"교토와 기요미즈의 오랜 역사 속에서 대대로 맛을 이어온 시치미야의 명물입니다. 이 제품에는 칠미 고추가 함께 구성되어 있습니다. 일본 삼대 칠미 중 하나로 손꼽히는 교토 특산품이며, 매운맛은 조절하면서도 깊고 풍부한 향이 살아있는 것이 특징입니다.",가볍고 부피가 작아 여행 마지막 날 추가로 사기 좋은 교토식 조미료다.,1,https://dzwpvqehwr7zl.cloudfront.net/omios/products/generated/_review/PRD_1557/PRD_1557_packshot_v1.png,https://www.shop.shichimiya.co.jp/SHOP/CAN-SET0001.html
PRD_1558,지토리초 900ml,千鳥酢 900ml,무라야마조스(村山造酢),REG_032,PRC_01,811,이 초장은 교토의 깊은 식문화에 기반을 둔 부드러운 맛과 향을 자랑합니다. 키누히카리쌀을 사용하여 술로 정성껏 빚고 오랜 시간 발효시켜 순수한 풍미를 담았습니다. 간장이나 감귤류 과즙 등을 더해 여러 가지 조합의 만능 소스를 만들 수 있습니다. 특히 구운 생선 요리에 살짝 뿌려 먹으면 더욱 깊고 풍부한 맛을 즐기실 수 있습니다.,무게가 있으므로 캐리어 여유가 있을 때 요리 좋아하는 사람 선물로 적합하다.,1,https://thumbnail.image.rakuten.co.jp/@0_mall/rakuten24/cabinet/652/4903361360652.jpg?_ex=1024x1024,https://hb.afl.rakuten.co.jp/hgc/g00r136n.16t5u564.g00r136n.16t5v8ef/?pc=https%3A%2F%2Fitem.rakuten.co.jp%2Frakuten24%2F4903361360652%2F&m=http%3A%2F%2Fm.rakuten.co.jp%2Frakuten24%2Fi%2F11063101%2F&rafcid=wsc_i_is_b93111dd-e085-46a2-a75f-28c1ee5d2de6
PRD_1559,슬라이스 양갱 오구라버터,スライスようかん〈小倉バター〉,가메야요시나가(亀屋良長),REG_032,PRC_01,648,"시트 형태로 되어 있어 간편하게 즐길 수 있는 슬라이스 양갱 오구라버터입니다. 이 양갱을 식빵 위에 올려 구우면, 따뜻하고 맛있는 '오구라 버터 토스트'를 완성할 수 있습니다. 겉은 바삭하고 속은 부드러운 방식으로 양갱의 풍미를 경험해 보세요.",빵에 올려 먹는 방식이 독특해 친구나 자취생에게 재미있는 선물이 된다.,1,https://thumbnail.image.rakuten.co.jp/@0_mall/shop-tlc2525/cabinet/biiino/item/main-image/20230119001256_1.jpg?_ex=1024x1024,https://hb.afl.rakuten.co.jp/hgc/g00ual3n.16t5u7d2.g00ual3n.16t5vfec/?pc=https%3A%2F%2Fitem.rakuten.co.jp%2Fshop-tlc2525%2Fsuraisu3%2F&m=http%3A%2F%2Fm.rakuten.co.jp%2Fshop-tlc2525%2Fi%2F10000019%2F&rafcid=wsc_i_is_b93111dd-e085-46a2-a75f-28c1ee5d2de6
PRD_1560,우바타마 6개입,烏羽玉 6個入,가메야요시나가(亀屋良長),REG_032,PRC_01,540,"우바타마는 1803년 창업한 가메야요시나가의 대표 교토 화과자입니다. 검고 둥근 형태와 부드러운 단맛이 특징이며, 녹차와 함께 먹을 때 전통 과자의 깊이가 잘 살아납니다. 여섯 개입 구성은 교토 노포 과자의 정취를 간단히 나누기 좋은 상품입니다.",작은 상자 구성이라 부담 없이 교토 노포 과자를 맛보게 하기 좋다.,1,https://dzwpvqehwr7zl.cloudfront.net/omios/products/generated/_review/PRD_1560/PRD_1560_packshot_v1.png,https://kameya-yoshinaga.com/c/brand/kameyayoshinaga/ky0_00101_06b
PRD_1561,유모치 100g,柚餅 100g,쓰루야요시노부(鶴屋吉信),REG_032,PRC_01,594,"메이지 초기에 창안되어 대대로 전해져 온 쓰루야요시노부의 대표적인 명과입니다. 부드러운 식감에 지나치게 강하지 않은 은은한 단맛이 특징이며, 누구나 즐길 수 있는 변함없는 맛을 자랑합니다. 겉에는 정성 들여 만든 도쿠시마현산 '아와와산본당'이라는 희귀한 국산 설탕이 아낌없이 코팅되어 있습니다. 이 유모치는 사람의 손으로 주걱을 이용해 조심스럽게 휘젓고 불 조절에 신경 쓰며 쪄내어, 유자의 두 계절의 좋은 맛을 생생하게 보존했습니다.",강한 단맛보다 향긋하고 부드러운 화과자를 선호하는 사람에게 맞다.,1,https://thumbnail.image.rakuten.co.jp/@0_mall/cocorich/cabinet/05581433/09829023/imgrc0110251219.jpg?_ex=1024x1024,https://hb.afl.rakuten.co.jp/hgc/g00s70sn.16t5ue37.g00s70sn.16t5v79c/?pc=https%3A%2F%2Fitem.rakuten.co.jp%2Fcocorich%2Fyuzumochi%2F&m=http%3A%2F%2Fm.rakuten.co.jp%2Fcocorich%2Fi%2F10000619%2F&rafcid=wsc_i_is_b93111dd-e085-46a2-a75f-28c1ee5d2de6
PRD_1562,교칸제,京観世,쓰루야요시노부(鶴屋吉信),REG_032,PRC_02,1944,교칸제는 쓰루야요시노부가 만드는 교토 전통 화과자입니다. 소용돌이치는 관세수 무늬를 떠올리게 하는 앙금과 반죽의 층이 특징입니다. 녹차와 함께 먹으면 팥의 단맛과 부드러운 식감이 살아나는 격식 있는 교토 과자입니다.,격식 있는 포장감이 있어 부모님이나 은사 선물로 고르기 좋다.,1,https://thumbnail.image.rakuten.co.jp/@0_mall/odakyu-dept-store/cabinet/depatika/1_7000011793.jpg?_ex=1024x1024,https://hb.afl.rakuten.co.jp/hgc/g00u323n.16t5u9be.g00u323n.16t5v61f/?pc=https%3A%2F%2Fitem.rakuten.co.jp%2Fodakyu-dept-store%2F3011050003%2F&m=http%3A%2F%2Fm.rakuten.co.jp%2Fodakyu-dept-store%2Fi%2F10015326%2F&rafcid=wsc_i_is_b93111dd-e085-46a2-a75f-28c1ee5d2de6
PRD_1563,사사야이오리 대표 명과 도라야키 1봉,代表銘菓どら焼 1棹入,사사야이오리(笹屋伊織),REG_032,PRC_02,1944,"사사야이오리에서 선보이는 대표 명과 도라야키는 일반적인 제품과는 다른 매력을 지닌 화과자입니다. 이 외에도 검은 참깨와 구운 향이 좋은 '나가후쿠지 모찌' 등 사사야이오리만의 다양한 전통 과자를 즐길 수 있습니다. 주재료로는 설탕, 밀가루, 팥앙금 등이 사용되었으며, 꿀을 사용하여 달콤한 풍미를 더했습니다.",판매일이 제한적이라 방문 일정과 판매일을 확인하고 사야 한다.,1,https://dzwpvqehwr7zl.cloudfront.net/omios/products/generated/_review/PRD_1563/PRD_1563_packshot_v1.png,https://www.tabisuruwagashi.com/view/item/000000001196
PRD_1564,에이라쿠야 한입 표고버섯 조림 90g,一と口椎茸 90g,에이라쿠야(永楽屋),REG_032,PRC_01,972,"교토의 전통을 담은 에이라쿠야의 표고버섯 조림(츠쿠다니)입니다. 창업 이래 70년간 변함없는 맛을 지키기 위해, 재료 하나하나를 정성껏 다듬어 깊은 풍미로 조리했습니다. 오랜 시간 동안 엄선된 재료와 제조 방식을 고집하며 이용자의 행복과 교토의 식문화를 만들어가고 있습니다. 이 제품은 단순히 맛있는 반찬을 넘어, 영화 '아수라'에도 소품으로 등장할 만큼 특별한 역사를 지닌 품목입니다.",단 과자보다 실용적인 밥반찬 선물을 찾을 때 선택하기 좋다.,1,https://dzwpvqehwr7zl.cloudfront.net/omios/products/generated/_review/PRD_1564/PRD_1564_packshot_v1.png,https://www.amazon.co.jp/%E6%B0%B8%E6%A5%BD%E5%B1%8B-%E4%B8%80%E3%81%A8%E5%8F%A3%E6%A4%8E%E8%8C%B8-90g-%E3%81%8D%E3%81%AE%E3%81%93-%E3%81%94%E9%A3%AF%E3%81%AE%E3%81%8A%E4%BE%9B/dp/B0B6QY3M9J
PRD_1565,한베에후 나마후 시구레니 젠,なま麸のしぐれ煮 禅,한베에후(半兵衛麸),REG_032,PRC_02,1188,"한베에후는 물, 원료, 제조법에 공을 들여 전통의 맛을 지키며, 이용자 한 분 한 분을 생각하며 정성을 담아 제품을 만듭니다. 다양한 식감과 풍미를 자랑하는 여러 상품이 있습니다. 예를 들어, '사사마키부'는 쫄깃한 식감에 단맛이 적은 부만주입니다. 또한, '쿠미아게유바'는 콩 본연의 깊은 감칠맛과 은은한 단맛, 그리고 매끄러운 식감이 특징인 제품입니다.",냉장 여부와 보관 조건을 확인하고 귀국 직전 구매하는 편이 좋다.,1,https://dzwpvqehwr7zl.cloudfront.net/omios/products/generated/_review/PRD_1565/PRD_1565_packshot_v1.png,https://ja.kyoto.travel/tourism/single02.php?category_id=5&tourism_id=1863
PRD_1566,본가 니시오 안나마 미니팩,あんなま ミニパック,본가 니시오 야쓰하시(本家西尾八ッ橋),REG_032,PRC_01,680,"본가 니시오 안나마 미니팩은 교토 야쓰하시 전문점 본가 니시오의 계절 한정 미니팩 상품입니다. 크리스마스 시즌에는 딸기와 비터 초콜릿 조합이, 발렌타인 시즌에는 유자와 오렌지 향을 더한 비터 초콜릿 맛이 준비됩니다. 기념일마다 다른 과일과 초콜릿 조합을 담아, 소량으로 계절감을 맛보기 좋은 야쓰하시 상품입니다.",기존 야쓰하시와 다른 브랜드를 비교해 보고 싶은 사람에게 추천하기 쉽다.,1,https://dzwpvqehwr7zl.cloudfront.net/omios/products/generated/_review/PRD_1566/PRD_1566_packshot_v1.png,https://www.8284.co.jp/products/group/2
PRD_1567,이즈쓰 야쓰하시 유코 모둠,夕子詰合せ,이즈쓰 야쓰하시혼포(井筒八ッ橋本舗),REG_032,PRC_01,648,"이즈쓰 야쓰하시 유코 모둠은 교토 이즈쓰 야쓰하시 본포의 생야쓰하시 과자 세트다. 분카 이년에 창업한 이즈쓰 야쓰하시 본포가 만드는 대표 상품군으로, 닛키와 우지 말차 맛처럼 교토다운 향을 담은 구성이 소개된다. 부드러운 생야쓰하시와 팥소가 어우러지는 과자라 교토 여행 선물의 성격이 강하다.",교토역에서 쉽게 찾을 수 있어 짧은 일정의 여행자도 구매하기 편하다.,1,https://dzwpvqehwr7zl.cloudfront.net/omios/products/generated/_review/PRD_1567/PRD_1567_packshot_v1.png,https://www.yatsuhashi.co.jp/product/yuko.html
PRD_1568,청정환희단 1개,清浄歓喜団 1個,가메야키요나가(亀屋清永),REG_032,PRC_01,702,"청정환희단은 교토 가메야키요나가가 전승하는 천 년 역사의 전통 과자입니다. 일곱 가지 향을 섞은 고운 팥앙금을 쌀가루와 밀가루 반죽으로 감싸고, 금 주머니와 연꽃 매듭을 떠올리게 하는 형태로 빚습니다. 마지막에 참기름으로 튀겨 깊고 은은한 향을 더하며, 일본 와가시 역사에서 중요한 고전 과자로 소개됩니다.",맛이 독특하고 설명거리가 풍부해 전통문화에 관심 있는 사람에게 어울린다.,1,https://dzwpvqehwr7zl.cloudfront.net/omios/products/generated/_review/PRD_1568/PRD_1568_packshot_v1.png,https://www.kameyakiyonaga.co.jp/year01.html
PRD_1569,료쿠주안 시미즈 딸기밀크 금평당,苺みるくの金平糖,료쿠주안 시미즈(緑寿庵清水),REG_032,PRC_02,1200,료쿠주안 시미즈에서 새로운 제품인 '딸기 밀크 금평당'을 출시했습니다. 이름처럼 달콤한 딸기와 우유의 맛이 어우러진 금평당입니다. 이번 신제품으로 소비자들에게 새로운 즐거움을 선사할 것으로 기대됩니다.,본점 방문 판매 성격이 강하므로 일정에 여유가 있을 때 들르는 편이 안전하다.,1,https://dzwpvqehwr7zl.cloudfront.net/omios/products/generated/_review/PRD_1569/PRD_1569_packshot_v1.png,https://www.konpeito.co.jp/blog/2025/01/post-412.html
PRD_1570,교토 후키ン 3종 세트,かや織 京都ふきん 3柄セット,나카가와마사시치상점(中川政七商店),REG_032,PRC_02,1650,"교토의 전통적인 수건인 후키인을 세 가지 무늬로 구성한 특별한 세트입니다. 이 제품은 독특한 카야오리 기법으로 제작되어, 섬세하고 아름다운 패턴을 자랑합니다. 다양한 무늬가 조합된 디자인 덕분에 여러 스타일의 패션 소품이나 생활용품으로 활용하기 좋습니다. 하나의 세트로 여러 가지 분위기를 연출할 수 있어 실용성과 심미성을 모두 갖춘 제품입니다.",가볍고 깨질 위험이 없어 짐이 많은 여행자에게도 부담이 적다.,0,https://dzwpvqehwr7zl.cloudfront.net/omios/products/generated/_review/PRD_1570/PRD_1570_packshot_v1.png,https://mall.kinarino.jp/item-176662
PRD_1571,규쿄도 니오이부쿠로,にほひ袋 巾着,규쿄도(鳩居堂),REG_032,PRC_02,1100,"규쿄도에서 선보이는 향기 주머니입니다. 이 제품은 특히 발에 사용하는 특별한 향, 즉 '후미향'을 테마로 하여 제작되었습니다. 은은하면서도 개성 있는 향기를 선사하여 일상에 특별함을 더해줍니다. 언제 어디서든 기분 좋은 향기로 자신만의 공간과 몸을 가꾸는 데 도움을 줄 것입니다.",향 취향이 갈릴 수 있으니 매장에서 직접 향을 맡아 보고 고르는 것이 좋다.,1,https://thumbnail.image.rakuten.co.jp/@0_mall/kyukyodo-shop/cabinet/item/nioibukuro/kintyaku-aka.jpg?_ex=1024x1024,https://hb.afl.rakuten.co.jp/hgc/g00td3tn.16t5uf9c.g00td3tn.16t5vda5/?pc=https%3A%2F%2Fitem.rakuten.co.jp%2Fkyukyodo-shop%2F136583009%2F&m=http%3A%2F%2Fm.rakuten.co.jp%2Fkyukyodo-shop%2Fi%2F10000386%2F&rafcid=wsc_i_is_b93111dd-e085-46a2-a75f-28c1ee5d2de6
PRD_1572,쇼에이도 냄새주머니 다가소데,匂い袋 誰が袖,쇼에이도(松栄堂),REG_032,PRC_02,1650,"쇼에이도는 불교 의식용 향부터 다도에서 사용하는 연향, 고급 향로 및 간편한 인센스까지 다양한 제품을 통해 향기로운 생활을 제안합니다. '누가 소매'는 이러한 쇼에이도의 향기 주머니 라인업 중 하나입니다. 이 냄새주머니는 일상생활의 여러 장면에 맞춰 사용할 수 있도록 제작되었습니다.",향 제품은 포장이 작고 가벼워 여러 개를 골라 선물하기 편하다.,1,https://thumbnail.image.rakuten.co.jp/@0_mall/akaritokaori/cabinet/shoeido5/tagasomiyako202.jpg?_ex=1024x1024,https://hb.afl.rakuten.co.jp/hgc/g00qipgn.16t5uc4f.g00qipgn.16t5v471/?pc=https%3A%2F%2Fitem.rakuten.co.jp%2Fakaritokaori%2Fkaori-sy12112%2F&m=http%3A%2F%2Fm.rakuten.co.jp%2Fakaritokaori%2Fi%2F10003365%2F&rafcid=wsc_i_is_b93111dd-e085-46a2-a75f-28c1ee5d2de6
PRD_1573,에이라쿠야 교토 손수건,手ぬぐい,에이라쿠야 세이지 이헤에상점(永楽屋 細辻伊兵衛商店),REG_032,PRC_02,1980,"에이라쿠야 교토 손수건은 1615년 창업한 교토의 오래된 손수건 전문점 에이라쿠야의 상품입니다. 에이라쿠야는 손수건과 부로시키를 제작·제공하며, 주문 제작 서비스도 운영합니다. 거즈 소재 손수건은 가볍고 섬세한 촉감이 특징이고, 목에 둘러 작은 스카프처럼 활용할 수도 있습니다. 교토의 행사와 절기에 맞춘 무늬가 많아 계절감 있는 선물용 생활 소품으로 어울립니다.",계절 문양이 다양하므로 방문 시기에 맞는 디자인을 고르면 기념성이 커진다.,1,https://thumbnail.image.rakuten.co.jp/@0_mall/eirakuya-kyoto/cabinet/e-tenugui/imgrc0100685925.jpg?_ex=1024x1024,https://hb.afl.rakuten.co.jp/hgc/g00ts7kn.16t5udeb.g00ts7kn.16t5v657/?pc=https%3A%2F%2Fitem.rakuten.co.jp%2Feirakuya-kyoto%2F2104001360014%2F&m=http%3A%2F%2Fm.rakuten.co.jp%2Feirakuya-kyoto%2Fi%2F10002064%2F&rafcid=wsc_i_is_b93111dd-e085-46a2-a75f-28c1ee5d2de6
PRD_1574,야스다넨주점 교토 염주 팔찌,京念珠ブレスレット,야스다넨주점(安田念珠店),REG_032,PRC_04,3300,야스다넨주점 교토 염주 팔찌는 교토의 오래된 염주 전문점이 다루는 팔찌형 염주 상품입니다. 염주 제작의 전통을 일상적으로 착용하기 쉬운 손목 장식으로 풀어낸 것이 특징입니다. 소재와 색에 따라 차분한 분위기가 달라져 기도용 소품과 장신구의 성격을 함께 가집니다.,종교적 의미가 있을 수 있어 받는 사람의 취향을 고려해 고르는 편이 좋다.,1,https://thumbnail.image.rakuten.co.jp/@0_mall/sanbi-arakawa/cabinet/2023-08/nenjyu-ys4-3-01.jpg?_ex=1024x1024,https://hb.afl.rakuten.co.jp/hgc/g00s6dtn.16t5u23b.g00s6dtn.16t5v30d/?pc=https%3A%2F%2Fitem.rakuten.co.jp%2Fsanbi-arakawa%2Fnenjyu-ys4-3%2F&m=http%3A%2F%2Fm.rakuten.co.jp%2Fsanbi-arakawa%2Fi%2F10006203%2F&rafcid=wsc_i_is_b93111dd-e085-46a2-a75f-28c1ee5d2de6
PRD_1575,이치하라헤이베에 미야코바시,みやこばし,이치하라헤이베에상점(市原平兵衛商店),REG_032,PRC_02,1100,"이치하라헤이베에 미야코바시는 교토 젓가락 전문점의 대나무 젓가락 상품이다. 그을린 대나무와 참깨빛 대나무 소재가 소개되며, 은은한 향과 손에 익는 형태가 특징이다. 젓가락 끝에도 가게만의 공정을 더해 정성스럽게 손으로 만드는 식사용 젓가락이다.",길이와 소재 선택지가 있으니 실제로 쥐어 보고 고르는 편이 좋다.,1,https://thumbnail.image.rakuten.co.jp/@0_mall/yobi/cabinet/hashi/img_4979_500_680.jpg?_ex=1024x1024,https://hb.afl.rakuten.co.jp/hgc/g00pumcn.16t5uba0.g00pumcn.16t5v0c3/?pc=https%3A%2F%2Fitem.rakuten.co.jp%2Fyobi%2F544297%2F&m=http%3A%2F%2Fm.rakuten.co.jp%2Fyobi%2Fi%2F10000204%2F&rafcid=wsc_i_is_b93111dd-e085-46a2-a75f-28c1ee5d2de6
PRD_1576,가이카도 동 평형 차통 200g,銅 平型200g,가이카도(開化堂),REG_032,PRC_06,22000,"가이카도에서 선보이는 동(구리) 재질의 차통입니다. 평평한 형태를 띠고 있으며, 무게는 200그램으로 구성되어 있습니다. 이 제품은 차를 보관하는 용도로 사용되는 품목입니다.",가격대가 높아 특별한 기념품이나 차 애호가 선물로 적합하다.,1,https://dzwpvqehwr7zl.cloudfront.net/omios/products/generated/_review/PRD_1576/PRD_1576_packshot_v1.png,https://www.kaikado.jp/2019/08/09/%E9%8A%85-%E5%B9%B3%E5%9E%8B200g/
PRD_1577,가나아미쓰지 동 차거름망 소,茶こし 銅 小,가나아미쓰지(金網つじ),REG_032,PRC_06,9900,"교토 공방에서 제작된 이 차거름망은 그 자체로 아름다운 예술품입니다. 밑부분에는 '국화 출'이라 불리는 섬세한 국화 문양이 짜여 있어 시선을 사로잡습니다. 주전자에서 우려낸 차를 거를 때 사용하면, 더욱 맑고 깊이 있는 맛의 차를 즐길 수 있습니다. 시간이 흐르면서 구리 망 특유의 색상이 깊고 멋지게 변해가는 과정을 통해 오랫동안 소장하며 사용할 수 있는 제품입니다.",섬세한 수공예품이라 포장 상태를 확인하고 기내 반입하는 편이 안전하다.,1,https://thumbnail.image.rakuten.co.jp/@0_mall/postdetail/cabinet/02315629/04896388/imgrc0165551443.jpg?_ex=1024x1024,https://hb.afl.rakuten.co.jp/hgc/g00r8k5n.16t5uedc.g00r8k5n.16t5vd5c/?pc=https%3A%2F%2Fitem.rakuten.co.jp%2Fpostdetail%2F10000025%2F&m=http%3A%2F%2Fm.rakuten.co.jp%2Fpostdetail%2Fi%2F10000025%2F&rafcid=wsc_i_is_b93111dd-e085-46a2-a75f-28c1ee5d2de6
PRD_1578,잇포도 교토 한정 말차,京都限定抹茶,잇포도차호(一保堂茶舗),REG_032,PRC_02,1296,"잇포도 교토 한정 말차는 교토에 본점을 둔 일본차 전문점 잇포도의 말차 상품군에 속한다. 잇포도는 교호 이년에 창업한 차포로, 말차와 옥로, 전차, 번차, 차 도구를 함께 다룬다. 잇포도의 차는 점주의 취향을 담은 배합으로 소개되어, 교토 차의 향과 감칠맛을 선물용으로 경험하기 좋다.","말차를 직접 타 마시는 사람에게 좋고, 개봉 후 보관 방법을 함께 알려주면 좋다.",1,https://thumbnail.image.rakuten.co.jp/@0_mall/surge-beauty/cabinet/item_img/10048171/imgrc0102397273.jpg?_ex=1024x1024,https://hb.afl.rakuten.co.jp/hgc/g00tz5hn.16t5u26f.g00tz5hn.16t5v7da/?pc=https%3A%2F%2Fitem.rakuten.co.jp%2Fsurge-beauty%2Fb-0575%2F&m=http%3A%2F%2Fm.rakuten.co.jp%2Fsurge-beauty%2Fi%2F10000631%2F&rafcid=wsc_i_is_b93111dd-e085-46a2-a75f-28c1ee5d2de6
PRD_1579,도이 시바즈케 혼포 시바즈케,志ば漬,도이 시바즈케혼포(土井志ば漬本舗),REG_032,PRC_01,648,"도이 시바즈케 혼포의 전통적인 생지바즈케입니다. 가지, 적시소(붉은 쪽파), 소금만을 사용하여 유산 발효시킨 것이 특징입니다. 이 제품은 지바즈케 특유의 적당한 신맛과 산초 멸치의 매콤함이 조화롭게 어우러져 식욕을 돋우는 별미입니다.",냉장 보관 상품이 많아 이동 시간이 긴 경우 포장 상태를 확인해야 한다.,1,https://thumbnail.image.rakuten.co.jp/@0_mall/doishibazuke/cabinet/08384293/imgrc0111743942.jpg?_ex=1024x1024,https://hb.afl.rakuten.co.jp/hgc/g00qau3n.16t5u20b.g00qau3n.16t5v800/?pc=https%3A%2F%2Fitem.rakuten.co.jp%2Fdoishibazuke%2F12030%2F&m=http%3A%2F%2Fm.rakuten.co.jp%2Fdoishibazuke%2Fi%2F10000030%2F&rafcid=wsc_i_is_b93111dd-e085-46a2-a75f-28c1ee5d2de6
PRD_1580,다이야스 맛스구키 100g,味すぐき 100g,교쓰케모노 다이야스(京つけもの大安),REG_032,PRC_01,540,"다이야스 맛스구키 100그램은 스구키나물을 잘게 손질해 만든 교토식 절임 반찬입니다. 청주, 매실초, 간장 등을 더해 새콤달콤하면서도 감칠맛 있는 양념 맛을 살렸습니다. 전통 스구키 절임을 가정에서 먹기 쉬운 형태로 만든 제품이라 밥반찬이나 일본식 식탁의 곁들임으로 활용하기 좋습니다.",밥반찬으로 쓰기 좋아 단맛 과자를 선호하지 않는 사람에게 적합하다.,1,https://thumbnail.image.rakuten.co.jp/@0_mall/daiyasu-kyotsukemono/cabinet/img01/ajisuguki.jpg?_ex=1024x1024,https://hb.afl.rakuten.co.jp/hgc/g00q22fn.16t5uae7.g00q22fn.16t5v65f/?pc=https%3A%2F%2Fitem.rakuten.co.jp%2Fdaiyasu-kyotsukemono%2F791094%2F&m=http%3A%2F%2Fm.rakuten.co.jp%2Fdaiyasu-kyotsukemono%2Fi%2F10000056%2F&rafcid=wsc_i_is_b93111dd-e085-46a2-a75f-28c1ee5d2de6
PRD_1581,본다미소 서경백미소 500g,西京白味噌 500g,본다미소본점(本田味噌本店),REG_032,PRC_01,864,"서경백미소는 하얗고 고운 입자가 특징인 된장입니다. 고급 쌀 누룩을 콩의 두 배로 사용하여 만들었습니다. 부드러운 단맛과 낮은 염도가 조화로운 맛이 매력적입니다. 군량미가 아닌, 궁중 문화와 교토 요리 속에서 발전해 온 전통 장입니다.",요리를 자주 하는 가족이나 집밥을 좋아하는 사람에게 실용적인 선물이다.,1,https://thumbnail.image.rakuten.co.jp/@0_mall/tasucall/cabinet/item/017tyoumi_wa/008miso/36623-1.jpg?_ex=1024x1024,https://hb.afl.rakuten.co.jp/hgc/g00rgqan.16t5u5e9.g00rgqan.16t5v276/?pc=https%3A%2F%2Fitem.rakuten.co.jp%2Ftasucall%2F36623%2F&m=http%3A%2F%2Fm.rakuten.co.jp%2Ftasucall%2Fi%2F10003477%2F&rafcid=wsc_i_is_b93111dd-e085-46a2-a75f-28c1ee5d2de6
PRD_1582,사사키주조 쥬라쿠다이 준마이긴조,聚楽第 純米吟醸,사사키주조(佐々木酒造),REG_032,PRC_02,1760,"교토의 전설적인 쥬라쿠다이 터에서 전통 방식으로 일본주 양조를 이어온 사사키주조의 명작입니다. 이 술은 다도에 사용되었다고 전해지는 깊은 역사를 지닌 '쥬라쿠다이'라는 이름으로 알려져 있습니다. 특히, 특별한 수원인 은명수를 사용하여 빚어낸 귀하고 품격 있는 맛을 자랑합니다. 사사키주조는 이러한 오랜 전통과 역사적 가치를 고스란히 담아내어 깊고 우아한 풍미를 선사하는 술입니다.",주류는 수하물 규정과 받는 사람의 음주 여부를 확인한 뒤 구매해야 한다.,1,https://thumbnail.image.rakuten.co.jp/@0_mall/issyusouden/cabinet/2021_01/2021_02/17410777-2.jpg?_ex=1024x1024,https://hb.afl.rakuten.co.jp/hgc/g00rde1n.16t5u70d.g00rde1n.16t5vb98/?pc=https%3A%2F%2Fitem.rakuten.co.jp%2Fissyusouden%2F17410777-2%2F&m=http%3A%2F%2Fm.rakuten.co.jp%2Fissyusouden%2Fi%2F10016649%2F&rafcid=wsc_i_is_b93111dd-e085-46a2-a75f-28c1ee5d2de6
PRD_1583,오차노코사이사이 교라유 후리카케,京らー油ふりかけ,오차노코사이사이(おちゃのこさいさい),REG_032,PRC_01,702,"오차노코사이사이 교라유 후리카케는 교토식 고추기름 풍미를 밥 위에 뿌려 먹는 조미 후리카케입니다. 참기름, 고추, 마늘, 구운 파의 향이 어울려 매운맛은 강하지 않으면서 감칠맛이 살아납니다. 흰밥이나 면 요리에 올리면 교토 산넨자카 매장의 매콤한 분위기를 간단히 더할 수 있습니다.",작고 가벼워 매운맛을 좋아하는 친구에게 부담 없이 주기 좋다.,1,https://thumbnail.image.rakuten.co.jp/@0_mall/ochanoko/cabinet/cat_furikake/kyoufuri_01.jpg?_ex=1024x1024,https://hb.afl.rakuten.co.jp/hgc/g00qbjfn.16t5uc10.g00qbjfn.16t5v97c/?pc=https%3A%2F%2Fitem.rakuten.co.jp%2Fochanoko%2Fkry-002%2F&m=http%3A%2F%2Fm.rakuten.co.jp%2Fochanoko%2Fi%2F10000239%2F&rafcid=wsc_i_is_b93111dd-e085-46a2-a75f-28c1ee5d2de6
PRD_1584,다치키치 하나케쇼 찻잔,花結晶 湯呑,다치키치(たち吉),REG_032,PRC_04,3850,"전통적인 아름다움을 간직한 교요 및 기요미즈야키 스타일의 고급 도자기입니다. 특히 '하나케쇼'는 우아하고 화려한 결정 유약이 돋보이는 디자인으로, 새로운 매력을 선보이고 있습니다. 오랜 기간 사랑받아 온 스테디셀러 제품으로, 차잔과 밥그릇 세트로도 인기가 높습니다. 이 외에도 산수각 기하문 등 다양한 패턴의 찻잔을 만나보실 수 있어 취향에 맞게 선택할 수 있습니다.",깨지기 쉬운 식기라 완충 포장을 추가하고 이동 중 눌리지 않게 챙겨야 한다.,1,https://thumbnail.image.rakuten.co.jp/@0_mall/shoindo/cabinet/21/8851.jpg?_ex=1024x1024,https://hb.afl.rakuten.co.jp/hgc/g00qjqln.16t5u81c.g00qjqln.16t5vacf/?pc=https%3A%2F%2Fitem.rakuten.co.jp%2Fshoindo%2F8851%2F&m=http%3A%2F%2Fm.rakuten.co.jp%2Fshoindo%2Fi%2F10007695%2F&rafcid=wsc_i_is_b93111dd-e085-46a2-a75f-28c1ee5d2de6
PRD_1585,시치미야 유자이치미 약미캔,薬味缶【ゆず一味】袋付,시치미야혼포(七味家本舗),REG_032,PRC_01,972,"시치미야 유자이치미 약미캔은 유자 향을 더한 일미 고춧가루를 작은 양념 캔에 담은 교토식 향신료 상품이다. 시치미야 상품군의 유자와 유자 일미 계열에 속해, 매운맛에 상큼한 감귤 향을 더하는 용도로 쓰기 좋다. 별도 봉지가 붙은 약미캔 구성이라 식탁에 두고 국수나 전골, 구이 요리에 조금씩 뿌리기 편하다.",칠미와는 다른 향을 원하는 요리 취미자에게 소형 조미료 선물로 좋다.,1,https://dzwpvqehwr7zl.cloudfront.net/omios/products/generated/_review/PRD_1585/PRD_1585_packshot_v1.png,https://www.shop.shichimiya.co.jp/SHOP/CAN-SET0007.html
