product_code,target_code,note
PRD_001,TGT_002,연인 (로맨틱한 디저트)
PRD_001,TGT_004,가족 (대중적인 인기 치즈케이크)
PRD_001,TGT_008,자신 (여행 중 보상용)
PRD_002,TGT_003,친구 (트렌디한 랑드샤 쿠키)
PRD_002,TGT_004,가족 (누구나 좋아하는 맛)
PRD_002,TGT_005,직장동료 (개별 포장 및 휴대성 우수)
PRD_003,TGT_001,부모님 (부드럽고 고급스러운 맛)
PRD_003,TGT_004,가족 (함께 나눠 먹기 좋은 크기)
PRD_003,TGT_006,상사/은사 (검증된 브랜드의 품격)
PRD_004,TGT_003,친구 (함께 즐기는 바삭한 안주 과자)
PRD_004,TGT_004,가족 (호불호 없는 짭짤한 맛)
PRD_004,TGT_008,자신 (개인 소장 및 안주용)
PRD_005,TGT_001,부모님 (전통 있는 노포의 맛)
PRD_005,TGT_004,가족 (오타루 현지의 실용적인 선물)
PRD_005,TGT_005,직장동료 (나눠주기 좋은 세트 구성)
PRD_006,TGT_003,친구 (현지 크래프트 맥주 공유)
PRD_006,TGT_008,자신 (현지에서만 맛볼 수 있는 경험)
PRD_007,TGT_001,부모님 (정성스러운 고품질 식재료 선물)
PRD_007,TGT_004,가족 (반찬이나 간식으로 실용적임)
PRD_007,TGT_006,상사/은사 (예의를 갖춘 세트 패키징)
PRD_008,TGT_001,부모님 (고급스러운 기와 문양 디자인)
PRD_008,TGT_004,가족 (의미 있는 지역 한정 디저트)
PRD_008,TGT_006,상사/은사 (세련된 패키징의 품격 있는 선물)
PRD_009,TGT_002,연인 (감성적이고 로맨틱한 선물)
PRD_009,TGT_007,어린이 (재미있는 소리와 디자인)
PRD_009,TGT_008,자신 (오타루 여행의 영구적인 추억)
PRD_010,TGT_001,부모님 (정성 가득한 수제 전통공예품)
PRD_010,TGT_002,연인 (특별한 분위기의 선물)
PRD_010,TGT_006,상사/은사 (검증된 장인 정신의 고급 선물)
PRD_031,TGT_001,부모님(팥 앙금이 들어간 전통있는 화과자)
PRD_031,TGT_006,상사/은사 (구마모토 성을 모티브로 한 품격있는 선물)
PRD_031,TGT_008,자신 (지역 대표 과자를 직접 경험하는 여행 보상)
PRD_032,TGT_003,친구 (가볍게 나눠 먹기 좋은 트렌디한 간식)
PRD_032,TGT_004,가족 (남녀노소 부담 없이 즐길 수 있는 달콤한 맛)
PRD_032,TGT_008,자신 (간편하게 즐기는 여행 간식)
PRD_033,TGT_001,부모님 (전통 소주로 지역의 술을 소개)
PRD_033,TGT_006,상사/은사 (지역 특산주로 격식을 갖춘 선물)
PRD_033,TGT_008,자신 (여행지 특산주를 즐기기 위한 선택)
PRD_034,TGT_002,연인 (카페 감성 디저트로 연인에게 선물하기 좋음)
PRD_034,TGT_003,친구 (카페 감성 디저트로 함께 즐기기 좋음)
PRD_034,TGT_004,가족 (부드러운 우유 맛으로 호불호 없는 디저트)
PRD_034,TGT_005,직장동료 (개별 포장으로 나눠주기 편리한 간식)
PRD_035,TGT_004,가족 (실용적이며 일상에서 활용 가능한 기념품)
PRD_035,TGT_007,어린이 (쿠마몬 캐릭터로 흥미를 끄는 상품)
PRD_035,TGT_008,자신 (친환경 소재로 의미 있는 소비)
PRD_036,TGT_003,친구 (특이한 맛으로 재미를 공유할 수 있는 음료)
PRD_036,TGT_007,어린이 (탄산과 색다른 맛으로 호기심 자극)
PRD_036,TGT_008,자신 (이색적인 경험을 위한 구매)
PRD_037,TGT_003,친구 (가볍게 나눠 먹기 좋은 간식)
PRD_037,TGT_004,가족 (다양한 맛으로 함께 즐기기 적합)
PRD_037,TGT_007,어린이 (귀여운 캐릭터로 시각적 재미 제공)
PRD_038,TGT_001,부모님 (고급 밤 디저트로 정성 있는 선물)
PRD_038,TGT_002,연인 (부드럽고 달콤한 분위기의 디저트)
PRD_038,TGT_006,상사/은사 (프리미엄 디저트로 격식 있는 선택)
PRD_039,TGT_001,부모님 (전통 화과자로 신뢰감 있는 선물)
PRD_039,TGT_004,가족 (함께 나눠 먹기 좋은 대표 간식)
PRD_039,TGT_006,상사/은사 (검증된 지역 명과로 품격 있는 선택)
PRD_040,TGT_002,연인 (일상에서 사용할 수 있는 감각적인 선물)
PRD_040,TGT_003,친구 (디자인이 귀엽고 실용적인 기념품)
PRD_040,TGT_004,가족 (실용성과 활용도가 높은 아이템)
PRD_040,TGT_008,자신 (환경을 고려한 스마트한 소비 경험)
PRD_021,TGT_002,연인 (디자인이 예쁘고 로맨틱한 액세서리)
PRD_021,TGT_003,친구 (유행에 민감하고 의미 있는 선물)
PRD_021,TGT_008,자신 (여행의 추억을 간직하는 기념품)
PRD_022,TGT_003,친구 (트렌디한 뷰티/실용적인 선물)
PRD_022,TGT_004,가족 (남녀노소 무난하게 쓸 수 있는 저자극)
PRD_022,TGT_008,자신 (평소 궁금했던 뷰티 제품 경험)
PRD_023,TGT_004,가족 (모양보다 양! 호불호 없이 즐기는 간식)
PRD_023,TGT_008,자신 (유명한 맛을 가성비 있게 즐기는 보상)
PRD_024,TGT_003,친구 (함께 즐겁게 나눠 먹기 좋은 디저트)
PRD_024,TGT_005,직장동료 (개별 포장되어 하나씩 나눠주기 편리)
PRD_025,TGT_002,연인 (로맨틱한 분위기를 내는 고급 디저트)
PRD_025,TGT_006,상사/은사 (검증된 프리미엄 퀄리티의 선물)
PRD_026,TGT_001,부모님 (짭짤한 전통의 맛과 술안주로 제격)
PRD_026,TGT_004,가족 (가족끼리 부담 없이 즐기는 대중적 간식)
PRD_027,TGT_001,부모님 (정성스럽고 고급스러운 전통 공예품)
PRD_027,TGT_006,상사/은사 (예의를 갖출 수 있는 품격 있는 장인 선물)
PRD_028,TGT_001,부모님 (건강을 생각한 전통적인 다과)
PRD_028,TGT_005,직장동료 (사무실에서 깔끔하게 먹기 좋은 포장)
PRD_029,TGT_003,친구 (여행 다녀온 티를 낼 수 있는 시그니처 선물)
PRD_029,TGT_004,가족 (모두가 좋아하는 버터 맛 쿠키)
PRD_029,TGT_007,어린이 (귀여운 비둘기 모양 디자인)
PRD_029,TGT_008,자신 (예쁜 틴케이스 소장용)
PRD_030,TGT_001,부모님 (고급스러운 전통 크림 센베이)
PRD_030,TGT_006,상사/은사 (품격 있는 패키징과 검증된 맛)
PRD_041,TGT_001,부모님 (부모님께 드리는 달콤한 간식)
PRD_041,TGT_002,연인 (연인에게 주는 달콤한 간식)
PRD_041,TGT_003,친구 (친구에게 주는 달콤한 간식)
PRD_041,TGT_004,가족 (우리집 식탁에 놓아두는 달콤한 간식)
PRD_041,TGT_005,직장동료 (직장동료에게 주는 달콤한 간식)
PRD_041,TGT_006,상사/은사(감사함을 전달하는 달콤한 방법)
PRD_041,TGT_007,어린이 (아이들이 좋아할 달콤한 간식)
PRD_042,TGT_001,부모님 (부모님이 좋아하실 수공예 손수건)
PRD_042,TGT_006,상사/은사(감사함을 전달하는 수공예 손수건)
PRD_042,TGT_008,자신 (도쿠시마를 기억하는 수공예 손수)
PRD_043,TGT_001,부모님 (부모님께 드리는 고급 설탕 선물)
PRD_043,TGT_005,직장동료 (직장동료에게 주는 고급 설탕 선물)
PRD_043,TGT_006,상사/은사(감사함을 전하는 고급 설탕 선물)
PRD_044,TGT_001,부모님 (부모님께 드리는 상큼한 꿀 선물)
PRD_044,TGT_003,친구 (친구에게 주는 상큼한 꿀 선물)
PRD_044,TGT_004,가족 (가족들과 같이 즐기는 상큼한 꿀)
PRD_044,TGT_005,직장동료 (직장동료에게 선물하는 상큼한 꿀)
PRD_044,TGT_006,상사/은사(감사함을 전하는 상큼한 꿀)
PRD_045,TGT_003,친구 (친구들을 위한 이색 라멘)
PRD_045,TGT_004,가족 (가족들을 위한 이색 라멘)
PRD_045,TGT_007,어린이 (어린이를 위한 이색 라멘)
PRD_046,TGT_001,부모님 (부모님께 드리는 달콤한 간식)
PRD_046,TGT_002,연인 (연인에게 주는 달콤한 간식)
PRD_046,TGT_004,가족 (가족에게 주는 달콤한 간식)
PRD_046,TGT_005,직장동료 (직장동료에게 주는 달콤한 간식)
PRD_046,TGT_006,상사/은사(감사함을 전하는 달콤한 간식)
PRD_046,TGT_007,어린이 (아이들이 좋아할 달콤한 간식)
PRD_047,TGT_001,부모님 (부모님께 드리는 매콤달콤 김)
PRD_047,TGT_004,가족 (우리집 식탁에 함께할 매콤달콤 김)
PRD_047,TGT_005,직장동료 (직장동료에게 주는 매콤달콤 김)
PRD_047,TGT_006,상사/은사(감사함을 전하는 매콤달콤 )
PRD_048,TGT_002,연인 (연인에게 주는 달콤한 간식)
PRD_048,TGT_003,친구 (친구에게 주는 달콤한 간식)
PRD_048,TGT_004,가족 (우리집 식탁에 놓아두는 달콤한 간식)
PRD_048,TGT_005,직장동료 (직장동료에게 주는 달콤한 간식)
PRD_048,TGT_006,상사/은사(감사함을 전달하는 달콤한 방법)
PRD_048,TGT_007,어린이 (아이들이 좋아할 달콤한 간식)
PRD_049,TGT_001,부모님 (부모님께 드리는 건강 메밀면)
PRD_049,TGT_004,가족 (가족들과 함께하는 건강 메밀면)
PRD_049,TGT_005,직장동료 (직장동료에게 주는 건강 메밀면)
PRD_050,TGT_001,부모님 (부모님께 드리는 최고급 미역)
PRD_050,TGT_004,가족 (가족들과 함께하는 최고급 미역)
PRD_050,TGT_005,직장동료 (직장동료에게 주는 최고급 미역)
PRD_050,TGT_006,상사/은사 (감사함을 전하는 최고급 미역)
PRD_051,TGT_001,부모님 (부모님께 드리는 상큼한 건강 차)
PRD_051,TGT_003,친구 (친구에게 주는 상큼한 건강 차)
PRD_051,TGT_004,가족 (가족들과 함께하는 상큼한 건강 차)
PRD_051,TGT_005,직장동료 (직장동료에게 주는 상큼한 건강 차)
PRD_051,TGT_006,상사/은사(감사함을 전달하는 상큼한 건강 차)
PRD_052,TGT_001,부모님 (부모님께 드리는 친환경 맥주)
PRD_052,TGT_002,연인 (연인과 함께 기울이는 친환경 맥주)
PRD_052,TGT_003,친구 (친구와 함께 기울이는 친환경 맥주)
PRD_052,TGT_004,가족 (가족들과 함께하는 친환경 맥주)
PRD_052,TGT_005,직장동료 (직장동료와 기울이는 친환경 맥주)
PRD_052,TGT_006,상사/은사(감사함을 전달하는 친환경 맥주)
PRD_052,TGT_008,자신 (지구와 함께 수고한 나를 위한 친환경 맥주)
PRD_053,TGT_001,부모님 (부모님께 전하는 특별한 그릇)
PRD_053,TGT_002,연인 (연인에게 전하는 특별한 그릇)
PRD_053,TGT_004,가족 (우리집 식탁에 놓이는 특별한 그릇)
PRD_053,TGT_006,상사/은사(고마움을 전하는 특별한 그릇)
PRD_054,TGT_002,연인 (연인에게 잉어깃발로 만든 귀여운 인형을)
PRD_054,TGT_003,친구 (친구에게 잉어깃발로 만든 귀여운 인형을)
PRD_054,TGT_004,가족 (가족에게 잉어깃발로 만든 귀여운 인형을)
PRD_054,TGT_007,어린이 (아이에게 잉어깃발로 만든 귀여운 인형을)
PRD_054,TGT_008,자신 (나를 위해 잉어깃발로 만든 귀여운 인형을)
PRD_055,TGT_001,부모님 (부모님에게 전하는 특별한 전통 슬리퍼)
PRD_055,TGT_002,연인 (연인에게 전하는 특별한 전통 슬리퍼)
PRD_055,TGT_004,가족 (우리집에 선물할 특별한 전통 슬리퍼)
PRD_055,TGT_007,어린이 (아이에게 선물할 특별한 전통 슬리퍼)
PRD_055,TGT_008,자신 (내게 전하는 특별한 전통 슬리퍼)
PRD_056,TGT_001,부모님 (쌉싸름한 말차 풍미의 전통 화과자)
PRD_056,TGT_006,상사/은사 (격식 있는 구마모토 전통 과자)
PRD_056,TGT_008,자신 (말차 풍미를 직접 즐기기 좋은 간식)
PRD_057,TGT_001,부모님 (전통적인 팥앙금과 규히의 부드러운 맛)
PRD_057,TGT_006,상사/은사 (고급스러운 박스형 화과자 선물)
PRD_057,TGT_004,가족 (함께 나눠 먹기 좋은 전통 화과자)
PRD_058,TGT_001,부모님 (검은깨와 팥앙금의 고소한 전통 과자)
PRD_058,TGT_003,친구 (구마모토성 이미지를 담은 지역성 있는 선물)
PRD_058,TGT_006,상사/은사 (구마모토풍 전통 과자로 격식 있음)
PRD_059,TGT_001,부모님 (산뜻한 산미가 있는 전통 과자)
PRD_059,TGT_006,상사/은사 (고급스럽고 독특한 화과자 선물)
PRD_059,TGT_002,연인 (마르멜로 잼의 상큼한 디저트)
PRD_060,TGT_007,어린이 (구마몬 패키지의 귀여운 캐릭터 과자)
PRD_060,TGT_003,친구 (캐릭터 기념품 느낌이 강한 선물)
PRD_060,TGT_004,가족 (구마몬 디자인으로 함께 즐기기 좋음)
PRD_061,TGT_003,친구 (부담 없이 살 수 있는 낱개 간식)
PRD_061,TGT_007,어린이 (달콤하고 익숙한 도라야키)
PRD_061,TGT_008,자신 (여행 중 가볍게 먹기 좋은 간식)
PRD_062,TGT_004,가족 (과일 맛 젤리로 남녀노소 즐기기 좋음)
PRD_062,TGT_007,어린이 (시원하고 달콤한 젤리형 과자)
PRD_062,TGT_002,연인 (상큼한 과일 디저트 선물)
PRD_063,TGT_003,친구 (개별 포장 구움과자로 나눠 먹기 좋음)
PRD_063,TGT_005,직장동료 (사무실에서 나눠주기 쉬운 개별 포장)
PRD_063,TGT_004,가족 (대표 구움과자로 대중적인 맛)
PRD_064,TGT_002,연인 (소량 고급 버터샌드 디저트)
PRD_064,TGT_003,친구 (프리미엄 간식으로 가볍게 선물하기 좋음)
PRD_064,TGT_008,자신 (여행 중 보상용 디저트)
PRD_065,TGT_005,직장동료 (수량이 많아 나눠주기 좋은 사브레)
PRD_065,TGT_003,친구 (가볍고 바삭한 지역 사브레)
PRD_065,TGT_004,가족 (함께 먹기 좋은 대중적인 쿠키류)
PRD_066,TGT_004,가족 (부드러운 커스터드 과자로 함께 먹기 좋음)
PRD_066,TGT_007,어린이 (달콤하고 부드러운 크림 계열 과자)
PRD_066,TGT_002,연인 (부드러운 디저트 선물)
PRD_067,TGT_003,친구 (매콤하고 바삭한 이색 과자)
PRD_067,TGT_005,직장동료 (단 과자가 아닌 짭짤한 간식)
PRD_067,TGT_008,자신 (맥주 안주용으로 즐기기 좋은 과자)
PRD_068,TGT_003,친구 (북두의 권과 구마몬의 코믹한 조합)
PRD_068,TGT_007,어린이 (캐릭터 디자인이 돋보이는 만주)
PRD_068,TGT_008,자신 (캐릭터 굿즈 느낌의 기념품)
PRD_069,TGT_001,부모님 (달지 않고 고소한 김·견과 과자)
PRD_069,TGT_005,직장동료 (어른 입맛에도 맞는 짭짤한 간식)
PRD_069,TGT_006,상사/은사 (무난하고 격식 있는 어른용 선물)
PRD_070,TGT_003,친구 (간장 캐슈넛의 짭짤한 안주형 과자)
PRD_070,TGT_008,자신 (술안주나 간식으로 즐기기 좋음)
PRD_070,TGT_005,직장동료 (단맛이 적은 실속형 간식)
PRD_071,TGT_003,친구 (부담 없는 가격의 호두 간식)
PRD_071,TGT_005,직장동료 (작은 가격대로 여러 개 사기 좋음)
PRD_071,TGT_008,자신 (고소한 견과 간식)
PRD_072,TGT_002,연인 (단짠단짠한 젊은 감성 간식)
PRD_072,TGT_003,친구 (트렌디한 솔트 캐러멜 맛)
PRD_072,TGT_008,자신 (가볍게 즐기기 좋은 보상용 간식)
PRD_073,TGT_003,친구 (구마모토 라멘 전문점 기념품)
PRD_073,TGT_004,가족 (집에서 함께 먹기 좋은 라멘 세트)
PRD_073,TGT_008,자신 (라멘 마니아용 여행 기념품)
PRD_074,TGT_003,친구 (유명 라멘집의 돈코츠 라멘 선물)
PRD_074,TGT_004,가족 (집에서 나눠 먹기 좋은 라멘)
PRD_074,TGT_008,자신 (구마모토 라멘 맛을 다시 즐기기 좋음)
PRD_075,TGT_003,친구 (가격이 낮아 부담 없는 라멘 선물)
PRD_075,TGT_005,직장동료 (여러 개 사서 나눠주기 좋은 간편식)
PRD_075,TGT_004,가족 (간단히 조리해 먹기 좋은 라멘)
PRD_076,TGT_003,친구 (검은 마유 풍미의 지역 라멘)
PRD_076,TGT_004,가족 (집에서 즐기는 구마모토식 라멘)
PRD_076,TGT_008,자신 (구마모토 라멘의 특징을 직접 경험)
PRD_077,TGT_007,어린이 (귀여운 구마몬 인형)
PRD_077,TGT_002,연인 (한정 디자인의 캐릭터 선물)
PRD_077,TGT_008,자신 (여행 추억용 구마몬 굿즈)
PRD_078,TGT_007,어린이 (구마몬 얼굴 디자인의 귀여운 소품)
PRD_078,TGT_003,친구 (실용적인 캐릭터 동전지갑)
PRD_078,TGT_002,연인 (작고 귀여운 캐릭터 액세서리)
PRD_079,TGT_003,친구 (부담 없는 마그넷 기념품)
PRD_079,TGT_008,자신 (냉장고 자석 수집용 기념품)
PRD_079,TGT_007,어린이 (아기자기한 구마모토 먹거리 디자인)
PRD_080,TGT_004,가족 (실용적으로 쓰기 좋은 머그컵)
PRD_080,TGT_002,연인 (귀여운 구마몬 디자인 컵)
PRD_080,TGT_008,자신 (일상에서 쓰기 좋은 여행 기념품)
PRD_081,TGT_003,친구 (지역 모티프가 들어간 토트백)
PRD_081,TGT_002,연인 (귀여운 구마몬 디자인 가방)
PRD_081,TGT_008,자신 (여행 후에도 쓰기 좋은 실용 굿즈)
PRD_082,TGT_001,부모님 (차를 마실 때 쓰기 좋은 실용 찻잔)
PRD_082,TGT_004,가족 (구마모토 모티프가 들어간 식기류)
PRD_082,TGT_008,자신 (실사용 가능한 여행 기념 컵)
PRD_083,TGT_003,친구 (구마모토 대표 도넛 과자)
PRD_083,TGT_005,직장동료 (상온 보관과 나눔이 쉬운 간식)
PRD_083,TGT_004,가족 (달콤한 흑당 과자로 함께 먹기 좋음)
PRD_084,TGT_007,어린이 (부드러운 우유 풍미 도넛봉)
PRD_084,TGT_004,가족 (남녀노소 먹기 좋은 밀크 간식)
PRD_084,TGT_003,친구 (아소 저지 우유의 지역성이 있는 과자)
PRD_085,TGT_001,부모님 (아마쿠사 소금 스토리가 있는 부드러운 디저트)
PRD_085,TGT_003,친구 (지역 소재를 활용한 이색 수플레)
PRD_085,TGT_002,연인 (부드럽고 특별한 디저트 선물)
PRD_086,TGT_001,부모님
PRD_086,TGT_004,가족
PRD_086,TGT_005,직장 동료
PRD_086,TGT_006,상사
PRD_086,TGT_003,친구
PRD_087,TGT_008,자신
PRD_087,TGT_003,친구
PRD_087,TGT_007,어린이
PRD_088,TGT_002,연인
PRD_088,TGT_004,가족
PRD_088,TGT_003,친구
PRD_088,TGT_008,자신
PRD_089,TGT_002,연인
PRD_089,TGT_003,친구
PRD_089,TGT_005,직장 동료
PRD_089,TGT_007,어린이
PRD_090,TGT_002,연인
PRD_090,TGT_004,가족
PRD_090,TGT_003,친구
PRD_090,TGT_008,자신
PRD_091,TGT_004,가족
PRD_091,TGT_002,연인
PRD_091,TGT_008,자신
PRD_092,TGT_002,연인
PRD_092,TGT_003,친구
PRD_092,TGT_004,가족
PRD_093,TGT_002,연인
PRD_093,TGT_004,가족
PRD_093,TGT_008,자신
PRD_094,TGT_005,직장 동료
PRD_094,TGT_003,친구
PRD_094,TGT_006,상사
PRD_095,TGT_001,부모님
PRD_095,TGT_006,상사
PRD_095,TGT_004,가족
PRD_095,TGT_005,직장 동료
PRD_096,TGT_003,친구
PRD_096,TGT_007,어린이
PRD_096,TGT_008,자신
PRD_097,TGT_005,직장 동료
PRD_097,TGT_003,친구
PRD_097,TGT_007,어린이
PRD_098,TGT_001,부모님
PRD_098,TGT_006,상사
PRD_098,TGT_004,가족
PRD_099,TGT_001,부모님
PRD_099,TGT_006,상사
PRD_099,TGT_005,직장 동료
PRD_099,TGT_003,친구
PRD_100,TGT_001,부모님
PRD_100,TGT_006,상사
PRD_100,TGT_003,친구
PRD_100,TGT_008,자신
PRD_101,TGT_002,연인
PRD_101,TGT_003,친구
PRD_101,TGT_005,직장 동료
PRD_102,TGT_002,연인
PRD_102,TGT_006,상사
PRD_102,TGT_003,친구
PRD_103,TGT_005,직장 동료
PRD_103,TGT_003,친구
PRD_103,TGT_007,어린이
PRD_104,TGT_001,부모님
PRD_104,TGT_006,상사
PRD_104,TGT_005,직장 동료
PRD_105,TGT_001,부모님
PRD_105,TGT_006,상사
PRD_105,TGT_008,자신
PRD_106,TGT_005,직장 동료
PRD_106,TGT_004,가족
PRD_106,TGT_003,친구
PRD_107,TGT_003,친구
PRD_107,TGT_005,직장 동료
PRD_107,TGT_007,어린이
PRD_108,TGT_002,연인
PRD_108,TGT_003,친구
PRD_108,TGT_008,자신
PRD_109,TGT_005,직장 동료
PRD_109,TGT_003,친구
PRD_109,TGT_004,가족
PRD_110,TGT_003,친구
PRD_110,TGT_007,어린이
PRD_110,TGT_005,직장 동료
PRD_111,TGT_001,부모님
PRD_111,TGT_006,상사
PRD_111,TGT_005,직장 동료
PRD_112,TGT_001,부모님
PRD_112,TGT_006,상사
PRD_112,TGT_004,가족
PRD_113,TGT_003,친구
PRD_113,TGT_005,직장 동료
PRD_113,TGT_007,어린이
PRD_114,TGT_002,연인
PRD_114,TGT_003,친구
PRD_114,TGT_004,가족
PRD_115,TGT_001,부모님
PRD_115,TGT_006,상사
PRD_115,TGT_004,가족
PRD_116,TGT_003,친구
PRD_116,TGT_004,가족
PRD_116,TGT_008,자신
PRD_117,TGT_002,연인
PRD_117,TGT_004,가족
PRD_117,TGT_008,자신
PRD_118,TGT_008,자신
PRD_118,TGT_002,연인
PRD_118,TGT_004,가족
PRD_119,TGT_005,직장 동료
PRD_119,TGT_003,친구
PRD_119,TGT_006,상사
PRD_120,TGT_001,부모님
PRD_120,TGT_003,친구
PRD_120,TGT_005,직장 동료
PRD_120,TGT_008,자신
PRD_121,TGT_001,부모님
PRD_121,TGT_004,가족
PRD_121,TGT_006,상사
PRD_121,TGT_008,자신
PRD_122,TGT_001,부모님
PRD_122,TGT_004,가족
PRD_122,TGT_005,직장 동료
PRD_122,TGT_007,어린이
PRD_123,TGT_003,친구
PRD_123,TGT_007,어린이
PRD_123,TGT_004,가족
PRD_124,TGT_003,친구
PRD_124,TGT_008,자신
PRD_124,TGT_007,어린이
PRD_125,TGT_001,부모님
PRD_125,TGT_006,상사
PRD_125,TGT_004,가족
PRD_125,TGT_008,자신
PRD_126,TGT_001,부모님
PRD_126,TGT_003,친구
PRD_126,TGT_008,자신
PRD_127,TGT_001,부모님
PRD_127,TGT_006,상사
PRD_127,TGT_008,자신
PRD_128,TGT_001,부모님
PRD_128,TGT_006,상사
PRD_128,TGT_008,자신
PRD_129,TGT_001,부모님
PRD_129,TGT_006,상사
PRD_129,TGT_008,자신
PRD_130,TGT_001,부모님
PRD_130,TGT_006,상사
PRD_130,TGT_008,자신
PRD_131,TGT_001,부모님
PRD_131,TGT_002,연인
PRD_131,TGT_008,자신
PRD_132,TGT_003,친구
PRD_132,TGT_008,자신
PRD_132,TGT_002,연인
PRD_133,TGT_001,부모님
PRD_133,TGT_002,연인
PRD_133,TGT_003,친구
PRD_133,TGT_008,자신
PRD_134,TGT_001,부모님
PRD_134,TGT_002,연인
PRD_134,TGT_006,상사
PRD_134,TGT_008,자신
PRD_135,TGT_002,연인
PRD_135,TGT_003,친구
PRD_135,TGT_008,자신
PRD_135,TGT_004,가족
PRD_136,TGT_003,친구 (같은 상품의 다른 수량이므로 단체 선물용 대표 옵션으로만 활용.)
PRD_136,TGT_005,직장동료 (같은 상품의 다른 수량이므로 단체 선물용 대표 옵션으로만 활용.)
PRD_136,TGT_004,가족 (같은 상품의 다른 수량이므로 단체 선물용 대표 옵션으로만 활용.)
PRD_137,TGT_001,부모님 (제철 도시 기타큐슈 이미지를 살린 캔 패키지 초콜릿.)
PRD_137,TGT_006,상사/은사 (캔이 남아 기념품 느낌이 강해 상사·부모님 선물에도 무난.)
PRD_137,TGT_003,친구 (캔이 남아 기념품 느낌이 강해 상사·부모님 선물에도 무난.)
PRD_137,TGT_008,자신 (캔이 남아 기념품 느낌이 강해 상사·부모님 선물에도 무난.)
PRD_138,TGT_003,친구 (장난스러운 선물용으로 좋지만 격식 있는 선물에는 비추천.)
PRD_138,TGT_002,연인 (기타큐슈의 TOTO 이미지를 유머러스하게 담은 변기 모양 초콜릿.)
PRD_138,TGT_008,자신 (장난스러운 선물용으로 좋지만 격식 있는 선물에는 비추천.)
PRD_139,TGT_003,친구 (어린이·친구에게 재미있는 모양의 과자로 추천.)
PRD_139,TGT_007,어린이 (어린이·친구에게 재미있는 모양의 과자로 추천.)
PRD_139,TGT_008,자신 (어린이·친구에게 재미있는 모양의 과자로 추천.)
PRD_140,TGT_007,어린이 (교통·철도 좋아하는 사람에게 잘 맞는 선물.)
PRD_140,TGT_003,친구 (교통·철도 좋아하는 사람에게 잘 맞는 선물.)
PRD_140,TGT_008,자신 (교통·철도 좋아하는 사람에게 잘 맞는 선물.)
PRD_141,TGT_007,어린이 (부서지기 쉬우니 캐리어 안쪽에 넣어 보관.)
PRD_141,TGT_003,친구 (부서지기 쉬우니 캐리어 안쪽에 넣어 보관.)
PRD_141,TGT_004,가족 (부서지기 쉬우니 캐리어 안쪽에 넣어 보관.)
PRD_142,TGT_003,친구 (모지코 관광 후 항구 테마 선물로 연결하기 좋음.)
PRD_142,TGT_004,가족 (모지코 관광 후 항구 테마 선물로 연결하기 좋음.)
PRD_142,TGT_007,어린이 (모지코 관광 후 항구 테마 선물로 연결하기 좋음.)
PRD_143,TGT_004,가족 (가격대가 있어 가족용 또는 프로젝트 전시용 샘플로 적합.)
PRD_143,TGT_007,어린이 (가격대가 있어 가족용 또는 프로젝트 전시용 샘플로 적합.)
PRD_143,TGT_008,자신 (가격대가 있어 가족용 또는 프로젝트 전시용 샘플로 적합.)
PRD_144,TGT_003,"친구 (이가 약한 사람에게는 비추천, 커피·우유에 적셔 먹기 좋음.)"
PRD_144,TGT_005,"직장동료 (이가 약한 사람에게는 비추천, 커피·우유에 적셔 먹기 좋음.)"
PRD_144,TGT_008,"자신 (이가 약한 사람에게는 비추천, 커피·우유에 적셔 먹기 좋음.)"
PRD_145,TGT_003,친구 (단단함 자체가 특징이라 설명을 곁들여 선물하면 좋음.)
PRD_145,TGT_005,직장동료 (단단함 자체가 특징이라 설명을 곁들여 선물하면 좋음.)
PRD_145,TGT_008,자신 (단단함 자체가 특징이라 설명을 곁들여 선물하면 좋음.)
PRD_146,TGT_001,부모님 (제철도시 기타큐슈 이미지를 담은 양갱.)
PRD_146,TGT_006,상사/은사 (작고 보관성이 좋아 부모님·상사용으로 무난.)
PRD_146,TGT_005,직장동료 (작고 보관성이 좋아 부모님·상사용으로 무난.)
PRD_147,TGT_001,부모님 (봄 시즌 감성을 더한 구로가네 양갱 변형 상품.)
PRD_147,TGT_002,연인 (봄 시즌 감성을 더한 구로가네 양갱 변형 상품.)
PRD_147,TGT_006,상사/은사 (계절 한정 성격이 있어 재고 확인 후 구매.)
PRD_148,TGT_003,친구 (일반 구로가네堅パン과 중복 구매 시 콘셉트 차이 중심으로 추천.)
PRD_148,TGT_008,자신 (일반 구로가네堅パン과 중복 구매 시 콘셉트 차이 중심으로 추천.)
PRD_148,TGT_005,직장동료 (일반 구로가네堅パン과 중복 구매 시 콘셉트 차이 중심으로 추천.)
PRD_149,TGT_003,"친구 (SNS용·기획전시용 소재로 좋고, 실제 취식 시 치아 주의.)"
PRD_149,TGT_007,"어린이 (SNS용·기획전시용 소재로 좋고, 실제 취식 시 치아 주의.)"
PRD_149,TGT_008,"자신 (SNS용·기획전시용 소재로 좋고, 실제 취식 시 치아 주의.)"
PRD_150,TGT_001,부모님 (고쿠라의 노포 과자점 湖月堂의 대표 밤만주.)
PRD_150,TGT_006,상사/은사 (어른 선물로 안정적이고 차와 함께 먹기 좋음.)
PRD_150,TGT_004,가족 (어른 선물로 안정적이고 차와 함께 먹기 좋음.)
PRD_151,TGT_001,부모님 (고쿠라 기온 축제의 북을 모티프로 한 버터 파이 과자.)
PRD_151,TGT_006,상사/은사 (커피·차 모두와 잘 어울려 직장 선물로 적합.)
PRD_151,TGT_005,직장동료 (커피·차 모두와 잘 어울려 직장 선물로 적합.)
PRD_151,TGT_004,가족 (커피·차 모두와 잘 어울려 직장 선물로 적합.)
PRD_152,TGT_001,부모님 (밤 한 알을 살린 고급 화과자 계열 상품.)
PRD_152,TGT_006,상사/은사 (가격대가 높아 부모님·상사용 선물에 적합.)
PRD_152,TGT_004,가족 (가격대가 높아 부모님·상사용 선물에 적합.)
PRD_153,TGT_001,부모님 (보리향 반죽과 밤을 사용한 고급 만주.)
PRD_153,TGT_006,상사/은사 (단맛이 과하지 않은 전통 과자 선호층에게 추천.)
PRD_153,TGT_004,가족 (단맛이 과하지 않은 전통 과자 선호층에게 추천.)
PRD_154,TGT_004,가족 (냉장 보관 여부와 소비기한 확인 후 구매.)
PRD_154,TGT_007,어린이 (냉장 보관 여부와 소비기한 확인 후 구매.)
PRD_154,TGT_003,친구 (냉장 보관 여부와 소비기한 확인 후 구매.)
PRD_155,TGT_001,부모님 (모리 오가이 『小倉日記』에서 착안한 미니 바움쿠헨.)
PRD_155,TGT_006,상사/은사 (문학·역사 스토리를 곁들이면 선물 가치가 올라감.)
PRD_155,TGT_003,친구 (문학·역사 스토리를 곁들이면 선물 가치가 올라감.)
PRD_155,TGT_008,자신 (문학·역사 스토리를 곁들이면 선물 가치가 올라감.)
PRD_156,TGT_004,가족 (기타큐슈 시 탄생 스토리와 연결해 지역성 설명용으로 좋음.)
PRD_156,TGT_003,친구 (기타큐슈 시 탄생 스토리와 연결해 지역성 설명용으로 좋음.)
PRD_156,TGT_006,상사/은사 (기타큐슈 시 탄생 스토리와 연결해 지역성 설명용으로 좋음.)
PRD_157,TGT_002,연인 (마네키네코 발 모양을 모티프로 한 귀여운 마들렌.)
PRD_157,TGT_003,친구 (낱개 가격이 낮아 가벼운 선물로 적합.)
PRD_157,TGT_007,어린이 (낱개 가격이 낮아 가벼운 선물로 적합.)
PRD_158,TGT_001,부모님 (도바타 기온 오야마가사 등불산을 모티프로 한 모나카.)
PRD_158,TGT_003,친구 (지역 축제 설명과 함께 추천하기 좋음.)
PRD_158,TGT_008,자신 (지역 축제 설명과 함께 추천하기 좋음.)
PRD_159,TGT_001,부모님 (つる平의 대표 과자를 모은 선물 세트.)
PRD_159,TGT_006,상사/은사 (여러 맛을 한 번에 담아 가족·상사 선물로 무난.)
PRD_159,TGT_004,가족 (여러 맛을 한 번에 담아 가족·상사 선물로 무난.)
PRD_160,TGT_004,가족 (No.1보다 약간 저렴한 선물 세트로 활용.)
PRD_160,TGT_005,직장동료 (No.1보다 약간 저렴한 선물 세트로 활용.)
PRD_160,TGT_003,친구 (No.1보다 약간 저렴한 선물 세트로 활용.)
PRD_161,TGT_001,부모님 (표주박 모양의 지역 화과자.)
PRD_161,TGT_006,"상사/은사 (전통 과자 선호자에게 추천, 부서짐 방지 포장 주의.)"
PRD_161,TGT_004,"가족 (전통 과자 선호자에게 추천, 부서짐 방지 포장 주의.)"
PRD_162,TGT_001,부모님 (‘無病’과 발음이 통하는 六瓢 콘셉트의 장수 기원 모나카.)
PRD_162,TGT_006,상사/은사 (부모님·어르신 선물로 의미가 좋음.)
PRD_162,TGT_004,가족 (부모님·어르신 선물로 의미가 좋음.)
PRD_163,TGT_001,부모님 (바나나를 반죽해 만든 모지코 항구 이미지의 양갱.)
PRD_163,TGT_003,친구 (냉장해 먹으면 좋다고 소개되어 여름 선물에도 적합.)
PRD_163,TGT_008,자신 (냉장해 먹으면 좋다고 소개되어 여름 선물에도 적합.)
PRD_164,TGT_003,친구 (제철소 관광과 연결해 설명하기 좋은 상품.)
PRD_164,TGT_005,직장동료 (제철소 관광과 연결해 설명하기 좋은 상품.)
PRD_164,TGT_008,자신 (제철소 관광과 연결해 설명하기 좋은 상품.)
PRD_165,TGT_004,가족 (치즈와 계란을 추가하면 현지식 느낌을 내기 좋음.)
PRD_165,TGT_003,친구 (치즈와 계란을 추가하면 현지식 느낌을 내기 좋음.)
PRD_165,TGT_008,자신 (치즈와 계란을 추가하면 현지식 느낌을 내기 좋음.)
PRD_166,TGT_003,친구 (매운맛·해산물 향 선호자에게 추천.)
PRD_166,TGT_004,가족 (매운맛·해산물 향 선호자에게 추천.)
PRD_166,TGT_008,자신 (매운맛·해산물 향 선호자에게 추천.)
PRD_167,TGT_004,가족 (귀국 후 간단히 데워 먹기 좋아 자신용으로 적합.)
PRD_167,TGT_003,친구 (귀국 후 간단히 데워 먹기 좋아 자신용으로 적합.)
PRD_167,TGT_008,자신 (귀국 후 간단히 데워 먹기 좋아 자신용으로 적합.)
PRD_168,TGT_002,연인 (1.5인분 용량의 모지코 야키카레 레토르트.)
PRD_168,TGT_004,가족 (1인 여행객보다는 가족·커플 식사용으로 좋음.)
PRD_168,TGT_008,자신 (1인 여행객보다는 가족·커플 식사용으로 좋음.)
PRD_169,TGT_003,친구 (맥주 양조장 방문 후 같이 구매하면 스토리성이 좋음.)
PRD_169,TGT_002,연인 (모지코 지비루 공방의 맥주 풍미를 살린 야키카레.)
PRD_169,TGT_008,자신 (맥주 양조장 방문 후 같이 구매하면 스토리성이 좋음.)
PRD_170,TGT_004,가족 (숙소 취사 가능하거나 귀국 후 간편식으로 좋음.)
PRD_170,TGT_003,친구 (숙소 취사 가능하거나 귀국 후 간편식으로 좋음.)
PRD_170,TGT_008,자신 (숙소 취사 가능하거나 귀국 후 간편식으로 좋음.)
PRD_171,TGT_004,가족 (냉장·냉동 여부와 반입 가능 여부 확인.)
PRD_171,TGT_001,부모님 (닭고기 고명 ‘かしわ’가 특징인 기타큐슈식 우동.)
PRD_171,TGT_008,자신 (냉장·냉동 여부와 반입 가능 여부 확인.)
PRD_172,TGT_003,친구 (가볍고 저렴해 여러 개 사기 좋음.)
PRD_172,TGT_005,직장동료 (가볍고 저렴해 여러 개 사기 좋음.)
PRD_172,TGT_008,자신 (가볍고 저렴해 여러 개 사기 좋음.)
PRD_173,TGT_003,친구 (면류 좋아하는 사람에게 저가 선물로 적합.)
PRD_173,TGT_005,직장동료 (면류 좋아하는 사람에게 저가 선물로 적합.)
PRD_173,TGT_008,자신 (면류 좋아하는 사람에게 저가 선물로 적합.)
PRD_174,TGT_004,가족 (냉동·육류 제품이므로 한국 반입 가능 여부 확인 필수.)
PRD_174,TGT_003,친구 (냉동·육류 제품이므로 한국 반입 가능 여부 확인 필수.)
PRD_174,TGT_008,자신 (냉동·육류 제품이므로 한국 반입 가능 여부 확인 필수.)
PRD_175,TGT_001,부모님 (기타큐슈·후쿠오카권의 대표 명란 브랜드 가바타의 실속형 명란.)
PRD_175,TGT_004,가족 (냉장식품이라 보냉 포장과 반입 규정 확인.)
PRD_175,TGT_008,자신 (냉장식품이라 보냉 포장과 반입 규정 확인.)
PRD_176,TGT_001,부모님 (오징어와 명란을 함께 즐기는 해산물 반찬.)
PRD_176,TGT_003,친구 (밥반찬·술안주용으로 좋지만 냉장 여부 확인.)
PRD_176,TGT_008,자신 (밥반찬·술안주용으로 좋지만 냉장 여부 확인.)
PRD_177,TGT_001,부모님 (감칠맛 강한 다시마 조림 계열의 밥반찬.)
PRD_177,TGT_004,가족 (어른 선물·집밥 반찬용으로 적합.)
PRD_177,TGT_006,상사/은사 (어른 선물·집밥 반찬용으로 적합.)
PRD_178,TGT_003,친구 (매운맛 좋아하는 친구·자신용으로 추천.)
PRD_178,TGT_004,가족 (매운맛 좋아하는 친구·자신용으로 추천.)
PRD_178,TGT_008,자신 (매운맛 좋아하는 친구·자신용으로 추천.)
PRD_179,TGT_003,친구 (가볍고 오래 보관하기 좋아 직장 동료용으로 적합.)
PRD_179,TGT_005,직장동료 (가볍고 오래 보관하기 좋아 직장 동료용으로 적합.)
PRD_179,TGT_008,자신 (가볍고 오래 보관하기 좋아 직장 동료용으로 적합.)
PRD_180,TGT_001,부모님 (기타큐슈 향토 음식 ‘ぬか炊き’ 계열의 반찬 상품.)
PRD_180,TGT_003,친구 (향이 독특할 수 있어 향토음식 관심층에게 추천.)
PRD_180,TGT_008,자신 (향이 독특할 수 있어 향토음식 관심층에게 추천.)
PRD_181,TGT_001,부모님 (만교쿠의 매실 가공품 계열 전통 식품.)
PRD_181,TGT_006,상사/은사 (입맛이 담백한 어른 선물로 추천.)
PRD_181,TGT_008,자신 (입맛이 담백한 어른 선물로 추천.)
PRD_182,TGT_001,부모님 (고급 매실 가공품으로 가격대가 높은 선물용 상품.)
PRD_182,TGT_006,"상사/은사 (격식 있는 선물용으로 적합, 무게·포장 확인.)"
PRD_183,TGT_004,가족 (빵·요거트와 함께 먹기 좋아 가족용으로 좋음.)
PRD_183,TGT_002,연인 (와카마쓰 지역 귤을 활용한 잼.)
PRD_183,TGT_003,친구 (빵·요거트와 함께 먹기 좋아 가족용으로 좋음.)
PRD_184,TGT_002,연인 (기타큐슈산 재료 이미지를 살린 레몬 시럽.)
PRD_184,TGT_004,가족 (탄산수·요거트에 섞어 먹기 좋고 재고 확인 필요.)
PRD_184,TGT_008,자신 (탄산수·요거트에 섞어 먹기 좋고 재고 확인 필요.)
PRD_185,TGT_002,연인 (모지코 레트로 감성을 담은 디자인 손수건.)
PRD_185,TGT_003,친구 (식품이 아니라 반입 걱정이 적고 가벼운 선물로 좋음.)
PRD_185,TGT_008,자신 (식품이 아니라 반입 걱정이 적고 가벼운 선물로 좋음.)
PRD_186,TGT_001,부모님 (전통적인 맛의 지역 과자)
PRD_186,TGT_006,상사/은사 (고급스럽고 격식 있는 선물)
PRD_186,TGT_004,가족 (호불호 적은 지역 먹거리)
PRD_187,TGT_003,친구 (가볍게 공유하기 좋은 기념품)
PRD_187,TGT_002,연인 (특별한 디저트 선물)
PRD_187,TGT_008,자신 (여행 중 직접 즐기기 좋은 간식)
PRD_188,TGT_005,직장동료 (개별 포장·배분이 쉬운 상품)
PRD_188,TGT_003,친구 (나눠 먹기 좋은 지역 간식)
PRD_188,TGT_007,어린이 (귀엽고 달콤한 간식)
PRD_189,TGT_001,부모님 (전통적인 맛의 지역 과자)
PRD_189,TGT_006,상사/은사 (검증된 브랜드의 정갈한 선물)
PRD_189,TGT_004,가족 (호불호 적은 지역 먹거리)
PRD_190,TGT_001,부모님 (전통적인 맛의 지역 과자)
PRD_190,TGT_006,상사/은사 (검증된 브랜드의 정갈한 선물)
PRD_190,TGT_004,가족 (호불호 적은 지역 먹거리)
PRD_191,TGT_001,부모님 (지역 식품 선물)
PRD_191,TGT_006,상사/은사 (검증된 브랜드의 정갈한 선물)
PRD_191,TGT_004,가족 (호불호 적은 지역 먹거리)
PRD_192,TGT_004,가족 (함께 나눠 먹기 좋은 구성)
PRD_192,TGT_005,직장동료 (개별 포장·배분이 쉬운 상품)
PRD_192,TGT_006,상사/은사 (검증된 브랜드의 정갈한 선물)
PRD_193,TGT_001,부모님 (전통적인 맛의 지역 과자)
PRD_193,TGT_006,상사/은사 (고급스럽고 격식 있는 선물)
PRD_193,TGT_002,연인 (특별한 디저트 선물)
PRD_194,TGT_001,부모님 (전통적인 맛의 지역 과자)
PRD_194,TGT_004,가족 (호불호 적은 지역 먹거리)
PRD_194,TGT_006,상사/은사 (검증된 브랜드의 정갈한 선물)
PRD_195,TGT_002,연인 (예쁜 모양과 디저트 느낌)
PRD_195,TGT_003,친구 (가볍게 공유하기 좋은 기념품)
PRD_195,TGT_008,자신 (여행 중 직접 즐기기 좋은 간식)
PRD_196,TGT_003,친구 (가볍게 공유하기 좋은 기념품)
PRD_196,TGT_004,가족 (호불호 적은 지역 먹거리)
PRD_196,TGT_007,어린이 (아이들이 먹기 좋은 달콤한 과자)
PRD_197,TGT_001,부모님 (지역 식품 선물)
PRD_197,TGT_002,연인 (특별한 디저트 선물)
PRD_197,TGT_008,자신 (여행 중 직접 즐기기 좋은 간식)
PRD_198,TGT_004,가족 (호불호 적은 지역 먹거리)
PRD_198,TGT_001,부모님 (전통적인 맛의 지역 과자)
PRD_198,TGT_007,어린이 (귀엽고 달콤한 간식)
PRD_199,TGT_003,친구 (가볍게 공유하기 좋은 기념품)
PRD_199,TGT_002,연인 (특별한 디저트 선물)
PRD_199,TGT_008,자신 (현지 맛을 직접 경험하기 좋은 상품)
PRD_200,TGT_008,자신 (현지 맛을 직접 경험하기 좋은 상품)
PRD_200,TGT_003,친구 (가볍게 공유하기 좋은 기념품)
PRD_200,TGT_007,어린이 (아이들이 먹기 좋은 달콤한 과자)
PRD_201,TGT_003,친구 (가볍게 공유하기 좋은 기념품)
PRD_201,TGT_007,어린이 (귀엽고 달콤한 간식)
PRD_201,TGT_004,가족 (호불호 적은 지역 먹거리)
PRD_202,TGT_005,직장동료 (개별 포장·배분이 쉬운 상품)
PRD_202,TGT_003,친구 (나눠 먹기 좋은 지역 간식)
PRD_202,TGT_004,가족 (함께 나눠 먹기 좋은 구성)
PRD_203,TGT_001,부모님 (전통적인 맛의 지역 과자)
PRD_203,TGT_004,가족 (호불호 적은 지역 먹거리)
PRD_203,TGT_006,상사/은사 (검증된 브랜드의 정갈한 선물)
PRD_204,TGT_001,부모님 (전통적인 맛의 지역 과자)
PRD_204,TGT_006,상사/은사 (검증된 브랜드의 정갈한 선물)
PRD_204,TGT_004,가족 (호불호 적은 지역 먹거리)
PRD_205,TGT_005,직장동료 (사무실에서 나누기 쉬운 간식)
PRD_205,TGT_003,친구 (가볍게 공유하기 좋은 기념품)
PRD_205,TGT_004,가족 (호불호 적은 지역 먹거리)
PRD_206,TGT_001,부모님 (지역 식품 선물)
PRD_206,TGT_004,가족 (호불호 적은 지역 먹거리)
PRD_206,TGT_006,상사/은사 (고급스럽고 격식 있는 선물)
PRD_207,TGT_002,연인 (예쁜 모양과 디저트 느낌)
PRD_207,TGT_003,친구 (가볍게 공유하기 좋은 기념품)
PRD_207,TGT_007,어린이 (귀엽고 달콤한 간식)
PRD_208,TGT_005,직장동료 (개별 포장·배분이 쉬운 상품)
PRD_208,TGT_003,친구 (나눠 먹기 좋은 지역 간식)
PRD_208,TGT_007,어린이 (아이들이 먹기 좋은 달콤한 과자)
PRD_209,TGT_003,친구 (가볍게 공유하기 좋은 기념품)
PRD_209,TGT_005,직장동료 (사무실에서 나누기 쉬운 간식)
PRD_209,TGT_008,자신 (현지 맛을 직접 경험하기 좋은 상품)
PRD_210,TGT_003,친구 (가볍게 공유하기 좋은 기념품)
PRD_210,TGT_002,연인 (특별한 디저트 선물)
PRD_210,TGT_008,자신 (여행 중 직접 즐기기 좋은 간식)
PRD_211,TGT_003,친구 (가볍게 공유하기 좋은 기념품)
PRD_211,TGT_008,자신 (여행 중 직접 즐기기 좋은 간식)
PRD_211,TGT_007,어린이 (아이들이 먹기 좋은 달콤한 과자)
PRD_212,TGT_003,친구 (가볍게 공유하기 좋은 기념품)
PRD_212,TGT_004,가족 (호불호 적은 지역 먹거리)
PRD_212,TGT_008,자신 (여행 중 직접 즐기기 좋은 간식)
PRD_213,TGT_005,직장동료 (개별 포장·배분이 쉬운 상품)
PRD_213,TGT_003,친구 (나눠 먹기 좋은 지역 간식)
PRD_213,TGT_004,가족 (함께 나눠 먹기 좋은 구성)
PRD_214,TGT_003,친구 (나눠 먹기 좋은 지역 간식)
PRD_214,TGT_005,직장동료 (개별 포장·배분이 쉬운 상품)
PRD_214,TGT_004,가족 (호불호 적은 지역 먹거리)
PRD_215,TGT_003,친구 (가볍게 공유하기 좋은 기념품)
PRD_215,TGT_005,직장동료 (사무실에서 나누기 쉬운 간식)
PRD_215,TGT_002,연인 (특별한 디저트 선물)
PRD_216,TGT_004,가족 (함께 나눠 먹기 좋은 구성)
PRD_216,TGT_006,상사/은사 (고급스럽고 격식 있는 선물)
PRD_216,TGT_001,부모님 (지역 식품 선물)
PRD_217,TGT_002,연인 (예쁜 모양과 디저트 느낌)
PRD_217,TGT_003,친구 (가볍게 공유하기 좋은 기념품)
PRD_217,TGT_008,자신 (여행 중 직접 즐기기 좋은 간식)
PRD_218,TGT_002,연인 (예쁜 모양과 디저트 느낌)
PRD_218,TGT_003,친구 (가볍게 공유하기 좋은 기념품)
PRD_218,TGT_008,자신 (여행 중 직접 즐기기 좋은 간식)
PRD_219,TGT_002,연인 (예쁜 모양과 디저트 느낌)
PRD_219,TGT_003,친구 (가볍게 공유하기 좋은 기념품)
PRD_219,TGT_004,가족 (호불호 적은 지역 먹거리)
PRD_220,TGT_003,친구 (가볍게 공유하기 좋은 기념품)
PRD_220,TGT_002,연인 (예쁜 모양과 디저트 느낌)
PRD_220,TGT_005,직장동료 (사무실에서 나누기 쉬운 간식)
PRD_221,TGT_001,부모님 (전통적인 맛의 지역 과자)
PRD_221,TGT_003,친구 (가볍게 공유하기 좋은 기념품)
PRD_221,TGT_008,자신 (여행 중 직접 즐기기 좋은 간식)
PRD_222,TGT_003,친구 (나눠 먹기 좋은 지역 간식)
PRD_222,TGT_008,자신 (여행 중 직접 즐기기 좋은 간식)
PRD_222,TGT_005,직장동료 (사무실에서 나누기 쉬운 간식)
PRD_223,TGT_004,가족 (호불호 적은 지역 먹거리)
PRD_223,TGT_001,부모님 (지역 식품 선물)
PRD_223,TGT_008,자신 (현지 맛을 직접 경험하기 좋은 상품)
PRD_224,TGT_004,가족 (호불호 적은 지역 먹거리)
PRD_224,TGT_008,자신 (현지 맛을 직접 경험하기 좋은 상품)
PRD_224,TGT_003,친구 (가볍게 공유하기 좋은 기념품)
PRD_225,TGT_003,친구 (가볍게 공유하기 좋은 기념품)
PRD_225,TGT_002,연인 (특별한 디저트 선물)
PRD_225,TGT_008,자신 (현지 맛을 직접 경험하기 좋은 상품)
PRD_226,TGT_003,친구 (가볍게 공유하기 좋은 기념품)
PRD_226,TGT_008,자신 (현지 맛을 직접 경험하기 좋은 상품)
PRD_226,TGT_004,가족 (호불호 적은 지역 먹거리)
PRD_227,TGT_008,자신 (현지 맛을 직접 경험하기 좋은 상품)
PRD_227,TGT_001,부모님 (지역 식품 선물)
PRD_227,TGT_004,가족 (호불호 적은 지역 먹거리)
PRD_228,TGT_008,자신 (현지 맛을 직접 경험하기 좋은 상품)
PRD_228,TGT_004,가족 (호불호 적은 지역 먹거리)
PRD_228,TGT_001,부모님 (지역 식품 선물)
PRD_229,TGT_004,가족 (호불호 적은 지역 먹거리)
PRD_229,TGT_001,부모님 (지역 식품 선물)
PRD_229,TGT_008,자신 (현지 맛을 직접 경험하기 좋은 상품)
PRD_230,TGT_004,가족 (호불호 적은 지역 먹거리)
PRD_230,TGT_001,부모님 (지역 식품 선물)
PRD_230,TGT_008,자신 (현지 맛을 직접 경험하기 좋은 상품)
PRD_231,TGT_004,가족 (함께 나눠 먹기 좋은 구성)
PRD_231,TGT_001,부모님 (지역 식품 선물)
PRD_231,TGT_006,상사/은사 (검증된 브랜드의 정갈한 선물)
PRD_232,TGT_003,친구 (가볍게 공유하기 좋은 기념품)
PRD_232,TGT_004,가족 (호불호 적은 지역 먹거리)
PRD_232,TGT_008,자신 (현지 맛을 직접 경험하기 좋은 상품)
PRD_233,TGT_004,가족 (호불호 적은 지역 먹거리)
PRD_233,TGT_008,자신 (현지 맛을 직접 경험하기 좋은 상품)
PRD_233,TGT_003,친구 (가볍게 공유하기 좋은 기념품)
PRD_234,TGT_001,부모님 (지역 식품 선물)
PRD_234,TGT_008,자신 (여행 중 직접 즐기기 좋은 간식)
PRD_234,TGT_003,친구 (가볍게 공유하기 좋은 기념품)
PRD_235,TGT_003,친구 (가볍게 공유하기 좋은 기념품)
PRD_235,TGT_004,가족 (호불호 적은 지역 먹거리)
PRD_235,TGT_008,자신 (현지 맛을 직접 경험하기 좋은 상품)
PRD_236,TGT_005,직장 동료
PRD_236,TGT_006,상사
PRD_236,TGT_004,가족
PRD_237,TGT_003,친구
PRD_237,TGT_005,직장 동료
PRD_237,TGT_006,상사
PRD_238,TGT_003,친구
PRD_238,TGT_005,직장 동료
PRD_238,TGT_008,자신
PRD_239,TGT_002,연인
PRD_239,TGT_003,친구
PRD_239,TGT_005,직장 동료
PRD_240,TGT_001,부모님
PRD_240,TGT_004,가족
PRD_240,TGT_005,직장 동료
PRD_241,TGT_007,어린이
PRD_241,TGT_003,친구
PRD_241,TGT_004,가족
PRD_242,TGT_003,친구
PRD_242,TGT_005,직장 동료
PRD_242,TGT_008,자신
PRD_243,TGT_002,연인
PRD_243,TGT_003,친구
PRD_243,TGT_007,어린이
PRD_244,TGT_001,부모님
PRD_244,TGT_004,가족
PRD_244,TGT_005,직장 동료
PRD_245,TGT_001,부모님
PRD_245,TGT_004,가족
PRD_245,TGT_008,자신
PRD_246,TGT_001,부모님
PRD_246,TGT_004,가족
PRD_246,TGT_008,자신
PRD_247,TGT_001,부모님
PRD_247,TGT_004,가족
PRD_247,TGT_008,자신
PRD_248,TGT_001,부모님
PRD_248,TGT_004,가족
PRD_248,TGT_006,상사
PRD_249,TGT_001,부모님
PRD_249,TGT_006,상사
PRD_249,TGT_004,가족
PRD_250,TGT_003,친구
PRD_250,TGT_008,자신
PRD_250,TGT_004,가족
PRD_251,TGT_007,어린이
PRD_251,TGT_003,친구
PRD_251,TGT_008,자신
PRD_252,TGT_001,부모님
PRD_252,TGT_006,상사
PRD_252,TGT_005,직장 동료
PRD_253,TGT_001,부모님
PRD_253,TGT_006,상사
PRD_253,TGT_004,가족
PRD_254,TGT_005,직장 동료
PRD_254,TGT_003,친구
PRD_254,TGT_001,부모님
PRD_255,TGT_001,부모님
PRD_255,TGT_006,상사
PRD_255,TGT_004,가족
PRD_256,TGT_006,상사
PRD_256,TGT_001,부모님
PRD_256,TGT_008,자신
PRD_257,TGT_001,부모님
PRD_257,TGT_006,상사
PRD_257,TGT_008,자신
PRD_258,TGT_002,연인
PRD_258,TGT_001,부모님
PRD_258,TGT_006,상사
PRD_259,TGT_004,가족
PRD_259,TGT_001,부모님
PRD_259,TGT_007,어린이
PRD_260,TGT_004,가족
PRD_260,TGT_001,부모님
PRD_260,TGT_008,자신
PRD_261,TGT_007,어린이
PRD_261,TGT_003,친구
PRD_261,TGT_008,자신
PRD_262,TGT_007,어린이
PRD_262,TGT_003,친구
PRD_262,TGT_002,연인
PRD_263,TGT_003,친구
PRD_263,TGT_005,직장 동료
PRD_263,TGT_008,자신
PRD_264,TGT_003,친구
PRD_264,TGT_004,가족
PRD_264,TGT_008,자신
PRD_265,TGT_002,연인
PRD_265,TGT_001,부모님
PRD_265,TGT_008,자신
PRD_266,TGT_006,상사
PRD_266,TGT_001,부모님
PRD_266,TGT_005,직장 동료
PRD_267,TGT_001,부모님
PRD_267,TGT_006,상사
PRD_267,TGT_004,가족
PRD_268,TGT_005,직장 동료
PRD_268,TGT_003,친구
PRD_268,TGT_004,가족
PRD_269,TGT_001,부모님
PRD_269,TGT_003,친구
PRD_269,TGT_008,자신
PRD_270,TGT_005,직장 동료
PRD_270,TGT_003,친구
PRD_270,TGT_007,어린이
PRD_271,TGT_005,직장 동료
PRD_271,TGT_003,친구
PRD_271,TGT_004,가족
PRD_272,TGT_006,상사
PRD_272,TGT_004,가족
PRD_272,TGT_005,직장 동료
PRD_273,TGT_007,어린이
PRD_273,TGT_003,친구
PRD_273,TGT_002,연인
PRD_274,TGT_007,어린이
PRD_274,TGT_002,연인
PRD_274,TGT_008,자신
PRD_275,TGT_007,어린이
PRD_275,TGT_003,친구
PRD_275,TGT_008,자신
PRD_276,TGT_003,친구
PRD_276,TGT_007,어린이
PRD_276,TGT_008,자신
PRD_277,TGT_003,친구
PRD_277,TGT_007,어린이
PRD_277,TGT_002,연인
PRD_278,TGT_002,연인
PRD_278,TGT_003,친구
PRD_278,TGT_006,상사
PRD_279,TGT_007,어린이
PRD_279,TGT_003,친구
PRD_279,TGT_004,가족
PRD_280,TGT_003,친구
PRD_280,TGT_008,자신
PRD_280,TGT_005,직장 동료
PRD_281,TGT_007,어린이
PRD_281,TGT_003,친구
PRD_281,TGT_008,자신
PRD_282,TGT_003,친구
PRD_282,TGT_007,어린이
PRD_282,TGT_008,자신
PRD_283,TGT_001,부모님
PRD_283,TGT_004,가족
PRD_283,TGT_008,자신
PRD_284,TGT_003,친구
PRD_284,TGT_004,가족
PRD_284,TGT_008,자신
PRD_285,TGT_004,가족
PRD_285,TGT_003,친구
PRD_285,TGT_008,자신
PRD_286,TGT_001,부모님 (정성 있는 전통·식품 선물)
PRD_286,TGT_004,가족 (가족이 함께 즐기기 좋은 구성)
PRD_286,TGT_006,상사 (브랜드감과 포장감이 있는 선물)
PRD_287,TGT_002,연인 (디저트성과 선물 분위기가 있음)
PRD_287,TGT_003,친구 (함께 나눠 먹기 좋은 간식)
PRD_287,TGT_004,가족 (가족이 함께 즐기기 좋은 구성)
PRD_288,TGT_001,부모님 (정성 있는 전통·식품 선물)
PRD_288,TGT_006,상사 (브랜드감과 포장감이 있는 선물)
PRD_288,TGT_008,자신 (여행 중 직접 맛보기 좋은 상품)
PRD_289,TGT_003,친구 (함께 나눠 먹기 좋은 간식)
PRD_289,TGT_005,직장 동료 (사무실에서 나눠 주기 쉬운 선물)
PRD_289,TGT_007,어린이 (아이들이 먹기 쉬운 과자류)
PRD_290,TGT_003,친구 (함께 나눠 먹기 좋은 간식)
PRD_290,TGT_005,직장 동료 (사무실에서 나눠 주기 쉬운 선물)
PRD_290,TGT_008,자신 (여행 중 직접 맛보기 좋은 상품)
PRD_291,TGT_001,부모님 (정성 있는 전통·식품 선물)
PRD_291,TGT_006,상사 (브랜드감과 포장감이 있는 선물)
PRD_291,TGT_005,직장 동료 (사무실에서 나눠 주기 쉬운 선물)
PRD_292,TGT_003,친구 (함께 나눠 먹기 좋은 간식)
PRD_292,TGT_005,직장 동료 (사무실에서 나눠 주기 쉬운 선물)
PRD_292,TGT_004,가족 (가족이 함께 즐기기 좋은 구성)
PRD_293,TGT_003,친구 (함께 나눠 먹기 좋은 간식)
PRD_293,TGT_005,직장 동료 (사무실에서 나눠 주기 쉬운 선물)
PRD_293,TGT_008,자신 (여행 중 직접 맛보기 좋은 상품)
PRD_294,TGT_005,직장 동료 (사무실에서 나눠 주기 쉬운 선물)
PRD_294,TGT_003,친구 (함께 나눠 먹기 좋은 간식)
PRD_294,TGT_004,가족 (가족이 함께 즐기기 좋은 구성)
PRD_295,TGT_003,친구 (함께 나눠 먹기 좋은 간식)
PRD_295,TGT_005,직장 동료 (사무실에서 나눠 주기 쉬운 선물)
PRD_295,TGT_004,가족 (가족이 함께 즐기기 좋은 구성)
PRD_296,TGT_003,친구 (함께 나눠 먹기 좋은 간식)
PRD_296,TGT_004,가족 (가족이 함께 즐기기 좋은 구성)
PRD_296,TGT_005,직장 동료 (사무실에서 나눠 주기 쉬운 선물)
PRD_297,TGT_003,친구 (함께 나눠 먹기 좋은 간식)
PRD_297,TGT_007,어린이 (아이들이 먹기 쉬운 과자류)
PRD_297,TGT_005,직장 동료 (사무실에서 나눠 주기 쉬운 선물)
PRD_298,TGT_003,친구 (함께 나눠 먹기 좋은 간식)
PRD_298,TGT_007,어린이 (아이들이 먹기 쉬운 과자류)
PRD_298,TGT_004,가족 (가족이 함께 즐기기 좋은 구성)
PRD_299,TGT_003,친구 (함께 나눠 먹기 좋은 간식)
PRD_299,TGT_008,자신 (여행 중 직접 맛보기 좋은 상품)
PRD_299,TGT_005,직장 동료 (사무실에서 나눠 주기 쉬운 선물)
PRD_300,TGT_003,친구 (함께 나눠 먹기 좋은 간식)
PRD_300,TGT_007,어린이 (아이들이 먹기 쉬운 과자류)
PRD_300,TGT_004,가족 (가족이 함께 즐기기 좋은 구성)
PRD_301,TGT_003,친구 (함께 나눠 먹기 좋은 간식)
PRD_301,TGT_004,가족 (가족이 함께 즐기기 좋은 구성)
PRD_301,TGT_005,직장 동료 (사무실에서 나눠 주기 쉬운 선물)
PRD_302,TGT_003,친구 (함께 나눠 먹기 좋은 간식)
PRD_302,TGT_008,자신 (여행 중 직접 맛보기 좋은 상품)
PRD_302,TGT_005,직장 동료 (사무실에서 나눠 주기 쉬운 선물)
PRD_303,TGT_004,가족 (가족이 함께 즐기기 좋은 구성)
PRD_303,TGT_007,어린이 (아이들이 먹기 쉬운 과자류)
PRD_303,TGT_008,자신 (여행 중 직접 맛보기 좋은 상품)
PRD_304,TGT_001,부모님 (정성 있는 전통·식품 선물)
PRD_304,TGT_007,어린이 (아이들이 먹기 쉬운 과자류)
PRD_304,TGT_004,가족 (가족이 함께 즐기기 좋은 구성)
PRD_305,TGT_003,친구 (함께 나눠 먹기 좋은 간식)
PRD_305,TGT_005,직장 동료 (사무실에서 나눠 주기 쉬운 선물)
PRD_305,TGT_008,자신 (여행 중 직접 맛보기 좋은 상품)
PRD_306,TGT_003,친구 (함께 나눠 먹기 좋은 간식)
PRD_306,TGT_007,어린이 (아이들이 먹기 쉬운 과자류)
PRD_306,TGT_005,직장 동료 (사무실에서 나눠 주기 쉬운 선물)
PRD_307,TGT_008,자신 (여행 중 직접 맛보기 좋은 상품)
PRD_307,TGT_003,친구 (함께 나눠 먹기 좋은 간식)
PRD_307,TGT_001,부모님 (정성 있는 전통·식품 선물)
PRD_308,TGT_001,부모님 (정성 있는 전통·식품 선물)
PRD_308,TGT_004,가족 (가족이 함께 즐기기 좋은 구성)
PRD_308,TGT_008,자신 (여행 중 직접 맛보기 좋은 상품)
PRD_309,TGT_003,친구 (함께 나눠 먹기 좋은 간식)
PRD_309,TGT_008,자신 (여행 중 직접 맛보기 좋은 상품)
PRD_309,TGT_005,직장 동료 (사무실에서 나눠 주기 쉬운 선물)
PRD_310,TGT_001,부모님 (정성 있는 전통·식품 선물)
PRD_310,TGT_006,상사 (브랜드감과 포장감이 있는 선물)
PRD_310,TGT_008,자신 (여행 중 직접 맛보기 좋은 상품)
PRD_311,TGT_001,부모님 (정성 있는 전통·식품 선물)
PRD_311,TGT_006,상사 (브랜드감과 포장감이 있는 선물)
PRD_311,TGT_002,연인 (디저트성과 선물 분위기가 있음)
PRD_312,TGT_003,친구 (함께 나눠 먹기 좋은 간식)
PRD_312,TGT_002,연인 (디저트성과 선물 분위기가 있음)
PRD_312,TGT_008,자신 (여행 중 직접 맛보기 좋은 상품)
PRD_313,TGT_001,부모님 (정성 있는 전통·식품 선물)
PRD_313,TGT_003,친구 (함께 나눠 먹기 좋은 간식)
PRD_313,TGT_008,자신 (여행 중 직접 맛보기 좋은 상품)
PRD_314,TGT_002,연인 (디저트성과 선물 분위기가 있음)
PRD_314,TGT_003,친구 (함께 나눠 먹기 좋은 간식)
PRD_314,TGT_007,어린이 (아이들이 먹기 쉬운 과자류)
PRD_315,TGT_001,부모님 (정성 있는 전통·식품 선물)
PRD_315,TGT_002,연인 (디저트성과 선물 분위기가 있음)
PRD_315,TGT_006,상사 (브랜드감과 포장감이 있는 선물)
PRD_316,TGT_003,친구 (함께 나눠 먹기 좋은 간식)
PRD_316,TGT_005,직장 동료 (사무실에서 나눠 주기 쉬운 선물)
PRD_316,TGT_004,가족 (가족이 함께 즐기기 좋은 구성)
PRD_317,TGT_005,직장 동료 (사무실에서 나눠 주기 쉬운 선물)
PRD_317,TGT_003,친구 (함께 나눠 먹기 좋은 간식)
PRD_317,TGT_002,연인 (디저트성과 선물 분위기가 있음)
PRD_318,TGT_003,친구 (함께 나눠 먹기 좋은 간식)
PRD_318,TGT_005,직장 동료 (사무실에서 나눠 주기 쉬운 선물)
PRD_318,TGT_004,가족 (가족이 함께 즐기기 좋은 구성)
PRD_319,TGT_005,직장 동료 (사무실에서 나눠 주기 쉬운 선물)
PRD_319,TGT_003,친구 (함께 나눠 먹기 좋은 간식)
PRD_319,TGT_004,가족 (가족이 함께 즐기기 좋은 구성)
PRD_320,TGT_003,친구 (함께 나눠 먹기 좋은 간식)
PRD_320,TGT_002,연인 (디저트성과 선물 분위기가 있음)
PRD_320,TGT_004,가족 (가족이 함께 즐기기 좋은 구성)
PRD_321,TGT_003,친구 (함께 나눠 먹기 좋은 간식)
PRD_321,TGT_007,어린이 (아이들이 먹기 쉬운 과자류)
PRD_321,TGT_005,직장 동료 (사무실에서 나눠 주기 쉬운 선물)
PRD_322,TGT_002,연인 (디저트성과 선물 분위기가 있음)
PRD_322,TGT_003,친구 (함께 나눠 먹기 좋은 간식)
PRD_322,TGT_008,자신 (여행 중 직접 맛보기 좋은 상품)
PRD_323,TGT_001,부모님 (정성 있는 전통·식품 선물)
PRD_323,TGT_006,상사 (브랜드감과 포장감이 있는 선물)
PRD_323,TGT_004,가족 (가족이 함께 즐기기 좋은 구성)
PRD_324,TGT_003,친구 (함께 나눠 먹기 좋은 간식)
PRD_324,TGT_004,가족 (가족이 함께 즐기기 좋은 구성)
PRD_324,TGT_006,상사 (브랜드감과 포장감이 있는 선물)
PRD_325,TGT_001,부모님 (정성 있는 전통·식품 선물)
PRD_325,TGT_006,상사 (브랜드감과 포장감이 있는 선물)
PRD_325,TGT_008,자신 (여행 중 직접 맛보기 좋은 상품)
PRD_326,TGT_002,연인 (디저트성과 선물 분위기가 있음)
PRD_326,TGT_003,친구 (함께 나눠 먹기 좋은 간식)
PRD_326,TGT_001,부모님 (정성 있는 전통·식품 선물)
PRD_327,TGT_005,직장 동료 (사무실에서 나눠 주기 쉬운 선물)
PRD_327,TGT_003,친구 (함께 나눠 먹기 좋은 간식)
PRD_327,TGT_004,가족 (가족이 함께 즐기기 좋은 구성)
PRD_328,TGT_001,부모님 (정성 있는 전통·식품 선물)
PRD_328,TGT_005,직장 동료 (사무실에서 나눠 주기 쉬운 선물)
PRD_328,TGT_004,가족 (가족이 함께 즐기기 좋은 구성)
PRD_329,TGT_001,부모님 (정성 있는 전통·식품 선물)
PRD_329,TGT_006,상사 (브랜드감과 포장감이 있는 선물)
PRD_329,TGT_008,자신 (여행 중 직접 맛보기 좋은 상품)
PRD_330,TGT_001,부모님 (정성 있는 전통·식품 선물)
PRD_330,TGT_006,상사 (브랜드감과 포장감이 있는 선물)
PRD_330,TGT_004,가족 (가족이 함께 즐기기 좋은 구성)
PRD_331,TGT_001,부모님 (정성 있는 전통·식품 선물)
PRD_331,TGT_006,상사 (브랜드감과 포장감이 있는 선물)
PRD_331,TGT_008,자신 (여행 중 직접 맛보기 좋은 상품)
PRD_332,TGT_001,부모님 (정성 있는 전통·식품 선물)
PRD_332,TGT_004,가족 (가족이 함께 즐기기 좋은 구성)
PRD_332,TGT_008,자신 (여행 중 직접 맛보기 좋은 상품)
PRD_333,TGT_001,부모님 (정성 있는 전통·식품 선물)
PRD_333,TGT_004,가족 (가족이 함께 즐기기 좋은 구성)
PRD_333,TGT_006,상사 (브랜드감과 포장감이 있는 선물)
PRD_334,TGT_001,부모님 (정성 있는 전통·식품 선물)
PRD_334,TGT_004,가족 (가족이 함께 즐기기 좋은 구성)
PRD_334,TGT_006,상사 (브랜드감과 포장감이 있는 선물)
PRD_335,TGT_001,부모님 (정성 있는 전통·식품 선물)
PRD_335,TGT_004,가족 (가족이 함께 즐기기 좋은 구성)
PRD_335,TGT_008,자신 (여행 중 직접 맛보기 좋은 상품)
PRD_336,TGT_004,가족 (조리 시간이 필요하니 숙소보다 귀국 후 선물용 추천)
PRD_336,TGT_003,친구 (조리 시간이 필요하니 숙소보다 귀국 후 선물용 추천)
PRD_336,TGT_008,자신 (조리 시간이 필요하니 숙소보다 귀국 후 선물용 추천)
PRD_337,TGT_004,가족 (손잡이형이라 캐리어에 넣기 편함)
PRD_337,TGT_005,직장 동료 (손잡이형이라 캐리어에 넣기 편함)
PRD_337,TGT_008,자신 (손잡이형이라 캐리어에 넣기 편함)
PRD_338,TGT_004,가족 (여러 명에게 나눠 먹기 좋은 기본형)
PRD_338,TGT_001,부모님 (여러 명에게 나눠 먹기 좋은 기본형)
PRD_338,TGT_005,직장 동료 (여러 명에게 나눠 먹기 좋은 기본형)
PRD_339,TGT_003,친구 (패키지가 귀여워 가벼운 선물용으로 좋음)
PRD_339,TGT_005,직장 동료 (패키지가 귀여워 가벼운 선물용으로 좋음)
PRD_339,TGT_008,자신 (패키지가 귀여워 가벼운 선물용으로 좋음)
PRD_340,TGT_001,부모님 (카레맛보다 무난한 기본 우동 선물)
PRD_340,TGT_004,가족 (카레맛보다 무난한 기본 우동 선물)
PRD_340,TGT_006,상사 (카레맛보다 무난한 기본 우동 선물)
PRD_341,TGT_001,부모님 (한국에서 국물 요리할 때 활용도 높음)
PRD_341,TGT_004,가족 (한국에서 국물 요리할 때 활용도 높음)
PRD_341,TGT_008,자신 (한국에서 국물 요리할 때 활용도 높음)
PRD_342,TGT_001,부모님 (요리 좋아하는 사람에게 부담 없는 선물)
PRD_342,TGT_003,친구 (요리 좋아하는 사람에게 부담 없는 선물)
PRD_342,TGT_008,자신 (요리 좋아하는 사람에게 부담 없는 선물)
PRD_343,TGT_001,부모님 (회·계란밥·두부에 곁들이기 좋음)
PRD_343,TGT_006,상사 (회·계란밥·두부에 곁들이기 좋음)
PRD_343,TGT_008,자신 (회·계란밥·두부에 곁들이기 좋음)
PRD_344,TGT_001,부모님 (샐러드·해산물용으로 선물하기 좋음)
PRD_344,TGT_002,연인 (샐러드·해산물용으로 선물하기 좋음)
PRD_344,TGT_003,친구 (샐러드·해산물용으로 선물하기 좋음)
PRD_345,TGT_001,부모님 (밥·오이·두부에 곁들여 먹기 좋음)
PRD_345,TGT_004,가족 (밥·오이·두부에 곁들여 먹기 좋음)
PRD_345,TGT_008,자신 (밥·오이·두부에 곁들여 먹기 좋음)
PRD_346,TGT_007,어린이 (야돈 패키지라 캐릭터 선물로 좋음)
PRD_346,TGT_003,친구 (야돈 패키지라 캐릭터 선물로 좋음)
PRD_346,TGT_008,자신 (야돈 패키지라 캐릭터 선물로 좋음)
PRD_347,TGT_003,친구 (작은 병이라 가벼운 기념품으로 적합)
PRD_347,TGT_004,가족 (작은 병이라 가벼운 기념품으로 적합)
PRD_347,TGT_008,자신 (작은 병이라 가벼운 기념품으로 적합)
PRD_348,TGT_004,가족 (튀김·야키소바 소스로 활용 가능)
PRD_348,TGT_003,친구 (튀김·야키소바 소스로 활용 가능)
PRD_348,TGT_008,자신 (튀김·야키소바 소스로 활용 가능)
PRD_349,TGT_001,부모님 (채소 좋아하는 부모님 선물로 무난함)
PRD_349,TGT_002,연인 (채소 좋아하는 부모님 선물로 무난함)
PRD_349,TGT_003,친구 (채소 좋아하는 부모님 선물로 무난함)
PRD_350,TGT_001,부모님 (현지 식문화 설명하기 좋은 저가 선물)
PRD_350,TGT_004,가족 (현지 식문화 설명하기 좋은 저가 선물)
PRD_350,TGT_008,자신 (현지 식문화 설명하기 좋은 저가 선물)
PRD_351,TGT_001,부모님 (짭짤한 반찬류라 부모님용으로 좋음)
PRD_351,TGT_004,가족 (짭짤한 반찬류라 부모님용으로 좋음)
PRD_351,TGT_008,자신 (짭짤한 반찬류라 부모님용으로 좋음)
PRD_352,TGT_003,친구 (한국 닭다리살에 사용하기 좋음)
PRD_352,TGT_004,가족 (한국 닭다리살에 사용하기 좋음)
PRD_352,TGT_008,자신 (한국 닭다리살에 사용하기 좋음)
PRD_353,TGT_001,부모님 (칼슘 간식으로 어린이·부모님에게 추천)
PRD_353,TGT_007,어린이 (칼슘 간식으로 어린이·부모님에게 추천)
PRD_353,TGT_008,자신 (칼슘 간식으로 어린이·부모님에게 추천)
PRD_354,TGT_003,친구 (맥주 안주·간식용으로 좋음)
PRD_354,TGT_005,직장 동료 (맥주 안주·간식용으로 좋음)
PRD_354,TGT_008,자신 (맥주 안주·간식용으로 좋음)
PRD_355,TGT_001,부모님 (부피가 가볍고 밥반찬으로 실용적)
PRD_355,TGT_004,가족 (부피가 가볍고 밥반찬으로 실용적)
PRD_355,TGT_005,직장 동료 (부피가 가볍고 밥반찬으로 실용적)
PRD_356,TGT_001,부모님 (차·요거트와 함께 먹기 좋아 선물감 있음)
PRD_356,TGT_002,연인 (차·요거트와 함께 먹기 좋아 선물감 있음)
PRD_356,TGT_008,자신 (차·요거트와 함께 먹기 좋아 선물감 있음)
PRD_357,TGT_004,가족 (냉장 상품이라 귀국 직전 구매 추천)
PRD_357,TGT_003,친구 (냉장 상품이라 귀국 직전 구매 추천)
PRD_357,TGT_008,자신 (냉장 상품이라 귀국 직전 구매 추천)
PRD_358,TGT_005,직장 동료 (가격이 낮아 단체 선물 후보)
PRD_358,TGT_003,친구 (가격이 낮아 단체 선물 후보)
PRD_358,TGT_008,자신 (가격이 낮아 단체 선물 후보)
PRD_359,TGT_003,친구 (라멘·밥반찬용 이색 기념품)
PRD_359,TGT_004,가족 (라멘·밥반찬용 이색 기념품)
PRD_359,TGT_008,자신 (라멘·밥반찬용 이색 기념품)
PRD_360,TGT_001,부모님 (육수 내는 사람에게 실용적인 선물)
PRD_360,TGT_004,가족 (육수 내는 사람에게 실용적인 선물)
PRD_360,TGT_008,자신 (육수 내는 사람에게 실용적인 선물)
PRD_361,TGT_007,어린이 (어린이 도시락·밥반찬용으로 좋음)
PRD_361,TGT_003,친구 (어린이 도시락·밥반찬용으로 좋음)
PRD_361,TGT_008,자신 (어린이 도시락·밥반찬용으로 좋음)
PRD_362,TGT_004,가족 (냉동 상품이라 숙소 냉장·귀국 시간 확인 필수)
PRD_362,TGT_001,부모님 (냉동 상품이라 숙소 냉장·귀국 시간 확인 필수)
PRD_362,TGT_008,자신 (냉동 상품이라 숙소 냉장·귀국 시간 확인 필수)
PRD_363,TGT_003,친구 (레토르트류라 보관·운반이 쉬움)
PRD_363,TGT_004,가족 (레토르트류라 보관·운반이 쉬움)
PRD_363,TGT_008,자신 (레토르트류라 보관·운반이 쉬움)
PRD_364,TGT_001,부모님 (전통 반찬류 선물로 무난함)
PRD_364,TGT_004,가족 (전통 반찬류 선물로 무난함)
PRD_364,TGT_006,상사 (전통 반찬류 선물로 무난함)
PRD_365,TGT_007,어린이 (캐릭터·고급 과자 느낌을 동시에 줌)
PRD_365,TGT_003,친구 (캐릭터·고급 과자 느낌을 동시에 줌)
PRD_365,TGT_002,연인 (캐릭터·고급 과자 느낌을 동시에 줌)
PRD_366,TGT_007,어린이 (작고 저렴해 가벼운 답례품으로 좋음)
PRD_366,TGT_003,친구 (작고 저렴해 가벼운 답례품으로 좋음)
PRD_366,TGT_005,직장 동료 (작고 저렴해 가벼운 답례품으로 좋음)
PRD_367,TGT_001,부모님 (다카마쓰 명소 ‘屋島’와 연결해 소개하기 좋음)
PRD_367,TGT_002,연인 (다카마쓰 명소 ‘屋島’와 연결해 소개하기 좋음)
PRD_367,TGT_006,상사 (다카마쓰 명소 ‘屋島’와 연결해 소개하기 좋음)
PRD_368,TGT_007,어린이 (귀여운 외형이라 어린이·친구용 추천)
PRD_368,TGT_003,친구 (귀여운 외형이라 어린이·친구용 추천)
PRD_368,TGT_002,연인 (귀여운 외형이라 어린이·친구용 추천)
PRD_369,TGT_005,직장 동료 (수량이 많아 사무실용으로 적합)
PRD_369,TGT_004,가족 (수량이 많아 사무실용으로 적합)
PRD_369,TGT_006,상사 (수량이 많아 사무실용으로 적합)
PRD_370,TGT_001,부모님 (전통 과자 느낌이 강해 어른 선물용)
PRD_370,TGT_006,상사 (전통 과자 느낌이 강해 어른 선물용)
PRD_370,TGT_005,직장 동료 (전통 과자 느낌이 강해 어른 선물용)
PRD_371,TGT_001,부모님 (비주얼이 독특해 특별 선물로 좋음)
PRD_371,TGT_006,상사 (비주얼이 독특해 특별 선물로 좋음)
PRD_371,TGT_002,연인 (비주얼이 독특해 특별 선물로 좋음)
PRD_372,TGT_003,친구 (휴대성이 좋아 여러 명에게 나눠주기 좋음)
PRD_372,TGT_005,직장 동료 (휴대성이 좋아 여러 명에게 나눠주기 좋음)
PRD_372,TGT_007,어린이 (휴대성이 좋아 여러 명에게 나눠주기 좋음)
PRD_373,TGT_001,부모님 (차와 함께 먹는 고급 단맛 선물)
PRD_373,TGT_006,상사 (차와 함께 먹는 고급 단맛 선물)
PRD_373,TGT_002,연인 (차와 함께 먹는 고급 단맛 선물)
PRD_374,TGT_002,연인 (상큼한 맛이라 연인·친구 선물로 좋음)
PRD_374,TGT_003,친구 (상큼한 맛이라 연인·친구 선물로 좋음)
PRD_374,TGT_004,가족 (상큼한 맛이라 연인·친구 선물로 좋음)
PRD_375,TGT_003,친구 (실용성과 지역 공예성이 함께 있음)
PRD_375,TGT_002,연인 (실용성과 지역 공예성이 함께 있음)
PRD_375,TGT_008,자신 (실용성과 지역 공예성이 함께 있음)
PRD_376,TGT_002,연인 (고가라 특별한 사람에게 추천)
PRD_376,TGT_006,상사 (고가라 특별한 사람에게 추천)
PRD_376,TGT_008,자신 (고가라 특별한 사람에게 추천)
PRD_377,TGT_001,부모님 (어른·상사 선물로 품격 있음)
PRD_377,TGT_006,상사 (어른·상사 선물로 품격 있음)
PRD_377,TGT_008,자신 (어른·상사 선물로 품격 있음)
PRD_378,TGT_002,연인 (캐릭터와 전통공예 결합 상품)
PRD_378,TGT_003,친구 (캐릭터와 전통공예 결합 상품)
PRD_378,TGT_008,자신 (캐릭터와 전통공예 결합 상품)
PRD_379,TGT_001,부모님 (생활 공예품 선물로 오래 쓰기 좋음)
PRD_379,TGT_004,가족 (생활 공예품 선물로 오래 쓰기 좋음)
PRD_379,TGT_008,자신 (생활 공예품 선물로 오래 쓰기 좋음)
PRD_380,TGT_001,부모님 (휴대·선물 모두 쉬운 전통공예품)
PRD_380,TGT_002,연인 (휴대·선물 모두 쉬운 전통공예품)
PRD_380,TGT_006,상사 (휴대·선물 모두 쉬운 전통공예품)
PRD_381,TGT_002,연인 (한정·수공예 느낌이 강한 기념품)
PRD_381,TGT_003,친구 (한정·수공예 느낌이 강한 기념품)
PRD_381,TGT_008,자신 (한정·수공예 느낌이 강한 기념품)
PRD_382,TGT_003,친구 (실용적이고 가벼워 여행자 선물에 좋음)
PRD_382,TGT_002,연인 (실용적이고 가벼워 여행자 선물에 좋음)
PRD_382,TGT_008,자신 (실용적이고 가벼워 여행자 선물에 좋음)
PRD_383,TGT_001,부모님 (깨질 수 있으니 옷 사이에 넣어 포장 추천)
PRD_383,TGT_002,연인 (깨질 수 있으니 옷 사이에 넣어 포장 추천)
PRD_383,TGT_008,자신 (깨질 수 있으니 옷 사이에 넣어 포장 추천)
PRD_384,TGT_003,친구 (철도·문구 좋아하는 사람에게 추천)
PRD_384,TGT_007,어린이 (철도·문구 좋아하는 사람에게 추천)
PRD_384,TGT_008,자신 (철도·문구 좋아하는 사람에게 추천)
PRD_385,TGT_003,친구 (가벼운 간식·저가 선물용)
PRD_385,TGT_007,어린이 (가벼운 간식·저가 선물용)
PRD_385,TGT_005,직장 동료 (가벼운 간식·저가 선물용)
PRD_386,TGT_003,친구 (작고 저렴해 여러 명에게 나눠주기 좋음)
PRD_386,TGT_005,직장동료 (작고 저렴해 여러 명에게 나눠주기 좋음)
PRD_386,TGT_007,어린이 (도쿠시마 특산 스다치 풍미의 가벼운 구미 간식)
PRD_386,TGT_008,자신 (작고 저렴해 여러 명에게 나눠주기 좋음)
PRD_387,TGT_003,친구 (회사·학과 선물처럼 여러 명에게 나눌 때 적합)
PRD_387,TGT_005,직장동료 (회사·학과 선물처럼 여러 명에게 나눌 때 적합)
PRD_387,TGT_006,상사/은사 (회사·학과 선물처럼 여러 명에게 나눌 때 적합)
PRD_387,TGT_004,가족 (스다치 크림을 샌드한 개별 포장 과자)
PRD_388,TGT_003,친구 (부피 대비 개수가 많아 단체 선물용으로 좋음)
PRD_388,TGT_005,직장동료 (부피 대비 개수가 많아 단체 선물용으로 좋음)
PRD_388,TGT_004,가족 (스다치 향을 넣은 바삭한 파이 과자)
PRD_388,TGT_007,어린이 (스다치 향을 넣은 바삭한 파이 과자)
PRD_389,TGT_007,어린이 (상큼한 스다치 맛을 살린 밀봉팩 젤리)
PRD_389,TGT_003,친구 (여름철 선물이나 아이 간식용으로 추천)
PRD_389,TGT_004,가족 (상큼한 스다치 맛을 살린 밀봉팩 젤리)
PRD_389,TGT_008,자신 (여름철 선물이나 아이 간식용으로 추천)
PRD_390,TGT_003,친구 (캐릭터성이 있어 가벼운 관광 기념품으로 좋음)
PRD_390,TGT_007,어린이 (도쿠시마 캐릭터 ‘스다치쿤’ 패키지의 개별 포장 쿠키)
PRD_390,TGT_005,직장동료 (캐릭터성이 있어 가벼운 관광 기념품으로 좋음)
PRD_390,TGT_008,자신 (캐릭터성이 있어 가벼운 관광 기념품으로 좋음)
PRD_391,TGT_003,친구 (짭짤한 안주형 선물로 추천)
PRD_391,TGT_005,직장동료 (짭짤한 안주형 선물로 추천)
PRD_391,TGT_008,자신 (짭짤한 안주형 선물로 추천)
PRD_392,TGT_001,부모님 (차로 마시거나 요리에 활용할 수 있는 스다치 제품)
PRD_392,TGT_006,"상사/은사 (겨울에는 따뜻한 차, 여름에는 아이스로 활용 가능)"
PRD_392,TGT_008,"자신 (겨울에는 따뜻한 차, 여름에는 아이스로 활용 가능)"
PRD_392,TGT_004,가족 (차로 마시거나 요리에 활용할 수 있는 스다치 제품)
PRD_393,TGT_001,부모님 (스다치와 가쓰오·다시마를 맞춘 폰즈 소스)
PRD_393,TGT_004,가족 (스다치와 가쓰오·다시마를 맞춘 폰즈 소스)
PRD_393,TGT_006,상사/은사 (샤브샤브·회·두부용 실용 선물로 좋음)
PRD_393,TGT_008,자신 (샤브샤브·회·두부용 실용 선물로 좋음)
PRD_394,TGT_001,부모님 (스다치·마늘·참깨 풍미의 논오일 드레싱)
PRD_394,TGT_003,친구 (고기·채소에 잘 어울려 자취생 선물로도 좋음)
PRD_394,TGT_004,가족 (스다치·마늘·참깨 풍미의 논오일 드레싱)
PRD_394,TGT_008,자신 (고기·채소에 잘 어울려 자취생 선물로도 좋음)
PRD_395,TGT_001,부모님 (스다치 향이 나는 고소한 참깨 드레싱)
PRD_395,TGT_004,가족 (스다치 향이 나는 고소한 참깨 드레싱)
PRD_395,TGT_008,자신 (샐러드·냉샤브용으로 실용성이 높음)
PRD_396,TGT_001,부모님 (도쿠시마산 스다치를 사용한 상큼쌉싸름한 잼)
PRD_396,TGT_002,연인 (스다치 마멀레이드 400g의 선물용 분위기와 지역성이 있음)
PRD_396,TGT_004,가족 (도쿠시마산 스다치를 사용한 상큼쌉싸름한 잼)
PRD_396,TGT_008,자신 (토스트·요거트에 잘 어울려 가족 선물로 좋음)
PRD_397,TGT_004,가족 (스다치 과즙이 붙은 도쿠시마식 우동 세트)
PRD_397,TGT_003,친구 (귀국 후 간단히 현지 맛을 재현하기 좋음)
PRD_397,TGT_008,자신 (귀국 후 간단히 현지 맛을 재현하기 좋음)
PRD_398,TGT_003,친구 (개별 포장이라 직장·학교 선물에 적합)
PRD_398,TGT_005,직장동료 (개별 포장이라 직장·학교 선물에 적합)
PRD_398,TGT_007,어린이 (나루토금시 고구마 크림을 넣은 고프레트)
PRD_398,TGT_004,가족 (나루토금시 고구마 크림을 넣은 고프레트)
PRD_399,TGT_003,친구 (부담 없는 가격의 단체용 선물로 좋음)
PRD_399,TGT_005,직장동료 (부담 없는 가격의 단체용 선물로 좋음)
PRD_399,TGT_007,어린이 (나루토금시 고구마 풍미의 파이 과자)
PRD_400,TGT_002,연인 (나루토 소금 버터 샌드 5개입의 선물용 분위기와 지역성이 있음)
PRD_400,TGT_003,친구 (고급스러운 포장 과자 선물로 추천)
PRD_400,TGT_006,상사/은사 (고급스러운 포장 과자 선물로 추천)
PRD_400,TGT_004,가족 (나루토 소금과 버터 풍미를 살린 샌드 과자)
PRD_401,TGT_001,부모님 (와산본 크림과 건포도를 넣은 고급 샌드 과자)
PRD_401,TGT_002,연인 (아와 와산본 레이즌 샌드 8개입의 선물용 분위기와 지역성이 있음)
PRD_401,TGT_006,상사/은사 (어른 취향의 디저트 선물로 좋음)
PRD_401,TGT_008,자신 (어른 취향의 디저트 선물로 좋음)
PRD_402,TGT_003,친구 (도쿠시마 느낌이 강한 단체 선물로 적합)
PRD_402,TGT_005,직장동료 (도쿠시마 느낌이 강한 단체 선물로 적합)
PRD_402,TGT_006,상사/은사 (도쿠시마 느낌이 강한 단체 선물로 적합)
PRD_402,TGT_004,가족 (아와오도리 이미지를 활용한 쇼콜라 샌드 쿠키)
PRD_403,TGT_002,연인 (나루토금시 포테렛 5개입의 선물용 분위기와 지역성이 있음)
PRD_403,TGT_003,친구 (디저트 좋아하는 사람에게 고급 간식 선물로 좋음)
PRD_403,TGT_004,가족 (나루토금시에 버터·계란·크림을 더한 고구마 디저트)
PRD_403,TGT_008,자신 (디저트 좋아하는 사람에게 고급 간식 선물로 좋음)
PRD_404,TGT_001,부모님 (초콜릿 풍미 껍질과 흰 앙금의 도쿠시마 대표 만주)
PRD_404,TGT_003,친구 (도쿠시마 전통 과자 입문용으로 추천)
PRD_404,TGT_005,직장동료 (도쿠시마 전통 과자 입문용으로 추천)
PRD_404,TGT_004,가족 (초콜릿 풍미 껍질과 흰 앙금의 도쿠시마 대표 만주)
PRD_405,TGT_001,부모님 (금장만주의 고급 라인으로 선물용 포장에 적합)
PRD_405,TGT_006,상사/은사 (일반 금장만주보다 격식 있는 선물로 선택)
PRD_405,TGT_004,가족 (금장만주의 고급 라인으로 선물용 포장에 적합)
PRD_406,TGT_008,자신 (적은 수량으로 맛보기 구매하기 좋음)
PRD_406,TGT_003,친구 (적은 수량으로 맛보기 구매하기 좋음)
PRD_406,TGT_004,가족 (금장만주의 프리미엄 개별 상품)
PRD_407,TGT_002,연인 (나루토금시 스위트포테토의 선물용 분위기와 지역성이 있음)
PRD_407,TGT_003,친구 (낱개 구매가 가능해 맛보기용으로 좋음)
PRD_407,TGT_007,어린이 (도쿠시마 고구마를 살린 부드러운 스위트포테토)
PRD_407,TGT_008,자신 (낱개 구매가 가능해 맛보기용으로 좋음)
PRD_408,TGT_001,부모님 (나루토금시를 꿀에 절인 도쿠시마 명물 고구마 과자)
PRD_408,TGT_006,상사/은사 (달콤한 전통 고구마 간식으로 어른 선물에 좋음)
PRD_408,TGT_004,가족 (나루토금시를 꿀에 절인 도쿠시마 명물 고구마 과자)
PRD_408,TGT_008,자신 (달콤한 전통 고구마 간식으로 어른 선물에 좋음)
PRD_409,TGT_001,부모님 (나루토금시를 활용한 고구마 긴쓰바류 과자)
PRD_409,TGT_006,상사/은사 (차와 함께 먹는 일본식 선물 과자로 추천)
PRD_409,TGT_004,가족 (나루토금시를 활용한 고구마 긴쓰바류 과자)
PRD_410,TGT_001,부모님 (나루토금시를 사용한 1회분 스틱형 양갱)
PRD_410,TGT_007,어린이 (나루토금시를 사용한 1회분 스틱형 양갱)
PRD_410,TGT_008,자신 (가방에 넣기 쉬워 여행 중 간식으로 좋음)
PRD_411,TGT_007,어린이 (나루토금시와 캐러멜 풍미의 도넛형 과자)
PRD_411,TGT_003,친구 (아이와 가족용 달콤한 간식 선물로 좋음)
PRD_411,TGT_004,가족 (나루토금시와 캐러멜 풍미의 도넛형 과자)
PRD_411,TGT_008,자신 (아이와 가족용 달콤한 간식 선물로 좋음)
PRD_412,TGT_003,친구 (과자처럼 먹기 쉬워 친구 선물로 좋음)
PRD_412,TGT_005,직장동료 (과자처럼 먹기 쉬워 친구 선물로 좋음)
PRD_412,TGT_007,어린이 (나루토금시 고구마로 만든 바삭한 이모켄피)
PRD_412,TGT_008,자신 (과자처럼 먹기 쉬워 친구 선물로 좋음)
PRD_413,TGT_003,친구 (커피·차와 함께 먹는 선물 과자로 좋음)
PRD_413,TGT_002,연인 (나루토금시 군고구마 사블레의 선물용 분위기와 지역성이 있음)
PRD_413,TGT_005,직장동료 (커피·차와 함께 먹는 선물 과자로 좋음)
PRD_413,TGT_004,가족 (나루토금시 고구마 맛을 살린 사블레 쿠키)
PRD_414,TGT_002,연인 (나루토금시 랑그드샤 대 12매의 선물용 분위기와 지역성이 있음)
PRD_414,TGT_003,친구 (포장감이 좋아 연인·친구 선물로 적합)
PRD_414,TGT_005,직장동료 (포장감이 좋아 연인·친구 선물로 적합)
PRD_414,TGT_004,가족 (나루토금시 풍미의 부드러운 랑그드샤)
PRD_415,TGT_001,부모님 (나루토금시를 넣은 쫀득한 우이로 과자)
PRD_415,TGT_004,가족 (나루토금시를 넣은 쫀득한 우이로 과자)
PRD_415,TGT_008,자신 (한국 떡 식감 좋아하는 사람에게 추천)
PRD_416,TGT_001,부모님 (도쿠시마 전통 쫀득한 일본식 우이로)
PRD_416,TGT_006,상사/은사 (차와 함께 먹는 전통 디저트 선물로 좋음)
PRD_416,TGT_004,가족 (도쿠시마 전통 쫀득한 일본식 우이로)
PRD_416,TGT_008,자신 (차와 함께 먹는 전통 디저트 선물로 좋음)
PRD_417,TGT_001,부모님 (고구마 풍미를 더한 아와 우이로)
PRD_417,TGT_004,가족 (고구마 풍미를 더한 아와 우이로)
PRD_417,TGT_008,자신 (나루토금시 계열 과자를 좋아하면 함께 구매 추천)
PRD_418,TGT_001,부모님 (밤을 넣은 쫀득한 우이로 과자)
PRD_418,TGT_006,상사/은사 (부모님·상사에게 무난한 전통 과자로 추천)
PRD_418,TGT_004,가족 (밤을 넣은 쫀득한 우이로 과자)
PRD_419,TGT_001,부모님 (츠쿠네이모를 사용한 도쿠시마 대표 고급 증과자)
PRD_419,TGT_006,상사/은사 (유통기한이 짧은 편이라 귀국 직전 구매 추천)
PRD_419,TGT_004,가족 (츠쿠네이모를 사용한 도쿠시마 대표 고급 증과자)
PRD_420,TGT_003,친구 (개별성이 강해 관광 기념품 느낌이 뚜렷함)
PRD_420,TGT_004,가족 (꼬치 형태가 특징인 아와·도쿠시마 명물 만주)
PRD_420,TGT_001,부모님 (꼬치 형태가 특징인 아와·도쿠시마 명물 만주)
PRD_420,TGT_008,자신 (개별성이 강해 관광 기념품 느낌이 뚜렷함)
PRD_421,TGT_001,부모님 (도쿠시마의 오래된 명물 구운 떡 과자)
PRD_421,TGT_004,가족 (도쿠시마의 오래된 명물 구운 떡 과자)
PRD_421,TGT_002,연인 (폭포 떡구이 5개의 선물용 분위기와 지역성이 있음)
PRD_421,TGT_008,자신 (바로 먹는 타입이라 여행 중 간식으로도 좋음)
PRD_422,TGT_001,부모님 (아와 와산본으로 만든 고급 건과자)
PRD_422,TGT_006,상사/은사 (차 선물과 함께 주면 격식 있는 선물이 됨)
PRD_422,TGT_004,가족 (아와 와산본으로 만든 고급 건과자)
PRD_423,TGT_001,부모님 (아와 와산본을 사용한 작은 건과자 선물)
PRD_423,TGT_006,상사/은사 (가볍지만 고급스러운 일본식 선물로 적합)
PRD_423,TGT_002,연인 (와산본 마리우타의 선물용 분위기와 지역성이 있음)
PRD_424,TGT_002,연인 (아와의 풍정 치요상자 소 20개의 선물용 분위기와 지역성이 있음)
PRD_424,TGT_006,상사/은사 (포장이 예뻐 연인·상사 선물로 좋음)
PRD_424,TGT_001,부모님 (작고 예쁜 상자에 담긴 와산본 건과자)
PRD_424,TGT_008,자신 (포장이 예뻐 연인·상사 선물로 좋음)
PRD_425,TGT_001,부모님 (나루토 해협산 와카메를 반건조 후리카케로 가공한 밥반찬)
PRD_425,TGT_004,가족 (나루토 해협산 와카메를 반건조 후리카케로 가공한 밥반찬)
PRD_425,TGT_008,자신 (밥에 뿌려 먹는 실용 식품 선물로 좋음)
PRD_426,TGT_001,부모님 (도쿠시마에서 인기 있는 탁상형 맛김 선물세트)
PRD_426,TGT_004,가족 (도쿠시마에서 인기 있는 탁상형 맛김 선물세트)
PRD_426,TGT_005,직장동료 (한국인 입맛에도 익숙해 실패 확률이 낮음)
PRD_427,TGT_003,"친구 (냉장 보관 필요, 호텔에서 바로 먹을 간식으로 추천)"
PRD_427,TGT_004,가족 (도쿠시마식 피시카츠로 알려진 매콤한 어묵 튀김)
PRD_427,TGT_008,"자신 (냉장 보관 필요, 호텔에서 바로 먹을 간식으로 추천)"
PRD_428,TGT_003,친구 (상온 보관 가능한 식품 선물로 실용적)
PRD_428,TGT_004,가족 (도쿠시마 토종닭 아와오도리 닭을 사용한 레토르트 카레)
PRD_428,TGT_008,자신 (상온 보관 가능한 식품 선물로 실용적)
PRD_429,TGT_001,부모님 (도쿠시마 특산 굵은 면발의 한다 소면)
PRD_429,TGT_004,가족 (도쿠시마 특산 굵은 면발의 한다 소면)
PRD_429,TGT_006,상사/은사 (여름 선물·가족용 식재료로 좋음)
PRD_430,TGT_001,부모님 (도쿠시마 전통 발효차 아와반차 티백)
PRD_430,TGT_006,상사/은사 (카페인 부담이 적은 차 선물로 부모님께 적합)
PRD_430,TGT_008,자신 (카페인 부담이 적은 차 선물로 부모님께 적합)
PRD_431,TGT_001,부모님 (아와·도쿠시마의 전통 쌀된장 계열 조미식품)
PRD_431,TGT_004,가족 (아와·도쿠시마의 전통 쌀된장 계열 조미식품)
PRD_431,TGT_008,자신 (요리하는 가족·부모님에게 실용 선물로 좋음)
PRD_432,TGT_002,연인 (아이조메 손수건의 선물용 분위기와 지역성이 있음)
PRD_432,TGT_001,부모님 (아와아이 염색을 활용한 도쿠시마 전통 공예 소품)
PRD_432,TGT_006,상사/은사 (먹거리 아닌 오래 남는 선물로 추천)
PRD_432,TGT_008,자신 (먹거리 아닌 오래 남는 선물로 추천)
PRD_433,TGT_001,부모님 (도쿠시마 전통 도자기 오타니야키의 페어 찻잔)
PRD_433,TGT_002,연인 (오타니야키 부부 찻잔의 선물용 분위기와 지역성이 있음)
PRD_433,TGT_006,상사/은사 (깨지기 쉬우니 기내용 수하물 포장 추천)
PRD_433,TGT_004,가족 (도쿠시마 전통 도자기 오타니야키의 페어 찻잔)
PRD_434,TGT_003,친구 (가볍고 깨질 걱정이 없어 여행 선물로 좋음)
PRD_434,TGT_002,연인 (아와오도리 손수건의 선물용 분위기와 지역성이 있음)
PRD_434,TGT_008,자신 (가볍고 깨질 걱정이 없어 여행 선물로 좋음)
PRD_434,TGT_005,직장동료 (가볍고 깨질 걱정이 없어 여행 선물로 좋음)
PRD_435,TGT_001,부모님 (대나무에 감아 구운 고마쓰시마 명물 치쿠와)
PRD_435,TGT_004,가족 (대나무에 감아 구운 고마쓰시마 명물 치쿠와)
PRD_435,TGT_008,자신 (냉장 제품이라 귀국 직전 구매 권장)
PRD_436,TGT_004,가족 (함께 나눠 먹기 좋은 파티시에의 사과 스틱 간식)
PRD_436,TGT_005,직장동료 (개별 포장으로 나눠 주기 쉬운 파티시에의 사과 스틱)
PRD_436,TGT_003,친구 (가볍게 건네기 좋은 파티시에의 사과 스틱)
PRD_436,TGT_008,자신 (여행 중 직접 맛보기 좋은 파티시에의 사과 스틱)
PRD_437,TGT_004,가족 (함께 나눠 먹기 좋은 우스쿠레나이 간식)
PRD_437,TGT_005,직장동료 (개별 포장으로 나눠 주기 쉬운 우스쿠레나이)
PRD_437,TGT_003,친구 (가볍게 건네기 좋은 우스쿠레나이)
PRD_437,TGT_008,자신 (여행 중 직접 맛보기 좋은 우스쿠레나이)
PRD_438,TGT_004,가족 (함께 나눠 먹기 좋은 기적의 사과 카린토 간식)
PRD_438,TGT_005,직장동료 (개별 포장으로 나눠 주기 쉬운 기적의 사과 카린토)
PRD_438,TGT_003,친구 (가볍게 건네기 좋은 기적의 사과 카린토)
PRD_438,TGT_008,자신 (여행 중 직접 맛보기 좋은 기적의 사과 카린토)
PRD_439,TGT_003,친구 (여행지 분위기를 전하기 좋은 특선 네부타즈케)
PRD_439,TGT_004,가족 (식탁에서 함께 먹기 좋은 특선 네부타즈케)
PRD_439,TGT_008,자신 (개인 소장용으로 좋은 특선 네부타즈케)
PRD_439,TGT_007,어린이 (시각적 재미가 있는 특선 네부타즈케)
PRD_439,TGT_001,부모님 (집밥에 곁들이기 좋은 특선 네부타즈케)
PRD_440,TGT_004,가족 (함께 나눠 먹기 좋은 스타미나 겐타레 390g 간식)
PRD_440,TGT_003,친구 (가볍게 건네기 좋은 스타미나 겐타레 390g)
PRD_440,TGT_001,부모님 (집밥에 곁들이기 좋은 스타미나 겐타레 390g)
PRD_440,TGT_008,자신 (여행 중 직접 맛보기 좋은 스타미나 겐타레 390g)
PRD_441,TGT_003,친구 (여행지 분위기를 전하기 좋은 이기리스 토스트)
PRD_441,TGT_008,자신 (개인 소장용으로 좋은 이기리스 토스트)
PRD_441,TGT_004,가족 (가족과 공유하기 좋은 이기리스 토스트)
PRD_442,TGT_006,상사/은사 (장인성이 느껴지는 쓰가루 비드로 도트 젓가락받침 5개입)
PRD_442,TGT_001,부모님 (정성 있는 쓰가루 비드로 도트 젓가락받침 5개입 전통 공예)
PRD_442,TGT_008,자신 (여행의 기억을 남기는 쓰가루 비드로 도트 젓가락받침 5개입)
PRD_442,TGT_004,가족 (집에서 쓰기 좋은 쓰가루 비드로 도트 젓가락받침 5개입)
PRD_442,TGT_002,연인 (디자인이 돋보이는 쓰가루 비드로 도트 젓가락받침 5개입)
PRD_443,TGT_006,상사/은사 (장인성이 느껴지는 브나코 티슈 박스 스윙)
PRD_443,TGT_001,부모님 (정성 있는 브나코 티슈 박스 스윙 전통 공예)
PRD_443,TGT_008,자신 (여행의 기억을 남기는 브나코 티슈 박스 스윙)
PRD_443,TGT_004,가족 (집에서 쓰기 좋은 브나코 티슈 박스 스윙)
PRD_444,TGT_002,연인 (향과 분위기가 좋은 아오모리 히바 오일)
PRD_444,TGT_003,친구 (취향을 나누기 좋은 아오모리 히바 오일 케어 기념품)
PRD_444,TGT_008,자신 (여행 후 직접 써보기 좋은 아오모리 히바 오일)
PRD_444,TGT_004,가족 (가족이 함께 쓰기 쉬운 아오모리 히바 오일)
PRD_445,TGT_005,직장동료 (사무실에서 나누기 쉬운 원조 이치고니 415g)
PRD_445,TGT_004,가족 (가족과 공유하기 좋은 원조 이치고니 415g)
PRD_445,TGT_003,친구 (가볍게 소개하기 좋은 원조 이치고니 415g)
PRD_446,TGT_005,직장동료 (여러 명에게 나눠 주기 좋은 48개 세트)
PRD_446,TGT_004,가족 (집에서 간편하게 데워 먹기 좋은 카레 구성)
PRD_446,TGT_003,친구 (마늘 향이 있는 지역 카레를 함께 맛보기 좋음)
PRD_446,TGT_008,자신 (아오모리 고토치 카레를 넉넉히 즐기기 좋음)
PRD_447,TGT_004,가족 (함께 나눠 먹기 좋은 카시스 잼 간식)
PRD_447,TGT_003,친구 (가볍게 건네기 좋은 카시스 잼)
PRD_447,TGT_001,부모님 (집밥에 곁들이기 좋은 카시스 잼)
PRD_447,TGT_008,자신 (여행 중 직접 맛보기 좋은 카시스 잼)
PRD_448,TGT_004,가족 (가족과 함께 마시기 좋은 희망의 물방울 품종 블렌드 1000ml)
PRD_448,TGT_001,부모님 (부담 없이 즐기기 좋은 희망의 물방울 품종 블렌드 1000ml 음료)
PRD_448,TGT_003,친구 (가볍게 건네기 좋은 희망의 물방울 품종 블렌드 1000ml)
PRD_448,TGT_008,자신 (여행지 풍미를 즐기는 희망의 물방울 품종 블렌드 1000ml)
PRD_449,TGT_006,상사/은사 (장인성이 느껴지는 고긴자시 둥근 동전지갑 남색)
PRD_449,TGT_003,친구 (여행지 분위기를 전하기 좋은 고긴자시 둥근 동전지갑 남색)
PRD_449,TGT_001,부모님 (정성 있는 고긴자시 둥근 동전지갑 남색 전통 공예)
PRD_449,TGT_008,자신 (여행의 기억을 남기는 고긴자시 둥근 동전지갑 남색)
PRD_449,TGT_002,연인 (디자인이 돋보이는 고긴자시 둥근 동전지갑 남색)
PRD_450,TGT_004,가족 (함께 나눠 먹기 좋은 하치노헤 센베이지루 세트 간식)
PRD_450,TGT_003,친구 (가볍게 건네기 좋은 하치노헤 센베이지루 세트)
PRD_450,TGT_008,자신 (여행 중 직접 맛보기 좋은 하치노헤 센베이지루 세트)
PRD_451,TGT_003,친구 (함께 맛보기 좋은 기모리 시드르 스위트 375ml 두 병 세트)
PRD_451,TGT_006,상사/은사 (격식 있는 기모리 시드르 스위트 375ml 두 병 세트 주류 선물)
PRD_451,TGT_001,부모님 (천천히 즐기기 좋은 기모리 시드르 스위트 375ml 두 병 세트)
PRD_451,TGT_008,자신 (여행지 술을 직접 경험하는 기모리 시드르 스위트 375ml 두 병 세트)
PRD_452,TGT_006,상사/은사 (장인성이 느껴지는 쓰가루누리 젓가락 가라누리 로)
PRD_452,TGT_003,친구 (여행지 분위기를 전하기 좋은 쓰가루누리 젓가락 가라누리 로)
PRD_452,TGT_001,부모님 (정성 있는 쓰가루누리 젓가락 가라누리 로 전통 공예)
PRD_452,TGT_008,자신 (여행의 기억을 남기는 쓰가루누리 젓가락 가라누리 로)
PRD_452,TGT_004,가족 (집에서 쓰기 좋은 쓰가루누리 젓가락 가라누리 로)
PRD_453,TGT_006,상사/은사 (장인성이 느껴지는 사과나무 물수건 받침)
PRD_453,TGT_001,부모님 (정성 있는 사과나무 물수건 받침 전통 공예)
PRD_453,TGT_008,자신 (여행의 기억을 남기는 사과나무 물수건 받침)
PRD_454,TGT_001,부모님 (건강을 생각해 고르기 좋은 숙성 흑마늘 구로아오모리)
PRD_454,TGT_004,가족 (가족 식탁에 두기 좋은 숙성 흑마늘 구로아오모리)
PRD_454,TGT_008,자신 (평소 챙겨 먹기 좋은 숙성 흑마늘 구로아오모리)
PRD_455,TGT_001,부모님 (건강을 생각해 고르기 좋은 숙성 흑마늘 다코노쿠로)
PRD_455,TGT_004,가족 (함께 나눠 먹기 좋은 숙성 흑마늘 다코노쿠로 간식)
PRD_455,TGT_003,친구 (가볍게 건네기 좋은 숙성 흑마늘 다코노쿠로)
PRD_455,TGT_008,자신 (여행 중 직접 맛보기 좋은 숙성 흑마늘 다코노쿠로)
PRD_456,TGT_004,가족 (함께 나눠 먹기 좋은 쓰가루 9매입 간식)
PRD_456,TGT_005,직장동료 (개별 포장으로 나눠 주기 쉬운 쓰가루 9매입)
PRD_456,TGT_003,친구 (가볍게 건네기 좋은 쓰가루 9매입)
PRD_456,TGT_008,자신 (여행 중 직접 맛보기 좋은 쓰가루 9매입)
PRD_457,TGT_004,가족 (함께 나눠 먹기 좋은 링고센 간식)
PRD_457,TGT_005,직장동료 (개별 포장으로 나눠 주기 쉬운 링고센)
PRD_457,TGT_003,친구 (가볍게 건네기 좋은 링고센)
PRD_457,TGT_008,자신 (여행 중 직접 맛보기 좋은 링고센)
PRD_458,TGT_006,상사/은사 (장인성이 느껴지는 은의 네부타 사과 주스)
PRD_458,TGT_003,친구 (여행지 분위기를 전하기 좋은 은의 네부타 사과 주스)
PRD_458,TGT_001,부모님 (정성 있는 은의 네부타 사과 주스 전통 공예)
PRD_458,TGT_007,어린이 (시각적 재미가 있는 은의 네부타 사과 주스)
PRD_458,TGT_008,자신 (여행의 기억을 남기는 은의 네부타 사과 주스)
PRD_459,TGT_006,상사/은사 (장인성이 느껴지는 쓰가루누리 로열 컬렉션 젓가락 대)
PRD_459,TGT_003,친구 (여행지 분위기를 전하기 좋은 쓰가루누리 로열 컬렉션 젓가락 대)
PRD_459,TGT_001,부모님 (정성 있는 쓰가루누리 로열 컬렉션 젓가락 대 전통 공예)
PRD_459,TGT_008,자신 (여행의 기억을 남기는 쓰가루누리 로열 컬렉션 젓가락 대)
PRD_459,TGT_004,가족 (집에서 쓰기 좋은 쓰가루누리 로열 컬렉션 젓가락 대)
PRD_460,TGT_006,상사/은사 (장인성이 느껴지는 쓰가루누리 로열 컬렉션 술잔)
PRD_460,TGT_001,부모님 (정성 있는 쓰가루누리 로열 컬렉션 술잔 전통 공예)
PRD_460,TGT_008,자신 (여행의 기억을 남기는 쓰가루누리 로열 컬렉션 술잔)
PRD_460,TGT_004,가족 (집에서 쓰기 좋은 쓰가루누리 로열 컬렉션 술잔)
PRD_461,TGT_006,상사/은사 (장인성이 느껴지는 쓰가루누리 사과 젓가락받침)
PRD_461,TGT_001,부모님 (정성 있는 쓰가루누리 사과 젓가락받침 전통 공예)
PRD_461,TGT_008,자신 (여행의 기억을 남기는 쓰가루누리 사과 젓가락받침)
PRD_461,TGT_004,가족 (집에서 쓰기 좋은 쓰가루누리 사과 젓가락받침)
PRD_462,TGT_004,가족 (함께 나눠 먹기 좋은 남부 센베이 아오모리 구르메 접이상자 간식)
PRD_462,TGT_005,직장동료 (개별 포장으로 나눠 주기 쉬운 남부 센베이 아오모리 구르메 접이상자)
PRD_462,TGT_003,친구 (가볍게 건네기 좋은 남부 센베이 아오모리 구르메 접이상자)
PRD_462,TGT_008,자신 (여행 중 직접 맛보기 좋은 남부 센베이 아오모리 구르메 접이상자)
PRD_463,TGT_004,가족 (함께 나눠 먹기 좋은 사과 드레싱 논오일 간식)
PRD_463,TGT_003,친구 (가볍게 건네기 좋은 사과 드레싱 논오일)
PRD_463,TGT_001,부모님 (집밥에 곁들이기 좋은 사과 드레싱 논오일)
PRD_463,TGT_008,자신 (여행 중 직접 맛보기 좋은 사과 드레싱 논오일)
PRD_464,TGT_004,가족 (가족과 함께 마시기 좋은 고보차 30g)
PRD_464,TGT_001,부모님 (부담 없이 즐기기 좋은 고보차 30g 음료)
PRD_464,TGT_008,자신 (여행지 풍미를 즐기는 고보차 30g)
PRD_465,TGT_004,가족 (함께 나눠 먹기 좋은 도와다 바라야키 우동 4식 기프트 간식)
PRD_465,TGT_003,친구 (가볍게 건네기 좋은 도와다 바라야키 우동 4식 기프트)
PRD_465,TGT_001,부모님 (집밥에 곁들이기 좋은 도와다 바라야키 우동 4식 기프트)
PRD_465,TGT_008,자신 (여행 중 직접 맛보기 좋은 도와다 바라야키 우동 4식 기프트)
PRD_466,TGT_004,가족 (함께 나눠 먹기 좋은 볶은깨 사과 드레싱 간식)
PRD_466,TGT_003,친구 (가볍게 건네기 좋은 볶은깨 사과 드레싱)
PRD_466,TGT_001,부모님 (집밥에 곁들이기 좋은 볶은깨 사과 드레싱)
PRD_466,TGT_008,자신 (여행 중 직접 맛보기 좋은 볶은깨 사과 드레싱)
PRD_467,TGT_004,가족 (함께 나눠 먹기 좋은 라푸루 간식)
PRD_467,TGT_005,직장동료 (개별 포장으로 나눠 주기 쉬운 라푸루)
PRD_467,TGT_003,친구 (가볍게 건네기 좋은 라푸루)
PRD_467,TGT_008,자신 (여행 중 직접 맛보기 좋은 라푸루)
PRD_468,TGT_004,가족 (함께 나눠 먹기 좋은 구지라모치 1본 간식)
PRD_468,TGT_005,직장동료 (개별 포장으로 나눠 주기 쉬운 구지라모치 1본)
PRD_468,TGT_003,친구 (가볍게 건네기 좋은 구지라모치 1본)
PRD_468,TGT_008,자신 (여행 중 직접 맛보기 좋은 구지라모치 1본)
PRD_469,TGT_004,가족 (함께 나눠 먹기 좋은 이타 카린토 간식)
PRD_469,TGT_003,친구 (가볍게 건네기 좋은 이타 카린토)
PRD_469,TGT_008,자신 (여행 중 직접 맛보기 좋은 이타 카린토)
PRD_470,TGT_003,친구 (여행지 분위기를 전하기 좋은 네부타 히마쓰리 15개입)
PRD_470,TGT_004,가족 (함께 나눠 먹기 좋은 네부타 히마쓰리 15개입 간식)
PRD_470,TGT_008,자신 (개인 소장용으로 좋은 네부타 히마쓰리 15개입)
PRD_470,TGT_005,직장동료 (개별 포장으로 나눠 주기 쉬운 네부타 히마쓰리 15개입)
PRD_470,TGT_007,어린이 (시각적 재미가 있는 네부타 히마쓰리 15개입)
PRD_471,TGT_006,상사/은사 (장인성이 느껴지는 아오모리 히바 물수건 트레이)
PRD_471,TGT_003,친구 (여행지 분위기를 전하기 좋은 아오모리 히바 물수건 트레이)
PRD_471,TGT_001,부모님 (정성 있는 아오모리 히바 물수건 트레이 전통 공예)
PRD_471,TGT_008,자신 (여행의 기억을 남기는 아오모리 히바 물수건 트레이)
PRD_471,TGT_004,가족 (집에서 쓰기 좋은 아오모리 히바 물수건 트레이)
PRD_472,TGT_002,연인 (향과 분위기가 좋은 히바 핫배스 열 정입)
PRD_472,TGT_003,친구 (취향을 나누기 좋은 히바 핫배스 열 정입 케어 기념품)
PRD_472,TGT_008,자신 (여행 후 직접 써보기 좋은 히바 핫배스 열 정입)
PRD_472,TGT_004,가족 (가족이 함께 쓰기 쉬운 히바 핫배스 열 정입)
PRD_473,TGT_006,상사/은사 (장인성이 느껴지는 고긴자시 사과 키홀더 남색)
PRD_473,TGT_003,친구 (여행지 분위기를 전하기 좋은 고긴자시 사과 키홀더 남색)
PRD_473,TGT_001,부모님 (정성 있는 고긴자시 사과 키홀더 남색 전통 공예)
PRD_473,TGT_008,자신 (여행의 기억을 남기는 고긴자시 사과 키홀더 남색)
PRD_474,TGT_004,가족 (식탁에서 함께 먹기 좋은 카니 코반)
PRD_474,TGT_001,부모님 (집밥에 곁들이기 좋은 카니 코반)
PRD_474,TGT_003,친구 (함께 맛보기 좋은 카니 코반)
PRD_474,TGT_008,자신 (현지 맛을 집에서 재현하는 카니 코반)
PRD_475,TGT_006,상사/은사 (장인성이 느껴지는 탓피)
PRD_475,TGT_003,친구 (여행지 분위기를 전하기 좋은 탓피)
PRD_475,TGT_001,부모님 (정성 있는 탓피 전통 공예)
PRD_475,TGT_008,자신 (여행의 기억을 남기는 탓피)
PRD_476,TGT_006,상사/은사 (장인성이 느껴지는 수제 사탕 아오모리 사과 120g)
PRD_476,TGT_004,가족 (함께 나눠 먹기 좋은 수제 사탕 아오모리 사과 120g 간식)
PRD_476,TGT_001,부모님 (정성 있는 수제 사탕 아오모리 사과 120g 전통 공예)
PRD_476,TGT_005,직장동료 (개별 포장으로 나눠 주기 쉬운 수제 사탕 아오모리 사과 120g)
PRD_476,TGT_003,친구 (가볍게 건네기 좋은 수제 사탕 아오모리 사과 120g)
PRD_477,TGT_003,친구 (여행지 분위기를 전하기 좋은 네부타즈케 250g)
PRD_477,TGT_004,가족 (식탁에서 함께 먹기 좋은 네부타즈케 250g)
PRD_477,TGT_008,자신 (개인 소장용으로 좋은 네부타즈케 250g)
PRD_477,TGT_007,어린이 (시각적 재미가 있는 네부타즈케 250g)
PRD_477,TGT_001,부모님 (집밥에 곁들이기 좋은 네부타즈케 250g)
PRD_478,TGT_002,연인 (향과 분위기가 좋은 히바 샴푸 225ml)
PRD_478,TGT_003,친구 (취향을 나누기 좋은 히바 샴푸 225ml 케어 기념품)
PRD_478,TGT_008,자신 (여행 후 직접 써보기 좋은 히바 샴푸 225ml)
PRD_478,TGT_004,가족 (가족이 함께 쓰기 쉬운 히바 샴푸 225ml)
PRD_479,TGT_006,상사/은사 (장인성이 느껴지는 금의 네부타 사과 주스)
PRD_479,TGT_003,친구 (여행지 분위기를 전하기 좋은 금의 네부타 사과 주스)
PRD_479,TGT_001,부모님 (정성 있는 금의 네부타 사과 주스 전통 공예)
PRD_479,TGT_007,어린이 (시각적 재미가 있는 금의 네부타 사과 주스)
PRD_479,TGT_008,자신 (여행의 기억을 남기는 금의 네부타 사과 주스)
PRD_480,TGT_002,연인 (향과 분위기가 좋은 네부타 페이스팩 아테루이)
PRD_480,TGT_003,친구 (취향을 나누기 좋은 네부타 페이스팩 아테루이 케어 기념품)
PRD_480,TGT_007,어린이 (시각적 재미가 있는 네부타 페이스팩 아테루이)
PRD_480,TGT_008,자신 (여행 후 직접 써보기 좋은 네부타 페이스팩 아테루이)
PRD_480,TGT_004,가족 (가족이 함께 쓰기 쉬운 네부타 페이스팩 아테루이)
PRD_481,TGT_003,친구 (여행지 분위기를 전하기 좋은 네부타 주스 세트 지에스엔에이)
PRD_481,TGT_004,가족 (가족과 함께 마시기 좋은 네부타 주스 세트 지에스엔에이)
PRD_481,TGT_008,자신 (개인 소장용으로 좋은 네부타 주스 세트 지에스엔에이)
PRD_481,TGT_007,어린이 (시각적 재미가 있는 네부타 주스 세트 지에스엔에이)
PRD_481,TGT_001,부모님 (부담 없이 즐기기 좋은 네부타 주스 세트 지에스엔에이 음료)
PRD_482,TGT_004,가족 (가족과 함께 마시기 좋은 스파클링 기프트 에스피에이)
PRD_482,TGT_001,부모님 (부담 없이 즐기기 좋은 스파클링 기프트 에스피에이 음료)
PRD_482,TGT_008,자신 (여행지 풍미를 즐기는 스파클링 기프트 에스피에이)
PRD_482,TGT_003,친구 (친구와 맛보기 좋은 스파클링 기프트 에스피에이)
PRD_482,TGT_005,직장동료 (여럿이 나누기 쉬운 스파클링 기프트 에스피에이 구성)
PRD_483,TGT_004,가족 (함께 나눠 먹기 좋은 남부 센베이 특상마메 간식)
PRD_483,TGT_005,직장동료 (개별 포장으로 나눠 주기 쉬운 남부 센베이 특상마메)
PRD_483,TGT_003,친구 (가볍게 건네기 좋은 남부 센베이 특상마메)
PRD_483,TGT_008,자신 (여행 중 직접 맛보기 좋은 남부 센베이 특상마메)
PRD_484,TGT_004,가족 (함께 나눠 먹기 좋은 남부 센베이 특상 두꺼운 참깨 간식)
PRD_484,TGT_005,직장동료 (개별 포장으로 나눠 주기 쉬운 남부 센베이 특상 두꺼운 참깨)
PRD_484,TGT_003,친구 (가볍게 건네기 좋은 남부 센베이 특상 두꺼운 참깨)
PRD_484,TGT_008,자신 (여행 중 직접 맛보기 좋은 남부 센베이 특상 두꺼운 참깨)
PRD_485,TGT_004,가족 (함께 나눠 먹기 좋은 남부 사색 센베이 18매입 간식)
PRD_485,TGT_005,직장동료 (개별 포장으로 나눠 주기 쉬운 남부 사색 센베이 18매입)
PRD_485,TGT_003,친구 (가볍게 건네기 좋은 남부 사색 센베이 18매입)
PRD_485,TGT_008,자신 (여행 중 직접 맛보기 좋은 남부 사색 센베이 18매입)
PRD_486,TGT_004,가족 (함께 나눠 먹기 좋은 오히나타 카보스 타르트 쿠키 간식)
PRD_486,TGT_005,직장동료 (개별 포장으로 나눠 주기 쉬운 오히나타 카보스 타르트 쿠키)
PRD_486,TGT_003,친구 (가볍게 건네기 좋은 오히나타 카보스 타르트 쿠키)
PRD_486,TGT_008,자신 (여행 중 직접 맛보기 좋은 오히나타 카보스 타르트 쿠키)
PRD_487,TGT_004,가족 (식탁에서 함께 먹기 좋은 청유자고추)
PRD_487,TGT_001,부모님 (집밥에 곁들이기 좋은 청유자고추)
PRD_487,TGT_003,친구 (함께 맛보기 좋은 청유자고추)
PRD_487,TGT_008,자신 (현지 맛을 집에서 재현하는 청유자고추)
PRD_488,TGT_004,가족 (식탁에서 함께 먹기 좋은 오이타 표고 전문점의 호화 일본식 다시 16팩)
PRD_488,TGT_001,부모님 (집밥에 곁들이기 좋은 오이타 표고 전문점의 호화 일본식 다시 16팩)
PRD_488,TGT_003,친구 (함께 맛보기 좋은 오이타 표고 전문점의 호화 일본식 다시 16팩)
PRD_488,TGT_008,자신 (현지 맛을 집에서 재현하는 오이타 표고 전문점의 호화 일본식 다시 16팩)
PRD_489,TGT_004,가족 (함께 나눠 먹기 좋은 카보스모치 18개입 간식)
PRD_489,TGT_005,직장동료 (개별 포장으로 나눠 주기 쉬운 카보스모치 18개입)
PRD_489,TGT_003,친구 (가볍게 건네기 좋은 카보스모치 18개입)
PRD_489,TGT_008,자신 (여행 중 직접 맛보기 좋은 카보스모치 18개입)
PRD_490,TGT_004,가족 (함께 나눠 먹기 좋은 유자 센베이 14매입 간식)
PRD_490,TGT_005,직장동료 (개별 포장으로 나눠 주기 쉬운 유자 센베이 14매입)
PRD_490,TGT_003,친구 (가볍게 건네기 좋은 유자 센베이 14매입)
PRD_490,TGT_008,자신 (여행 중 직접 맛보기 좋은 유자 센베이 14매입)
PRD_491,TGT_004,가족 (식탁에서 함께 먹기 좋은 분고 시오카제 폰즈)
PRD_491,TGT_001,부모님 (집밥에 곁들이기 좋은 분고 시오카제 폰즈)
PRD_491,TGT_003,친구 (함께 맛보기 좋은 분고 시오카제 폰즈)
PRD_491,TGT_008,자신 (현지 맛을 집에서 재현하는 분고 시오카제 폰즈)
PRD_492,TGT_006,상사/은사 (장인성이 느껴지는 하쿠치쿠 하나즈쓰 도쿠조 작품)
PRD_492,TGT_001,부모님 (정성 있는 하쿠치쿠 하나즈쓰 도쿠조 작품 전통 공예)
PRD_492,TGT_008,자신 (여행의 기억을 남기는 하쿠치쿠 하나즈쓰 도쿠조 작품)
PRD_493,TGT_004,가족 (식탁에서 함께 먹기 좋은 유후인 오리다시 간장 라멘 4인분)
PRD_493,TGT_001,부모님 (집밥에 곁들이기 좋은 유후인 오리다시 간장 라멘 4인분)
PRD_493,TGT_003,친구 (함께 맛보기 좋은 유후인 오리다시 간장 라멘 4인분)
PRD_493,TGT_008,자신 (현지 맛을 집에서 재현하는 유후인 오리다시 간장 라멘 4인분)
PRD_494,TGT_004,가족 (가족과 함께 마시기 좋은 오이타 와 우롱차 30g)
PRD_494,TGT_001,부모님 (부담 없이 즐기기 좋은 오이타 와 우롱차 30g 음료)
PRD_494,TGT_008,자신 (여행지 풍미를 즐기는 오이타 와 우롱차 30g)
PRD_495,TGT_001,부모님 (건강을 생각해 고르기 좋은 벳푸 로망 유노하나 3포입)
PRD_495,TGT_004,가족 (가족 식탁에 두기 좋은 벳푸 로망 유노하나 3포입)
PRD_495,TGT_008,자신 (평소 챙겨 먹기 좋은 벳푸 로망 유노하나 3포입)
PRD_496,TGT_004,가족 (함께 나눠 먹기 좋은 오이타 카보스 구미 8알입 간식)
PRD_496,TGT_003,친구 (가볍게 건네기 좋은 오이타 카보스 구미 8알입)
PRD_496,TGT_007,어린이 (아이들도 좋아하기 쉬운 오이타 카보스 구미 8알입 단맛)
PRD_496,TGT_008,자신 (여행 중 직접 맛보기 좋은 오이타 카보스 구미 8알입)
PRD_497,TGT_004,가족 (함께 나눠 먹기 좋은 극상 카보스 구운소금 20g 간식)
PRD_497,TGT_003,친구 (가볍게 건네기 좋은 극상 카보스 구운소금 20g)
PRD_497,TGT_001,부모님 (집밥에 곁들이기 좋은 극상 카보스 구운소금 20g)
PRD_497,TGT_006,상사/은사 (격식을 갖추기 좋은 극상 카보스 구운소금 20g)
PRD_497,TGT_008,자신 (여행 중 직접 맛보기 좋은 극상 카보스 구운소금 20g)
PRD_498,TGT_003,친구 (여행지 분위기를 전하기 좋은 온천현 오이타 온도계 자석 오케짱 흰색)
PRD_498,TGT_008,자신 (개인 소장용으로 좋은 온천현 오이타 온도계 자석 오케짱 흰색)
PRD_498,TGT_007,어린이 (시각적 재미가 있는 온천현 오이타 온도계 자석 오케짱 흰색)
PRD_499,TGT_004,가족 (가족과 함께 마시기 좋은 벳푸 오리지널 드립커피 3개입)
PRD_499,TGT_001,부모님 (부담 없이 즐기기 좋은 벳푸 오리지널 드립커피 3개입 음료)
PRD_499,TGT_008,자신 (여행지 풍미를 즐기는 벳푸 오리지널 드립커피 3개입)
PRD_499,TGT_005,직장동료 (여럿이 나누기 쉬운 벳푸 오리지널 드립커피 3개입 구성)
PRD_500,TGT_004,가족 (식탁에서 함께 먹기 좋은 표고 카보스 폰즈)
PRD_500,TGT_001,부모님 (집밥에 곁들이기 좋은 표고 카보스 폰즈)
PRD_500,TGT_003,친구 (함께 맛보기 좋은 표고 카보스 폰즈)
PRD_500,TGT_008,자신 (현지 맛을 집에서 재현하는 표고 카보스 폰즈)
PRD_501,TGT_004,가족 (식탁에서 함께 먹기 좋은 유후인 고원 드레싱 와풍 160ml)
PRD_501,TGT_001,부모님 (집밥에 곁들이기 좋은 유후인 고원 드레싱 와풍 160ml)
PRD_501,TGT_003,친구 (함께 맛보기 좋은 유후인 고원 드레싱 와풍 160ml)
PRD_501,TGT_008,자신 (현지 맛을 집에서 재현하는 유후인 고원 드레싱 와풍 160ml)
PRD_502,TGT_004,가족 (함께 나눠 먹기 좋은 카보스 파이 20매입 간식)
PRD_502,TGT_005,직장동료 (개별 포장으로 나눠 주기 쉬운 카보스 파이 20매입)
PRD_502,TGT_003,친구 (가볍게 건네기 좋은 카보스 파이 20매입)
PRD_502,TGT_008,자신 (여행 중 직접 맛보기 좋은 카보스 파이 20매입)
PRD_503,TGT_004,가족 (식탁에서 함께 먹기 좋은 부리 소보로 보쿠부리군 100g)
PRD_503,TGT_001,부모님 (집밥에 곁들이기 좋은 부리 소보로 보쿠부리군 100g)
PRD_503,TGT_003,친구 (함께 맛보기 좋은 부리 소보로 보쿠부리군 100g)
PRD_503,TGT_008,자신 (현지 맛을 집에서 재현하는 부리 소보로 보쿠부리군 100g)
PRD_504,TGT_003,친구 (여행지 분위기를 전하기 좋은 오이타산 건표고 봉지 대 220g)
PRD_504,TGT_008,자신 (개인 소장용으로 좋은 오이타산 건표고 봉지 대 220g)
PRD_504,TGT_004,가족 (가족과 공유하기 좋은 오이타산 건표고 봉지 대 220g)
PRD_505,TGT_004,가족 (식탁에서 함께 먹기 좋은 카보스고추)
PRD_505,TGT_001,부모님 (집밥에 곁들이기 좋은 카보스고추)
PRD_505,TGT_003,친구 (함께 맛보기 좋은 카보스고추)
PRD_505,TGT_008,자신 (현지 맛을 집에서 재현하는 카보스고추)
PRD_506,TGT_004,가족 (식탁에서 함께 먹기 좋은 표고간장)
PRD_506,TGT_001,부모님 (집밥에 곁들이기 좋은 표고간장)
PRD_506,TGT_005,직장동료 (사무실에서 나누기 쉬운 표고간장)
PRD_506,TGT_003,친구 (함께 맛보기 좋은 표고간장)
PRD_506,TGT_008,자신 (현지 맛을 집에서 재현하는 표고간장)
PRD_507,TGT_004,가족 (함께 나눠 먹기 좋은 오이타 베리츠 스틱 케이크 간식)
PRD_507,TGT_005,직장동료 (개별 포장으로 나눠 주기 쉬운 오이타 베리츠 스틱 케이크)
PRD_507,TGT_003,친구 (가볍게 건네기 좋은 오이타 베리츠 스틱 케이크)
PRD_507,TGT_008,자신 (여행 중 직접 맛보기 좋은 오이타 베리츠 스틱 케이크)
PRD_508,TGT_004,가족 (식탁에서 함께 먹기 좋은 오이타 부리와 카보스부리 류큐 4식 세트)
PRD_508,TGT_001,부모님 (집밥에 곁들이기 좋은 오이타 부리와 카보스부리 류큐 4식 세트)
PRD_508,TGT_003,친구 (함께 맛보기 좋은 오이타 부리와 카보스부리 류큐 4식 세트)
PRD_508,TGT_008,자신 (현지 맛을 집에서 재현하는 오이타 부리와 카보스부리 류큐 4식 세트)
PRD_509,TGT_004,가족 (함께 나눠 먹기 좋은 오이타 카보스 구미 세 개 세트 간식)
PRD_509,TGT_005,직장동료 (개별 포장으로 나눠 주기 쉬운 오이타 카보스 구미 세 개 세트)
PRD_509,TGT_003,친구 (가볍게 건네기 좋은 오이타 카보스 구미 세 개 세트)
PRD_509,TGT_007,어린이 (아이들도 좋아하기 쉬운 오이타 카보스 구미 세 개 세트 단맛)
PRD_509,TGT_008,자신 (여행 중 직접 맛보기 좋은 오이타 카보스 구미 세 개 세트)
PRD_510,TGT_004,가족 (식탁에서 함께 먹기 좋은 구라다시 일품 카보스 폰즈)
PRD_510,TGT_001,부모님 (집밥에 곁들이기 좋은 구라다시 일품 카보스 폰즈)
PRD_510,TGT_003,친구 (함께 맛보기 좋은 구라다시 일품 카보스 폰즈)
PRD_510,TGT_008,자신 (현지 맛을 집에서 재현하는 구라다시 일품 카보스 폰즈)
PRD_511,TGT_004,가족 (함께 나눠 먹기 좋은 카보스 온천 센베이 70g 간식)
PRD_511,TGT_003,친구 (가볍게 건네기 좋은 카보스 온천 센베이 70g)
PRD_511,TGT_008,자신 (여행 중 직접 맛보기 좋은 카보스 온천 센베이 70g)
PRD_512,TGT_006,상사/은사 (장인성이 느껴지는 오타야키 8촌 접시)
PRD_512,TGT_001,부모님 (정성 있는 오타야키 8촌 접시 전통 공예)
PRD_512,TGT_008,자신 (여행의 기억을 남기는 오타야키 8촌 접시)
PRD_512,TGT_004,가족 (집에서 쓰기 좋은 오타야키 8촌 접시)
PRD_513,TGT_006,상사/은사 (장인성이 느껴지는 스카시 우치와 쇼인)
PRD_513,TGT_001,부모님 (정성 있는 스카시 우치와 쇼인 전통 공예)
PRD_513,TGT_008,자신 (여행의 기억을 남기는 스카시 우치와 쇼인)
PRD_514,TGT_003,친구 (함께 맛보기 좋은 조토쿠야 카보스 리큐르)
PRD_514,TGT_006,상사/은사 (격식 있는 조토쿠야 카보스 리큐르 주류 선물)
PRD_514,TGT_001,부모님 (천천히 즐기기 좋은 조토쿠야 카보스 리큐르)
PRD_514,TGT_008,자신 (여행지 술을 직접 경험하는 조토쿠야 카보스 리큐르)
PRD_515,TGT_006,상사/은사 (장인성이 느껴지는 하나무쓰메아미 대나무 손가방)
PRD_515,TGT_003,친구 (여행지 분위기를 전하기 좋은 하나무쓰메아미 대나무 손가방)
PRD_515,TGT_001,부모님 (정성 있는 하나무쓰메아미 대나무 손가방 전통 공예)
PRD_515,TGT_008,자신 (여행의 기억을 남기는 하나무쓰메아미 대나무 손가방)
PRD_516,TGT_006,상사/은사 (장인성이 느껴지는 시치토이 냄비받침 토비형 15cm)
PRD_516,TGT_003,친구 (여행지 분위기를 전하기 좋은 시치토이 냄비받침 토비형 15cm)
PRD_516,TGT_001,부모님 (정성 있는 시치토이 냄비받침 토비형 15cm 전통 공예)
PRD_516,TGT_008,자신 (여행의 기억을 남기는 시치토이 냄비받침 토비형 15cm)
PRD_517,TGT_003,친구 (함께 맛보기 좋은 오이타산 소주 비교 세트)
PRD_517,TGT_006,상사/은사 (격식 있는 오이타산 소주 비교 세트 주류 선물)
PRD_517,TGT_001,부모님 (천천히 즐기기 좋은 오이타산 소주 비교 세트)
PRD_517,TGT_008,자신 (여행지 술을 직접 경험하는 오이타산 소주 비교 세트)
PRD_518,TGT_004,가족 (식탁에서 함께 먹기 좋은 유자고추 다케짱)
PRD_518,TGT_001,부모님 (집밥에 곁들이기 좋은 유자고추 다케짱)
PRD_518,TGT_003,친구 (함께 맛보기 좋은 유자고추 다케짱)
PRD_518,TGT_008,자신 (현지 맛을 집에서 재현하는 유자고추 다케짱)
PRD_519,TGT_006,상사/은사 (장인성이 느껴지는 대나무 감싸개 종이컵 홀더)
PRD_519,TGT_003,친구 (여행지 분위기를 전하기 좋은 대나무 감싸개 종이컵 홀더)
PRD_519,TGT_001,부모님 (정성 있는 대나무 감싸개 종이컵 홀더 전통 공예)
PRD_519,TGT_008,자신 (여행의 기억을 남기는 대나무 감싸개 종이컵 홀더)
PRD_519,TGT_004,가족 (집에서 쓰기 좋은 대나무 감싸개 종이컵 홀더)
PRD_520,TGT_006,상사/은사 (장인성이 느껴지는 하나무쓰메아미 대나무 철발 대)
PRD_520,TGT_001,부모님 (정성 있는 하나무쓰메아미 대나무 철발 대 전통 공예)
PRD_520,TGT_008,자신 (여행의 기억을 남기는 하나무쓰메아미 대나무 철발 대)
PRD_520,TGT_002,연인 (디자인이 돋보이는 하나무쓰메아미 대나무 철발 대)
PRD_521,TGT_003,친구 (여행지 분위기를 전하기 좋은 벳푸 소에부미 편지지 다케가와라 온천)
PRD_521,TGT_008,자신 (개인 소장용으로 좋은 벳푸 소에부미 편지지 다케가와라 온천)
PRD_521,TGT_005,직장동료 (사무실에서 나누기 쉬운 벳푸 소에부미 편지지 다케가와라 온천)
PRD_522,TGT_004,가족 (함께 나눠 먹기 좋은 자비에르와 루이사 대분 명과 24개입 간식)
PRD_522,TGT_005,직장동료 (개별 포장으로 나눠 주기 쉬운 자비에르와 루이사 대분 명과 24개입)
PRD_522,TGT_003,친구 (가볍게 건네기 좋은 자비에르와 루이사 대분 명과 24개입)
PRD_522,TGT_008,자신 (여행 중 직접 맛보기 좋은 자비에르와 루이사 대분 명과 24개입)
PRD_523,TGT_004,가족 (함께 나눠 먹기 좋은 분고노 가와리 딸기맛 간식)
PRD_523,TGT_005,직장동료 (개별 포장으로 나눠 주기 쉬운 분고노 가와리 딸기맛)
PRD_523,TGT_003,친구 (가볍게 건네기 좋은 분고노 가와리 딸기맛)
PRD_523,TGT_008,자신 (여행 중 직접 맛보기 좋은 분고노 가와리 딸기맛)
PRD_524,TGT_004,가족 (함께 나눠 먹기 좋은 대분 유자고추 센베이 간식)
PRD_524,TGT_005,직장동료 (개별 포장으로 나눠 주기 쉬운 대분 유자고추 센베이)
PRD_524,TGT_003,친구 (가볍게 건네기 좋은 대분 유자고추 센베이)
PRD_524,TGT_008,자신 (여행 중 직접 맛보기 좋은 대분 유자고추 센베이)
PRD_525,TGT_004,가족 (함께 나눠 먹기 좋은 유후인 단고지루와 흑밀 야세우마 간식)
PRD_525,TGT_005,직장동료 (개별 포장으로 나눠 주기 쉬운 유후인 단고지루와 흑밀 야세우마)
PRD_525,TGT_003,친구 (가볍게 건네기 좋은 유후인 단고지루와 흑밀 야세우마)
PRD_525,TGT_008,자신 (여행 중 직접 맛보기 좋은 유후인 단고지루와 흑밀 야세우마)
PRD_526,TGT_004,가족 (함께 나눠 먹기 좋은 오이타 와스위츠 야세우마 간식)
PRD_526,TGT_003,친구 (가볍게 건네기 좋은 오이타 와스위츠 야세우마)
PRD_526,TGT_008,자신 (여행 중 직접 맛보기 좋은 오이타 와스위츠 야세우마)
PRD_527,TGT_006,상사/은사 (장인성이 느껴지는 찰보리 야세우마 180g)
PRD_527,TGT_001,부모님 (정성 있는 찰보리 야세우마 180g 전통 공예)
PRD_527,TGT_008,자신 (여행의 기억을 남기는 찰보리 야세우마 180g)
PRD_528,TGT_004,가족 (함께 나눠 먹기 좋은 오이타 카보스 구미 10알입 간식)
PRD_528,TGT_005,직장동료 (개별 포장으로 나눠 주기 쉬운 오이타 카보스 구미 10알입)
PRD_528,TGT_003,친구 (가볍게 건네기 좋은 오이타 카보스 구미 10알입)
PRD_528,TGT_007,어린이 (아이들도 좋아하기 쉬운 오이타 카보스 구미 10알입 단맛)
PRD_528,TGT_008,자신 (여행 중 직접 맛보기 좋은 오이타 카보스 구미 10알입)
PRD_529,TGT_004,가족 (식탁에서 함께 먹기 좋은 오이타 분고 토리텐 4팩 세트)
PRD_529,TGT_001,부모님 (집밥에 곁들이기 좋은 오이타 분고 토리텐 4팩 세트)
PRD_529,TGT_008,자신 (현지 맛을 집에서 재현하는 오이타 분고 토리텐 4팩 세트)
PRD_530,TGT_004,가족 (함께 나눠 먹기 좋은 오이타산 갈치 류큐 4식 세트 간식)
PRD_530,TGT_003,친구 (가볍게 건네기 좋은 오이타산 갈치 류큐 4식 세트)
PRD_530,TGT_001,부모님 (집밥에 곁들이기 좋은 오이타산 갈치 류큐 4식 세트)
PRD_530,TGT_007,어린이 (아이들도 좋아하기 쉬운 오이타산 갈치 류큐 4식 세트 단맛)
PRD_530,TGT_008,자신 (여행 중 직접 맛보기 좋은 오이타산 갈치 류큐 4식 세트)
PRD_531,TGT_004,가족 (식탁에서 함께 먹기 좋은 류큐 타레)
PRD_531,TGT_001,부모님 (집밥에 곁들이기 좋은 류큐 타레)
PRD_531,TGT_003,친구 (함께 맛보기 좋은 류큐 타레)
PRD_531,TGT_008,자신 (현지 맛을 집에서 재현하는 류큐 타레)
PRD_532,TGT_004,가족 (함께 나눠 먹기 좋은 뼈있는 부쓰키리 가라아게 생 간식)
PRD_532,TGT_003,친구 (가볍게 건네기 좋은 뼈있는 부쓰키리 가라아게 생)
PRD_532,TGT_001,부모님 (집밥에 곁들이기 좋은 뼈있는 부쓰키리 가라아게 생)
PRD_532,TGT_008,자신 (여행 중 직접 맛보기 좋은 뼈있는 부쓰키리 가라아게 생)
PRD_533,TGT_004,가족 (함께 나눠 먹기 좋은 나카쓰 가라아게 칩스 85g 간식)
PRD_533,TGT_003,친구 (가볍게 건네기 좋은 나카쓰 가라아게 칩스 85g)
PRD_533,TGT_008,자신 (여행 중 직접 맛보기 좋은 나카쓰 가라아게 칩스 85g)
PRD_534,TGT_004,가족 (식탁에서 함께 먹기 좋은 오이타의 맛 토리텐폰)
PRD_534,TGT_001,부모님 (집밥에 곁들이기 좋은 오이타의 맛 토리텐폰)
PRD_534,TGT_003,친구 (함께 맛보기 좋은 오이타의 맛 토리텐폰)
PRD_534,TGT_008,자신 (현지 맛을 집에서 재현하는 오이타의 맛 토리텐폰)
PRD_535,TGT_004,가족 (식탁에서 함께 먹기 좋은 토리텐 양념 소스 260ml)
PRD_535,TGT_001,부모님 (집밥에 곁들이기 좋은 토리텐 양념 소스 260ml)
PRD_535,TGT_003,친구 (함께 맛보기 좋은 토리텐 양념 소스 260ml)
PRD_535,TGT_008,자신 (현지 맛을 집에서 재현하는 토리텐 양념 소스 260ml)
PRD_536,TGT_003,친구 (여행지 분위기를 전하기 좋은 기비당고)
PRD_536,TGT_008,자신 (개인 소장용으로 좋은 기비당고)
PRD_536,TGT_007,어린이 (시각적 재미가 있는 기비당고)
PRD_536,TGT_005,직장동료 (사무실에서 나누기 쉬운 기비당고)
PRD_537,TGT_004,가족 (함께 나눠 먹기 좋은 오테만주 간식)
PRD_537,TGT_003,친구 (가볍게 건네기 좋은 오테만주)
PRD_537,TGT_008,자신 (여행 중 직접 맛보기 좋은 오테만주)
PRD_538,TGT_004,가족 (함께 나눠 먹기 좋은 무라스즈메 간식)
PRD_538,TGT_005,직장동료 (개별 포장으로 나눠 주기 쉬운 무라스즈메)
PRD_538,TGT_003,친구 (가볍게 건네기 좋은 무라스즈메)
PRD_538,TGT_008,자신 (여행 중 직접 맛보기 좋은 무라스즈메)
PRD_539,TGT_004,가족 (함께 나눠 먹기 좋은 다카세부네 양갱 간식)
PRD_539,TGT_003,친구 (가볍게 건네기 좋은 다카세부네 양갱)
PRD_539,TGT_008,자신 (여행 중 직접 맛보기 좋은 다카세부네 양갱)
PRD_540,TGT_006,상사/은사 (장인성이 느껴지는 시미즈 백도 과일 통조림)
PRD_540,TGT_001,부모님 (정성 있는 시미즈 백도 과일 통조림 전통 공예)
PRD_540,TGT_008,자신 (여행의 기억을 남기는 시미즈 백도 과일 통조림)
PRD_541,TGT_008,자신 (여행 기념으로 직접 간직하기 좋은 피오네 과일 통조림)
PRD_541,TGT_004,가족 (가족과 공유하기 좋은 피오네 과일 통조림)
PRD_541,TGT_003,친구 (가볍게 소개하기 좋은 피오네 과일 통조림)
PRD_542,TGT_004,가족 (식탁에서 함께 먹기 좋은 손연 소면 마쓰노유키)
PRD_542,TGT_001,부모님 (집밥에 곁들이기 좋은 손연 소면 마쓰노유키)
PRD_542,TGT_003,친구 (함께 맛보기 좋은 손연 소면 마쓰노유키)
PRD_542,TGT_008,자신 (현지 맛을 집에서 재현하는 손연 소면 마쓰노유키)
PRD_543,TGT_004,가족 (식탁에서 함께 먹기 좋은 미마사카 손연 말이 면 와소면 와소바 세트)
PRD_543,TGT_001,부모님 (집밥에 곁들이기 좋은 미마사카 손연 말이 면 와소면 와소바 세트)
PRD_543,TGT_003,친구 (함께 맛보기 좋은 미마사카 손연 말이 면 와소면 와소바 세트)
PRD_543,TGT_008,자신 (현지 맛을 집에서 재현하는 미마사카 손연 말이 면 와소면 와소바 세트)
PRD_544,TGT_004,가족 (함께 나눠 먹기 좋은 캐러멜 자쿠루 간식)
PRD_544,TGT_003,친구 (가볍게 건네기 좋은 캐러멜 자쿠루)
PRD_544,TGT_008,자신 (여행 중 직접 맛보기 좋은 캐러멜 자쿠루)
PRD_545,TGT_004,가족 (함께 나눠 먹기 좋은 히루젠 저지 버터 사탕 간식)
PRD_545,TGT_003,친구 (가볍게 건네기 좋은 히루젠 저지 버터 사탕)
PRD_545,TGT_007,어린이 (아이들도 좋아하기 쉬운 히루젠 저지 버터 사탕 단맛)
PRD_545,TGT_008,자신 (여행 중 직접 맛보기 좋은 히루젠 저지 버터 사탕)
PRD_546,TGT_004,가족 (함께 나눠 먹기 좋은 가지타니 비스킷 레트로팩 간식)
PRD_546,TGT_005,직장동료 (개별 포장으로 나눠 주기 쉬운 가지타니 비스킷 레트로팩)
PRD_546,TGT_003,친구 (가볍게 건네기 좋은 가지타니 비스킷 레트로팩)
PRD_546,TGT_008,자신 (여행 중 직접 맛보기 좋은 가지타니 비스킷 레트로팩)
PRD_547,TGT_004,가족 (함께 나눠 먹기 좋은 사쿠슈구로 아마낫토 간식)
PRD_547,TGT_003,친구 (가볍게 건네기 좋은 사쿠슈구로 아마낫토)
PRD_547,TGT_007,어린이 (아이들도 좋아하기 쉬운 사쿠슈구로 아마낫토 단맛)
PRD_547,TGT_008,자신 (여행 중 직접 맛보기 좋은 사쿠슈구로 아마낫토)
PRD_548,TGT_006,상사/은사 (장인성이 느껴지는 구라시키 감말랭이말이)
PRD_548,TGT_003,친구 (여행지 분위기를 전하기 좋은 구라시키 감말랭이말이)
PRD_548,TGT_004,가족 (함께 나눠 먹기 좋은 구라시키 감말랭이말이 간식)
PRD_548,TGT_001,부모님 (정성 있는 구라시키 감말랭이말이 전통 공예)
PRD_548,TGT_008,자신 (여행의 기억을 남기는 구라시키 감말랭이말이)
PRD_549,TGT_004,가족 (함께 나눠 먹기 좋은 유자 센베이 100g 간식)
PRD_549,TGT_003,친구 (가볍게 건네기 좋은 유자 센베이 100g)
PRD_549,TGT_008,자신 (여행 중 직접 맛보기 좋은 유자 센베이 100g)
PRD_550,TGT_004,가족 (함께 나눠 먹기 좋은 네코 미니 타르트 여름맛 9개 세트 간식)
PRD_550,TGT_005,직장동료 (개별 포장으로 나눠 주기 쉬운 네코 미니 타르트 여름맛 9개 세트)
PRD_550,TGT_003,친구 (가볍게 건네기 좋은 네코 미니 타르트 여름맛 9개 세트)
PRD_550,TGT_007,어린이 (아이들도 좋아하기 쉬운 네코 미니 타르트 여름맛 9개 세트 단맛)
PRD_550,TGT_008,자신 (여행 중 직접 맛보기 좋은 네코 미니 타르트 여름맛 9개 세트)
PRD_551,TGT_004,가족 (함께 나눠 먹기 좋은 중간매운맛 와규 스파이스 카레 간식)
PRD_551,TGT_005,직장동료 (개별 포장으로 나눠 주기 쉬운 중간매운맛 와규 스파이스 카레)
PRD_551,TGT_003,친구 (가볍게 건네기 좋은 중간매운맛 와규 스파이스 카레)
PRD_551,TGT_001,부모님 (집밥에 곁들이기 좋은 중간매운맛 와규 스파이스 카레)
PRD_551,TGT_006,상사/은사 (격식을 갖추기 좋은 중간매운맛 와규 스파이스 카레)
PRD_552,TGT_004,가족 (함께 나눠 먹기 좋은 히루젠 야키소바 세트 2식입 간식)
PRD_552,TGT_003,친구 (가볍게 건네기 좋은 히루젠 야키소바 세트 2식입)
PRD_552,TGT_001,부모님 (집밥에 곁들이기 좋은 히루젠 야키소바 세트 2식입)
PRD_552,TGT_007,어린이 (아이들도 좋아하기 쉬운 히루젠 야키소바 세트 2식입 단맛)
PRD_552,TGT_008,자신 (여행 중 직접 맛보기 좋은 히루젠 야키소바 세트 2식입)
PRD_553,TGT_004,가족 (식탁에서 함께 먹기 좋은 진한 에비메시 소스)
PRD_553,TGT_001,부모님 (집밥에 곁들이기 좋은 진한 에비메시 소스)
PRD_553,TGT_003,친구 (함께 맛보기 좋은 진한 에비메시 소스)
PRD_553,TGT_008,자신 (현지 맛을 집에서 재현하는 진한 에비메시 소스)
PRD_554,TGT_004,가족 (함께 나눠 먹기 좋은 쓰야마 호르몬 우동 소스 간식)
PRD_554,TGT_003,친구 (가볍게 건네기 좋은 쓰야마 호르몬 우동 소스)
PRD_554,TGT_001,부모님 (집밥에 곁들이기 좋은 쓰야마 호르몬 우동 소스)
PRD_554,TGT_007,어린이 (아이들도 좋아하기 쉬운 쓰야마 호르몬 우동 소스 단맛)
PRD_554,TGT_008,자신 (여행 중 직접 맛보기 좋은 쓰야마 호르몬 우동 소스)
PRD_555,TGT_006,상사/은사 (장인성이 느껴지는 황부추 바라즈시 재료)
PRD_555,TGT_003,친구 (여행지 분위기를 전하기 좋은 황부추 바라즈시 재료)
PRD_555,TGT_001,부모님 (정성 있는 황부추 바라즈시 재료 전통 공예)
PRD_555,TGT_008,자신 (여행의 기억을 남기는 황부추 바라즈시 재료)
PRD_556,TGT_008,자신 (여행 기념으로 직접 간직하기 좋은 오카야마 바라즈시)
PRD_556,TGT_004,가족 (가족과 공유하기 좋은 오카야마 바라즈시)
PRD_556,TGT_003,친구 (가볍게 소개하기 좋은 오카야마 바라즈시)
PRD_557,TGT_004,가족 (식탁에서 함께 먹기 좋은 히나세 카키오코 소스 600g)
PRD_557,TGT_001,부모님 (집밥에 곁들이기 좋은 히나세 카키오코 소스 600g)
PRD_557,TGT_003,친구 (함께 맛보기 좋은 히나세 카키오코 소스 600g)
PRD_557,TGT_008,자신 (현지 맛을 집에서 재현하는 히나세 카키오코 소스 600g)
PRD_558,TGT_004,가족 (식탁에서 함께 먹기 좋은 오카야마 파스타 세트)
PRD_558,TGT_001,부모님 (집밥에 곁들이기 좋은 오카야마 파스타 세트)
PRD_558,TGT_003,친구 (함께 맛보기 좋은 오카야마 파스타 세트)
PRD_558,TGT_008,자신 (현지 맛을 집에서 재현하는 오카야마 파스타 세트)
PRD_559,TGT_003,친구 (여행지 분위기를 전하기 좋은 찰보리 파스타 200g)
PRD_559,TGT_004,가족 (식탁에서 함께 먹기 좋은 찰보리 파스타 200g)
PRD_559,TGT_008,자신 (개인 소장용으로 좋은 찰보리 파스타 200g)
PRD_559,TGT_001,부모님 (집밥에 곁들이기 좋은 찰보리 파스타 200g)
PRD_560,TGT_004,가족 (가족과 함께 마시기 좋은 가사오카 라멘 2식입)
PRD_560,TGT_001,부모님 (부담 없이 즐기기 좋은 가사오카 라멘 2식입 음료)
PRD_560,TGT_008,자신 (여행지 풍미를 즐기는 가사오카 라멘 2식입)
PRD_560,TGT_003,친구 (함께 맛보기 좋은 가사오카 라멘 2식입)
PRD_561,TGT_004,가족 (식탁에서 함께 먹기 좋은 오카야마 봇케에 라멘)
PRD_561,TGT_001,부모님 (집밥에 곁들이기 좋은 오카야마 봇케에 라멘)
PRD_561,TGT_003,친구 (함께 맛보기 좋은 오카야마 봇케에 라멘)
PRD_561,TGT_008,자신 (현지 맛을 집에서 재현하는 오카야마 봇케에 라멘)
PRD_562,TGT_004,가족 (아침 식탁에 곁들이기 좋은 백도 잼)
PRD_562,TGT_003,친구 (과일 잼을 가볍게 전하기 좋은 선물)
PRD_562,TGT_005,직장동료 (작은 병 포장이라 부담 없이 주기 좋음)
PRD_562,TGT_008,자신 (여행 후 집에서 오카야마 백도 맛을 즐기기 좋음)
PRD_563,TGT_003,친구 (머스캣 젤리를 함께 맛보기 좋음)
PRD_563,TGT_004,가족 (부드러운 젤리라 여러 세대가 먹기 편함)
PRD_563,TGT_007,어린이 (과일향 젤리라 간식 선물로 무난함)
PRD_563,TGT_008,자신 (가볍게 먹을 오카야마 과일 디저트로 좋음)
PRD_564,TGT_006,상사/은사 (장인성이 느껴지는 와규 시튜)
PRD_564,TGT_001,부모님 (정성 있는 와규 시튜 전통 공예)
PRD_564,TGT_008,자신 (여행의 기억을 남기는 와규 시튜)
PRD_565,TGT_001,부모님 (요리에 바로 쓰기 좋은 실용적인 간장)
PRD_565,TGT_004,가족 (집밥에 감칠맛을 더하기 좋은 조미료)
PRD_565,TGT_005,직장동료 (부담 없는 가격의 실용 선물)
PRD_565,TGT_008,자신 (현지 조미료를 집에서 써 보기 좋음)
PRD_566,TGT_004,가족 (식탁에서 함께 먹기 좋은 오카야마 카레)
PRD_566,TGT_001,부모님 (집밥에 곁들이기 좋은 오카야마 카레)
PRD_566,TGT_003,친구 (함께 맛보기 좋은 오카야마 카레)
PRD_566,TGT_008,자신 (현지 맛을 집에서 재현하는 오카야마 카레)
PRD_567,TGT_003,친구 (여행지 분위기를 전하기 좋은 모모타로 카레)
PRD_567,TGT_004,가족 (식탁에서 함께 먹기 좋은 모모타로 카레)
PRD_567,TGT_008,자신 (개인 소장용으로 좋은 모모타로 카레)
PRD_567,TGT_007,어린이 (시각적 재미가 있는 모모타로 카레)
PRD_567,TGT_001,부모님 (집밥에 곁들이기 좋은 모모타로 카레)
PRD_568,TGT_008,자신 (여행 기념으로 직접 간직하기 좋은 사슴 소시지 슈크루트)
PRD_568,TGT_004,가족 (가족과 공유하기 좋은 사슴 소시지 슈크루트)
PRD_568,TGT_003,친구 (가볍게 소개하기 좋은 사슴 소시지 슈크루트)
PRD_569,TGT_004,가족 (함께 나눠 먹기 좋은 어부 자랑 첫물 김 조림 간식)
PRD_569,TGT_003,친구 (가볍게 건네기 좋은 어부 자랑 첫물 김 조림)
PRD_569,TGT_007,어린이 (아이들도 좋아하기 쉬운 어부 자랑 첫물 김 조림 단맛)
PRD_569,TGT_008,자신 (여행 중 직접 맛보기 좋은 어부 자랑 첫물 김 조림)
PRD_570,TGT_006,상사/은사 (장인성이 느껴지는 소자 셀러리 미네스트로네)
PRD_570,TGT_003,친구 (여행지 분위기를 전하기 좋은 소자 셀러리 미네스트로네)
PRD_570,TGT_001,부모님 (정성 있는 소자 셀러리 미네스트로네 전통 공예)
PRD_570,TGT_008,자신 (여행의 기억을 남기는 소자 셀러리 미네스트로네)
PRD_571,TGT_006,상사/은사 (장인성이 느껴지는 적미죽)
PRD_571,TGT_003,친구 (여행지 분위기를 전하기 좋은 적미죽)
PRD_571,TGT_001,부모님 (정성 있는 적미죽 전통 공예)
PRD_571,TGT_008,자신 (여행의 기억을 남기는 적미죽)
PRD_572,TGT_006,상사/은사 (장인성이 느껴지는 생고구마 수제 곤약 3개입)
PRD_572,TGT_004,가족 (함께 나눠 먹기 좋은 생고구마 수제 곤약 3개입 간식)
PRD_572,TGT_001,부모님 (정성 있는 생고구마 수제 곤약 3개입 전통 공예)
PRD_572,TGT_005,직장동료 (개별 포장으로 나눠 주기 쉬운 생고구마 수제 곤약 3개입)
PRD_572,TGT_003,친구 (가볍게 건네기 좋은 생고구마 수제 곤약 3개입)
PRD_573,TGT_006,상사/은사 (장인성이 느껴지는 오카야마 바라즈시 소분 타입)
PRD_573,TGT_003,친구 (여행지 분위기를 전하기 좋은 오카야마 바라즈시 소분 타입)
PRD_573,TGT_001,부모님 (정성 있는 오카야마 바라즈시 소분 타입 전통 공예)
PRD_573,TGT_008,자신 (여행의 기억을 남기는 오카야마 바라즈시 소분 타입)
PRD_574,TGT_003,친구 (가볍게 들 수 있는 캐주얼한 데님 잡화)
PRD_574,TGT_008,자신 (여행 후에도 자주 쓰기 좋은 미니 토트)
PRD_574,TGT_002,연인 (부담스럽지 않게 건네기 좋은 실용적인 선물)
PRD_574,TGT_005,직장동료 (개성은 있으면서도 활용도가 높은 소품)
PRD_575,TGT_004,가족 (오카야마 대표 과자를 함께 나누기 좋음)
PRD_575,TGT_003,친구 (지역성이 분명해 여행 선물로 설명하기 쉬움)
PRD_575,TGT_005,직장동료 (개별로 나눠 주기 좋은 과자 세트)
PRD_575,TGT_007,어린이 (말랑하고 달콤한 식감이 친숙함)
PRD_576,TGT_004,가족 (식탁에서 함께 먹기 좋은 굴 매콤조림)
PRD_576,TGT_001,부모님 (집밥에 곁들이기 좋은 굴 매콤조림)
PRD_576,TGT_003,친구 (함께 맛보기 좋은 굴 매콤조림)
PRD_576,TGT_008,자신 (현지 맛을 집에서 재현하는 굴 매콤조림)
PRD_577,TGT_004,가족 (함께 나눠 먹기 좋은 가이쿤 굴 훈제 올리브오일 절임 소 간식)
PRD_577,TGT_003,친구 (가볍게 건네기 좋은 가이쿤 굴 훈제 올리브오일 절임 소)
PRD_577,TGT_008,자신 (여행 중 직접 맛보기 좋은 가이쿤 굴 훈제 올리브오일 절임 소)
PRD_578,TGT_004,가족 (식탁에서 함께 먹기 좋은 우조 블랙 소금 김)
PRD_578,TGT_001,부모님 (집밥에 곁들이기 좋은 우조 블랙 소금 김)
PRD_578,TGT_003,친구 (함께 맛보기 좋은 우조 블랙 소금 김)
PRD_578,TGT_008,자신 (현지 맛을 집에서 재현하는 우조 블랙 소금 김)
PRD_579,TGT_004,가족 (식탁에서 함께 먹기 좋은 이치방노바시 손연 우동)
PRD_579,TGT_001,부모님 (집밥에 곁들이기 좋은 이치방노바시 손연 우동)
PRD_579,TGT_003,친구 (함께 맛보기 좋은 이치방노바시 손연 우동)
PRD_579,TGT_008,자신 (현지 맛을 집에서 재현하는 이치방노바시 손연 우동)
PRD_580,TGT_004,가족 (식탁에서 함께 먹기 좋은 구니미마루 소금 김)
PRD_580,TGT_001,부모님 (집밥에 곁들이기 좋은 구니미마루 소금 김)
PRD_580,TGT_006,상사/은사 (격식을 갖추기 좋은 구니미마루 소금 김 구성)
PRD_580,TGT_003,친구 (함께 맛보기 좋은 구니미마루 소금 김)
PRD_580,TGT_008,자신 (현지 맛을 집에서 재현하는 구니미마루 소금 김)
PRD_581,TGT_004,가족 (식탁에서 함께 먹기 좋은 무첨가 맛김)
PRD_581,TGT_001,부모님 (집밥에 곁들이기 좋은 무첨가 맛김)
PRD_581,TGT_003,친구 (함께 맛보기 좋은 무첨가 맛김)
PRD_581,TGT_008,자신 (현지 맛을 집에서 재현하는 무첨가 맛김)
PRD_582,TGT_006,상사/은사 (장인성이 느껴지는 비젠야키 맥주컵)
PRD_582,TGT_001,부모님 (정성 있는 비젠야키 맥주컵 전통 공예)
PRD_582,TGT_003,친구 (가볍게 건네기 좋은 비젠야키 맥주컵)
PRD_582,TGT_008,자신 (여행의 기억을 남기는 비젠야키 맥주컵)
PRD_582,TGT_004,가족 (집에서 쓰기 좋은 비젠야키 맥주컵)
PRD_583,TGT_006,상사/은사 (장인성이 느껴지는 비젠야키 손잡이 컵 종이상자)
PRD_583,TGT_001,부모님 (정성 있는 비젠야키 손잡이 컵 종이상자 전통 공예)
PRD_583,TGT_008,자신 (여행의 기억을 남기는 비젠야키 손잡이 컵 종이상자)
PRD_583,TGT_004,가족 (집에서 쓰기 좋은 비젠야키 손잡이 컵 종이상자)
PRD_583,TGT_005,직장동료 (여럿이 나누기 쉬운 비젠야키 손잡이 컵 종이상자 구성)
PRD_584,TGT_006,상사/은사 (장인성이 느껴지는 비젠야키 네코다마 1개입)
PRD_584,TGT_001,부모님 (정성 있는 비젠야키 네코다마 1개입 전통 공예)
PRD_584,TGT_008,자신 (여행의 기억을 남기는 비젠야키 네코다마 1개입)
PRD_584,TGT_002,연인 (디자인이 돋보이는 비젠야키 네코다마 1개입)
PRD_585,TGT_006,상사/은사 (장인성이 느껴지는 비젠야키 모모타마 모모타로)
PRD_585,TGT_003,친구 (여행지 분위기를 전하기 좋은 비젠야키 모모타마 모모타로)
PRD_585,TGT_001,부모님 (정성 있는 비젠야키 모모타마 모모타로 전통 공예)
PRD_585,TGT_007,어린이 (시각적 재미가 있는 비젠야키 모모타마 모모타로)
PRD_585,TGT_008,자신 (여행의 기억을 남기는 비젠야키 모모타마 모모타로)
PRD_586,TGT_001,부모님 (건강을 생각해 고르기 좋은 만요 카키모치 감염 믹스)
PRD_586,TGT_004,가족 (함께 나눠 먹기 좋은 만요 카키모치 감염 믹스 간식)
PRD_586,TGT_003,친구 (가볍게 건네기 좋은 만요 카키모치 감염 믹스)
PRD_586,TGT_008,자신 (여행 중 직접 맛보기 좋은 만요 카키모치 감염 믹스)
PRD_587,TGT_004,가족 (함께 나눠 먹기 좋은 전자레인지 카키모치 건조 간식)
PRD_587,TGT_003,친구 (가볍게 건네기 좋은 전자레인지 카키모치 건조)
PRD_587,TGT_008,자신 (여행 중 직접 맛보기 좋은 전자레인지 카키모치 건조)
PRD_588,TGT_004,가족 (함께 나눠 먹기 좋은 사구 푸딩 6개 세트 간식)
PRD_588,TGT_005,직장동료 (개별 포장으로 나눠 주기 쉬운 사구 푸딩 6개 세트)
PRD_588,TGT_003,친구 (가볍게 건네기 좋은 사구 푸딩 6개 세트)
PRD_588,TGT_008,자신 (여행 중 직접 맛보기 좋은 사구 푸딩 6개 세트)
PRD_589,TGT_003,친구 (여행지 분위기를 전하기 좋은 사구의 풍문 미니)
PRD_589,TGT_004,가족 (함께 나눠 먹기 좋은 사구의 풍문 미니 간식)
PRD_589,TGT_008,자신 (개인 소장용으로 좋은 사구의 풍문 미니)
PRD_590,TGT_004,가족 (함께 나눠 먹기 좋은 후루사토 7개입 간식)
PRD_590,TGT_005,직장동료 (개별 포장으로 나눠 주기 쉬운 후루사토 7개입)
PRD_590,TGT_003,친구 (가볍게 건네기 좋은 후루사토 7개입)
PRD_590,TGT_008,자신 (여행 중 직접 맛보기 좋은 후루사토 7개입)
PRD_591,TGT_004,가족 (함께 나눠 먹기 좋은 구운 게 센베이 27매입 간식)
PRD_591,TGT_005,직장동료 (개별 포장으로 나눠 주기 쉬운 구운 게 센베이 27매입)
PRD_591,TGT_003,친구 (가볍게 건네기 좋은 구운 게 센베이 27매입)
PRD_591,TGT_008,자신 (여행 중 직접 맛보기 좋은 구운 게 센베이 27매입)
PRD_592,TGT_004,가족 (함께 나눠 먹기 좋은 돗토리 사구를 한입에 간식)
PRD_592,TGT_005,직장동료 (개별 포장으로 나눠 주기 쉬운 돗토리 사구를 한입에)
PRD_592,TGT_003,친구 (가볍게 건네기 좋은 돗토리 사구를 한입에)
PRD_592,TGT_008,자신 (여행 중 직접 맛보기 좋은 돗토리 사구를 한입에)
PRD_593,TGT_004,가족 (함께 나눠 먹기 좋은 이십세기 8매입 간식)
PRD_593,TGT_005,직장동료 (개별 포장으로 나눠 주기 쉬운 이십세기 8매입)
PRD_593,TGT_003,친구 (가볍게 건네기 좋은 이십세기 8매입)
PRD_593,TGT_008,자신 (여행 중 직접 맛보기 좋은 이십세기 8매입)
PRD_594,TGT_004,가족 (함께 나눠 먹기 좋은 돗토리 브랜 케이크 하프 간식)
PRD_594,TGT_003,친구 (가볍게 건네기 좋은 돗토리 브랜 케이크 하프)
PRD_594,TGT_008,자신 (여행 중 직접 맛보기 좋은 돗토리 브랜 케이크 하프)
PRD_595,TGT_004,가족 (함께 나눠 먹기 좋은 토토푸딩 네 개 세트 간식)
PRD_595,TGT_005,직장동료 (개별 포장으로 나눠 주기 쉬운 토토푸딩 네 개 세트)
PRD_595,TGT_003,친구 (가볍게 건네기 좋은 토토푸딩 네 개 세트)
PRD_595,TGT_008,자신 (여행 중 직접 맛보기 좋은 토토푸딩 네 개 세트)
PRD_596,TGT_003,친구 (함께 맛보기 좋은 이나바즈루 고리키 사케카스 구즈모치)
PRD_596,TGT_006,상사/은사 (격식 있는 이나바즈루 고리키 사케카스 구즈모치 주류 선물)
PRD_596,TGT_001,부모님 (천천히 즐기기 좋은 이나바즈루 고리키 사케카스 구즈모치)
PRD_596,TGT_008,자신 (여행지 술을 직접 경험하는 이나바즈루 고리키 사케카스 구즈모치)
PRD_597,TGT_003,친구 (여행지 분위기를 전하기 좋은 돗토리산 생강 파우더 15g)
PRD_597,TGT_008,자신 (개인 소장용으로 좋은 돗토리산 생강 파우더 15g)
PRD_597,TGT_004,가족 (가족과 공유하기 좋은 돗토리산 생강 파우더 15g)
PRD_598,TGT_006,상사/은사 (장인성이 느껴지는 사이카엔 특급 신칸센 배 시럽)
PRD_598,TGT_004,가족 (식탁에서 함께 먹기 좋은 사이카엔 특급 신칸센 배 시럽)
PRD_598,TGT_001,부모님 (정성 있는 사이카엔 특급 신칸센 배 시럽 전통 공예)
PRD_598,TGT_008,자신 (여행의 기억을 남기는 사이카엔 특급 신칸센 배 시럽)
PRD_598,TGT_003,친구 (함께 맛보기 좋은 사이카엔 특급 신칸센 배 시럽)
PRD_599,TGT_004,가족 (함께 나눠 먹기 좋은 돗토리산 목이버섯 조림 3봉 세트 간식)
PRD_599,TGT_005,직장동료 (개별 포장으로 나눠 주기 쉬운 돗토리산 목이버섯 조림 3봉 세트)
PRD_599,TGT_003,친구 (가볍게 건네기 좋은 돗토리산 목이버섯 조림 3봉 세트)
PRD_599,TGT_007,어린이 (아이들도 좋아하기 쉬운 돗토리산 목이버섯 조림 3봉 세트 단맛)
PRD_599,TGT_008,자신 (여행 중 직접 맛보기 좋은 돗토리산 목이버섯 조림 3봉 세트)
PRD_600,TGT_004,가족 (식탁에서 함께 먹기 좋은 특제 다나카 미소)
PRD_600,TGT_001,부모님 (집밥에 곁들이기 좋은 특제 다나카 미소)
PRD_600,TGT_003,친구 (함께 맛보기 좋은 특제 다나카 미소)
PRD_600,TGT_008,자신 (현지 맛을 집에서 재현하는 특제 다나카 미소)
PRD_601,TGT_008,자신 (여행 기념으로 직접 간직하기 좋은 돗토리 커리 수프)
PRD_601,TGT_004,가족 (가족과 공유하기 좋은 돗토리 커리 수프)
PRD_601,TGT_003,친구 (가볍게 소개하기 좋은 돗토리 커리 수프)
PRD_602,TGT_008,자신 (여행 기념으로 직접 간직하기 좋은 돗토리 커리 필라프)
PRD_602,TGT_004,가족 (가족과 공유하기 좋은 돗토리 커리 필라프)
PRD_602,TGT_003,친구 (가볍게 소개하기 좋은 돗토리 커리 필라프)
PRD_603,TGT_004,가족 (함께 나눠 먹기 좋은 후쿠다양봉장 렌게 벌꿀 90g 간식)
PRD_603,TGT_003,친구 (가볍게 건네기 좋은 후쿠다양봉장 렌게 벌꿀 90g)
PRD_603,TGT_001,부모님 (집밥에 곁들이기 좋은 후쿠다양봉장 렌게 벌꿀 90g)
PRD_603,TGT_008,자신 (여행 중 직접 맛보기 좋은 후쿠다양봉장 렌게 벌꿀 90g)
PRD_604,TGT_004,가족 (식탁에서 함께 먹기 좋은 이나사 사시미 간장)
PRD_604,TGT_001,부모님 (집밥에 곁들이기 좋은 이나사 사시미 간장)
PRD_604,TGT_003,친구 (함께 맛보기 좋은 이나사 사시미 간장)
PRD_604,TGT_008,자신 (현지 맛을 집에서 재현하는 이나사 사시미 간장)
PRD_605,TGT_004,가족 (함께 나눠 먹기 좋은 돗토리 락교 단식초절임 200g 간식)
PRD_605,TGT_003,친구 (가볍게 건네기 좋은 돗토리 락교 단식초절임 200g)
PRD_605,TGT_001,부모님 (집밥에 곁들이기 좋은 돗토리 락교 단식초절임 200g)
PRD_605,TGT_007,어린이 (아이들도 좋아하기 쉬운 돗토리 락교 단식초절임 200g 단맛)
PRD_605,TGT_008,자신 (여행 중 직접 맛보기 좋은 돗토리 락교 단식초절임 200g)
PRD_606,TGT_008,자신 (여행 기념으로 직접 간직하기 좋은 완숙 흑락교 병조림 70g)
PRD_606,TGT_004,가족 (가족과 공유하기 좋은 완숙 흑락교 병조림 70g)
PRD_606,TGT_003,친구 (가볍게 소개하기 좋은 완숙 흑락교 병조림 70g)
PRD_607,TGT_004,가족 (식탁에서 함께 먹기 좋은 핑크 간장 하나키후진 로즈 50ml)
PRD_607,TGT_001,부모님 (집밥에 곁들이기 좋은 핑크 간장 하나키후진 로즈 50ml)
PRD_607,TGT_003,친구 (함께 맛보기 좋은 핑크 간장 하나키후진 로즈 50ml)
PRD_607,TGT_008,자신 (현지 맛을 집에서 재현하는 핑크 간장 하나키후진 로즈 50ml)
PRD_608,TGT_004,가족 (식탁에서 함께 먹기 좋은 핑크 카레 하나키후진)
PRD_608,TGT_001,부모님 (집밥에 곁들이기 좋은 핑크 카레 하나키후진)
PRD_608,TGT_003,친구 (함께 맛보기 좋은 핑크 카레 하나키후진)
PRD_608,TGT_008,자신 (현지 맛을 집에서 재현하는 핑크 카레 하나키후진)
PRD_609,TGT_004,가족 (식탁에서 함께 먹기 좋은 알배기 게 갑라모리)
PRD_609,TGT_001,부모님 (집밥에 곁들이기 좋은 알배기 게 갑라모리)
PRD_609,TGT_003,친구 (함께 맛보기 좋은 알배기 게 갑라모리)
PRD_609,TGT_008,자신 (현지 맛을 집에서 재현하는 알배기 게 갑라모리)
PRD_610,TGT_004,가족 (식탁에서 함께 먹기 좋은 특별재배 락교 단식초절임 6봉)
PRD_610,TGT_001,부모님 (집밥에 곁들이기 좋은 특별재배 락교 단식초절임 6봉)
PRD_610,TGT_005,직장동료 (사무실에서 나누기 쉬운 특별재배 락교 단식초절임 6봉)
PRD_610,TGT_003,친구 (함께 맛보기 좋은 특별재배 락교 단식초절임 6봉)
PRD_610,TGT_008,자신 (현지 맛을 집에서 재현하는 특별재배 락교 단식초절임 6봉)
PRD_611,TGT_004,가족 (식탁에서 함께 먹기 좋은 무첨가 천일건조 생선 3종 13매 세트)
PRD_611,TGT_001,부모님 (집밥에 곁들이기 좋은 무첨가 천일건조 생선 3종 13매 세트)
PRD_611,TGT_003,친구 (함께 맛보기 좋은 무첨가 천일건조 생선 3종 13매 세트)
PRD_611,TGT_008,자신 (현지 맛을 집에서 재현하는 무첨가 천일건조 생선 3종 13매 세트)
PRD_612,TGT_006,상사/은사 (장인성이 느껴지는 노도구로 포함 건어물 5종 18매 세트)
PRD_612,TGT_004,가족 (식탁에서 함께 먹기 좋은 노도구로 포함 건어물 5종 18매 세트)
PRD_612,TGT_001,부모님 (정성 있는 노도구로 포함 건어물 5종 18매 세트 전통 공예)
PRD_612,TGT_008,자신 (여행의 기억을 남기는 노도구로 포함 건어물 5종 18매 세트)
PRD_612,TGT_003,친구 (함께 맛보기 좋은 노도구로 포함 건어물 5종 18매 세트)
PRD_613,TGT_004,가족 (가족과 함께 마시기 좋은 말차 과자 시쿤)
PRD_613,TGT_001,부모님 (부담 없이 즐기기 좋은 말차 과자 시쿤 음료)
PRD_613,TGT_003,친구 (가볍게 건네기 좋은 말차 과자 시쿤)
PRD_613,TGT_008,자신 (여행지 풍미를 즐기는 말차 과자 시쿤)
PRD_614,TGT_004,가족 (함께 나눠 먹기 좋은 아즈마야 푸딩 여섯 개 세트 간식)
PRD_614,TGT_005,직장동료 (개별 포장으로 나눠 주기 쉬운 아즈마야 푸딩 여섯 개 세트)
PRD_614,TGT_003,친구 (가볍게 건네기 좋은 아즈마야 푸딩 여섯 개 세트)
PRD_614,TGT_008,자신 (여행 중 직접 맛보기 좋은 아즈마야 푸딩 여섯 개 세트)
PRD_615,TGT_004,가족 (함께 나눠 먹기 좋은 활 모사에비 간식)
PRD_615,TGT_003,친구 (가볍게 건네기 좋은 활 모사에비)
PRD_615,TGT_007,어린이 (아이들도 좋아하기 쉬운 활 모사에비 단맛)
PRD_615,TGT_008,자신 (여행 중 직접 맛보기 좋은 활 모사에비)
PRD_616,TGT_004,가족 (식탁에서 함께 먹기 좋은 천연 이와가키 세트)
PRD_616,TGT_001,부모님 (집밥에 곁들이기 좋은 천연 이와가키 세트)
PRD_616,TGT_003,친구 (함께 맛보기 좋은 천연 이와가키 세트)
PRD_616,TGT_008,자신 (현지 맛을 집에서 재현하는 천연 이와가키 세트)
PRD_617,TGT_004,가족 (식탁에서 함께 먹기 좋은 천연 이와가키 나츠키 특대)
PRD_617,TGT_001,부모님 (집밥에 곁들이기 좋은 천연 이와가키 나츠키 특대)
PRD_617,TGT_003,친구 (함께 맛보기 좋은 천연 이와가키 나츠키 특대)
PRD_617,TGT_008,자신 (현지 맛을 집에서 재현하는 천연 이와가키 나츠키 특대)
PRD_618,TGT_005,직장동료 (사무실에서 나누기 쉬운 두부치쿠와와 도미치쿠와 8본 세트)
PRD_618,TGT_004,가족 (가족과 공유하기 좋은 두부치쿠와와 도미치쿠와 8본 세트)
PRD_618,TGT_003,친구 (가볍게 소개하기 좋은 두부치쿠와와 도미치쿠와 8본 세트)
PRD_619,TGT_004,가족 (식탁에서 함께 먹기 좋은 하룻밤건조 참가자미 대형상자)
PRD_619,TGT_001,부모님 (집밥에 곁들이기 좋은 하룻밤건조 참가자미 대형상자)
PRD_619,TGT_003,친구 (함께 맛보기 좋은 하룻밤건조 참가자미 대형상자)
PRD_619,TGT_008,자신 (현지 맛을 집에서 재현하는 하룻밤건조 참가자미 대형상자)
PRD_620,TGT_004,가족 (식탁에서 함께 먹기 좋은 신물 호타루이카 오키즈케)
PRD_620,TGT_001,부모님 (집밥에 곁들이기 좋은 신물 호타루이카 오키즈케)
PRD_620,TGT_003,친구 (함께 맛보기 좋은 신물 호타루이카 오키즈케)
PRD_620,TGT_008,자신 (현지 맛을 집에서 재현하는 신물 호타루이카 오키즈케)
PRD_621,TGT_004,가족 (식탁에서 함께 먹기 좋은 야마요네 붉은 해삼 폰즈절임 냉동 2팩)
PRD_621,TGT_001,부모님 (집밥에 곁들이기 좋은 야마요네 붉은 해삼 폰즈절임 냉동 2팩)
PRD_621,TGT_003,친구 (함께 맛보기 좋은 야마요네 붉은 해삼 폰즈절임 냉동 2팩)
PRD_621,TGT_008,자신 (현지 맛을 집에서 재현하는 야마요네 붉은 해삼 폰즈절임 냉동 2팩)
PRD_622,TGT_006,상사/은사 (장인성이 느껴지는 희소 흑산호 네쓰케 스트랩)
PRD_622,TGT_003,친구 (여행지 분위기를 전하기 좋은 희소 흑산호 네쓰케 스트랩)
PRD_622,TGT_001,부모님 (정성 있는 희소 흑산호 네쓰케 스트랩 전통 공예)
PRD_622,TGT_008,자신 (여행의 기억을 남기는 희소 흑산호 네쓰케 스트랩)
PRD_622,TGT_002,연인 (디자인이 돋보이는 희소 흑산호 네쓰케 스트랩)
PRD_623,TGT_006,상사/은사 (장인성이 느껴지는 희소 흑산호 넥타이핀)
PRD_623,TGT_001,부모님 (정성 있는 희소 흑산호 넥타이핀 전통 공예)
PRD_623,TGT_008,자신 (여행의 기억을 남기는 희소 흑산호 넥타이핀)
PRD_623,TGT_002,연인 (디자인이 돋보이는 희소 흑산호 넥타이핀)
PRD_624,TGT_003,친구 (함께 맛보기 좋은 주조미 고리키 폰센베이 스무 봉 세트)
PRD_624,TGT_006,상사/은사 (격식 있는 주조미 고리키 폰센베이 스무 봉 세트 주류 선물)
PRD_624,TGT_001,부모님 (천천히 즐기기 좋은 주조미 고리키 폰센베이 스무 봉 세트)
PRD_624,TGT_008,자신 (여행지 술을 직접 경험하는 주조미 고리키 폰센베이 스무 봉 세트)
PRD_625,TGT_006,상사/은사 (장인성이 느껴지는 이나바의 방울)
PRD_625,TGT_003,친구 (여행지 분위기를 전하기 좋은 이나바의 방울)
PRD_625,TGT_001,부모님 (정성 있는 이나바의 방울 전통 공예)
PRD_625,TGT_008,자신 (여행의 기억을 남기는 이나바의 방울)
PRD_626,TGT_006,상사/은사 (장인성이 느껴지는 빙글빙글 샨샨 우산 메시지 카드)
PRD_626,TGT_003,친구 (여행지 분위기를 전하기 좋은 빙글빙글 샨샨 우산 메시지 카드)
PRD_626,TGT_001,부모님 (정성 있는 빙글빙글 샨샨 우산 메시지 카드 전통 공예)
PRD_626,TGT_008,자신 (여행의 기억을 남기는 빙글빙글 샨샨 우산 메시지 카드)
PRD_627,TGT_003,친구 (여행지 분위기를 전하기 좋은 돗토리 물고기 손수건 2매 세트)
PRD_627,TGT_008,자신 (개인 소장용으로 좋은 돗토리 물고기 손수건 2매 세트)
PRD_627,TGT_004,가족 (일상에서 활용하기 좋은 돗토리 물고기 손수건 2매 세트)
PRD_628,TGT_006,상사/은사 (장인성이 느껴지는 이나바노스즈 세 개 세트)
PRD_628,TGT_001,부모님 (정성 있는 이나바노스즈 세 개 세트 전통 공예)
PRD_628,TGT_008,자신 (여행의 기억을 남기는 이나바노스즈 세 개 세트)
PRD_629,TGT_005,직장동료 (사무실에서 나누기 쉬운 오지 아시부쿠로 기프트 비교 세트)
PRD_629,TGT_004,가족 (가족과 공유하기 좋은 오지 아시부쿠로 기프트 비교 세트)
PRD_629,TGT_003,친구 (가볍게 소개하기 좋은 오지 아시부쿠로 기프트 비교 세트)
PRD_630,TGT_006,상사/은사 (장인성이 느껴지는 배나무 단면 코스터 돗토리 명소 디자인)
PRD_630,TGT_003,친구 (여행지 분위기를 전하기 좋은 배나무 단면 코스터 돗토리 명소 디자인)
PRD_630,TGT_001,부모님 (정성 있는 배나무 단면 코스터 돗토리 명소 디자인 전통 공예)
PRD_630,TGT_008,자신 (여행의 기억을 남기는 배나무 단면 코스터 돗토리 명소 디자인)
PRD_630,TGT_004,가족 (집에서 쓰기 좋은 배나무 단면 코스터 돗토리 명소 디자인)
PRD_631,TGT_006,상사/은사 (장인성이 느껴지는 배나무 십이지 문자 스트랩)
PRD_631,TGT_003,친구 (여행지 분위기를 전하기 좋은 배나무 십이지 문자 스트랩)
PRD_631,TGT_001,부모님 (정성 있는 배나무 십이지 문자 스트랩 전통 공예)
PRD_631,TGT_008,자신 (여행의 기억을 남기는 배나무 십이지 문자 스트랩)
PRD_631,TGT_002,연인 (디자인이 돋보이는 배나무 십이지 문자 스트랩)
PRD_632,TGT_006,상사/은사 (장인성이 느껴지는 구로게와규 특선 윗어깨살)
PRD_632,TGT_001,부모님 (정성 있는 구로게와규 특선 윗어깨살 전통 공예)
PRD_632,TGT_008,자신 (여행의 기억을 남기는 구로게와규 특선 윗어깨살)
PRD_633,TGT_004,가족 (가족과 함께 마시기 좋은 호지차 과자 시세이)
PRD_633,TGT_001,부모님 (부담 없이 즐기기 좋은 호지차 과자 시세이 음료)
PRD_633,TGT_003,친구 (가볍게 건네기 좋은 호지차 과자 시세이)
PRD_633,TGT_008,자신 (여행지 풍미를 즐기는 호지차 과자 시세이)
PRD_633,TGT_005,직장동료 (여럿이 나누기 쉬운 호지차 과자 시세이 구성)
PRD_634,TGT_004,가족 (함께 나눠 먹기 좋은 대복떡 9종 모둠 간식)
PRD_634,TGT_005,직장동료 (개별 포장으로 나눠 주기 쉬운 대복떡 9종 모둠)
PRD_634,TGT_003,친구 (가볍게 건네기 좋은 대복떡 9종 모둠)
PRD_634,TGT_008,자신 (여행 중 직접 맛보기 좋은 대복떡 9종 모둠)
PRD_635,TGT_004,가족 (함께 나눠 먹기 좋은 샌드라도라야키 팥과 팥버터 간식)
PRD_635,TGT_005,직장동료 (개별 포장으로 나눠 주기 쉬운 샌드라도라야키 팥과 팥버터)
PRD_635,TGT_003,친구 (가볍게 건네기 좋은 샌드라도라야키 팥과 팥버터)
PRD_635,TGT_007,어린이 (아이들도 좋아하기 쉬운 샌드라도라야키 팥과 팥버터 단맛)
PRD_635,TGT_008,자신 (여행 중 직접 맛보기 좋은 샌드라도라야키 팥과 팥버터)
PRD_636,TGT_001,부모님 (건강을 생각해 고르기 좋은 소보로 낫토)
PRD_636,TGT_004,가족 (가족 식탁에 두기 좋은 소보로 낫토)
PRD_636,TGT_005,직장동료 (사무실에서 나누기 쉬운 소보로 낫토)
PRD_636,TGT_008,자신 (평소 챙겨 먹기 좋은 소보로 낫토)
PRD_637,TGT_004,가족 (함께 나눠 먹기 좋은 구라카타 급속냉동 구운밤 3팩 세트 간식)
PRD_637,TGT_005,직장동료 (개별 포장으로 나눠 주기 쉬운 구라카타 급속냉동 구운밤 3팩 세트)
PRD_637,TGT_003,친구 (가볍게 건네기 좋은 구라카타 급속냉동 구운밤 3팩 세트)
PRD_637,TGT_008,자신 (여행 중 직접 맛보기 좋은 구라카타 급속냉동 구운밤 3팩 세트)
PRD_638,TGT_004,가족 (식탁에서 함께 먹기 좋은 샴록 머스터드 미토 세트 우메카오리)
PRD_638,TGT_001,부모님 (집밥에 곁들이기 좋은 샴록 머스터드 미토 세트 우메카오리)
PRD_638,TGT_005,직장동료 (사무실에서 나누기 쉬운 샴록 머스터드 미토 세트 우메카오리)
PRD_638,TGT_003,친구 (함께 맛보기 좋은 샴록 머스터드 미토 세트 우메카오리)
PRD_638,TGT_008,자신 (현지 맛을 집에서 재현하는 샴록 머스터드 미토 세트 우메카오리)
PRD_639,TGT_005,직장동료 (사무실에서 나누기 쉬운 히라보시 마루보시 건고구마 5팩 세트)
PRD_639,TGT_004,가족 (가족과 공유하기 좋은 히라보시 마루보시 건고구마 5팩 세트)
PRD_639,TGT_003,친구 (가볍게 소개하기 좋은 히라보시 마루보시 건고구마 5팩 세트)
PRD_640,TGT_005,직장동료 (사무실에서 나누기 쉬운 버섯 모둠 라지 사이즈)
PRD_640,TGT_004,가족 (가족과 공유하기 좋은 버섯 모둠 라지 사이즈)
PRD_640,TGT_003,친구 (가볍게 소개하기 좋은 버섯 모둠 라지 사이즈)
PRD_641,TGT_004,가족 (함께 나눠 먹기 좋은 아게모치 김간장맛 5품 세트 간식)
PRD_641,TGT_005,직장동료 (개별 포장으로 나눠 주기 쉬운 아게모치 김간장맛 5품 세트)
PRD_641,TGT_003,친구 (가볍게 건네기 좋은 아게모치 김간장맛 5품 세트)
PRD_641,TGT_008,자신 (여행 중 직접 맛보기 좋은 아게모치 김간장맛 5품 세트)
PRD_642,TGT_004,가족 (식탁에서 함께 먹기 좋은 전자레인지 슈마이 18개입)
PRD_642,TGT_001,부모님 (집밥에 곁들이기 좋은 전자레인지 슈마이 18개입)
PRD_642,TGT_008,자신 (현지 맛을 집에서 재현하는 전자레인지 슈마이 18개입)
PRD_643,TGT_005,직장동료 (사무실에서 나누기 쉬운 쓰쿠바햄 버라이어티 세트)
PRD_643,TGT_004,가족 (가족과 공유하기 좋은 쓰쿠바햄 버라이어티 세트)
PRD_643,TGT_003,친구 (가볍게 소개하기 좋은 쓰쿠바햄 버라이어티 세트)
PRD_644,TGT_006,상사/은사 (장인성이 느껴지는 히타치규 A5 설로인 스테이크 하프컷)
PRD_644,TGT_004,가족 (식탁에서 함께 먹기 좋은 히타치규 A5 설로인 스테이크 하프컷)
PRD_644,TGT_001,부모님 (정성 있는 히타치규 A5 설로인 스테이크 하프컷 전통 공예)
PRD_644,TGT_008,자신 (여행의 기억을 남기는 히타치규 A5 설로인 스테이크 하프컷)
PRD_645,TGT_004,가족 (식탁에서 함께 먹기 좋은 히타치규 햄버그 화장상자)
PRD_645,TGT_001,부모님 (집밥에 곁들이기 좋은 히타치규 햄버그 화장상자)
PRD_645,TGT_008,자신 (현지 맛을 집에서 재현하는 히타치규 햄버그 화장상자)
PRD_646,TGT_004,가족 (식탁에서 함께 먹기 좋은 이바라키소다치 카레 세트)
PRD_646,TGT_001,부모님 (집밥에 곁들이기 좋은 이바라키소다치 카레 세트)
PRD_646,TGT_003,친구 (함께 맛보기 좋은 이바라키소다치 카레 세트)
PRD_646,TGT_008,자신 (현지 맛을 집에서 재현하는 이바라키소다치 카레 세트)
PRD_647,TGT_004,가족 (식탁에서 함께 먹기 좋은 다이쇼 카레 유미부타 3종 세트)
PRD_647,TGT_001,부모님 (집밥에 곁들이기 좋은 다이쇼 카레 유미부타 3종 세트)
PRD_647,TGT_003,친구 (함께 맛보기 좋은 다이쇼 카레 유미부타 3종 세트)
PRD_647,TGT_008,자신 (현지 맛을 집에서 재현하는 다이쇼 카레 유미부타 3종 세트)
PRD_648,TGT_004,가족 (식탁에서 함께 먹기 좋은 냉동 교자 삼매)
PRD_648,TGT_001,부모님 (집밥에 곁들이기 좋은 냉동 교자 삼매)
PRD_648,TGT_008,자신 (현지 맛을 집에서 재현하는 냉동 교자 삼매)
PRD_649,TGT_004,가족 (함께 나눠 먹기 좋은 지복의 커스터드 푸딩 간식)
PRD_649,TGT_005,직장동료 (개별 포장으로 나눠 주기 쉬운 지복의 커스터드 푸딩)
PRD_649,TGT_003,친구 (가볍게 건네기 좋은 지복의 커스터드 푸딩)
PRD_649,TGT_008,자신 (여행 중 직접 맛보기 좋은 지복의 커스터드 푸딩)
PRD_650,TGT_004,가족 (함께 나눠 먹기 좋은 후카사쿠 멜론 젤리 9개입 간식)
PRD_650,TGT_005,직장동료 (개별 포장으로 나눠 주기 쉬운 후카사쿠 멜론 젤리 9개입)
PRD_650,TGT_003,친구 (가볍게 건네기 좋은 후카사쿠 멜론 젤리 9개입)
PRD_650,TGT_008,자신 (여행 중 직접 맛보기 좋은 후카사쿠 멜론 젤리 9개입)
PRD_651,TGT_004,가족 (함께 나눠 먹기 좋은 골드 푸딩 간식)
PRD_651,TGT_005,직장동료 (개별 포장으로 나눠 주기 쉬운 골드 푸딩)
PRD_651,TGT_003,친구 (가볍게 건네기 좋은 골드 푸딩)
PRD_651,TGT_008,자신 (여행 중 직접 맛보기 좋은 골드 푸딩)
PRD_652,TGT_004,가족 (함께 나눠 먹기 좋은 오쿠쿠지 사과 케이크 비교 세트 간식)
PRD_652,TGT_005,직장동료 (개별 포장으로 나눠 주기 쉬운 오쿠쿠지 사과 케이크 비교 세트)
PRD_652,TGT_003,친구 (가볍게 건네기 좋은 오쿠쿠지 사과 케이크 비교 세트)
PRD_652,TGT_008,자신 (여행 중 직접 맛보기 좋은 오쿠쿠지 사과 케이크 비교 세트)
PRD_653,TGT_004,가족 (함께 나눠 먹기 좋은 인기 셀렉트 아이스 4종 8개 세트 간식)
PRD_653,TGT_005,직장동료 (개별 포장으로 나눠 주기 쉬운 인기 셀렉트 아이스 4종 8개 세트)
PRD_653,TGT_003,친구 (가볍게 건네기 좋은 인기 셀렉트 아이스 4종 8개 세트)
PRD_653,TGT_008,자신 (여행 중 직접 맛보기 좋은 인기 셀렉트 아이스 4종 8개 세트)
PRD_654,TGT_004,가족 (함께 나눠 먹기 좋은 숯불 손구이 센베이 모둠 세트 간식)
PRD_654,TGT_005,직장동료 (개별 포장으로 나눠 주기 쉬운 숯불 손구이 센베이 모둠 세트)
PRD_654,TGT_003,친구 (가볍게 건네기 좋은 숯불 손구이 센베이 모둠 세트)
PRD_654,TGT_008,자신 (여행 중 직접 맛보기 좋은 숯불 손구이 센베이 모둠 세트)
PRD_655,TGT_004,가족 (함께 나눠 먹기 좋은 스위트 마론 간식)
PRD_655,TGT_005,직장동료 (개별 포장으로 나눠 주기 쉬운 스위트 마론)
PRD_655,TGT_003,친구 (가볍게 건네기 좋은 스위트 마론)
PRD_655,TGT_008,자신 (여행 중 직접 맛보기 좋은 스위트 마론)
PRD_656,TGT_004,가족 (함께 나눠 먹기 좋은 이바라키스 딸기 구미 20봉 간식)
PRD_656,TGT_005,직장동료 (개별 포장으로 나눠 주기 쉬운 이바라키스 딸기 구미 20봉)
PRD_656,TGT_003,친구 (가볍게 건네기 좋은 이바라키스 딸기 구미 20봉)
PRD_656,TGT_007,어린이 (아이들도 좋아하기 쉬운 이바라키스 딸기 구미 20봉 단맛)
PRD_656,TGT_008,자신 (여행 중 직접 맛보기 좋은 이바라키스 딸기 구미 20봉)
PRD_657,TGT_004,가족 (가족과 함께 마시기 좋은 커피 봉봉 5개 세트)
PRD_657,TGT_001,부모님 (부담 없이 즐기기 좋은 커피 봉봉 5개 세트 음료)
PRD_657,TGT_003,친구 (가볍게 건네기 좋은 커피 봉봉 5개 세트)
PRD_657,TGT_008,자신 (여행지 풍미를 즐기는 커피 봉봉 5개 세트)
PRD_657,TGT_005,직장동료 (여럿이 나누기 쉬운 커피 봉봉 5개 세트 구성)
PRD_658,TGT_004,가족 (함께 나눠 먹기 좋은 고르곤졸라 치즈케이크 간식)
PRD_658,TGT_003,친구 (가볍게 건네기 좋은 고르곤졸라 치즈케이크)
PRD_658,TGT_008,자신 (여행 중 직접 맛보기 좋은 고르곤졸라 치즈케이크)
PRD_659,TGT_004,가족 (함께 나눠 먹기 좋은 고구마 치즈케이크와 스위트포테이토 모둠 간식)
PRD_659,TGT_005,직장동료 (개별 포장으로 나눠 주기 쉬운 고구마 치즈케이크와 스위트포테이토 모둠)
PRD_659,TGT_003,친구 (가볍게 건네기 좋은 고구마 치즈케이크와 스위트포테이토 모둠)
PRD_659,TGT_008,자신 (여행 중 직접 맛보기 좋은 고구마 치즈케이크와 스위트포테이토 모둠)
PRD_660,TGT_004,가족 (가족과 함께 마시기 좋은 차 피낭시에와 멜론 피낭시에)
PRD_660,TGT_001,부모님 (부담 없이 즐기기 좋은 차 피낭시에와 멜론 피낭시에 음료)
PRD_660,TGT_003,친구 (가볍게 건네기 좋은 차 피낭시에와 멜론 피낭시에)
PRD_660,TGT_008,자신 (여행지 풍미를 즐기는 차 피낭시에와 멜론 피낭시에)
PRD_660,TGT_005,직장동료 (여럿이 나누기 쉬운 차 피낭시에와 멜론 피낭시에 구성)
PRD_661,TGT_003,친구 (함께 맛보기 좋은 사와노후지 페일에일 6병)
PRD_661,TGT_006,상사/은사 (격식 있는 사와노후지 페일에일 6병 주류 선물)
PRD_661,TGT_001,부모님 (천천히 즐기기 좋은 사와노후지 페일에일 6병)
PRD_661,TGT_008,자신 (여행지 술을 직접 경험하는 사와노후지 페일에일 6병)
PRD_662,TGT_003,친구 (함께 맛보기 좋은 마쓰자카리 히타치해변공원 라벨 세트)
PRD_662,TGT_006,상사/은사 (격식 있는 마쓰자카리 히타치해변공원 라벨 세트 주류 선물)
PRD_662,TGT_001,부모님 (천천히 즐기기 좋은 마쓰자카리 히타치해변공원 라벨 세트)
PRD_662,TGT_008,자신 (여행지 술을 직접 경험하는 마쓰자카리 히타치해변공원 라벨 세트)
PRD_663,TGT_003,친구 (함께 맛보기 좋은 우시쿠샤토 맥주 3종 6병 세트)
PRD_663,TGT_006,상사/은사 (격식 있는 우시쿠샤토 맥주 3종 6병 세트 주류 선물)
PRD_663,TGT_001,부모님 (천천히 즐기기 좋은 우시쿠샤토 맥주 3종 6병 세트)
PRD_663,TGT_008,자신 (여행지 술을 직접 경험하는 우시쿠샤토 맥주 3종 6병 세트)
PRD_664,TGT_006,상사/은사 (장인성이 느껴지는 유키맥주 크래프트비어 프리미엄 5병 세트)
PRD_664,TGT_001,부모님 (정성 있는 유키맥주 크래프트비어 프리미엄 5병 세트 전통 공예)
PRD_664,TGT_008,자신 (여행의 기억을 남기는 유키맥주 크래프트비어 프리미엄 5병 세트)
PRD_665,TGT_006,상사/은사 (장인성이 느껴지는 하나노이 다이긴조 기리상자)
PRD_665,TGT_001,부모님 (정성 있는 하나노이 다이긴조 기리상자 전통 공예)
PRD_665,TGT_008,자신 (여행의 기억을 남기는 하나노이 다이긴조 기리상자)
PRD_666,TGT_003,친구 (함께 맛보기 좋은 하냐노이 준마이주 2병 세트)
PRD_666,TGT_006,상사/은사 (격식 있는 하냐노이 준마이주 2병 세트 주류 선물)
PRD_666,TGT_001,부모님 (천천히 즐기기 좋은 하냐노이 준마이주 2병 세트)
PRD_666,TGT_008,자신 (여행지 술을 직접 경험하는 하냐노이 준마이주 2병 세트)
PRD_667,TGT_003,친구 (함께 맛보기 좋은 쓰키노나미다 고구마 삼형제 소주)
PRD_667,TGT_006,상사/은사 (격식 있는 쓰키노나미다 고구마 삼형제 소주 주류 선물)
PRD_667,TGT_001,부모님 (천천히 즐기기 좋은 쓰키노나미다 고구마 삼형제 소주)
PRD_667,TGT_008,자신 (여행지 술을 직접 경험하는 쓰키노나미다 고구마 삼형제 소주)
PRD_668,TGT_006,상사/은사 (장인성이 느껴지는 미쓰쿠니 다이긴조와 히타치 와인 세트)
PRD_668,TGT_001,부모님 (정성 있는 미쓰쿠니 다이긴조와 히타치 와인 세트 전통 공예)
PRD_668,TGT_008,자신 (여행의 기억을 남기는 미쓰쿠니 다이긴조와 히타치 와인 세트)
PRD_669,TGT_006,상사/은사 (장인성이 느껴지는 아이유 다이긴조 감평회 출품주)
PRD_669,TGT_001,부모님 (정성 있는 아이유 다이긴조 감평회 출품주 전통 공예)
PRD_669,TGT_008,자신 (여행의 기억을 남기는 아이유 다이긴조 감평회 출품주)
PRD_670,TGT_004,가족 (식탁에서 함께 먹기 좋은 소보로 낫토 네 개입)
PRD_670,TGT_001,부모님 (집밥에 곁들이기 좋은 소보로 낫토 네 개입)
PRD_670,TGT_005,직장동료 (사무실에서 나누기 쉬운 소보로 낫토 네 개입)
PRD_670,TGT_003,친구 (함께 맛보기 좋은 소보로 낫토 네 개입)
PRD_670,TGT_008,자신 (현지 맛을 집에서 재현하는 소보로 낫토 네 개입)
PRD_671,TGT_005,직장동료 (사무실에서 나누기 쉬운 쓰쿠바햄 요구르트 세트)
PRD_671,TGT_004,가족 (가족과 공유하기 좋은 쓰쿠바햄 요구르트 세트)
PRD_671,TGT_003,친구 (가볍게 소개하기 좋은 쓰쿠바햄 요구르트 세트)
PRD_672,TGT_004,가족 (가족과 함께 마시기 좋은 자가제 리퀴드 커피 3병 기프트)
PRD_672,TGT_001,부모님 (부담 없이 즐기기 좋은 자가제 리퀴드 커피 3병 기프트 음료)
PRD_672,TGT_008,자신 (여행지 풍미를 즐기는 자가제 리퀴드 커피 3병 기프트)
PRD_672,TGT_005,직장동료 (여럿이 나누기 쉬운 자가제 리퀴드 커피 3병 기프트 구성)
PRD_673,TGT_004,가족 (가족과 함께 마시기 좋은 사시마차 엄선 5종 세트)
PRD_673,TGT_001,부모님 (부담 없이 즐기기 좋은 사시마차 엄선 5종 세트 음료)
PRD_673,TGT_003,친구 (가볍게 건네기 좋은 사시마차 엄선 5종 세트)
PRD_673,TGT_008,자신 (여행지 풍미를 즐기는 사시마차 엄선 5종 세트)
PRD_673,TGT_005,직장동료 (여럿이 나누기 쉬운 사시마차 엄선 5종 세트 구성)
PRD_674,TGT_006,상사/은사 (장인성이 느껴지는 한정 고가 사시마차)
PRD_674,TGT_004,가족 (가족과 함께 마시기 좋은 한정 고가 사시마차)
PRD_674,TGT_001,부모님 (정성 있는 한정 고가 사시마차 전통 공예)
PRD_674,TGT_003,친구 (가볍게 건네기 좋은 한정 고가 사시마차)
PRD_674,TGT_008,자신 (여행의 기억을 남기는 한정 고가 사시마차)
PRD_675,TGT_004,가족 (가족과 함께 마시기 좋은 사시마차 말차라떼 2상자 세트)
PRD_675,TGT_001,부모님 (부담 없이 즐기기 좋은 사시마차 말차라떼 2상자 세트 음료)
PRD_675,TGT_003,친구 (가볍게 건네기 좋은 사시마차 말차라떼 2상자 세트)
PRD_675,TGT_008,자신 (여행지 풍미를 즐기는 사시마차 말차라떼 2상자 세트)
PRD_675,TGT_005,직장동료 (여럿이 나누기 쉬운 사시마차 말차라떼 2상자 세트 구성)
PRD_676,TGT_004,가족 (가족과 함께 마시기 좋은 사자커피 드립 아이스커피 6병 세트)
PRD_676,TGT_001,부모님 (부담 없이 즐기기 좋은 사자커피 드립 아이스커피 6병 세트 음료)
PRD_676,TGT_008,자신 (여행지 풍미를 즐기는 사자커피 드립 아이스커피 6병 세트)
PRD_676,TGT_005,직장동료 (여럿이 나누기 쉬운 사자커피 드립 아이스커피 6병 세트 구성)
PRD_677,TGT_004,가족 (가족과 함께 마시기 좋은 오쿠쿠지차 기프트)
PRD_677,TGT_001,부모님 (부담 없이 즐기기 좋은 오쿠쿠지차 기프트 음료)
PRD_677,TGT_003,친구 (가볍게 건네기 좋은 오쿠쿠지차 기프트)
PRD_677,TGT_008,자신 (여행지 풍미를 즐기는 오쿠쿠지차 기프트)
PRD_677,TGT_005,직장동료 (여럿이 나누기 쉬운 오쿠쿠지차 기프트 구성)
PRD_678,TGT_006,상사/은사 (장인성이 느껴지는 미토 검은 투구)
PRD_678,TGT_001,부모님 (정성 있는 미토 검은 투구 전통 공예)
PRD_678,TGT_008,자신 (여행의 기억을 남기는 미토 검은 투구)
PRD_679,TGT_006,상사/은사 (장인성이 느껴지는 이바라키 향토공예 등나무 베개)
PRD_679,TGT_001,부모님 (정성 있는 이바라키 향토공예 등나무 베개 전통 공예)
PRD_679,TGT_008,자신 (여행의 기억을 남기는 이바라키 향토공예 등나무 베개)
PRD_680,TGT_006,상사/은사 (장인성이 느껴지는 히타치 주석기 텀블러 시라나미)
PRD_680,TGT_001,부모님 (정성 있는 히타치 주석기 텀블러 시라나미 전통 공예)
PRD_680,TGT_008,자신 (여행의 기억을 남기는 히타치 주석기 텀블러 시라나미)
PRD_681,TGT_006,상사/은사 (장인성이 느껴지는 수차 삼나무 선향과 원컵 세트)
PRD_681,TGT_001,부모님 (정성 있는 수차 삼나무 선향과 원컵 세트 전통 공예)
PRD_681,TGT_008,자신 (여행의 기억을 남기는 수차 삼나무 선향과 원컵 세트)
PRD_681,TGT_004,가족 (집에서 쓰기 좋은 수차 삼나무 선향과 원컵 세트)
PRD_682,TGT_006,상사/은사 (장인성이 느껴지는 콜럼버스 도마 히노키 대형)
PRD_682,TGT_003,친구 (여행지 분위기를 전하기 좋은 콜럼버스 도마 히노키 대형)
PRD_682,TGT_001,부모님 (정성 있는 콜럼버스 도마 히노키 대형 전통 공예)
PRD_682,TGT_008,자신 (여행의 기억을 남기는 콜럼버스 도마 히노키 대형)
PRD_682,TGT_004,가족 (집에서 쓰기 좋은 콜럼버스 도마 히노키 대형)
PRD_683,TGT_006,상사/은사 (장인성이 느껴지는 치유의 토끼 선물용 조각)
PRD_683,TGT_003,친구 (여행지 분위기를 전하기 좋은 치유의 토끼 선물용 조각)
PRD_683,TGT_001,부모님 (정성 있는 치유의 토끼 선물용 조각 전통 공예)
PRD_683,TGT_007,어린이 (시각적 재미가 있는 치유의 토끼 선물용 조각)
PRD_683,TGT_008,자신 (여행의 기억을 남기는 치유의 토끼 선물용 조각)
PRD_684,TGT_002,연인 (향과 분위기가 좋은 낫토 비누)
PRD_684,TGT_003,친구 (취향을 나누기 좋은 낫토 비누 케어 기념품)
PRD_684,TGT_008,자신 (여행 후 직접 써보기 좋은 낫토 비누)
PRD_684,TGT_004,가족 (가족이 함께 쓰기 쉬운 낫토 비누)
PRD_685,TGT_002,연인 (향과 분위기가 좋은 낫토 로션)
PRD_685,TGT_003,친구 (취향을 나누기 좋은 낫토 로션 케어 기념품)
PRD_685,TGT_008,자신 (여행 후 직접 써보기 좋은 낫토 로션)
PRD_685,TGT_004,가족 (가족이 함께 쓰기 쉬운 낫토 로션)
PRD_686,TGT_004,가족 (식탁에서 함께 먹기 좋은 반찬미소 참치미소)
PRD_686,TGT_001,부모님 (집밥에 곁들이기 좋은 반찬미소 참치미소)
PRD_686,TGT_003,친구 (함께 맛보기 좋은 반찬미소 참치미소)
PRD_686,TGT_008,자신 (현지 맛을 집에서 재현하는 반찬미소 참치미소)
PRD_687,TGT_004,가족 (식탁에서 함께 먹기 좋은 반찬미소 스태미나 돼지고기미소)
PRD_687,TGT_001,부모님 (집밥에 곁들이기 좋은 반찬미소 스태미나 돼지고기미소)
PRD_687,TGT_003,친구 (함께 맛보기 좋은 반찬미소 스태미나 돼지고기미소)
PRD_687,TGT_008,자신 (현지 맛을 집에서 재현하는 반찬미소 스태미나 돼지고기미소)
PRD_688,TGT_008,자신 (여행 기념으로 직접 간직하기 좋은 이시가키섬산 파인애플 4kg)
PRD_688,TGT_004,가족 (가족과 공유하기 좋은 이시가키섬산 파인애플 4kg)
PRD_688,TGT_003,친구 (가볍게 소개하기 좋은 이시가키섬산 파인애플 4kg)
PRD_689,TGT_006,상사/은사 (장인성이 느껴지는 코무공방 머그컵 2)
PRD_689,TGT_001,부모님 (정성 있는 코무공방 머그컵 2 전통 공예)
PRD_689,TGT_008,자신 (여행의 기억을 남기는 코무공방 머그컵 2)
PRD_689,TGT_004,가족 (집에서 쓰기 좋은 코무공방 머그컵 2)
PRD_690,TGT_006,상사/은사 (장인성이 느껴지는 코무공방 삼점오촌 소바치)
PRD_690,TGT_004,가족 (함께 나눠 먹기 좋은 코무공방 삼점오촌 소바치 간식)
PRD_690,TGT_001,부모님 (정성 있는 코무공방 삼점오촌 소바치 전통 공예)
PRD_690,TGT_005,직장동료 (개별 포장으로 나눠 주기 쉬운 코무공방 삼점오촌 소바치)
PRD_690,TGT_003,친구 (가볍게 건네기 좋은 코무공방 삼점오촌 소바치)
PRD_691,TGT_004,가족 (식탁에서 함께 먹기 좋은 쿠스 미소)
PRD_691,TGT_001,부모님 (집밥에 곁들이기 좋은 쿠스 미소)
PRD_691,TGT_003,친구 (함께 맛보기 좋은 쿠스 미소)
PRD_691,TGT_008,자신 (현지 맛을 집에서 재현하는 쿠스 미소)
PRD_692,TGT_004,가족 (함께 나눠 먹기 좋은 자색고구마 잼 간식)
PRD_692,TGT_003,친구 (가볍게 건네기 좋은 자색고구마 잼)
PRD_692,TGT_001,부모님 (집밥에 곁들이기 좋은 자색고구마 잼)
PRD_692,TGT_008,자신 (여행 중 직접 맛보기 좋은 자색고구마 잼)
PRD_693,TGT_006,상사/은사 (장인성이 느껴지는 다로가마 평접시)
PRD_693,TGT_001,부모님 (정성 있는 다로가마 평접시 전통 공예)
PRD_693,TGT_008,자신 (여행의 기억을 남기는 다로가마 평접시)
PRD_693,TGT_004,가족 (집에서 쓰기 좋은 다로가마 평접시)
PRD_694,TGT_004,가족 (식탁에서 함께 먹기 좋은 타코라이스 소스)
PRD_694,TGT_001,부모님 (집밥에 곁들이기 좋은 타코라이스 소스)
PRD_694,TGT_003,친구 (함께 맛보기 좋은 타코라이스 소스)
PRD_694,TGT_008,자신 (현지 맛을 집에서 재현하는 타코라이스 소스)
PRD_695,TGT_004,가족 (식탁에서 함께 먹기 좋은 히바치 향신료)
PRD_695,TGT_001,부모님 (집밥에 곁들이기 좋은 히바치 향신료)
PRD_695,TGT_003,친구 (함께 맛보기 좋은 히바치 향신료)
PRD_695,TGT_008,자신 (현지 맛을 집에서 재현하는 히바치 향신료)
PRD_696,TGT_006,상사/은사 (장인성이 느껴지는 다로가마 술잔)
PRD_696,TGT_001,부모님 (정성 있는 다로가마 술잔 전통 공예)
PRD_696,TGT_008,자신 (여행의 기억을 남기는 다로가마 술잔)
PRD_696,TGT_004,가족 (집에서 쓰기 좋은 다로가마 술잔)
PRD_697,TGT_006,상사/은사 (장인성이 느껴지는 코노하가마 꽃무늬 머그컵)
PRD_697,TGT_001,부모님 (정성 있는 코노하가마 꽃무늬 머그컵 전통 공예)
PRD_697,TGT_008,자신 (여행의 기억을 남기는 코노하가마 꽃무늬 머그컵)
PRD_697,TGT_004,가족 (집에서 쓰기 좋은 코노하가마 꽃무늬 머그컵)
PRD_697,TGT_002,연인 (디자인이 돋보이는 코노하가마 꽃무늬 머그컵)
PRD_698,TGT_006,상사/은사 (장인성이 느껴지는 코노하가마 민사 무늬 찻잔 갈색)
PRD_698,TGT_001,부모님 (정성 있는 코노하가마 민사 무늬 찻잔 갈색 전통 공예)
PRD_698,TGT_008,자신 (여행의 기억을 남기는 코노하가마 민사 무늬 찻잔 갈색)
PRD_698,TGT_004,가족 (집에서 쓰기 좋은 코노하가마 민사 무늬 찻잔 갈색)
PRD_698,TGT_002,연인 (디자인이 돋보이는 코노하가마 민사 무늬 찻잔 갈색)
PRD_699,TGT_006,상사/은사 (장인성이 느껴지는 흰배뜸부기 머그컵 흰색)
PRD_699,TGT_003,친구 (여행지 분위기를 전하기 좋은 흰배뜸부기 머그컵 흰색)
PRD_699,TGT_001,부모님 (정성 있는 흰배뜸부기 머그컵 흰색 전통 공예)
PRD_699,TGT_007,어린이 (시각적 재미가 있는 흰배뜸부기 머그컵 흰색)
PRD_699,TGT_008,자신 (여행의 기억을 남기는 흰배뜸부기 머그컵 흰색)
PRD_700,TGT_006,상사/은사 (장인성이 느껴지는 흰배뜸부기 프리컵 갈색)
PRD_700,TGT_003,친구 (여행지 분위기를 전하기 좋은 흰배뜸부기 프리컵 갈색)
PRD_700,TGT_001,부모님 (정성 있는 흰배뜸부기 프리컵 갈색 전통 공예)
PRD_700,TGT_007,어린이 (시각적 재미가 있는 흰배뜸부기 프리컵 갈색)
PRD_700,TGT_008,자신 (여행의 기억을 남기는 흰배뜸부기 프리컵 갈색)
PRD_701,TGT_006,상사/은사 (장인성이 느껴지는 민사 무늬 프리컵)
PRD_701,TGT_001,부모님 (정성 있는 민사 무늬 프리컵 전통 공예)
PRD_701,TGT_008,자신 (여행의 기억을 남기는 민사 무늬 프리컵)
PRD_701,TGT_004,가족 (집에서 쓰기 좋은 민사 무늬 프리컵)
PRD_701,TGT_002,연인 (디자인이 돋보이는 민사 무늬 프리컵)
PRD_702,TGT_004,가족 (식탁에서 함께 먹기 좋은 이시가키 소금 180g)
PRD_702,TGT_001,부모님 (집밥에 곁들이기 좋은 이시가키 소금 180g)
PRD_702,TGT_003,친구 (함께 맛보기 좋은 이시가키 소금 180g)
PRD_702,TGT_008,자신 (현지 맛을 집에서 재현하는 이시가키 소금 180g)
PRD_703,TGT_004,가족 (함께 나눠 먹기 좋은 생강 흑당 간식)
PRD_703,TGT_003,친구 (가볍게 건네기 좋은 생강 흑당)
PRD_703,TGT_007,어린이 (아이들도 좋아하기 쉬운 생강 흑당 단맛)
PRD_703,TGT_008,자신 (여행 중 직접 맛보기 좋은 생강 흑당)
PRD_704,TGT_004,가족 (함께 나눠 먹기 좋은 땅콩 흑당 간식)
PRD_704,TGT_003,친구 (가볍게 건네기 좋은 땅콩 흑당)
PRD_704,TGT_007,어린이 (아이들도 좋아하기 쉬운 땅콩 흑당 단맛)
PRD_704,TGT_008,자신 (여행 중 직접 맛보기 좋은 땅콩 흑당)
PRD_705,TGT_004,가족 (가족과 함께 마시기 좋은 구운 쇼콜라 이시가키 소금 친스코 상자)
PRD_705,TGT_001,부모님 (부담 없이 즐기기 좋은 구운 쇼콜라 이시가키 소금 친스코 상자 음료)
PRD_705,TGT_008,자신 (여행지 풍미를 즐기는 구운 쇼콜라 이시가키 소금 친스코 상자)
PRD_705,TGT_003,친구 (친구와 맛보기 좋은 구운 쇼콜라 이시가키 소금 친스코 상자)
PRD_705,TGT_005,직장동료 (여럿이 나누기 쉬운 구운 쇼콜라 이시가키 소금 친스코 상자 구성)
PRD_706,TGT_004,가족 (함께 나눠 먹기 좋은 야에야마 친스코 3종 봉지 간식)
PRD_706,TGT_005,직장동료 (개별 포장으로 나눠 주기 쉬운 야에야마 친스코 3종 봉지)
PRD_706,TGT_003,친구 (가볍게 건네기 좋은 야에야마 친스코 3종 봉지)
PRD_706,TGT_008,자신 (여행 중 직접 맛보기 좋은 야에야마 친스코 3종 봉지)
PRD_707,TGT_006,상사/은사 (장인성이 느껴지는 마린블루 작은 접시)
PRD_707,TGT_001,부모님 (정성 있는 마린블루 작은 접시 전통 공예)
PRD_707,TGT_008,자신 (여행의 기억을 남기는 마린블루 작은 접시)
PRD_707,TGT_004,가족 (집에서 쓰기 좋은 마린블루 작은 접시)
PRD_708,TGT_004,가족 (함께 나눠 먹기 좋은 이시가키섬 엔젤 브라운 케이크 간식)
PRD_708,TGT_005,직장동료 (개별 포장으로 나눠 주기 쉬운 이시가키섬 엔젤 브라운 케이크)
PRD_708,TGT_003,친구 (가볍게 건네기 좋은 이시가키섬 엔젤 브라운 케이크)
PRD_708,TGT_008,자신 (여행 중 직접 맛보기 좋은 이시가키섬 엔젤 브라운 케이크)
PRD_709,TGT_004,가족 (함께 나눠 먹기 좋은 이시가키섬 바나나 케이크 간식)
PRD_709,TGT_005,직장동료 (개별 포장으로 나눠 주기 쉬운 이시가키섬 바나나 케이크)
PRD_709,TGT_003,친구 (가볍게 건네기 좋은 이시가키섬 바나나 케이크)
PRD_709,TGT_007,어린이 (아이들도 좋아하기 쉬운 이시가키섬 바나나 케이크 단맛)
PRD_709,TGT_008,자신 (여행 중 직접 맛보기 좋은 이시가키섬 바나나 케이크)
PRD_710,TGT_004,가족 (가족과 함께 마시기 좋은 태양의 차 10포)
PRD_710,TGT_001,부모님 (부담 없이 즐기기 좋은 태양의 차 10포 음료)
PRD_710,TGT_008,자신 (여행지 풍미를 즐기는 태양의 차 10포)
PRD_711,TGT_004,가족 (가족과 함께 마시기 좋은 월도차 10포)
PRD_711,TGT_001,부모님 (부담 없이 즐기기 좋은 월도차 10포 음료)
PRD_711,TGT_008,자신 (여행지 풍미를 즐기는 월도차 10포)
PRD_712,TGT_004,가족 (가족과 함께 마시기 좋은 망고 주스)
PRD_712,TGT_001,부모님 (부담 없이 즐기기 좋은 망고 주스 음료)
PRD_712,TGT_008,자신 (여행지 풍미를 즐기는 망고 주스)
PRD_713,TGT_006,상사/은사 (장인성이 느껴지는 민사 무늬 류큐유리 록글라스 파랑)
PRD_713,TGT_001,부모님 (정성 있는 민사 무늬 류큐유리 록글라스 파랑 전통 공예)
PRD_713,TGT_008,자신 (여행의 기억을 남기는 민사 무늬 류큐유리 록글라스 파랑)
PRD_713,TGT_004,가족 (집에서 쓰기 좋은 민사 무늬 류큐유리 록글라스 파랑)
PRD_713,TGT_002,연인 (디자인이 돋보이는 민사 무늬 류큐유리 록글라스 파랑)
PRD_714,TGT_008,자신 (여행 기념으로 직접 간직하기 좋은 이시가키섬 허브티 로젤)
PRD_714,TGT_004,가족 (가족과 공유하기 좋은 이시가키섬 허브티 로젤)
PRD_714,TGT_003,친구 (가볍게 소개하기 좋은 이시가키섬 허브티 로젤)
PRD_715,TGT_001,부모님 (건강을 생각해 고르기 좋은 야에야마 클로렐라 알 620정)
PRD_715,TGT_004,가족 (가족 식탁에 두기 좋은 야에야마 클로렐라 알 620정)
PRD_715,TGT_008,자신 (평소 챙겨 먹기 좋은 야에야마 클로렐라 알 620정)
PRD_716,TGT_006,상사/은사 (장인성이 느껴지는 민사 꽃병받침 소형 니라이카나이)
PRD_716,TGT_001,부모님 (정성 있는 민사 꽃병받침 소형 니라이카나이 전통 공예)
PRD_716,TGT_008,자신 (여행의 기억을 남기는 민사 꽃병받침 소형 니라이카나이)
PRD_716,TGT_002,연인 (디자인이 돋보이는 민사 꽃병받침 소형 니라이카나이)
PRD_717,TGT_006,상사/은사 (장인성이 느껴지는 민사 유이주머니 미니 노보탄)
PRD_717,TGT_003,친구 (여행지 분위기를 전하기 좋은 민사 유이주머니 미니 노보탄)
PRD_717,TGT_001,부모님 (정성 있는 민사 유이주머니 미니 노보탄 전통 공예)
PRD_717,TGT_008,자신 (여행의 기억을 남기는 민사 유이주머니 미니 노보탄)
PRD_717,TGT_002,연인 (디자인이 돋보이는 민사 유이주머니 미니 노보탄)
PRD_718,TGT_006,상사/은사 (장인성이 느껴지는 민사 무늬 류큐유리 록글라스 빨강)
PRD_718,TGT_001,부모님 (정성 있는 민사 무늬 류큐유리 록글라스 빨강 전통 공예)
PRD_718,TGT_008,자신 (여행의 기억을 남기는 민사 무늬 류큐유리 록글라스 빨강)
PRD_718,TGT_004,가족 (집에서 쓰기 좋은 민사 무늬 류큐유리 록글라스 빨강)
PRD_718,TGT_002,연인 (디자인이 돋보이는 민사 무늬 류큐유리 록글라스 빨강)
PRD_719,TGT_002,연인 (향과 분위기가 좋은 이시가키섬 월도수)
PRD_719,TGT_003,친구 (취향을 나누기 좋은 이시가키섬 월도수 케어 기념품)
PRD_719,TGT_001,부모님 (부담 없이 즐기기 좋은 이시가키섬 월도수 음료)
PRD_719,TGT_008,자신 (여행 후 직접 써보기 좋은 이시가키섬 월도수)
PRD_719,TGT_004,가족 (가족이 함께 쓰기 쉬운 이시가키섬 월도수)
PRD_720,TGT_002,연인 (향과 분위기가 좋은 이시가키섬 월도 에센셜오일)
PRD_720,TGT_003,친구 (취향을 나누기 좋은 이시가키섬 월도 에센셜오일 케어 기념품)
PRD_720,TGT_008,자신 (여행 후 직접 써보기 좋은 이시가키섬 월도 에센셜오일)
PRD_720,TGT_004,가족 (가족이 함께 쓰기 쉬운 이시가키섬 월도 에센셜오일)
PRD_721,TGT_002,연인 (향과 분위기가 좋은 배스 더 바캉스 나이트재스민 향)
PRD_721,TGT_003,친구 (취향을 나누기 좋은 배스 더 바캉스 나이트재스민 향 케어 기념품)
PRD_721,TGT_008,자신 (여행 후 직접 써보기 좋은 배스 더 바캉스 나이트재스민 향)
PRD_721,TGT_004,가족 (가족이 함께 쓰기 쉬운 배스 더 바캉스 나이트재스민 향)
PRD_722,TGT_002,연인 (향과 분위기가 좋은 배스 더 바캉스 시콰사 향)
PRD_722,TGT_003,친구 (취향을 나누기 좋은 배스 더 바캉스 시콰사 향 케어 기념품)
PRD_722,TGT_008,자신 (여행 후 직접 써보기 좋은 배스 더 바캉스 시콰사 향)
PRD_722,TGT_004,가족 (가족이 함께 쓰기 쉬운 배스 더 바캉스 시콰사 향)
PRD_723,TGT_003,친구 (여행지 분위기를 전하기 좋은 2026년판 야에야마 수첩)
PRD_723,TGT_008,자신 (개인 소장용으로 좋은 2026년판 야에야마 수첩)
PRD_723,TGT_004,가족 (일상에서 활용하기 좋은 2026년판 야에야마 수첩)
PRD_724,TGT_004,가족 (식탁에서 함께 먹기 좋은 다케토미섬 다카나여관 피야시)
PRD_724,TGT_001,부모님 (집밥에 곁들이기 좋은 다케토미섬 다카나여관 피야시)
PRD_724,TGT_003,친구 (함께 맛보기 좋은 다케토미섬 다카나여관 피야시)
PRD_724,TGT_008,자신 (현지 맛을 집에서 재현하는 다케토미섬 다카나여관 피야시)
PRD_725,TGT_006,상사/은사 (장인성이 느껴지는 요네코야키 시사 와하 소형)
PRD_725,TGT_003,친구 (여행지 분위기를 전하기 좋은 요네코야키 시사 와하 소형)
PRD_725,TGT_001,부모님 (정성 있는 요네코야키 시사 와하 소형 전통 공예)
PRD_725,TGT_007,어린이 (시각적 재미가 있는 요네코야키 시사 와하 소형)
PRD_725,TGT_008,자신 (여행의 기억을 남기는 요네코야키 시사 와하 소형)
PRD_726,TGT_006,상사/은사 (장인성이 느껴지는 요네코야키 초록 태양 가면)
PRD_726,TGT_001,부모님 (정성 있는 요네코야키 초록 태양 가면 전통 공예)
PRD_726,TGT_008,자신 (여행의 기억을 남기는 요네코야키 초록 태양 가면)
PRD_727,TGT_006,상사/은사 (장인성이 느껴지는 난잔샤 오리지널 섬문자 스티커 네 종류)
PRD_727,TGT_003,친구 (여행지 분위기를 전하기 좋은 난잔샤 오리지널 섬문자 스티커 네 종류)
PRD_727,TGT_001,부모님 (정성 있는 난잔샤 오리지널 섬문자 스티커 네 종류 전통 공예)
PRD_727,TGT_008,자신 (여행의 기억을 남기는 난잔샤 오리지널 섬문자 스티커 네 종류)
PRD_727,TGT_004,가족 (집에서 쓰기 좋은 난잔샤 오리지널 섬문자 스티커 네 종류)
PRD_728,TGT_006,상사/은사 (장인성이 느껴지는 꽃의 대륙 협업 티셔츠)
PRD_728,TGT_001,부모님 (정성 있는 꽃의 대륙 협업 티셔츠 전통 공예)
PRD_728,TGT_008,자신 (여행의 기억을 남기는 꽃의 대륙 협업 티셔츠)
PRD_728,TGT_004,가족 (집에서 쓰기 좋은 꽃의 대륙 협업 티셔츠)
PRD_728,TGT_002,연인 (디자인이 돋보이는 꽃의 대륙 협업 티셔츠)
PRD_729,TGT_001,부모님 (건강을 생각해 고르기 좋은 이리오모테섬 에코투어리즘협회 오리지널 손수건 다섯 종류)
PRD_729,TGT_003,친구 (여행지 분위기를 전하기 좋은 이리오모테섬 에코투어리즘협회 오리지널 손수건 다섯 종류)
PRD_729,TGT_008,자신 (개인 소장용으로 좋은 이리오모테섬 에코투어리즘협회 오리지널 손수건 다섯 종류)
PRD_729,TGT_004,가족 (일상에서 활용하기 좋은 이리오모테섬 에코투어리즘협회 오리지널 손수건 다섯 종류)
PRD_730,TGT_006,상사/은사 (장인성이 느껴지는 이리오모테섬 손기술첩 이호)
PRD_730,TGT_001,부모님 (정성 있는 이리오모테섬 손기술첩 이호 전통 공예)
PRD_730,TGT_008,자신 (여행의 기억을 남기는 이리오모테섬 손기술첩 이호)
PRD_731,TGT_003,친구 (여행지 분위기를 전하기 좋은 후코라사 타월 핑크)
PRD_731,TGT_008,자신 (개인 소장용으로 좋은 후코라사 타월 핑크)
PRD_731,TGT_004,가족 (일상에서 활용하기 좋은 후코라사 타월 핑크)
PRD_732,TGT_003,친구 (여행지 분위기를 전하기 좋은 야에야마 캐릭터 핸드타월)
PRD_732,TGT_008,자신 (개인 소장용으로 좋은 야에야마 캐릭터 핸드타월)
PRD_732,TGT_007,어린이 (시각적 재미가 있는 야에야마 캐릭터 핸드타월)
PRD_732,TGT_004,가족 (일상에서 활용하기 좋은 야에야마 캐릭터 핸드타월)
PRD_733,TGT_006,상사/은사 (장인성이 느껴지는 앙가마 부부 록글라스)
PRD_733,TGT_003,친구 (여행지 분위기를 전하기 좋은 앙가마 부부 록글라스)
PRD_733,TGT_001,부모님 (정성 있는 앙가마 부부 록글라스 전통 공예)
PRD_733,TGT_007,어린이 (시각적 재미가 있는 앙가마 부부 록글라스)
PRD_733,TGT_008,자신 (여행의 기억을 남기는 앙가마 부부 록글라스)
PRD_734,TGT_006,상사/은사 (장인성이 느껴지는 시사 형제 록글라스)
PRD_734,TGT_003,친구 (여행지 분위기를 전하기 좋은 시사 형제 록글라스)
PRD_734,TGT_001,부모님 (정성 있는 시사 형제 록글라스 전통 공예)
PRD_734,TGT_007,어린이 (시각적 재미가 있는 시사 형제 록글라스)
PRD_734,TGT_008,자신 (여행의 기억을 남기는 시사 형제 록글라스)
PRD_735,TGT_001,부모님 (건강을 생각해 고르기 좋은 야에야마 클로렐라 알 300정)
PRD_735,TGT_004,가족 (가족 식탁에 두기 좋은 야에야마 클로렐라 알 300정)
PRD_735,TGT_005,직장동료 (사무실에서 나누기 쉬운 야에야마 클로렐라 알 300정)
PRD_735,TGT_008,자신 (평소 챙겨 먹기 좋은 야에야마 클로렐라 알 300정)
PRD_736,TGT_003,친구 (여행지 분위기를 전하기 좋은 카프 갓파에비센 카프소스맛)
PRD_736,TGT_004,가족 (함께 나눠 먹기 좋은 카프 갓파에비센 카프소스맛 간식)
PRD_736,TGT_008,자신 (개인 소장용으로 좋은 카프 갓파에비센 카프소스맛)
PRD_736,TGT_005,직장동료 (개별 포장으로 나눠 주기 쉬운 카프 갓파에비센 카프소스맛)
PRD_736,TGT_007,어린이 (시각적 재미가 있는 카프 갓파에비센 카프소스맛)
PRD_737,TGT_004,가족 (식탁에서 함께 먹기 좋은 세토우치 레몬농원 드레싱)
PRD_737,TGT_001,부모님 (집밥에 곁들이기 좋은 세토우치 레몬농원 드레싱)
PRD_737,TGT_003,친구 (함께 맛보기 좋은 세토우치 레몬농원 드레싱)
PRD_737,TGT_008,자신 (현지 맛을 집에서 재현하는 세토우치 레몬농원 드레싱)
PRD_738,TGT_004,가족 (식탁에서 함께 먹기 좋은 붕장어 산초 솥밥 소스)
PRD_738,TGT_001,부모님 (집밥에 곁들이기 좋은 붕장어 산초 솥밥 소스)
PRD_738,TGT_003,친구 (함께 맛보기 좋은 붕장어 산초 솥밥 소스)
PRD_738,TGT_008,자신 (현지 맛을 집에서 재현하는 붕장어 산초 솥밥 소스)
PRD_739,TGT_004,가족 (식탁에서 함께 먹기 좋은 오노미치 라멘 마루보시 2식 상자)
PRD_739,TGT_001,부모님 (집밥에 곁들이기 좋은 오노미치 라멘 마루보시 2식 상자)
PRD_739,TGT_003,친구 (함께 맛보기 좋은 오노미치 라멘 마루보시 2식 상자)
PRD_739,TGT_008,자신 (현지 맛을 집에서 재현하는 오노미치 라멘 마루보시 2식 상자)
PRD_740,TGT_004,가족 (식탁에서 함께 먹기 좋은 히로시마나 다시마)
PRD_740,TGT_001,부모님 (집밥에 곁들이기 좋은 히로시마나 다시마)
PRD_740,TGT_003,친구 (함께 맛보기 좋은 히로시마나 다시마)
PRD_740,TGT_008,자신 (현지 맛을 집에서 재현하는 히로시마나 다시마)
PRD_741,TGT_004,가족 (가족과 함께 마시기 좋은 직화솥 생강홍차)
PRD_741,TGT_001,부모님 (부담 없이 즐기기 좋은 직화솥 생강홍차 음료)
PRD_741,TGT_008,자신 (여행지 풍미를 즐기는 직화솥 생강홍차)
PRD_742,TGT_001,부모님 (건강을 생각해 고르기 좋은 무인도 유기농 레몬과즙)
PRD_742,TGT_004,가족 (가족 식탁에 두기 좋은 무인도 유기농 레몬과즙)
PRD_742,TGT_008,자신 (평소 챙겨 먹기 좋은 무인도 유기농 레몬과즙)
PRD_743,TGT_008,자신 (여행 기념으로 직접 간직하기 좋은 세토우치 레몬 무절임)
PRD_743,TGT_004,가족 (가족과 공유하기 좋은 세토우치 레몬 무절임)
PRD_743,TGT_003,친구 (가볍게 소개하기 좋은 세토우치 레몬 무절임)
PRD_744,TGT_004,가족 (식탁에서 함께 먹기 좋은 요리장의 고기 양념)
PRD_744,TGT_001,부모님 (집밥에 곁들이기 좋은 요리장의 고기 양념)
PRD_744,TGT_003,친구 (함께 맛보기 좋은 요리장의 고기 양념)
PRD_744,TGT_008,자신 (현지 맛을 집에서 재현하는 요리장의 고기 양념)
PRD_745,TGT_004,가족 (함께 나눠 먹기 좋은 세토우치 레몬크림 모미지 간식)
PRD_745,TGT_005,직장동료 (개별 포장으로 나눠 주기 쉬운 세토우치 레몬크림 모미지)
PRD_745,TGT_003,친구 (가볍게 건네기 좋은 세토우치 레몬크림 모미지)
PRD_745,TGT_008,자신 (여행 중 직접 맛보기 좋은 세토우치 레몬크림 모미지)
PRD_746,TGT_004,가족 (함께 나눠 먹기 좋은 세토우치 귤크림 모미지 간식)
PRD_746,TGT_005,직장동료 (개별 포장으로 나눠 주기 쉬운 세토우치 귤크림 모미지)
PRD_746,TGT_003,친구 (가볍게 건네기 좋은 세토우치 귤크림 모미지)
PRD_746,TGT_008,자신 (여행 중 직접 맛보기 좋은 세토우치 귤크림 모미지)
PRD_747,TGT_004,가족 (함께 나눠 먹기 좋은 먹는 소금레몬 사탕 간식)
PRD_747,TGT_005,직장동료 (개별 포장으로 나눠 주기 쉬운 먹는 소금레몬 사탕)
PRD_747,TGT_003,친구 (가볍게 건네기 좋은 먹는 소금레몬 사탕)
PRD_747,TGT_007,어린이 (아이들도 좋아하기 쉬운 먹는 소금레몬 사탕 단맛)
PRD_747,TGT_008,자신 (여행 중 직접 맛보기 좋은 먹는 소금레몬 사탕)
PRD_748,TGT_004,가족 (함께 나눠 먹기 좋은 히로시마 국물 없는 탄탄멘 아라레 간식)
PRD_748,TGT_003,친구 (가볍게 건네기 좋은 히로시마 국물 없는 탄탄멘 아라레)
PRD_748,TGT_008,자신 (여행 중 직접 맛보기 좋은 히로시마 국물 없는 탄탄멘 아라레)
PRD_749,TGT_004,가족 (함께 나눠 먹기 좋은 히로시마 오코노미소스 아라레 간식)
PRD_749,TGT_003,친구 (가볍게 건네기 좋은 히로시마 오코노미소스 아라레)
PRD_749,TGT_007,어린이 (아이들도 좋아하기 쉬운 히로시마 오코노미소스 아라레 단맛)
PRD_749,TGT_008,자신 (여행 중 직접 맛보기 좋은 히로시마 오코노미소스 아라레)
PRD_750,TGT_003,친구 (여행지 분위기를 전하기 좋은 행복토끼 쿠키캔)
PRD_750,TGT_004,가족 (함께 나눠 먹기 좋은 행복토끼 쿠키캔 간식)
PRD_750,TGT_008,자신 (개인 소장용으로 좋은 행복토끼 쿠키캔)
PRD_750,TGT_005,직장동료 (개별 포장으로 나눠 주기 쉬운 행복토끼 쿠키캔)
PRD_750,TGT_007,어린이 (시각적 재미가 있는 행복토끼 쿠키캔)
PRD_751,TGT_004,가족 (함께 나눠 먹기 좋은 흑깨 콩가루 사탕 간식)
PRD_751,TGT_005,직장동료 (개별 포장으로 나눠 주기 쉬운 흑깨 콩가루 사탕)
PRD_751,TGT_003,친구 (가볍게 건네기 좋은 흑깨 콩가루 사탕)
PRD_751,TGT_007,어린이 (아이들도 좋아하기 쉬운 흑깨 콩가루 사탕 단맛)
PRD_751,TGT_008,자신 (여행 중 직접 맛보기 좋은 흑깨 콩가루 사탕)
PRD_752,TGT_004,가족 (함께 나눠 먹기 좋은 미하라 쌀가루 구움과자 간식)
PRD_752,TGT_003,친구 (가볍게 건네기 좋은 미하라 쌀가루 구움과자)
PRD_752,TGT_008,자신 (여행 중 직접 맛보기 좋은 미하라 쌀가루 구움과자)
PRD_753,TGT_004,가족 (함께 나눠 먹기 좋은 레몬 팥 간식)
PRD_753,TGT_003,친구 (가볍게 건네기 좋은 레몬 팥)
PRD_753,TGT_008,자신 (여행 중 직접 맛보기 좋은 레몬 팥)
PRD_754,TGT_004,가족 (함께 나눠 먹기 좋은 후지이야 초코 모미지 만주 간식)
PRD_754,TGT_005,직장동료 (개별 포장으로 나눠 주기 쉬운 후지이야 초코 모미지 만주)
PRD_754,TGT_003,친구 (가볍게 건네기 좋은 후지이야 초코 모미지 만주)
PRD_754,TGT_008,자신 (여행 중 직접 맛보기 좋은 후지이야 초코 모미지 만주)
PRD_755,TGT_004,가족 (함께 나눠 먹기 좋은 야마다야 도요카 낱개 간식)
PRD_755,TGT_005,직장동료 (개별 포장으로 나눠 주기 쉬운 야마다야 도요카 낱개)
PRD_755,TGT_003,친구 (가볍게 건네기 좋은 야마다야 도요카 낱개)
PRD_755,TGT_008,자신 (여행 중 직접 맛보기 좋은 야마다야 도요카 낱개)
PRD_756,TGT_004,가족 (함께 나눠 먹기 좋은 야마다야 모미지 패밀리 8개 상자 간식)
PRD_756,TGT_005,직장동료 (개별 포장으로 나눠 주기 쉬운 야마다야 모미지 패밀리 8개 상자)
PRD_756,TGT_003,친구 (가볍게 건네기 좋은 야마다야 모미지 패밀리 8개 상자)
PRD_756,TGT_008,자신 (여행 중 직접 맛보기 좋은 야마다야 모미지 패밀리 8개 상자)
PRD_757,TGT_004,가족 (함께 나눠 먹기 좋은 혼노보노 히로시마 레몬 쿠키 간식)
PRD_757,TGT_005,직장동료 (개별 포장으로 나눠 주기 쉬운 혼노보노 히로시마 레몬 쿠키)
PRD_757,TGT_003,친구 (가볍게 건네기 좋은 혼노보노 히로시마 레몬 쿠키)
PRD_757,TGT_008,자신 (여행 중 직접 맛보기 좋은 혼노보노 히로시마 레몬 쿠키)
PRD_758,TGT_006,상사/은사 (장인성이 느껴지는 아게타군 아크릴 키홀더 도가아나모)
PRD_758,TGT_003,친구 (여행지 분위기를 전하기 좋은 아게타군 아크릴 키홀더 도가아나모)
PRD_758,TGT_001,부모님 (정성 있는 아게타군 아크릴 키홀더 도가아나모 전통 공예)
PRD_758,TGT_007,어린이 (시각적 재미가 있는 아게타군 아크릴 키홀더 도가아나모)
PRD_758,TGT_008,자신 (여행의 기억을 남기는 아게타군 아크릴 키홀더 도가아나모)
PRD_759,TGT_006,상사/은사 (장인성이 느껴지는 히로쿠마 피유 가죽 키홀더)
PRD_759,TGT_003,친구 (여행지 분위기를 전하기 좋은 히로쿠마 피유 가죽 키홀더)
PRD_759,TGT_001,부모님 (정성 있는 히로쿠마 피유 가죽 키홀더 전통 공예)
PRD_759,TGT_007,어린이 (시각적 재미가 있는 히로쿠마 피유 가죽 키홀더)
PRD_759,TGT_008,자신 (여행의 기억을 남기는 히로쿠마 피유 가죽 키홀더)
PRD_760,TGT_004,가족 (함께 나눠 먹기 좋은 후지이야 고시앙 모미지 만주 15개 상자 간식)
PRD_760,TGT_005,직장동료 (개별 포장으로 나눠 주기 쉬운 후지이야 고시앙 모미지 만주 15개 상자)
PRD_760,TGT_003,친구 (가볍게 건네기 좋은 후지이야 고시앙 모미지 만주 15개 상자)
PRD_760,TGT_008,자신 (여행 중 직접 맛보기 좋은 후지이야 고시앙 모미지 만주 15개 상자)
PRD_761,TGT_003,친구 (여행지 분위기를 전하기 좋은 그것 가라 카푸초 2026)
PRD_761,TGT_004,가족 (함께 나눠 먹기 좋은 그것 가라 카푸초 2026 간식)
PRD_761,TGT_008,자신 (개인 소장용으로 좋은 그것 가라 카푸초 2026)
PRD_761,TGT_005,직장동료 (개별 포장으로 나눠 주기 쉬운 그것 가라 카푸초 2026)
PRD_761,TGT_007,어린이 (시각적 재미가 있는 그것 가라 카푸초 2026)
PRD_762,TGT_004,가족 (식탁에서 함께 먹기 좋은 황금 레몬 유즈코쇼)
PRD_762,TGT_001,부모님 (집밥에 곁들이기 좋은 황금 레몬 유즈코쇼)
PRD_762,TGT_003,친구 (함께 맛보기 좋은 황금 레몬 유즈코쇼)
PRD_762,TGT_008,자신 (현지 맛을 집에서 재현하는 황금 레몬 유즈코쇼)
PRD_763,TGT_004,가족 (함께 나눠 먹기 좋은 히로시마 레몬 스노볼 간식)
PRD_763,TGT_005,직장동료 (개별 포장으로 나눠 주기 쉬운 히로시마 레몬 스노볼)
PRD_763,TGT_003,친구 (가볍게 건네기 좋은 히로시마 레몬 스노볼)
PRD_763,TGT_008,자신 (여행 중 직접 맛보기 좋은 히로시마 레몬 스노볼)
PRD_764,TGT_008,자신 (여행 기념으로 직접 간직하기 좋은 피넛 페이스트)
PRD_764,TGT_004,가족 (가족과 공유하기 좋은 피넛 페이스트)
PRD_764,TGT_003,친구 (가볍게 소개하기 좋은 피넛 페이스트)
PRD_765,TGT_004,가족 (식탁에서 함께 먹기 좋은 히로시마 생레몬식초)
PRD_765,TGT_001,부모님 (집밥에 곁들이기 좋은 히로시마 생레몬식초)
PRD_765,TGT_003,친구 (함께 맛보기 좋은 히로시마 생레몬식초)
PRD_765,TGT_008,자신 (현지 맛을 집에서 재현하는 히로시마 생레몬식초)
PRD_766,TGT_004,가족 (함께 나눠 먹기 좋은 사기섬 레몬소금 간식)
PRD_766,TGT_003,친구 (가볍게 건네기 좋은 사기섬 레몬소금)
PRD_766,TGT_001,부모님 (집밥에 곁들이기 좋은 사기섬 레몬소금)
PRD_766,TGT_008,자신 (여행 중 직접 맛보기 좋은 사기섬 레몬소금)
PRD_767,TGT_004,가족 (가족과 함께 마시기 좋은 세토우치 핫사쿠 라무네)
PRD_767,TGT_001,부모님 (부담 없이 즐기기 좋은 세토우치 핫사쿠 라무네 음료)
PRD_767,TGT_008,자신 (여행지 풍미를 즐기는 세토우치 핫사쿠 라무네)
PRD_767,TGT_003,친구 (친구와 맛보기 좋은 세토우치 핫사쿠 라무네)
PRD_768,TGT_004,가족 (가족과 함께 마시기 좋은 레모네이드 베이스)
PRD_768,TGT_001,부모님 (부담 없이 즐기기 좋은 레모네이드 베이스 음료)
PRD_768,TGT_008,자신 (여행지 풍미를 즐기는 레모네이드 베이스)
PRD_769,TGT_008,자신 (여행 기념으로 직접 간직하기 좋은 세토우치 레몬 야채수프)
PRD_769,TGT_004,가족 (가족과 공유하기 좋은 세토우치 레몬 야채수프)
PRD_769,TGT_003,친구 (가볍게 소개하기 좋은 세토우치 레몬 야채수프)
PRD_770,TGT_004,가족 (가족과 함께 마시기 좋은 세토우치 레몬 레모네이드)
PRD_770,TGT_001,부모님 (부담 없이 즐기기 좋은 세토우치 레몬 레모네이드 음료)
PRD_770,TGT_008,자신 (여행지 풍미를 즐기는 세토우치 레몬 레모네이드)
PRD_771,TGT_004,가족 (가족과 함께 마시기 좋은 레몬진저 베이스)
PRD_771,TGT_001,부모님 (부담 없이 즐기기 좋은 레몬진저 베이스 음료)
PRD_771,TGT_008,자신 (여행지 풍미를 즐기는 레몬진저 베이스)
PRD_772,TGT_003,친구 (여행지 분위기를 전하기 좋은 카프 레모네이드)
PRD_772,TGT_004,가족 (가족과 함께 마시기 좋은 카프 레모네이드)
PRD_772,TGT_008,자신 (개인 소장용으로 좋은 카프 레모네이드)
PRD_772,TGT_007,어린이 (시각적 재미가 있는 카프 레모네이드)
PRD_772,TGT_001,부모님 (부담 없이 즐기기 좋은 카프 레모네이드 음료)
PRD_773,TGT_006,상사/은사 (장인성이 느껴지는 미쓰야 나기 타우 아크릴 플레이트)
PRD_773,TGT_003,친구 (여행지 분위기를 전하기 좋은 미쓰야 나기 타우 아크릴 플레이트)
PRD_773,TGT_001,부모님 (정성 있는 미쓰야 나기 타우 아크릴 플레이트 전통 공예)
PRD_773,TGT_007,어린이 (시각적 재미가 있는 미쓰야 나기 타우 아크릴 플레이트)
PRD_773,TGT_008,자신 (여행의 기억을 남기는 미쓰야 나기 타우 아크릴 플레이트)
PRD_774,TGT_004,가족 (가족과 함께 마시기 좋은 오초 레모네이드)
PRD_774,TGT_001,부모님 (부담 없이 즐기기 좋은 오초 레모네이드 음료)
PRD_774,TGT_008,자신 (여행지 풍미를 즐기는 오초 레모네이드)
PRD_775,TGT_004,가족 (식탁에서 함께 먹기 좋은 세토우치 파스타 레몬 카르보나라)
PRD_775,TGT_001,부모님 (집밥에 곁들이기 좋은 세토우치 파스타 레몬 카르보나라)
PRD_775,TGT_003,친구 (함께 맛보기 좋은 세토우치 파스타 레몬 카르보나라)
PRD_775,TGT_008,자신 (현지 맛을 집에서 재현하는 세토우치 파스타 레몬 카르보나라)
PRD_776,TGT_006,상사/은사 (장인성이 느껴지는 빙고가스리 인형 꽃)
PRD_776,TGT_001,부모님 (정성 있는 빙고가스리 인형 꽃 전통 공예)
PRD_776,TGT_008,자신 (여행의 기억을 남기는 빙고가스리 인형 꽃)
PRD_776,TGT_002,연인 (디자인이 돋보이는 빙고가스리 인형 꽃)
PRD_777,TGT_006,상사/은사 (장인성이 느껴지는 빙고가스리 인형 아야토리)
PRD_777,TGT_001,부모님 (정성 있는 빙고가스리 인형 아야토리 전통 공예)
PRD_777,TGT_008,자신 (여행의 기억을 남기는 빙고가스리 인형 아야토리)
PRD_778,TGT_003,친구 (여행지 분위기를 전하기 좋은 아게타군 토트백)
PRD_778,TGT_008,자신 (개인 소장용으로 좋은 아게타군 토트백)
PRD_778,TGT_007,어린이 (시각적 재미가 있는 아게타군 토트백)
PRD_778,TGT_004,가족 (일상에서 활용하기 좋은 아게타군 토트백)
PRD_779,TGT_006,상사/은사 (장인성이 느껴지는 히로쿠마 얼굴 목제 키홀더)
PRD_779,TGT_003,친구 (여행지 분위기를 전하기 좋은 히로쿠마 얼굴 목제 키홀더)
PRD_779,TGT_001,부모님 (정성 있는 히로쿠마 얼굴 목제 키홀더 전통 공예)
PRD_779,TGT_007,어린이 (시각적 재미가 있는 히로쿠마 얼굴 목제 키홀더)
PRD_779,TGT_008,자신 (여행의 기억을 남기는 히로쿠마 얼굴 목제 키홀더)
PRD_780,TGT_006,상사/은사 (장인성이 느껴지는 히로쿠마 히로시마 주걱 목제 스트랩)
PRD_780,TGT_003,친구 (여행지 분위기를 전하기 좋은 히로쿠마 히로시마 주걱 목제 스트랩)
PRD_780,TGT_001,부모님 (정성 있는 히로쿠마 히로시마 주걱 목제 스트랩 전통 공예)
PRD_780,TGT_007,어린이 (시각적 재미가 있는 히로쿠마 히로시마 주걱 목제 스트랩)
PRD_780,TGT_008,자신 (여행의 기억을 남기는 히로쿠마 히로시마 주걱 목제 스트랩)
PRD_781,TGT_004,가족 (함께 나눠 먹기 좋은 쿠누기 바움쿠헨 달과 태양 기프트 간식)
PRD_781,TGT_005,직장동료 (개별 포장으로 나눠 주기 쉬운 쿠누기 바움쿠헨 달과 태양 기프트)
PRD_781,TGT_003,친구 (가볍게 건네기 좋은 쿠누기 바움쿠헨 달과 태양 기프트)
PRD_781,TGT_008,자신 (여행 중 직접 맛보기 좋은 쿠누기 바움쿠헨 달과 태양 기프트)
PRD_782,TGT_004,가족 (함께 나눠 먹기 좋은 쿠누기 태양 바움쿠헨 간식)
PRD_782,TGT_005,직장동료 (개별 포장으로 나눠 주기 쉬운 쿠누기 태양 바움쿠헨)
PRD_782,TGT_003,친구 (가볍게 건네기 좋은 쿠누기 태양 바움쿠헨)
PRD_782,TGT_008,자신 (여행 중 직접 맛보기 좋은 쿠누기 태양 바움쿠헨)
PRD_783,TGT_006,상사/은사 (장인성이 느껴지는 히로쿠마 핀 배지)
PRD_783,TGT_003,친구 (여행지 분위기를 전하기 좋은 히로쿠마 핀 배지)
PRD_783,TGT_001,부모님 (정성 있는 히로쿠마 핀 배지 전통 공예)
PRD_783,TGT_007,어린이 (시각적 재미가 있는 히로쿠마 핀 배지)
PRD_783,TGT_008,자신 (여행의 기억을 남기는 히로쿠마 핀 배지)
PRD_784,TGT_003,친구 (여행지 분위기를 전하기 좋은 나기의 면도 자를 수 있는 주걱)
PRD_784,TGT_008,자신 (개인 소장용으로 좋은 나기의 면도 자를 수 있는 주걱)
PRD_784,TGT_007,어린이 (시각적 재미가 있는 나기의 면도 자를 수 있는 주걱)
PRD_784,TGT_004,가족 (일상에서 활용하기 좋은 나기의 면도 자를 수 있는 주걱)
PRD_785,TGT_004,가족 (가족과 함께 마시기 좋은 히로시마 프리미엄 쇼콜라 네 개입)
PRD_785,TGT_001,부모님 (부담 없이 즐기기 좋은 히로시마 프리미엄 쇼콜라 네 개입 음료)
PRD_785,TGT_006,상사/은사 (격식을 갖추기 좋은 히로시마 프리미엄 쇼콜라 네 개입)
PRD_785,TGT_008,자신 (여행지 풍미를 즐기는 히로시마 프리미엄 쇼콜라 네 개입)
PRD_785,TGT_003,친구 (친구와 맛보기 좋은 히로시마 프리미엄 쇼콜라 네 개입)
PRD_786,TGT_004,가족 (함께 나눠 먹기 좋은 마루세이 버터샌드 간식)
PRD_786,TGT_005,직장동료 (개별 포장으로 나눠 주기 쉬운 마루세이 버터샌드)
PRD_786,TGT_003,친구 (가볍게 건네기 좋은 마루세이 버터샌드)
PRD_786,TGT_008,자신 (여행 중 직접 맛보기 좋은 마루세이 버터샌드)
PRD_787,TGT_004,가족 (함께 나눠 먹기 좋은 눈아 내려라 간식)
PRD_787,TGT_005,직장동료 (개별 포장으로 나눠 주기 쉬운 눈아 내려라)
PRD_787,TGT_003,친구 (가볍게 건네기 좋은 눈아 내려라)
PRD_787,TGT_007,어린이 (아이들도 좋아하기 쉬운 눈아 내려라 단맛)
PRD_787,TGT_008,자신 (여행 중 직접 맛보기 좋은 눈아 내려라)
PRD_788,TGT_004,가족 (식탁에서 함께 먹기 좋은 블랙 올리브오일 와삼산 페포넛 들어간 먹는 오일)
PRD_788,TGT_001,부모님 (집밥에 곁들이기 좋은 블랙 올리브오일 와삼산 페포넛 들어간 먹는 오일)
PRD_788,TGT_003,친구 (함께 맛보기 좋은 블랙 올리브오일 와삼산 페포넛 들어간 먹는 오일)
PRD_788,TGT_008,자신 (현지 맛을 집에서 재현하는 블랙 올리브오일 와삼산 페포넛 들어간 먹는 오일)
PRD_789,TGT_006,상사/은사 (장인성이 느껴지는 호박 플레이크 60)
PRD_789,TGT_001,부모님 (정성 있는 호박 플레이크 60 전통 공예)
PRD_789,TGT_008,자신 (여행의 기억을 남기는 호박 플레이크 60)
PRD_790,TGT_003,친구 (여행지 분위기를 전하기 좋은 감자 플레이크 60)
PRD_790,TGT_008,자신 (개인 소장용으로 좋은 감자 플레이크 60)
PRD_790,TGT_004,가족 (가족과 공유하기 좋은 감자 플레이크 60)
PRD_791,TGT_008,자신 (여행 기념으로 직접 간직하기 좋은 그대로 풋콩)
PRD_791,TGT_004,가족 (가족과 공유하기 좋은 그대로 풋콩)
PRD_791,TGT_003,친구 (가볍게 소개하기 좋은 그대로 풋콩)
PRD_792,TGT_008,자신 (여행 기념으로 직접 간직하기 좋은 그대로 검은 풋콩)
PRD_792,TGT_004,가족 (가족과 공유하기 좋은 그대로 검은 풋콩)
PRD_792,TGT_003,친구 (가볍게 소개하기 좋은 그대로 검은 풋콩)
PRD_793,TGT_006,상사/은사 (장인성이 느껴지는 메밀 열매)
PRD_793,TGT_001,부모님 (정성 있는 메밀 열매 전통 공예)
PRD_793,TGT_008,자신 (여행의 기억을 남기는 메밀 열매)
PRD_794,TGT_008,자신 (여행 기념으로 직접 간직하기 좋은 치호쿠 고원 베이컨)
PRD_794,TGT_004,가족 (가족과 공유하기 좋은 치호쿠 고원 베이컨)
PRD_794,TGT_003,친구 (가볍게 소개하기 좋은 치호쿠 고원 베이컨)
PRD_795,TGT_004,가족 (식탁에서 함께 먹기 좋은 훈제 임연수어)
PRD_795,TGT_001,부모님 (집밥에 곁들이기 좋은 훈제 임연수어)
PRD_795,TGT_003,친구 (함께 맛보기 좋은 훈제 임연수어)
PRD_795,TGT_008,자신 (현지 맛을 집에서 재현하는 훈제 임연수어)
PRD_796,TGT_005,직장동료 (사무실에서 나누기 쉬운 삶은 풋콩)
PRD_796,TGT_004,가족 (가족과 공유하기 좋은 삶은 풋콩)
PRD_796,TGT_003,친구 (가볍게 소개하기 좋은 삶은 풋콩)
PRD_797,TGT_006,상사/은사 (장인성이 느껴지는 코반 치즈)
PRD_797,TGT_004,가족 (함께 나눠 먹기 좋은 코반 치즈 간식)
PRD_797,TGT_001,부모님 (정성 있는 코반 치즈 전통 공예)
PRD_797,TGT_003,친구 (가볍게 건네기 좋은 코반 치즈)
PRD_797,TGT_008,자신 (여행의 기억을 남기는 코반 치즈)
PRD_798,TGT_004,가족 (함께 나눠 먹기 좋은 스파이스 비프 간식)
PRD_798,TGT_003,친구 (가볍게 건네기 좋은 스파이스 비프)
PRD_798,TGT_001,부모님 (집밥에 곁들이기 좋은 스파이스 비프)
PRD_798,TGT_008,자신 (여행 중 직접 맛보기 좋은 스파이스 비프)
PRD_799,TGT_003,친구 (여행지 분위기를 전하기 좋은 피자 퐁뒤 아스파라거스와 잉카노메자메)
PRD_799,TGT_008,자신 (개인 소장용으로 좋은 피자 퐁뒤 아스파라거스와 잉카노메자메)
PRD_799,TGT_004,가족 (가족과 공유하기 좋은 피자 퐁뒤 아스파라거스와 잉카노메자메)
PRD_800,TGT_004,가족 (함께 나눠 먹기 좋은 삼방육 플레인 1본 간식)
PRD_800,TGT_005,직장동료 (개별 포장으로 나눠 주기 쉬운 삼방육 플레인 1본)
PRD_800,TGT_003,친구 (가볍게 건네기 좋은 삼방육 플레인 1본)
PRD_800,TGT_007,어린이 (아이들도 좋아하기 쉬운 삼방육 플레인 1본 단맛)
PRD_800,TGT_008,자신 (여행 중 직접 맛보기 좋은 삼방육 플레인 1본)
PRD_801,TGT_004,가족 (함께 나눠 먹기 좋은 앙버터샌 간식)
PRD_801,TGT_005,직장동료 (개별 포장으로 나눠 주기 쉬운 앙버터샌)
PRD_801,TGT_003,친구 (가볍게 건네기 좋은 앙버터샌)
PRD_801,TGT_008,자신 (여행 중 직접 맛보기 좋은 앙버터샌)
PRD_802,TGT_004,가족 (식탁에서 함께 먹기 좋은 나카사쓰나이 시골닭 전골용 다진 고기)
PRD_802,TGT_001,부모님 (집밥에 곁들이기 좋은 나카사쓰나이 시골닭 전골용 다진 고기)
PRD_802,TGT_008,자신 (현지 맛을 집에서 재현하는 나카사쓰나이 시골닭 전골용 다진 고기)
PRD_803,TGT_004,가족 (함께 나눠 먹기 좋은 이하라 기미치 간식)
PRD_803,TGT_003,친구 (가볍게 건네기 좋은 이하라 기미치)
PRD_803,TGT_008,자신 (여행 중 직접 맛보기 좋은 이하라 기미치)
PRD_804,TGT_008,자신 (여행 기념으로 직접 간직하기 좋은 말린 무채)
PRD_804,TGT_004,가족 (가족과 공유하기 좋은 말린 무채)
PRD_804,TGT_003,친구 (가볍게 소개하기 좋은 말린 무채)
PRD_805,TGT_008,자신 (여행 기념으로 직접 간직하기 좋은 홋카이도 무라세농장 풋콩)
PRD_805,TGT_004,가족 (가족과 공유하기 좋은 홋카이도 무라세농장 풋콩)
PRD_805,TGT_003,친구 (가볍게 소개하기 좋은 홋카이도 무라세농장 풋콩)
PRD_806,TGT_008,자신 (여행 기념으로 직접 간직하기 좋은 도카치 저지 팥 아이스크림)
PRD_806,TGT_004,가족 (가족과 공유하기 좋은 도카치 저지 팥 아이스크림)
PRD_806,TGT_003,친구 (가볍게 소개하기 좋은 도카치 저지 팥 아이스크림)
PRD_807,TGT_006,상사/은사 (장인성이 느껴지는 도카치 저지 딸기 아이스크림)
PRD_807,TGT_001,부모님 (정성 있는 도카치 저지 딸기 아이스크림 전통 공예)
PRD_807,TGT_003,친구 (가볍게 건네기 좋은 도카치 저지 딸기 아이스크림)
PRD_807,TGT_008,자신 (여행의 기억을 남기는 도카치 저지 딸기 아이스크림)
PRD_807,TGT_004,가족 (집에서 쓰기 좋은 도카치 저지 딸기 아이스크림)
PRD_808,TGT_004,가족 (식탁에서 함께 먹기 좋은 도카치 허브소와 소금만으로 만든 콘비프)
PRD_808,TGT_001,부모님 (집밥에 곁들이기 좋은 도카치 허브소와 소금만으로 만든 콘비프)
PRD_808,TGT_003,친구 (함께 맛보기 좋은 도카치 허브소와 소금만으로 만든 콘비프)
PRD_808,TGT_008,자신 (현지 맛을 집에서 재현하는 도카치 허브소와 소금만으로 만든 콘비프)
PRD_809,TGT_004,가족 (함께 나눠 먹기 좋은 도카치 허브소와 흑후추로 만든 콘비프 간식)
PRD_809,TGT_003,친구 (가볍게 건네기 좋은 도카치 허브소와 흑후추로 만든 콘비프)
PRD_809,TGT_008,자신 (여행 중 직접 맛보기 좋은 도카치 허브소와 흑후추로 만든 콘비프)
PRD_810,TGT_008,자신 (여행 기념으로 직접 간직하기 좋은 도카치 팝콘)
PRD_810,TGT_004,가족 (가족과 공유하기 좋은 도카치 팝콘)
PRD_810,TGT_003,친구 (가볍게 소개하기 좋은 도카치 팝콘)
PRD_811,TGT_006,상사/은사 (장인성이 느껴지는 도카치 라클렛 몰워시)
PRD_811,TGT_004,가족 (함께 나눠 먹기 좋은 도카치 라클렛 몰워시 간식)
PRD_811,TGT_001,부모님 (정성 있는 도카치 라클렛 몰워시 전통 공예)
PRD_811,TGT_003,친구 (가볍게 건네기 좋은 도카치 라클렛 몰워시)
PRD_811,TGT_008,자신 (여행의 기억을 남기는 도카치 라클렛 몰워시)
PRD_812,TGT_008,자신 (여행 기념으로 직접 간직하기 좋은 오비히로 다이쇼 메이퀸 감자로 만든 감자버터)
PRD_812,TGT_004,가족 (가족과 공유하기 좋은 오비히로 다이쇼 메이퀸 감자로 만든 감자버터)
PRD_812,TGT_003,친구 (가볍게 소개하기 좋은 오비히로 다이쇼 메이퀸 감자로 만든 감자버터)
PRD_813,TGT_004,가족 (함께 나눠 먹기 좋은 열돼지말이 만두 치즈 간식)
PRD_813,TGT_003,친구 (가볍게 건네기 좋은 열돼지말이 만두 치즈)
PRD_813,TGT_008,자신 (여행 중 직접 맛보기 좋은 열돼지말이 만두 치즈)
PRD_814,TGT_004,가족 (함께 나눠 먹기 좋은 다이치노홋페 미니 간식)
PRD_814,TGT_003,친구 (가볍게 건네기 좋은 다이치노홋페 미니)
PRD_814,TGT_008,자신 (여행 중 직접 맛보기 좋은 다이치노홋페 미니)
PRD_815,TGT_004,가족 (함께 나눠 먹기 좋은 밀크잼 플레인 간식)
PRD_815,TGT_003,친구 (가볍게 건네기 좋은 밀크잼 플레인)
PRD_815,TGT_001,부모님 (집밥에 곁들이기 좋은 밀크잼 플레인)
PRD_815,TGT_008,자신 (여행 중 직접 맛보기 좋은 밀크잼 플레인)
PRD_816,TGT_004,가족 (함께 나눠 먹기 좋은 밀크잼 바닐라 간식)
PRD_816,TGT_003,친구 (가볍게 건네기 좋은 밀크잼 바닐라)
PRD_816,TGT_001,부모님 (집밥에 곁들이기 좋은 밀크잼 바닐라)
PRD_816,TGT_008,자신 (여행 중 직접 맛보기 좋은 밀크잼 바닐라)
PRD_817,TGT_008,자신 (여행 기념으로 직접 간직하기 좋은 콩 간식 그래놀라 콩 믹스)
PRD_817,TGT_004,가족 (가족과 공유하기 좋은 콩 간식 그래놀라 콩 믹스)
PRD_817,TGT_003,친구 (가볍게 소개하기 좋은 콩 간식 그래놀라 콩 믹스)
PRD_818,TGT_004,가족 (가족과 함께 마시기 좋은 팥 아마낫토)
PRD_818,TGT_001,부모님 (부담 없이 즐기기 좋은 팥 아마낫토 음료)
PRD_818,TGT_003,친구 (가볍게 건네기 좋은 팥 아마낫토)
PRD_818,TGT_008,자신 (여행지 풍미를 즐기는 팥 아마낫토)
PRD_818,TGT_007,어린이 (아이들도 좋아하기 쉬운 팥 아마낫토 단맛)
PRD_819,TGT_004,가족 (식탁에서 함께 먹기 좋은 손질 돼지 소금 돈토로)
PRD_819,TGT_001,부모님 (집밥에 곁들이기 좋은 손질 돼지 소금 돈토로)
PRD_819,TGT_003,친구 (함께 맛보기 좋은 손질 돼지 소금 돈토로)
PRD_819,TGT_008,자신 (현지 맛을 집에서 재현하는 손질 돼지 소금 돈토로)
PRD_820,TGT_004,가족 (식탁에서 함께 먹기 좋은 신소바 신토쿠 소바)
PRD_820,TGT_001,부모님 (집밥에 곁들이기 좋은 신소바 신토쿠 소바)
PRD_820,TGT_003,친구 (함께 맛보기 좋은 신소바 신토쿠 소바)
PRD_820,TGT_008,자신 (현지 맛을 집에서 재현하는 신소바 신토쿠 소바)
PRD_821,TGT_008,자신 (여행 기념으로 직접 간직하기 좋은 풋콩 코로코로 두부)
PRD_821,TGT_004,가족 (가족과 공유하기 좋은 풋콩 코로코로 두부)
PRD_821,TGT_003,친구 (가볍게 소개하기 좋은 풋콩 코로코로 두부)
PRD_822,TGT_004,가족 (함께 나눠 먹기 좋은 무염석 콘비프 간식)
PRD_822,TGT_003,친구 (가볍게 건네기 좋은 무염석 콘비프)
PRD_822,TGT_008,자신 (여행 중 직접 맛보기 좋은 무염석 콘비프)
PRD_823,TGT_004,가족 (가족과 함께 마시기 좋은 숙성 모차렐라 코로)
PRD_823,TGT_001,부모님 (부담 없이 즐기기 좋은 숙성 모차렐라 코로 음료)
PRD_823,TGT_003,친구 (가볍게 건네기 좋은 숙성 모차렐라 코로)
PRD_823,TGT_008,자신 (여행지 풍미를 즐기는 숙성 모차렐라 코로)
PRD_824,TGT_004,가족 (식탁에서 함께 먹기 좋은 햐키 드레싱)
PRD_824,TGT_001,부모님 (집밥에 곁들이기 좋은 햐키 드레싱)
PRD_824,TGT_003,친구 (함께 맛보기 좋은 햐키 드레싱)
PRD_824,TGT_008,자신 (현지 맛을 집에서 재현하는 햐키 드레싱)
PRD_825,TGT_004,가족 (함께 나눠 먹기 좋은 이와이쿠로 콩가루 간식)
PRD_825,TGT_003,친구 (가볍게 건네기 좋은 이와이쿠로 콩가루)
PRD_825,TGT_008,자신 (여행 중 직접 맛보기 좋은 이와이쿠로 콩가루)
PRD_826,TGT_006,상사/은사 (장인성이 느껴지는 크랜베리 스위트포테이토)
PRD_826,TGT_004,가족 (함께 나눠 먹기 좋은 크랜베리 스위트포테이토 간식)
PRD_826,TGT_001,부모님 (정성 있는 크랜베리 스위트포테이토 전통 공예)
PRD_826,TGT_003,친구 (가볍게 건네기 좋은 크랜베리 스위트포테이토)
PRD_826,TGT_008,자신 (여행의 기억을 남기는 크랜베리 스위트포테이토)
PRD_827,TGT_004,가족 (함께 나눠 먹기 좋은 소라치 홋카이도 도카치 돼지덮밥 소스 간식)
PRD_827,TGT_003,친구 (가볍게 건네기 좋은 소라치 홋카이도 도카치 돼지덮밥 소스)
PRD_827,TGT_001,부모님 (집밥에 곁들이기 좋은 소라치 홋카이도 도카치 돼지덮밥 소스)
PRD_827,TGT_007,어린이 (아이들도 좋아하기 쉬운 소라치 홋카이도 도카치 돼지덮밥 소스 단맛)
PRD_827,TGT_008,자신 (여행 중 직접 맛보기 좋은 소라치 홋카이도 도카치 돼지덮밥 소스)
PRD_828,TGT_004,가족 (식탁에서 함께 먹기 좋은 도카치 하오비 돼지덮밥 소스)
PRD_828,TGT_001,부모님 (집밥에 곁들이기 좋은 도카치 하오비 돼지덮밥 소스)
PRD_828,TGT_003,친구 (함께 맛보기 좋은 도카치 하오비 돼지덮밥 소스)
PRD_828,TGT_008,자신 (현지 맛을 집에서 재현하는 도카치 하오비 돼지덮밥 소스)
PRD_829,TGT_004,가족 (식탁에서 함께 먹기 좋은 돈타 특제 돼지덮밥 세트)
PRD_829,TGT_001,부모님 (집밥에 곁들이기 좋은 돈타 특제 돼지덮밥 세트)
PRD_829,TGT_003,친구 (함께 맛보기 좋은 돈타 특제 돼지덮밥 세트)
PRD_829,TGT_008,자신 (현지 맛을 집에서 재현하는 돈타 특제 돼지덮밥 세트)
PRD_830,TGT_003,친구 (함께 맛보기 좋은 도카치 와인 세이오로사무 화이트)
PRD_830,TGT_006,상사/은사 (격식 있는 도카치 와인 세이오로사무 화이트 주류 선물)
PRD_830,TGT_001,부모님 (천천히 즐기기 좋은 도카치 와인 세이오로사무 화이트)
PRD_830,TGT_008,자신 (여행지 술을 직접 경험하는 도카치 와인 세이오로사무 화이트)
PRD_831,TGT_003,친구 (함께 맛보기 좋은 도카치 와인 도카푸 레드)
PRD_831,TGT_006,상사/은사 (격식 있는 도카치 와인 도카푸 레드 주류 선물)
PRD_831,TGT_001,부모님 (천천히 즐기기 좋은 도카치 와인 도카푸 레드)
PRD_831,TGT_008,자신 (여행지 술을 직접 경험하는 도카치 와인 도카푸 레드)
PRD_832,TGT_004,가족 (함께 나눠 먹기 좋은 도카치 쉬폰 홀케이크 간식)
PRD_832,TGT_003,친구 (가볍게 건네기 좋은 도카치 쉬폰 홀케이크)
PRD_832,TGT_008,자신 (여행 중 직접 맛보기 좋은 도카치 쉬폰 홀케이크)
PRD_833,TGT_004,가족 (가족과 함께 마시기 좋은 후쿠시로 킨토키 아마낫토)
PRD_833,TGT_001,부모님 (부담 없이 즐기기 좋은 후쿠시로 킨토키 아마낫토 음료)
PRD_833,TGT_003,친구 (가볍게 건네기 좋은 후쿠시로 킨토키 아마낫토)
PRD_833,TGT_008,자신 (여행지 풍미를 즐기는 후쿠시로 킨토키 아마낫토)
PRD_833,TGT_007,어린이 (아이들도 좋아하기 쉬운 후쿠시로 킨토키 아마낫토 단맛)
PRD_834,TGT_004,가족 (식탁에서 함께 먹기 좋은 신토쿠 팔할 소바)
PRD_834,TGT_001,부모님 (집밥에 곁들이기 좋은 신토쿠 팔할 소바)
PRD_834,TGT_003,친구 (함께 맛보기 좋은 신토쿠 팔할 소바)
PRD_834,TGT_008,자신 (현지 맛을 집에서 재현하는 신토쿠 팔할 소바)
PRD_835,TGT_004,가족 (식탁에서 함께 먹기 좋은 마이타케 간장)
PRD_835,TGT_001,부모님 (집밥에 곁들이기 좋은 마이타케 간장)
PRD_835,TGT_005,직장동료 (사무실에서 나누기 쉬운 마이타케 간장)
PRD_835,TGT_003,친구 (함께 맛보기 좋은 마이타케 간장)
PRD_835,TGT_008,자신 (현지 맛을 집에서 재현하는 마이타케 간장)
PRD_023,TGT_003,친구 (실속 있는 디저트라 부담 없이 나누기 좋음)
PRD_024,TGT_008,자신 (바삭한 러스크를 여행 간식처럼 즐기기 좋음)
PRD_025,TGT_008,자신 (입안에서 녹는 생초콜릿을 나를 위한 디저트로 즐기기 좋음)
PRD_026,TGT_003,친구 (짭조름한 해산물 전병을 술자리 간식으로 나누기 좋음)
PRD_027,TGT_004,가족 (매일 쓰기 좋은 젓가락이라 실용적인 가족 선물에 맞음)
PRD_028,TGT_003,친구 (고소한 콩과자라 가볍게 나누기 좋음)
PRD_030,TGT_004,가족 (전통 센베이를 함께 먹기 좋은 다과로 고르기 좋음)
PRD_182,TGT_004,가족 (매실 가공품을 식탁에서 함께 즐기기 좋음)
PRD_006,TGT_005,직장동료 (오타루 맥주를 좋아하는 동료에게 색다르게 전하기 좋음)
PRD_1236,TGT_003,친구(유자 타르트를 가볍게 나눠 먹기 좋음)
PRD_1236,TGT_004,가족(남녀노소 익숙하게 즐길 수 있는 명과)
PRD_1236,TGT_005,직장동료(잘라진 타르트라 사무실 간식으로 나누기 좋음)
PRD_1236,TGT_006,상사/은사(지역 대표 브랜드라 격식 있는 선물에 무난함)
PRD_1237,TGT_001,부모님(부드럽고 과하게 달지 않은 선물용 과자)
PRD_1237,TGT_004,가족(여러 명이 함께 먹기 쉬운 박스 구성)
PRD_1237,TGT_005,직장동료(개별로 나눠주기 좋은 소형 과자)
PRD_1237,TGT_008,자신(에히메 대표 명과를 직접 맛보기 좋음)
PRD_1238,TGT_003,친구(도고 여행 이야깃거리가 되는 귀여운 당고)
PRD_1238,TGT_004,가족(전통 화과자 느낌으로 함께 먹기 좋음)
PRD_1238,TGT_007,어린이(색이 선명하고 한 개씩 먹기 쉬움)
PRD_1238,TGT_008,자신(도고온천 기념으로 맛보기 좋음)
PRD_1239,TGT_001,부모님(담백한 찐빵이라 부담이 적음)
PRD_1239,TGT_004,가족(14종을 나눠 맛볼 수 있는 구성)
PRD_1239,TGT_006,상사/은사(복각 로고 케이스가 있는 세트형 선물)
PRD_1239,TGT_008,자신(마쓰야마 소울푸드를 여러 맛으로 경험 가능)
PRD_1240,TGT_002,연인(과일이 통째로 들어간 특별한 디저트)
PRD_1240,TGT_003,친구(사진으로 남기기 좋은 단면의 과자)
PRD_1240,TGT_004,가족(식후 디저트로 함께 먹기 좋음)
PRD_1240,TGT_008,자신(반해동 상태로 여행 중 간식처럼 즐기기 좋음)
PRD_1241,TGT_001,부모님(집에서 조리해 먹는 전통 식품)
PRD_1241,TGT_004,가족(식사 메뉴로 함께 활용 가능)
PRD_1241,TGT_006,상사/은사(전통성과 실용성을 함께 갖춘 선물)
PRD_1241,TGT_008,자신(마쓰야마 향토 음식을 집에서 재현하기 좋음)
PRD_1242,TGT_001,부모님(맥주를 즐기는 경우 지역 주류 선물로 적합)
PRD_1242,TGT_006,상사/은사(도고 지역 양조장 제품이라 선물성이 있음)
PRD_1242,TGT_008,자신(도고온천 여행 후 현지 맥주를 즐기기 좋음)
PRD_1243,TGT_002,연인(디자인이 차분하고 실용적인 소품)
PRD_1243,TGT_003,친구(가볍게 건네기 좋은 타월 손수건)
PRD_1243,TGT_005,직장동료(부담 없는 가격대의 실용 선물)
PRD_1243,TGT_008,자신(여행 기념으로 오래 사용할 수 있음)
PRD_1244,TGT_001,부모님(일상 식기로 오래 쓰기 좋은 공예품)
PRD_1244,TGT_004,가족(집에서 함께 사용할 수 있는 생활 식기)
PRD_1244,TGT_006,상사/은사(수공예 도자기라 격식 있는 선물)
PRD_1244,TGT_008,자신(여행지 공예품을 소장하기 좋음)
PRD_1245,TGT_003,친구(상큼한 맛을 가볍게 나누기 좋음)
PRD_1245,TGT_004,가족(아이부터 어른까지 간식으로 먹기 쉬움)
PRD_1245,TGT_007,어린이(파우치형 젤리라 먹기 편함)
PRD_1245,TGT_008,자신(에히메 감귤 맛을 여러 종류로 즐길 수 있음)
PRD_1246,TGT_001,부모님(집에서 활용하기 좋은 실용 식품)
PRD_1246,TGT_004,가족(함께 먹거나 요리에 쓰기 좋음)
PRD_1246,TGT_008,자신(귀국 후에도 일상적으로 사용 가능)
PRD_1247,TGT_003,친구(지역 과자를 가볍게 나누기 좋음)
PRD_1247,TGT_004,가족(여럿이 함께 먹기 좋음)
PRD_1247,TGT_005,직장동료(개별포장 과자는 나눔 선물로 편함)
PRD_1247,TGT_008,자신(현지 간식으로 맛보기 좋음)
PRD_1248,TGT_003,친구(가볍게 나눠 먹기 좋음)
PRD_1248,TGT_004,가족(집에서 간식으로 즐기기 좋음)
PRD_1248,TGT_007,어린이(달콤한 간식 선물로 적합)
PRD_1248,TGT_008,자신(여행 중 간식으로도 활용 가능)
PRD_1249,TGT_003,친구(지역 과자를 가볍게 나누기 좋음)
PRD_1249,TGT_004,가족(여럿이 함께 먹기 좋음)
PRD_1249,TGT_005,직장동료(개별포장 과자는 나눔 선물로 편함)
PRD_1249,TGT_008,자신(현지 간식으로 맛보기 좋음)
PRD_1250,TGT_001,부모님(집에서 활용하기 좋은 실용 식품)
PRD_1250,TGT_004,가족(함께 먹거나 요리에 쓰기 좋음)
PRD_1250,TGT_008,자신(귀국 후에도 일상적으로 사용 가능)
PRD_1251,TGT_003,친구(지역 과자를 가볍게 나누기 좋음)
PRD_1251,TGT_004,가족(여럿이 함께 먹기 좋음)
PRD_1251,TGT_005,직장동료(개별포장 과자는 나눔 선물로 편함)
PRD_1251,TGT_008,자신(현지 간식으로 맛보기 좋음)
PRD_1252,TGT_003,친구(지역 과자를 가볍게 나누기 좋음)
PRD_1252,TGT_004,가족(여럿이 함께 먹기 좋음)
PRD_1252,TGT_005,직장동료(개별포장 과자는 나눔 선물로 편함)
PRD_1252,TGT_008,자신(현지 간식으로 맛보기 좋음)
PRD_1253,TGT_001,부모님(성인용 과실주 선물로 어울림)
PRD_1253,TGT_006,상사/은사(식사 자리 선물로 격식을 갖출 수 있음)
PRD_1253,TGT_008,자신(에히메 감귤 주류를 직접 즐기기 좋음)
PRD_1254,TGT_003,친구(지역 과자를 가볍게 나누기 좋음)
PRD_1254,TGT_004,가족(여럿이 함께 먹기 좋음)
PRD_1254,TGT_005,직장동료(개별포장 과자는 나눔 선물로 편함)
PRD_1254,TGT_008,자신(현지 간식으로 맛보기 좋음)
PRD_1255,TGT_003,친구(지역 과자를 가볍게 나누기 좋음)
PRD_1255,TGT_004,가족(여럿이 함께 먹기 좋음)
PRD_1255,TGT_005,직장동료(개별포장 과자는 나눔 선물로 편함)
PRD_1255,TGT_008,자신(현지 간식으로 맛보기 좋음)
PRD_1256,TGT_003,친구(가볍게 나눠 먹기 좋음)
PRD_1256,TGT_004,가족(집에서 간식으로 즐기기 좋음)
PRD_1256,TGT_007,어린이(달콤한 간식 선물로 적합)
PRD_1256,TGT_008,자신(여행 중 간식으로도 활용 가능)
PRD_1257,TGT_003,친구(지역 과자를 가볍게 나누기 좋음)
PRD_1257,TGT_004,가족(여럿이 함께 먹기 좋음)
PRD_1257,TGT_005,직장동료(개별포장 과자는 나눔 선물로 편함)
PRD_1257,TGT_008,자신(현지 간식으로 맛보기 좋음)
PRD_1258,TGT_002,연인(부담 없는 생활용품 선물)
PRD_1258,TGT_003,친구(취향을 크게 타지 않는 실용 선물)
PRD_1258,TGT_005,직장동료(가볍게 주고받기 좋음)
PRD_1258,TGT_008,자신(여행 후에도 계속 사용 가능)
PRD_1259,TGT_002,연인(부담 없는 생활용품 선물)
PRD_1259,TGT_003,친구(취향을 크게 타지 않는 실용 선물)
PRD_1259,TGT_005,직장동료(가볍게 주고받기 좋음)
PRD_1259,TGT_008,자신(여행 후에도 계속 사용 가능)
PRD_1260,TGT_002,연인(부담 없는 생활용품 선물)
PRD_1260,TGT_003,친구(취향을 크게 타지 않는 실용 선물)
PRD_1260,TGT_005,직장동료(가볍게 주고받기 좋음)
PRD_1260,TGT_008,자신(여행 후에도 계속 사용 가능)
PRD_1261,TGT_001,부모님(집에서 활용하기 좋은 실용 식품)
PRD_1261,TGT_004,가족(함께 먹거나 요리에 쓰기 좋음)
PRD_1261,TGT_008,자신(귀국 후에도 일상적으로 사용 가능)
PRD_1262,TGT_003,친구(지역 과자를 가볍게 나누기 좋음)
PRD_1262,TGT_004,가족(여럿이 함께 먹기 좋음)
PRD_1262,TGT_005,직장동료(개별포장 과자는 나눔 선물로 편함)
PRD_1262,TGT_008,자신(현지 간식으로 맛보기 좋음)
PRD_1263,TGT_003,친구(지역 과자를 가볍게 나누기 좋음)
PRD_1263,TGT_004,가족(여럿이 함께 먹기 좋음)
PRD_1263,TGT_005,직장동료(개별포장 과자는 나눔 선물로 편함)
PRD_1263,TGT_008,자신(현지 간식으로 맛보기 좋음)
PRD_1264,TGT_003,친구(가볍게 나눠 먹기 좋음)
PRD_1264,TGT_004,가족(집에서 간식으로 즐기기 좋음)
PRD_1264,TGT_007,어린이(달콤한 간식 선물로 적합)
PRD_1264,TGT_008,자신(여행 중 간식으로도 활용 가능)
PRD_1265,TGT_001,부모님(집에서 활용하기 좋은 실용 식품)
PRD_1265,TGT_004,가족(함께 먹거나 요리에 쓰기 좋음)
PRD_1265,TGT_008,자신(귀국 후에도 일상적으로 사용 가능)
PRD_1266,TGT_003,친구(지역 과자를 가볍게 나누기 좋음)
PRD_1266,TGT_004,가족(여럿이 함께 먹기 좋음)
PRD_1266,TGT_005,직장동료(개별포장 과자는 나눔 선물로 편함)
PRD_1266,TGT_008,자신(현지 간식으로 맛보기 좋음)
PRD_1267,TGT_003,친구(지역 과자를 가볍게 나누기 좋음)
PRD_1267,TGT_004,가족(여럿이 함께 먹기 좋음)
PRD_1267,TGT_005,직장동료(개별포장 과자는 나눔 선물로 편함)
PRD_1267,TGT_008,자신(현지 간식으로 맛보기 좋음)
PRD_1268,TGT_003,친구(지역 과자를 가볍게 나누기 좋음)
PRD_1268,TGT_004,가족(여럿이 함께 먹기 좋음)
PRD_1268,TGT_005,직장동료(개별포장 과자는 나눔 선물로 편함)
PRD_1268,TGT_008,자신(현지 간식으로 맛보기 좋음)
PRD_1269,TGT_003,친구(지역 과자를 가볍게 나누기 좋음)
PRD_1269,TGT_004,가족(여럿이 함께 먹기 좋음)
PRD_1269,TGT_005,직장동료(개별포장 과자는 나눔 선물로 편함)
PRD_1269,TGT_008,자신(현지 간식으로 맛보기 좋음)
PRD_1270,TGT_003,친구(지역 과자를 가볍게 나누기 좋음)
PRD_1270,TGT_004,가족(여럿이 함께 먹기 좋음)
PRD_1270,TGT_005,직장동료(개별포장 과자는 나눔 선물로 편함)
PRD_1270,TGT_008,자신(현지 간식으로 맛보기 좋음)
PRD_1271,TGT_003,친구(지역 과자를 가볍게 나누기 좋음)
PRD_1271,TGT_004,가족(여럿이 함께 먹기 좋음)
PRD_1271,TGT_005,직장동료(개별포장 과자는 나눔 선물로 편함)
PRD_1271,TGT_008,자신(현지 간식으로 맛보기 좋음)
PRD_1272,TGT_003,친구(지역 과자를 가볍게 나누기 좋음)
PRD_1272,TGT_004,가족(여럿이 함께 먹기 좋음)
PRD_1272,TGT_005,직장동료(개별포장 과자는 나눔 선물로 편함)
PRD_1272,TGT_008,자신(현지 간식으로 맛보기 좋음)
PRD_1273,TGT_001,부모님(차와 어울리는 전통 과자)
PRD_1273,TGT_004,가족(여러 명이 나눠 먹기 좋음)
PRD_1273,TGT_006,상사/은사(포장이 단정해 격식 있는 선물)
PRD_1273,TGT_008,자신(에히메 전통 과자를 경험하기 좋음)
PRD_1274,TGT_001,부모님(차와 어울리는 전통 과자)
PRD_1274,TGT_004,가족(여러 명이 나눠 먹기 좋음)
PRD_1274,TGT_006,상사/은사(포장이 단정해 격식 있는 선물)
PRD_1274,TGT_008,자신(에히메 전통 과자를 경험하기 좋음)
PRD_1275,TGT_003,친구(지역 과자를 가볍게 나누기 좋음)
PRD_1275,TGT_004,가족(여럿이 함께 먹기 좋음)
PRD_1275,TGT_005,직장동료(개별포장 과자는 나눔 선물로 편함)
PRD_1275,TGT_008,자신(현지 간식으로 맛보기 좋음)
PRD_1276,TGT_003,친구(지역 과자를 가볍게 나누기 좋음)
PRD_1276,TGT_004,가족(여럿이 함께 먹기 좋음)
PRD_1276,TGT_005,직장동료(개별포장 과자는 나눔 선물로 편함)
PRD_1276,TGT_008,자신(현지 간식으로 맛보기 좋음)
PRD_1277,TGT_003,친구(지역 과자를 가볍게 나누기 좋음)
PRD_1277,TGT_004,가족(여럿이 함께 먹기 좋음)
PRD_1277,TGT_005,직장동료(개별포장 과자는 나눔 선물로 편함)
PRD_1277,TGT_008,자신(현지 간식으로 맛보기 좋음)
PRD_1278,TGT_003,친구(지역 과자를 가볍게 나누기 좋음)
PRD_1278,TGT_004,가족(여럿이 함께 먹기 좋음)
PRD_1278,TGT_005,직장동료(개별포장 과자는 나눔 선물로 편함)
PRD_1278,TGT_008,자신(현지 간식으로 맛보기 좋음)
PRD_1279,TGT_003,친구(지역 과자를 가볍게 나누기 좋음)
PRD_1279,TGT_004,가족(여럿이 함께 먹기 좋음)
PRD_1279,TGT_005,직장동료(개별포장 과자는 나눔 선물로 편함)
PRD_1279,TGT_008,자신(현지 간식으로 맛보기 좋음)
PRD_1280,TGT_003,친구(가볍게 나눠 먹기 좋음)
PRD_1280,TGT_004,가족(집에서 간식으로 즐기기 좋음)
PRD_1280,TGT_007,어린이(달콤한 간식 선물로 적합)
PRD_1280,TGT_008,자신(여행 중 간식으로도 활용 가능)
PRD_1281,TGT_001,부모님(집에서 활용하기 좋은 실용 식품)
PRD_1281,TGT_004,가족(함께 먹거나 요리에 쓰기 좋음)
PRD_1281,TGT_008,자신(귀국 후에도 일상적으로 사용 가능)
PRD_1282,TGT_001,부모님(집에서 활용하기 좋은 실용 식품)
PRD_1282,TGT_004,가족(함께 먹거나 요리에 쓰기 좋음)
PRD_1282,TGT_008,자신(귀국 후에도 일상적으로 사용 가능)
PRD_1283,TGT_001,부모님(지역 공예품의 기념성이 있음)
PRD_1283,TGT_002,연인(오래 남는 물건 선물로 적합)
PRD_1283,TGT_006,상사/은사(격식 있는 지역 공예 선물)
PRD_1283,TGT_008,자신(여행 기념품으로 보관하기 좋음)
PRD_1284,TGT_002,연인(부담 없는 생활용품 선물)
PRD_1284,TGT_003,친구(취향을 크게 타지 않는 실용 선물)
PRD_1284,TGT_005,직장동료(가볍게 주고받기 좋음)
PRD_1284,TGT_008,자신(여행 후에도 계속 사용 가능)
PRD_1285,TGT_001,부모님(지역 공예품의 기념성이 있음)
PRD_1285,TGT_002,연인(오래 남는 물건 선물로 적합)
PRD_1285,TGT_006,상사/은사(격식 있는 지역 공예 선물)
PRD_1285,TGT_008,자신(여행 기념품으로 보관하기 좋음)
PRD_1286,TGT_003,친구(망고 과자라 가볍게 나누기 좋음)
PRD_1286,TGT_004,가족(호불호가 적은 달콤한 과자)
PRD_1286,TGT_005,직장동료(10매입으로 나눠 먹기 좋음)
PRD_1287,TGT_003,친구(쿠키형이라 부담 없는 선물)
PRD_1287,TGT_005,직장동료(개별 포장으로 배분하기 쉬움)
PRD_1287,TGT_008,자신(커피 간식으로 먹기 좋음)
PRD_1288,TGT_002,연인(부드러운 구움과자 선물로 무난함)
PRD_1288,TGT_003,친구(망고 디저트 취향에 잘 맞음)
PRD_1288,TGT_004,가족(차와 함께 먹기 좋음)
PRD_1289,TGT_004,가족(부드러운 푸딩이라 함께 먹기 좋음)
PRD_1289,TGT_007,어린이(상큼한 과일 디저트로 접근성이 좋음)
PRD_1289,TGT_008,자신(여행 후 디저트로 즐기기 좋음)
PRD_1290,TGT_003,친구(가볍게 나눠 먹기 좋음)
PRD_1290,TGT_005,직장동료(개수가 많아 단체 선물에 적합)
PRD_1290,TGT_008,자신(부담 없는 간식용)
PRD_1291,TGT_003,친구(단짠 쿠키라 간식 선물로 적합)
PRD_1291,TGT_005,직장동료(가격이 부담스럽지 않음)
PRD_1291,TGT_008,자신(커피와 곁들이기 좋음)
PRD_1292,TGT_001,부모님(부드러운 치즈만주라 차와 어울림)
PRD_1292,TGT_004,가족(여러 개입 구성으로 나눠 먹기 좋음)
PRD_1292,TGT_006,상사/은사(지역 대표 과자라 설명하기 좋음)
PRD_1293,TGT_003,친구(프루티한 센베이라 가볍게 전달 가능)
PRD_1293,TGT_005,직장동료(봉지형 구성이라 나눠주기 좋음)
PRD_1293,TGT_008,자신(가벼운 간식으로 적합)
PRD_1294,TGT_001,부모님(전통 과자 느낌이 강함)
PRD_1294,TGT_004,가족(담백한 센베이라 함께 먹기 좋음)
PRD_1294,TGT_006,상사/은사(지역 명물 과자로 무난함)
PRD_1295,TGT_003,친구(금귤 소재가 독특함)
PRD_1295,TGT_004,가족(달콤한 떡 과자로 나눠 먹기 좋음)
PRD_1295,TGT_007,어린이(작고 달콤한 과자)
PRD_1296,TGT_001,부모님(향토음식을 집에서 먹을 수 있음)
PRD_1296,TGT_004,가족(식사용으로 활용 가능)
PRD_1296,TGT_008,자신(여행 후 현지 맛을 재현하기 좋음)
PRD_1297,TGT_001,부모님(미야자키 대표 요리를 간편하게 먹을 수 있음)
PRD_1297,TGT_004,가족(반찬으로 활용 가능)
PRD_1297,TGT_008,자신(한 끼 식사 대용으로 좋음)
PRD_1298,TGT_003,친구(현지 간식 느낌이 강함)
PRD_1298,TGT_008,자신(여행 중 바로 먹기 좋음)
PRD_1298,TGT_004,가족(간단한 야식으로 활용 가능)
PRD_1299,TGT_001,부모님(술안주나 반찬으로 활용 가능)
PRD_1299,TGT_003,친구(맥주 안주 선물로 적합)
PRD_1299,TGT_008,자신(숙소 야식으로 먹기 좋음)
PRD_1300,TGT_001,부모님(향토식품 선물로 설명하기 좋음)
PRD_1300,TGT_004,가족(반찬이나 안주로 함께 먹기 좋음)
PRD_1300,TGT_008,자신(현지 음식을 맛보기 좋음)
PRD_1301,TGT_003,친구(매운맛 취향에 맞는 선물)
PRD_1301,TGT_008,자신(간편식으로 먹기 좋음)
PRD_1301,TGT_005,직장동료(매운 음식 좋아하는 사람에게 적합)
PRD_1302,TGT_001,부모님(향토식품으로 정성이 느껴짐)
PRD_1302,TGT_004,가족(여러 명이 나눠 먹기 좋음)
PRD_1302,TGT_008,자신(집에서 현지 맛을 재현 가능)
PRD_1303,TGT_003,친구(가볍게 주기 좋은 레토르트)
PRD_1303,TGT_008,자신(혼자 먹기 편한 한 끼)
PRD_1303,TGT_005,직장동료(가격 부담이 낮음)
PRD_1304,TGT_001,부모님(와규 이름이 들어가 선물감 있음)
PRD_1304,TGT_004,가족(간편한 식사용 선물)
PRD_1304,TGT_006,상사/은사(부담 없는 고급 지역 식재료 선물)
PRD_1305,TGT_002,연인(크고 특별한 생과자 선물로 인상적)
PRD_1305,TGT_003,친구(이름과 구성이 재미있음)
PRD_1305,TGT_008,자신(미야자키 대표 과자를 직접 경험하기 좋음)
PRD_1306,TGT_004,가족 (지역 음식·실용 선물)
PRD_1306,TGT_008,자신 (지역 음식·실용 선물)
PRD_1306,TGT_001,부모님 (지역 음식·실용 선물)
PRD_1307,TGT_004,가족 (지역 음식·실용 선물)
PRD_1307,TGT_008,자신 (지역 음식·실용 선물)
PRD_1307,TGT_001,부모님 (지역 음식·실용 선물)
PRD_1308,TGT_004,가족 (지역 음식·실용 선물)
PRD_1308,TGT_008,자신 (지역 음식·실용 선물)
PRD_1308,TGT_001,부모님 (지역 음식·실용 선물)
PRD_1309,TGT_003,친구 (나눠 먹기 좋은 지역 기념품)
PRD_1309,TGT_005,직장동료 (나눠 먹기 좋은 지역 기념품)
PRD_1309,TGT_004,가족 (나눠 먹기 좋은 지역 기념품)
PRD_1310,TGT_003,친구 (나눠 먹기 좋은 지역 기념품)
PRD_1310,TGT_005,직장동료 (나눠 먹기 좋은 지역 기념품)
PRD_1310,TGT_004,가족 (나눠 먹기 좋은 지역 기념품)
PRD_1311,TGT_003,친구 (나눠 먹기 좋은 지역 기념품)
PRD_1311,TGT_005,직장동료 (나눠 먹기 좋은 지역 기념품)
PRD_1311,TGT_004,가족 (나눠 먹기 좋은 지역 기념품)
PRD_1312,TGT_003,친구 (나눠 먹기 좋은 지역 기념품)
PRD_1312,TGT_005,직장동료 (나눠 먹기 좋은 지역 기념품)
PRD_1312,TGT_004,가족 (나눠 먹기 좋은 지역 기념품)
PRD_1313,TGT_003,친구 (나눠 먹기 좋은 지역 기념품)
PRD_1313,TGT_005,직장동료 (나눠 먹기 좋은 지역 기념품)
PRD_1313,TGT_004,가족 (나눠 먹기 좋은 지역 기념품)
PRD_1314,TGT_003,친구 (나눠 먹기 좋은 지역 기념품)
PRD_1314,TGT_005,직장동료 (나눠 먹기 좋은 지역 기념품)
PRD_1314,TGT_004,가족 (나눠 먹기 좋은 지역 기념품)
PRD_1315,TGT_003,친구 (나눠 먹기 좋은 지역 기념품)
PRD_1315,TGT_005,직장동료 (나눠 먹기 좋은 지역 기념품)
PRD_1315,TGT_004,가족 (나눠 먹기 좋은 지역 기념품)
PRD_1316,TGT_003,친구 (나눠 먹기 좋은 지역 기념품)
PRD_1316,TGT_005,직장동료 (나눠 먹기 좋은 지역 기념품)
PRD_1316,TGT_004,가족 (나눠 먹기 좋은 지역 기념품)
PRD_1317,TGT_003,친구 (나눠 먹기 좋은 지역 기념품)
PRD_1317,TGT_005,직장동료 (나눠 먹기 좋은 지역 기념품)
PRD_1317,TGT_004,가족 (나눠 먹기 좋은 지역 기념품)
PRD_1318,TGT_004,가족 (지역 음식·실용 선물)
PRD_1318,TGT_008,자신 (지역 음식·실용 선물)
PRD_1318,TGT_001,부모님 (지역 음식·실용 선물)
PRD_1319,TGT_003,친구 (나눠 먹기 좋은 지역 기념품)
PRD_1319,TGT_008,자신 (나눠 먹기 좋은 지역 기념품)
PRD_1319,TGT_004,가족 (나눠 먹기 좋은 지역 기념품)
PRD_1320,TGT_004,가족 (지역 음식·실용 선물)
PRD_1320,TGT_008,자신 (지역 음식·실용 선물)
PRD_1320,TGT_001,부모님 (지역 음식·실용 선물)
PRD_1321,TGT_003,친구 (나눠 먹기 좋은 지역 기념품)
PRD_1321,TGT_005,직장동료 (나눠 먹기 좋은 지역 기념품)
PRD_1321,TGT_004,가족 (나눠 먹기 좋은 지역 기념품)
PRD_1322,TGT_004,가족 (나눠 먹기 좋은 지역 기념품)
PRD_1322,TGT_008,자신 (나눠 먹기 좋은 지역 기념품)
PRD_1322,TGT_001,부모님 (나눠 먹기 좋은 지역 기념품)
PRD_1323,TGT_004,가족 (지역 음식·실용 선물)
PRD_1323,TGT_008,자신 (지역 음식·실용 선물)
PRD_1323,TGT_001,부모님 (지역 음식·실용 선물)
PRD_1324,TGT_003,친구 (나눠 먹기 좋은 지역 기념품)
PRD_1324,TGT_008,자신 (나눠 먹기 좋은 지역 기념품)
PRD_1324,TGT_004,가족 (나눠 먹기 좋은 지역 기념품)
PRD_1325,TGT_003,친구 (나눠 먹기 좋은 지역 기념품)
PRD_1325,TGT_008,자신 (나눠 먹기 좋은 지역 기념품)
PRD_1325,TGT_004,가족 (나눠 먹기 좋은 지역 기념품)
PRD_1326,TGT_003,친구 (나눠 먹기 좋은 지역 기념품)
PRD_1326,TGT_008,자신 (나눠 먹기 좋은 지역 기념품)
PRD_1326,TGT_004,가족 (나눠 먹기 좋은 지역 기념품)
PRD_1327,TGT_003,친구 (나눠 먹기 좋은 지역 기념품)
PRD_1327,TGT_005,직장동료 (나눠 먹기 좋은 지역 기념품)
PRD_1327,TGT_004,가족 (나눠 먹기 좋은 지역 기념품)
PRD_1328,TGT_003,친구 (나눠 먹기 좋은 지역 기념품)
PRD_1328,TGT_008,자신 (나눠 먹기 좋은 지역 기념품)
PRD_1328,TGT_004,가족 (나눠 먹기 좋은 지역 기념품)
PRD_1329,TGT_004,가족 (지역 음식·실용 선물)
PRD_1329,TGT_008,자신 (지역 음식·실용 선물)
PRD_1329,TGT_001,부모님 (지역 음식·실용 선물)
PRD_1330,TGT_004,가족 (지역 음식·실용 선물)
PRD_1330,TGT_008,자신 (지역 음식·실용 선물)
PRD_1330,TGT_001,부모님 (지역 음식·실용 선물)
PRD_1331,TGT_004,가족 (나눠 먹기 좋은 지역 기념품)
PRD_1331,TGT_008,자신 (나눠 먹기 좋은 지역 기념품)
PRD_1331,TGT_001,부모님 (나눠 먹기 좋은 지역 기념품)
PRD_1332,TGT_004,가족 (지역 음식·실용 선물)
PRD_1332,TGT_008,자신 (지역 음식·실용 선물)
PRD_1332,TGT_001,부모님 (지역 음식·실용 선물)
PRD_1333,TGT_004,가족 (지역 음식·실용 선물)
PRD_1333,TGT_008,자신 (지역 음식·실용 선물)
PRD_1333,TGT_001,부모님 (지역 음식·실용 선물)
PRD_1334,TGT_004,가족 (지역 음식·실용 선물)
PRD_1334,TGT_008,자신 (지역 음식·실용 선물)
PRD_1334,TGT_001,부모님 (지역 음식·실용 선물)
PRD_1335,TGT_008,자신 (나눠 먹기 좋은 지역 기념품)
PRD_1335,TGT_003,친구 (나눠 먹기 좋은 지역 기념품)
PRD_1335,TGT_002,연인 (나눠 먹기 좋은 지역 기념품)
PRD_1336,TGT_003,친구(가볍게 나누기 좋은 지역 선물)
PRD_1336,TGT_004,가족(함께 먹거나 쓰기 좋은 상품)
PRD_1336,TGT_005,직장동료(부담 없이 나눠주기 좋음)
PRD_1337,TGT_003,친구(가볍게 나누기 좋은 지역 선물)
PRD_1337,TGT_004,가족(함께 먹거나 쓰기 좋은 상품)
PRD_1337,TGT_005,직장동료(부담 없이 나눠주기 좋음)
PRD_1338,TGT_003,친구(가볍게 나누기 좋은 지역 선물)
PRD_1338,TGT_004,가족(함께 먹거나 쓰기 좋은 상품)
PRD_1338,TGT_005,직장동료(부담 없이 나눠주기 좋음)
PRD_1339,TGT_003,친구(가볍게 나누기 좋은 지역 선물)
PRD_1339,TGT_004,가족(함께 먹거나 쓰기 좋은 상품)
PRD_1339,TGT_005,직장동료(부담 없이 나눠주기 좋음)
PRD_1340,TGT_003,친구(가볍게 나누기 좋은 지역 선물)
PRD_1340,TGT_004,가족(함께 먹거나 쓰기 좋은 상품)
PRD_1340,TGT_005,직장동료(부담 없이 나눠주기 좋음)
PRD_1341,TGT_003,친구(가볍게 나누기 좋은 지역 선물)
PRD_1341,TGT_004,가족(함께 먹거나 쓰기 좋은 상품)
PRD_1341,TGT_005,직장동료(부담 없이 나눠주기 좋음)
PRD_1342,TGT_003,친구(가볍게 나누기 좋은 지역 선물)
PRD_1342,TGT_004,가족(함께 먹거나 쓰기 좋은 상품)
PRD_1342,TGT_005,직장동료(부담 없이 나눠주기 좋음)
PRD_1343,TGT_003,친구(가볍게 나누기 좋은 지역 선물)
PRD_1343,TGT_004,가족(함께 먹거나 쓰기 좋은 상품)
PRD_1343,TGT_005,직장동료(부담 없이 나눠주기 좋음)
PRD_1344,TGT_003,친구(가볍게 나누기 좋은 지역 선물)
PRD_1344,TGT_004,가족(함께 먹거나 쓰기 좋은 상품)
PRD_1344,TGT_008,자신(여행 기념으로 직접 사용하기 좋음)
PRD_1345,TGT_003,친구(가볍게 나누기 좋은 지역 선물)
PRD_1345,TGT_004,가족(함께 먹거나 쓰기 좋은 상품)
PRD_1345,TGT_008,자신(여행 기념으로 직접 사용하기 좋음)
PRD_1346,TGT_003,친구(가볍게 나누기 좋은 지역 선물)
PRD_1346,TGT_004,가족(함께 먹거나 쓰기 좋은 상품)
PRD_1346,TGT_008,자신(여행 기념으로 직접 사용하기 좋음)
PRD_1347,TGT_003,친구(가볍게 나누기 좋은 지역 선물)
PRD_1347,TGT_004,가족(함께 먹거나 쓰기 좋은 상품)
PRD_1347,TGT_008,자신(여행 기념으로 직접 사용하기 좋음)
PRD_1348,TGT_003,친구(가볍게 나누기 좋은 지역 선물)
PRD_1348,TGT_004,가족(함께 먹거나 쓰기 좋은 상품)
PRD_1348,TGT_008,자신(여행 기념으로 직접 사용하기 좋음)
PRD_1349,TGT_003,친구(가볍게 나누기 좋은 지역 선물)
PRD_1349,TGT_004,가족(함께 먹거나 쓰기 좋은 상품)
PRD_1349,TGT_008,자신(여행 기념으로 직접 사용하기 좋음)
PRD_1350,TGT_003,친구(가볍게 나누기 좋은 지역 선물)
PRD_1350,TGT_004,가족(함께 먹거나 쓰기 좋은 상품)
PRD_1350,TGT_005,직장동료(부담 없이 나눠주기 좋음)
PRD_1351,TGT_003,친구(가볍게 나누기 좋은 지역 선물)
PRD_1351,TGT_004,가족(함께 먹거나 쓰기 좋은 상품)
PRD_1351,TGT_005,직장동료(부담 없이 나눠주기 좋음)
PRD_1352,TGT_003,친구(가볍게 나누기 좋은 지역 선물)
PRD_1352,TGT_004,가족(함께 먹거나 쓰기 좋은 상품)
PRD_1352,TGT_005,직장동료(부담 없이 나눠주기 좋음)
PRD_1353,TGT_003,친구(가볍게 나누기 좋은 지역 선물)
PRD_1353,TGT_004,가족(함께 먹거나 쓰기 좋은 상품)
PRD_1353,TGT_005,직장동료(부담 없이 나눠주기 좋음)
PRD_1354,TGT_001,부모님(실용적이거나 격식 있는 선물)
PRD_1354,TGT_006,상사/은사(품격 있는 성인용 선물)
PRD_1354,TGT_008,자신(여행 기념으로 직접 사용하기 좋음)
PRD_1355,TGT_001,부모님(실용적이거나 격식 있는 선물)
PRD_1355,TGT_006,상사/은사(품격 있는 성인용 선물)
PRD_1355,TGT_008,자신(여행 기념으로 직접 사용하기 좋음)
PRD_1356,TGT_008,자신(여행 기념으로 직접 사용하기 좋음)
PRD_1356,TGT_003,친구(가볍게 주기 좋은 생활용품)
PRD_1356,TGT_004,가족(실용적으로 함께 쓰기 좋음)
PRD_1357,TGT_008,자신(여행 기념으로 직접 사용하기 좋음)
PRD_1357,TGT_003,친구(가볍게 주기 좋은 생활용품)
PRD_1357,TGT_004,가족(실용적으로 함께 쓰기 좋음)
PRD_1358,TGT_008,자신(여행 기념으로 직접 사용하기 좋음)
PRD_1358,TGT_003,친구(가볍게 주기 좋은 생활용품)
PRD_1358,TGT_004,가족(실용적으로 함께 쓰기 좋음)
PRD_1359,TGT_008,자신(여행 기념으로 직접 사용하기 좋음)
PRD_1359,TGT_003,친구(가볍게 주기 좋은 생활용품)
PRD_1359,TGT_004,가족(실용적으로 함께 쓰기 좋음)
PRD_1360,TGT_008,자신(여행 기념으로 직접 사용하기 좋음)
PRD_1360,TGT_003,친구(가볍게 주기 좋은 생활용품)
PRD_1360,TGT_004,가족(실용적으로 함께 쓰기 좋음)
PRD_1361,TGT_008,자신(여행 기념으로 직접 사용하기 좋음)
PRD_1361,TGT_003,친구(가볍게 주기 좋은 생활용품)
PRD_1361,TGT_004,가족(실용적으로 함께 쓰기 좋음)
PRD_1362,TGT_003,친구(귀여운 로컬 굿즈)
PRD_1362,TGT_008,자신(여행 추억 보관용)
PRD_1362,TGT_007,어린이(작고 재미있는 디자인)
PRD_1363,TGT_003,친구(귀여운 로컬 굿즈)
PRD_1363,TGT_008,자신(여행 추억 보관용)
PRD_1363,TGT_007,어린이(작고 재미있는 디자인)
PRD_1364,TGT_003,친구(귀여운 로컬 굿즈)
PRD_1364,TGT_008,자신(여행 추억 보관용)
PRD_1364,TGT_007,어린이(작고 재미있는 디자인)
PRD_1365,TGT_003,친구(귀여운 로컬 굿즈)
PRD_1365,TGT_008,자신(여행 추억 보관용)
PRD_1365,TGT_007,어린이(작고 재미있는 디자인)
PRD_1366,TGT_003,친구(귀여운 로컬 굿즈)
PRD_1366,TGT_008,자신(여행 추억 보관용)
PRD_1366,TGT_007,어린이(작고 재미있는 디자인)
PRD_1367,TGT_004,가족(요리에 활용하기 좋음)
PRD_1367,TGT_001,부모님(실용적인 식품 선물)
PRD_1367,TGT_008,자신(집에서 지역 맛을 즐기기 좋음)
PRD_1368,TGT_004,가족(요리에 활용하기 좋음)
PRD_1368,TGT_001,부모님(실용적인 식품 선물)
PRD_1368,TGT_008,자신(집에서 지역 맛을 즐기기 좋음)
PRD_1369,TGT_004,가족(요리에 활용하기 좋음)
PRD_1369,TGT_001,부모님(실용적인 식품 선물)
PRD_1369,TGT_008,자신(집에서 지역 맛을 즐기기 좋음)
PRD_1370,TGT_004,가족(요리에 활용하기 좋음)
PRD_1370,TGT_001,부모님(실용적인 식품 선물)
PRD_1370,TGT_008,자신(집에서 지역 맛을 즐기기 좋음)
PRD_1371,TGT_004,가족(요리에 활용하기 좋음)
PRD_1371,TGT_001,부모님(실용적인 식품 선물)
PRD_1371,TGT_008,자신(집에서 지역 맛을 즐기기 좋음)
PRD_1372,TGT_004,가족(요리에 활용하기 좋음)
PRD_1372,TGT_001,부모님(실용적인 식품 선물)
PRD_1372,TGT_008,자신(집에서 지역 맛을 즐기기 좋음)
PRD_1373,TGT_004,가족(요리에 활용하기 좋음)
PRD_1373,TGT_001,부모님(실용적인 식품 선물)
PRD_1373,TGT_008,자신(집에서 지역 맛을 즐기기 좋음)
PRD_1374,TGT_004,가족(요리에 활용하기 좋음)
PRD_1374,TGT_001,부모님(실용적인 식품 선물)
PRD_1374,TGT_008,자신(집에서 지역 맛을 즐기기 좋음)
PRD_1375,TGT_004,가족(요리에 활용하기 좋음)
PRD_1375,TGT_001,부모님(실용적인 식품 선물)
PRD_1375,TGT_008,자신(집에서 지역 맛을 즐기기 좋음)
PRD_1376,TGT_004,가족(요리에 활용하기 좋음)
PRD_1376,TGT_001,부모님(실용적인 식품 선물)
PRD_1376,TGT_008,자신(집에서 지역 맛을 즐기기 좋음)
PRD_1377,TGT_003,친구(함께 나누기 쉬움)
PRD_1377,TGT_005,직장동료(부담 없이 나눠주기 좋음)
PRD_1377,TGT_004,가족(가볍게 즐길 수 있음)
PRD_1378,TGT_003,친구(함께 나누기 쉬움)
PRD_1378,TGT_005,직장동료(부담 없이 나눠주기 좋음)
PRD_1378,TGT_004,가족(가볍게 즐길 수 있음)
PRD_1379,TGT_003,친구(함께 나누기 쉬움)
PRD_1379,TGT_005,직장동료(부담 없이 나눠주기 좋음)
PRD_1379,TGT_004,가족(가볍게 즐길 수 있음)
PRD_1380,TGT_003,친구(함께 나누기 쉬움)
PRD_1380,TGT_005,직장동료(부담 없이 나눠주기 좋음)
PRD_1380,TGT_004,가족(가볍게 즐길 수 있음)
PRD_1381,TGT_001,부모님(성인용 지역 주류 선물)
PRD_1381,TGT_006,상사/은사(격식 있는 성인 선물)
PRD_1381,TGT_008,자신(여행 기념으로 즐기기 좋음)
PRD_1382,TGT_001,부모님(성인용 지역 주류 선물)
PRD_1382,TGT_006,상사/은사(격식 있는 성인 선물)
PRD_1382,TGT_008,자신(여행 기념으로 즐기기 좋음)
PRD_1383,TGT_001,부모님(성인용 지역 주류 선물)
PRD_1383,TGT_006,상사/은사(격식 있는 성인 선물)
PRD_1383,TGT_008,자신(여행 기념으로 즐기기 좋음)
PRD_1384,TGT_001,부모님(성인용 지역 주류 선물)
PRD_1384,TGT_006,상사/은사(격식 있는 성인 선물)
PRD_1384,TGT_008,자신(여행 기념으로 즐기기 좋음)
PRD_1385,TGT_001,부모님(성인용 지역 주류 선물)
PRD_1385,TGT_006,상사/은사(격식 있는 성인 선물)
PRD_1385,TGT_008,자신(여행 기념으로 즐기기 좋음)
PRD_1386,TGT_003,친구(함께 맛보기 좋음)
PRD_1386,TGT_004,가족(가족이 나눠 먹기 좋음)
PRD_1386,TGT_005,직장동료(개별 포장 또는 배분이 쉬움)
PRD_1387,TGT_003,친구(함께 맛보기 좋음)
PRD_1387,TGT_004,가족(가족이 나눠 먹기 좋음)
PRD_1387,TGT_005,직장동료(개별 포장 또는 배분이 쉬움)
PRD_1388,TGT_003,친구(함께 맛보기 좋음)
PRD_1388,TGT_004,가족(가족이 나눠 먹기 좋음)
PRD_1388,TGT_005,직장동료(개별 포장 또는 배분이 쉬움)
PRD_1389,TGT_001,부모님(지역 대표성과 선물감이 있음)
PRD_1389,TGT_006,상사/은사(포장과 브랜드 신뢰도가 있음)
PRD_1389,TGT_008,자신(여행 중 직접 경험하기 좋음)
PRD_1390,TGT_003,친구(함께 맛보기 좋음)
PRD_1390,TGT_004,가족(가족이 나눠 먹기 좋음)
PRD_1390,TGT_005,직장동료(개별 포장 또는 배분이 쉬움)
PRD_1391,TGT_003,친구(함께 맛보기 좋음)
PRD_1391,TGT_004,가족(가족이 나눠 먹기 좋음)
PRD_1391,TGT_005,직장동료(개별 포장 또는 배분이 쉬움)
PRD_1392,TGT_003,친구(함께 맛보기 좋음)
PRD_1392,TGT_007,어린이(달콤하거나 먹기 쉬운 구성)
PRD_1392,TGT_008,자신(여행 중 직접 경험하기 좋음)
PRD_1393,TGT_003,친구(함께 맛보기 좋음)
PRD_1393,TGT_004,가족(가족이 나눠 먹기 좋음)
PRD_1393,TGT_005,직장동료(개별 포장 또는 배분이 쉬움)
PRD_1394,TGT_003,친구(함께 맛보기 좋음)
PRD_1394,TGT_004,가족(가족이 나눠 먹기 좋음)
PRD_1394,TGT_005,직장동료(개별 포장 또는 배분이 쉬움)
PRD_1395,TGT_003,친구(함께 맛보기 좋음)
PRD_1395,TGT_007,어린이(달콤하거나 먹기 쉬운 구성)
PRD_1395,TGT_008,자신(여행 중 직접 경험하기 좋음)
PRD_1396,TGT_003,친구(함께 맛보기 좋음)
PRD_1396,TGT_004,가족(가족이 나눠 먹기 좋음)
PRD_1396,TGT_005,직장동료(개별 포장 또는 배분이 쉬움)
PRD_1397,TGT_003,친구(함께 맛보기 좋음)
PRD_1397,TGT_004,가족(가족이 나눠 먹기 좋음)
PRD_1397,TGT_005,직장동료(개별 포장 또는 배분이 쉬움)
PRD_1398,TGT_003,친구(함께 맛보기 좋음)
PRD_1398,TGT_004,가족(가족이 나눠 먹기 좋음)
PRD_1398,TGT_005,직장동료(개별 포장 또는 배분이 쉬움)
PRD_1399,TGT_001,부모님(지역 대표성과 선물감이 있음)
PRD_1399,TGT_004,가족(가족이 나눠 먹기 좋음)
PRD_1399,TGT_006,상사/은사(포장과 브랜드 신뢰도가 있음)
PRD_1400,TGT_001,부모님(지역 대표성과 선물감이 있음)
PRD_1400,TGT_004,가족(가족이 나눠 먹기 좋음)
PRD_1400,TGT_006,상사/은사(포장과 브랜드 신뢰도가 있음)
PRD_1401,TGT_001,부모님(지역 대표성과 선물감이 있음)
PRD_1401,TGT_004,가족(가족이 나눠 먹기 좋음)
PRD_1401,TGT_006,상사/은사(포장과 브랜드 신뢰도가 있음)
PRD_1402,TGT_001,부모님(지역 대표성과 선물감이 있음)
PRD_1402,TGT_004,가족(가족이 나눠 먹기 좋음)
PRD_1402,TGT_006,상사/은사(포장과 브랜드 신뢰도가 있음)
PRD_1403,TGT_001,부모님(지역 대표성과 선물감이 있음)
PRD_1403,TGT_004,가족(가족이 나눠 먹기 좋음)
PRD_1403,TGT_006,상사/은사(포장과 브랜드 신뢰도가 있음)
PRD_1404,TGT_001,부모님(지역 대표성과 선물감이 있음)
PRD_1404,TGT_004,가족(가족이 나눠 먹기 좋음)
PRD_1404,TGT_006,상사/은사(포장과 브랜드 신뢰도가 있음)
PRD_1405,TGT_001,부모님(지역 대표성과 선물감이 있음)
PRD_1405,TGT_006,상사/은사(포장과 브랜드 신뢰도가 있음)
PRD_1405,TGT_008,자신(여행 중 직접 경험하기 좋음)
PRD_1406,TGT_001,부모님 (전통 화과자 선물)
PRD_1406,TGT_004,가족 (나눠 먹기 좋은 세트)
PRD_1406,TGT_006,상사/은사 (격식 있는 브랜드)
PRD_1407,TGT_003,친구 (가볍게 건네기 좋음)
PRD_1407,TGT_004,가족 (차와 함께 먹기 좋음)
PRD_1407,TGT_008,자신 (소량 맛보기)
PRD_1408,TGT_001,부모님 (차와 어울리는 양갱)
PRD_1408,TGT_006,상사/은사 (무게감 있는 화과자)
PRD_1408,TGT_008,자신 (전통 과자 경험)
PRD_1409,TGT_005,직장동료 (개별 포장)
PRD_1409,TGT_006,상사/은사 (단정한 화과자)
PRD_1409,TGT_003,친구 (커피와 어울림)
PRD_1410,TGT_005,직장동료 (여럿이 나누기 좋음)
PRD_1410,TGT_006,상사/은사 (백화점 취급 상품)
PRD_1410,TGT_004,가족 (넉넉한 수량)
PRD_1411,TGT_001,부모님 (따뜻하게 마시는 선물)
PRD_1411,TGT_006,상사/은사 (고급 전통 과자)
PRD_1411,TGT_008,자신 (색다른 전통 음료)
PRD_1412,TGT_001,부모님 (따뜻한 간식)
PRD_1412,TGT_004,가족 (집에서 나눠 먹기 좋음)
PRD_1412,TGT_006,상사/은사 (차분한 선물)
PRD_1413,TGT_001,부모님 (전통 떡과자)
PRD_1413,TGT_004,가족 (차와 나눠 먹기 좋음)
PRD_1413,TGT_006,상사/은사 (정갈한 화과자)
PRD_1414,TGT_001,부모님 (밤 화과자 선물)
PRD_1414,TGT_006,상사/은사 (고급 디저트)
PRD_1414,TGT_008,자신 (차와 즐기기 좋음)
PRD_1415,TGT_005,직장동료 (소형 개별 선물)
PRD_1415,TGT_004,가족 (간식으로 나눠 먹기 좋음)
PRD_1415,TGT_001,부모님 (부드러운 만주)
PRD_1416,TGT_003,친구 (이색 레토르트)
PRD_1416,TGT_004,가족 (간단한 식사)
PRD_1416,TGT_008,자신 (숙소나 집에서 먹기 좋음)
PRD_1417,TGT_004,가족 (간편한 식사용)
PRD_1417,TGT_008,자신 (우설 스튜 경험)
PRD_1417,TGT_003,친구 (센다이식 레토르트)
PRD_1418,TGT_007,어린이 (순한 카레)
PRD_1418,TGT_004,가족 (아이 간식/식사)
PRD_1418,TGT_003,친구 (아이 있는 집 선물)
PRD_1419,TGT_001,부모님 (식사용 고기 선물)
PRD_1419,TGT_004,가족 (함께 조리 가능)
PRD_1419,TGT_008,자신 (센다이 우설 체험)
PRD_1420,TGT_004,가족 (밥반찬용)
PRD_1420,TGT_008,자신 (양념 우설 체험)
PRD_1420,TGT_001,부모님 (식사용 선물)
PRD_1421,TGT_003,친구 (이색 레토르트)
PRD_1421,TGT_004,가족 (식사용 선물)
PRD_1421,TGT_008,자신 (간편하게 맛보기)
PRD_1422,TGT_003,친구 (부담 없는 식품)
PRD_1422,TGT_004,가족 (간편 식사)
PRD_1422,TGT_008,자신 (센다이 우설 맛보기)
PRD_1423,TGT_001,부모님 (반찬형 선물)
PRD_1423,TGT_004,가족 (함께 먹기 좋음)
PRD_1423,TGT_008,자신 (센다이 사사카마 체험)
PRD_1424,TGT_001,부모님 (반찬형 고급 선물)
PRD_1424,TGT_004,가족 (다양한 구성)
PRD_1424,TGT_006,상사/은사 (포장감 있는 식품)
PRD_1425,TGT_001,부모님 (반찬 겸용 선물)
PRD_1425,TGT_004,가족 (나눠 먹기 좋음)
PRD_1425,TGT_006,상사/은사 (고급 어묵 세트)
PRD_1426,TGT_001,부모님 (계절 식품 선물)
PRD_1426,TGT_004,가족 (여럿이 나누기 좋음)
PRD_1426,TGT_006,상사/은사 (지역 특산 세트)
PRD_1427,TGT_001,부모님 (요리 재료 선물)
PRD_1427,TGT_004,가족 (가정식 활용)
PRD_1427,TGT_008,자신 (현지 식재료 체험)
PRD_1428,TGT_003,친구 (가벼운 과자 선물)
PRD_1428,TGT_005,직장동료 (나눠주기 좋음)
PRD_1428,TGT_008,자신 (전통 간식 맛보기)
PRD_1429,TGT_005,직장동료 (소분 포장)
PRD_1429,TGT_003,친구 (가볍게 나누기 좋음)
PRD_1429,TGT_004,가족 (간식으로 먹기 좋음)
PRD_1430,TGT_003,친구 (귀여운 로컬 굿즈)
PRD_1430,TGT_002,연인 (작은 기념품)
PRD_1430,TGT_008,자신 (여행 추억 보관)
PRD_1431,TGT_003,친구 (응원 의미의 선물)
PRD_1431,TGT_008,자신 (기념 장식품)
PRD_1431,TGT_006,상사/은사 (전통 장식 선물)
PRD_1432,TGT_003,친구 (작은 로컬 소품)
PRD_1432,TGT_007,어린이 (귀여운 장식품)
PRD_1432,TGT_008,자신 (가벼운 기념품)
PRD_1433,TGT_006,상사/은사 (부담 없는 공예 선물)
PRD_1433,TGT_003,친구 (독서 취향 선물)
PRD_1433,TGT_008,자신 (실용 기념품)
PRD_1434,TGT_002,연인 (예쁜 실용 잡화)
PRD_1434,TGT_003,친구 (휴대용 소품)
PRD_1434,TGT_008,자신 (여행 기념 소품)
PRD_1435,TGT_003,친구 (캐릭터 굿즈)
PRD_1435,TGT_002,연인 (귀여운 소품)
PRD_1435,TGT_008,자신 (기념 굿즈)
PRD_1436,TGT_001,부모님(단정한 포장과 부드러운 맛)
PRD_1436,TGT_004,가족(함께 나눠 먹기 좋음)
PRD_1436,TGT_006,상사/은사(격식 있는 지역 과자)
PRD_1438,TGT_001,부모님(단정한 포장과 부드러운 맛)
PRD_1438,TGT_004,가족(함께 나눠 먹기 좋음)
PRD_1438,TGT_006,상사/은사(격식 있는 지역 과자)
PRD_1439,TGT_001,부모님(단정한 포장과 부드러운 맛)
PRD_1439,TGT_004,가족(함께 나눠 먹기 좋음)
PRD_1439,TGT_006,상사/은사(격식 있는 지역 과자)
PRD_1445,TGT_001,부모님(단정한 포장과 부드러운 맛)
PRD_1445,TGT_004,가족(함께 나눠 먹기 좋음)
PRD_1445,TGT_006,상사/은사(격식 있는 지역 과자)
PRD_1446,TGT_001,부모님(단정한 포장과 부드러운 맛)
PRD_1446,TGT_004,가족(함께 나눠 먹기 좋음)
PRD_1446,TGT_006,상사/은사(격식 있는 지역 과자)
PRD_1437,TGT_003,친구(부담 없이 나누기 쉬움)
PRD_1437,TGT_004,가족(호불호가 적은 간식)
PRD_1437,TGT_005,직장동료(소포장·간식용으로 적합)
PRD_1440,TGT_003,친구(부담 없이 나누기 쉬움)
PRD_1440,TGT_004,가족(호불호가 적은 간식)
PRD_1440,TGT_005,직장동료(소포장·간식용으로 적합)
PRD_1441,TGT_003,친구(부담 없이 나누기 쉬움)
PRD_1441,TGT_004,가족(호불호가 적은 간식)
PRD_1441,TGT_005,직장동료(소포장·간식용으로 적합)
PRD_1442,TGT_003,친구(부담 없이 나누기 쉬움)
PRD_1442,TGT_004,가족(호불호가 적은 간식)
PRD_1442,TGT_005,직장동료(소포장·간식용으로 적합)
PRD_1443,TGT_003,친구(부담 없이 나누기 쉬움)
PRD_1443,TGT_004,가족(호불호가 적은 간식)
PRD_1443,TGT_005,직장동료(소포장·간식용으로 적합)
PRD_1444,TGT_003,친구(부담 없이 나누기 쉬움)
PRD_1444,TGT_004,가족(호불호가 적은 간식)
PRD_1444,TGT_005,직장동료(소포장·간식용으로 적합)
PRD_1447,TGT_003,친구(부담 없이 나누기 쉬움)
PRD_1447,TGT_004,가족(호불호가 적은 간식)
PRD_1447,TGT_005,직장동료(소포장·간식용으로 적합)
PRD_1448,TGT_003,친구(부담 없이 나누기 쉬움)
PRD_1448,TGT_004,가족(호불호가 적은 간식)
PRD_1448,TGT_005,직장동료(소포장·간식용으로 적합)
PRD_1449,TGT_003,친구(부담 없이 나누기 쉬움)
PRD_1449,TGT_004,가족(호불호가 적은 간식)
PRD_1449,TGT_005,직장동료(소포장·간식용으로 적합)
PRD_1450,TGT_003,친구(부담 없이 나누기 쉬움)
PRD_1450,TGT_004,가족(호불호가 적은 간식)
PRD_1450,TGT_005,직장동료(소포장·간식용으로 적합)
PRD_1451,TGT_001,부모님(지역 지주를 즐기는 선물)
PRD_1451,TGT_006,상사/은사(격식 있는 주류 선물)
PRD_1451,TGT_008,자신(여행 중 직접 맛보기 좋음)
PRD_1452,TGT_001,부모님(지역 지주를 즐기는 선물)
PRD_1452,TGT_006,상사/은사(격식 있는 주류 선물)
PRD_1452,TGT_008,자신(여행 중 직접 맛보기 좋음)
PRD_1453,TGT_001,부모님(지역 지주를 즐기는 선물)
PRD_1453,TGT_006,상사/은사(격식 있는 주류 선물)
PRD_1453,TGT_008,자신(여행 중 직접 맛보기 좋음)
PRD_1454,TGT_002,연인(귀여운 동물 굿즈)
PRD_1454,TGT_003,친구(가볍고 취향 타는 재미 선물)
PRD_1454,TGT_007,어린이(동물 인형으로 친근함)
PRD_1454,TGT_008,자신(여행 기념 소장용)
PRD_1455,TGT_002,연인(귀여운 동물 굿즈)
PRD_1455,TGT_003,친구(가볍고 취향 타는 재미 선물)
PRD_1455,TGT_007,어린이(동물 인형으로 친근함)
PRD_1455,TGT_008,자신(여행 기념 소장용)
PRD_1456,TGT_003,친구(나눠 먹기 쉬운 디저트)
PRD_1456,TGT_004,가족(대중적인 과자 선물)
PRD_1456,TGT_005,직장동료(개별 포장 또는 상자 구성)
PRD_1457,TGT_003,친구(나눠 먹기 쉬운 디저트)
PRD_1457,TGT_004,가족(대중적인 과자 선물)
PRD_1457,TGT_005,직장동료(개별 포장 또는 상자 구성)
PRD_1458,TGT_003,친구(나눠 먹기 쉬운 디저트)
PRD_1458,TGT_004,가족(대중적인 과자 선물)
PRD_1458,TGT_005,직장동료(개별 포장 또는 상자 구성)
PRD_1459,TGT_003,친구(나눠 먹기 쉬운 디저트)
PRD_1459,TGT_004,가족(대중적인 과자 선물)
PRD_1459,TGT_005,직장동료(개별 포장 또는 상자 구성)
PRD_1460,TGT_003,친구(나눠 먹기 쉬운 디저트)
PRD_1460,TGT_004,가족(대중적인 과자 선물)
PRD_1460,TGT_005,직장동료(개별 포장 또는 상자 구성)
PRD_1461,TGT_003,친구(나눠 먹기 쉬운 디저트)
PRD_1461,TGT_004,가족(대중적인 과자 선물)
PRD_1461,TGT_005,직장동료(개별 포장 또는 상자 구성)
PRD_1462,TGT_003,친구(나눠 먹기 쉬운 디저트)
PRD_1462,TGT_004,가족(대중적인 과자 선물)
PRD_1462,TGT_005,직장동료(개별 포장 또는 상자 구성)
PRD_1463,TGT_003,친구(나눠 먹기 쉬운 디저트)
PRD_1463,TGT_004,가족(대중적인 과자 선물)
PRD_1463,TGT_005,직장동료(개별 포장 또는 상자 구성)
PRD_1464,TGT_003,친구(나눠 먹기 쉬운 디저트)
PRD_1464,TGT_004,가족(대중적인 과자 선물)
PRD_1464,TGT_005,직장동료(개별 포장 또는 상자 구성)
PRD_1465,TGT_003,친구(나눠 먹기 쉬운 디저트)
PRD_1465,TGT_004,가족(대중적인 과자 선물)
PRD_1465,TGT_005,직장동료(개별 포장 또는 상자 구성)
PRD_1466,TGT_003,친구(나눠 먹기 쉬운 디저트)
PRD_1466,TGT_004,가족(대중적인 과자 선물)
PRD_1466,TGT_005,직장동료(개별 포장 또는 상자 구성)
PRD_1467,TGT_003,친구(나눠 먹기 쉬운 디저트)
PRD_1467,TGT_004,가족(대중적인 과자 선물)
PRD_1467,TGT_005,직장동료(개별 포장 또는 상자 구성)
PRD_1468,TGT_003,친구(나눠 먹기 쉬운 디저트)
PRD_1468,TGT_004,가족(대중적인 과자 선물)
PRD_1468,TGT_005,직장동료(개별 포장 또는 상자 구성)
PRD_1469,TGT_003,친구(나눠 먹기 쉬운 디저트)
PRD_1469,TGT_004,가족(대중적인 과자 선물)
PRD_1469,TGT_005,직장동료(개별 포장 또는 상자 구성)
PRD_1470,TGT_003,친구(나눠 먹기 쉬운 디저트)
PRD_1470,TGT_004,가족(대중적인 과자 선물)
PRD_1470,TGT_005,직장동료(개별 포장 또는 상자 구성)
PRD_1471,TGT_003,친구(나눠 먹기 쉬운 디저트)
PRD_1471,TGT_004,가족(대중적인 과자 선물)
PRD_1471,TGT_005,직장동료(개별 포장 또는 상자 구성)
PRD_1472,TGT_003,친구(나눠 먹기 쉬운 디저트)
PRD_1472,TGT_004,가족(대중적인 과자 선물)
PRD_1472,TGT_005,직장동료(개별 포장 또는 상자 구성)
PRD_1473,TGT_003,친구(나눠 먹기 쉬운 디저트)
PRD_1473,TGT_004,가족(대중적인 과자 선물)
PRD_1473,TGT_005,직장동료(개별 포장 또는 상자 구성)
PRD_1474,TGT_003,친구(나눠 먹기 쉬운 디저트)
PRD_1474,TGT_004,가족(대중적인 과자 선물)
PRD_1474,TGT_005,직장동료(개별 포장 또는 상자 구성)
PRD_1475,TGT_003,친구(나눠 먹기 쉬운 디저트)
PRD_1475,TGT_004,가족(대중적인 과자 선물)
PRD_1475,TGT_005,직장동료(개별 포장 또는 상자 구성)
PRD_1476,TGT_001,부모님(실용적인 생활 소품)
PRD_1476,TGT_006,상사/은사(공예품의 격식)
PRD_1476,TGT_008,자신(여행 기념으로 보관 가능)
PRD_1477,TGT_001,부모님(실용적인 생활 소품)
PRD_1477,TGT_006,상사/은사(공예품의 격식)
PRD_1477,TGT_008,자신(여행 기념으로 보관 가능)
PRD_1478,TGT_001,부모님(실용적인 생활 소품)
PRD_1478,TGT_006,상사/은사(공예품의 격식)
PRD_1478,TGT_008,자신(여행 기념으로 보관 가능)
PRD_1479,TGT_001,부모님(실용적인 생활 소품)
PRD_1479,TGT_006,상사/은사(공예품의 격식)
PRD_1479,TGT_008,자신(여행 기념으로 보관 가능)
PRD_1480,TGT_001,부모님(실용적인 생활 소품)
PRD_1480,TGT_006,상사/은사(공예품의 격식)
PRD_1480,TGT_008,자신(여행 기념으로 보관 가능)
PRD_1481,TGT_003,친구(지역 라멘 체험 선물)
PRD_1481,TGT_004,가족(식사 대용으로 함께 먹기 좋음)
PRD_1481,TGT_008,자신(여행 후 맛 재현용)
PRD_1482,TGT_003,친구(지역 라멘 체험 선물)
PRD_1482,TGT_004,가족(식사 대용으로 함께 먹기 좋음)
PRD_1482,TGT_008,자신(여행 후 맛 재현용)
PRD_1483,TGT_003,친구(지역 라멘 체험 선물)
PRD_1483,TGT_004,가족(식사 대용으로 함께 먹기 좋음)
PRD_1483,TGT_008,자신(여행 후 맛 재현용)
PRD_1484,TGT_001,부모님(전통 주류 선물)
PRD_1484,TGT_006,상사/은사(격식 있는 병 제품)
PRD_1484,TGT_008,자신(지역 술 체험용)
PRD_1485,TGT_001,부모님(전통 주류 선물)
PRD_1485,TGT_006,상사/은사(격식 있는 병 제품)
PRD_1485,TGT_008,자신(지역 술 체험용)
PRD_1486,TGT_003,친구(가볍게 나누기 좋은 디저트)
PRD_1486,TGT_002,연인(달콤한 선물로 적합)
PRD_1486,TGT_008,자신(여행 중 기념용으로 좋음)
PRD_1487,TGT_001,부모님(지역 전통성이 뚜렷함)
PRD_1487,TGT_006,상사/은사(격식 있는 선물로 설명 가능)
PRD_1487,TGT_004,가족(함께 쓰거나 나누기 좋음)
PRD_1488,TGT_001,부모님(지역 전통성이 뚜렷함)
PRD_1488,TGT_006,상사/은사(격식 있는 선물로 설명 가능)
PRD_1488,TGT_004,가족(함께 쓰거나 나누기 좋음)
PRD_1489,TGT_003,친구(부담 없는 지역 기념품)
PRD_1489,TGT_005,직장동료(나눠주기 쉬움)
PRD_1489,TGT_004,가족(호불호가 적은 선물)
PRD_1490,TGT_001,부모님(지역 전통성이 뚜렷함)
PRD_1490,TGT_006,상사/은사(격식 있는 선물로 설명 가능)
PRD_1490,TGT_004,가족(함께 쓰거나 나누기 좋음)
PRD_1491,TGT_001,부모님(지역 전통성이 뚜렷함)
PRD_1491,TGT_006,상사/은사(격식 있는 선물로 설명 가능)
PRD_1491,TGT_004,가족(함께 쓰거나 나누기 좋음)
PRD_1492,TGT_001,부모님(지역 전통성이 뚜렷함)
PRD_1492,TGT_006,상사/은사(격식 있는 선물로 설명 가능)
PRD_1492,TGT_004,가족(함께 쓰거나 나누기 좋음)
PRD_1493,TGT_003,친구(가볍게 나누기 좋은 디저트)
PRD_1493,TGT_002,연인(달콤한 선물로 적합)
PRD_1493,TGT_008,자신(여행 중 기념용으로 좋음)
PRD_1494,TGT_003,친구(부담 없는 지역 기념품)
PRD_1494,TGT_005,직장동료(나눠주기 쉬움)
PRD_1494,TGT_004,가족(호불호가 적은 선물)
PRD_1495,TGT_003,친구(부담 없는 지역 기념품)
PRD_1495,TGT_005,직장동료(나눠주기 쉬움)
PRD_1495,TGT_004,가족(호불호가 적은 선물)
PRD_1496,TGT_001,부모님(지역 전통성이 뚜렷함)
PRD_1496,TGT_006,상사/은사(격식 있는 선물로 설명 가능)
PRD_1496,TGT_004,가족(함께 쓰거나 나누기 좋음)
PRD_1497,TGT_001,부모님(지역 전통성이 뚜렷함)
PRD_1497,TGT_006,상사/은사(격식 있는 선물로 설명 가능)
PRD_1497,TGT_004,가족(함께 쓰거나 나누기 좋음)
PRD_1498,TGT_001,부모님(지역 전통성이 뚜렷함)
PRD_1498,TGT_006,상사/은사(격식 있는 선물로 설명 가능)
PRD_1498,TGT_004,가족(함께 쓰거나 나누기 좋음)
PRD_1499,TGT_001,부모님(지역 전통성이 뚜렷함)
PRD_1499,TGT_006,상사/은사(격식 있는 선물로 설명 가능)
PRD_1499,TGT_004,가족(함께 쓰거나 나누기 좋음)
PRD_1500,TGT_001,부모님(지역 전통성이 뚜렷함)
PRD_1500,TGT_006,상사/은사(격식 있는 선물로 설명 가능)
PRD_1500,TGT_004,가족(함께 쓰거나 나누기 좋음)
PRD_1501,TGT_001,부모님(지역 전통성이 뚜렷함)
PRD_1501,TGT_006,상사/은사(격식 있는 선물로 설명 가능)
PRD_1501,TGT_004,가족(함께 쓰거나 나누기 좋음)
PRD_1502,TGT_001,부모님(지역 전통성이 뚜렷함)
PRD_1502,TGT_006,상사/은사(격식 있는 선물로 설명 가능)
PRD_1502,TGT_004,가족(함께 쓰거나 나누기 좋음)
PRD_1503,TGT_003,친구(가볍게 나누기 좋은 디저트)
PRD_1503,TGT_002,연인(달콤한 선물로 적합)
PRD_1503,TGT_008,자신(여행 중 기념용으로 좋음)
PRD_1504,TGT_003,친구(부담 없는 지역 기념품)
PRD_1504,TGT_005,직장동료(나눠주기 쉬움)
PRD_1504,TGT_004,가족(호불호가 적은 선물)
PRD_1505,TGT_001,부모님(지역 전통성이 뚜렷함)
PRD_1505,TGT_006,상사/은사(격식 있는 선물로 설명 가능)
PRD_1505,TGT_004,가족(함께 쓰거나 나누기 좋음)
PRD_1506,TGT_001,부모님(지역 전통성이 뚜렷함)
PRD_1506,TGT_006,상사/은사(격식 있는 선물로 설명 가능)
PRD_1506,TGT_004,가족(함께 쓰거나 나누기 좋음)
PRD_1507,TGT_003,친구(부담 없는 지역 기념품)
PRD_1507,TGT_005,직장동료(나눠주기 쉬움)
PRD_1507,TGT_004,가족(호불호가 적은 선물)
PRD_1508,TGT_003,친구(부담 없는 지역 기념품)
PRD_1508,TGT_005,직장동료(나눠주기 쉬움)
PRD_1508,TGT_004,가족(호불호가 적은 선물)
PRD_1509,TGT_003,친구(가볍게 나누기 좋은 디저트)
PRD_1509,TGT_002,연인(달콤한 선물로 적합)
PRD_1509,TGT_008,자신(여행 중 기념용으로 좋음)
PRD_1510,TGT_003,친구(부담 없는 지역 기념품)
PRD_1510,TGT_005,직장동료(나눠주기 쉬움)
PRD_1510,TGT_004,가족(호불호가 적은 선물)
PRD_1511,TGT_003,친구(부담 없는 지역 기념품)
PRD_1511,TGT_005,직장동료(나눠주기 쉬움)
PRD_1511,TGT_004,가족(호불호가 적은 선물)
PRD_1512,TGT_001,부모님(지역 전통성이 뚜렷함)
PRD_1512,TGT_006,상사/은사(격식 있는 선물로 설명 가능)
PRD_1512,TGT_004,가족(함께 쓰거나 나누기 좋음)
PRD_1513,TGT_001,부모님(지역 전통성이 뚜렷함)
PRD_1513,TGT_006,상사/은사(격식 있는 선물로 설명 가능)
PRD_1513,TGT_004,가족(함께 쓰거나 나누기 좋음)
PRD_1514,TGT_001,부모님(지역 전통성이 뚜렷함)
PRD_1514,TGT_006,상사/은사(격식 있는 선물로 설명 가능)
PRD_1514,TGT_004,가족(함께 쓰거나 나누기 좋음)
PRD_1515,TGT_001,부모님(지역 전통성이 뚜렷함)
PRD_1515,TGT_006,상사/은사(격식 있는 선물로 설명 가능)
PRD_1515,TGT_004,가족(함께 쓰거나 나누기 좋음)
PRD_1516,TGT_001,부모님(지역 전통성이 뚜렷함)
PRD_1516,TGT_006,상사/은사(격식 있는 선물로 설명 가능)
PRD_1516,TGT_004,가족(함께 쓰거나 나누기 좋음)
PRD_1517,TGT_003,친구(부담 없는 지역 기념품)
PRD_1517,TGT_005,직장동료(나눠주기 쉬움)
PRD_1517,TGT_004,가족(호불호가 적은 선물)
PRD_1518,TGT_004,가족(식사 반찬으로 활용 가능)
PRD_1518,TGT_003,친구(지역 음식 경험을 공유하기 좋음)
PRD_1518,TGT_008,자신(집에서 여행지 맛을 즐기기 좋음)
PRD_1519,TGT_004,가족(식사 반찬으로 활용 가능)
PRD_1519,TGT_003,친구(지역 음식 경험을 공유하기 좋음)
PRD_1519,TGT_008,자신(집에서 여행지 맛을 즐기기 좋음)
PRD_1520,TGT_004,가족(식사 반찬으로 활용 가능)
PRD_1520,TGT_003,친구(지역 음식 경험을 공유하기 좋음)
PRD_1520,TGT_008,자신(집에서 여행지 맛을 즐기기 좋음)
PRD_1521,TGT_001,부모님(지역 전통성이 뚜렷함)
PRD_1521,TGT_006,상사/은사(격식 있는 선물로 설명 가능)
PRD_1521,TGT_004,가족(함께 쓰거나 나누기 좋음)
PRD_1522,TGT_001,부모님(지역 전통성이 뚜렷함)
PRD_1522,TGT_006,상사/은사(격식 있는 선물로 설명 가능)
PRD_1522,TGT_004,가족(함께 쓰거나 나누기 좋음)
PRD_1523,TGT_001,부모님(지역 전통성이 뚜렷함)
PRD_1523,TGT_006,상사/은사(격식 있는 선물로 설명 가능)
PRD_1523,TGT_004,가족(함께 쓰거나 나누기 좋음)
PRD_1524,TGT_003,친구(부담 없는 지역 기념품)
PRD_1524,TGT_005,직장동료(나눠주기 쉬움)
PRD_1524,TGT_004,가족(호불호가 적은 선물)
PRD_1525,TGT_003,친구(부담 없는 지역 기념품)
PRD_1525,TGT_005,직장동료(나눠주기 쉬움)
PRD_1525,TGT_004,가족(호불호가 적은 선물)
PRD_1526,TGT_003,친구(부담 없는 지역 기념품)
PRD_1526,TGT_005,직장동료(나눠주기 쉬움)
PRD_1526,TGT_004,가족(호불호가 적은 선물)
PRD_1527,TGT_003,친구(부담 없는 지역 기념품)
PRD_1527,TGT_005,직장동료(나눠주기 쉬움)
PRD_1527,TGT_004,가족(호불호가 적은 선물)
PRD_1528,TGT_003,친구(가볍게 나누기 좋은 디저트)
PRD_1528,TGT_002,연인(달콤한 선물로 적합)
PRD_1528,TGT_008,자신(여행 중 기념용으로 좋음)
PRD_1529,TGT_004,가족(식사 반찬으로 활용 가능)
PRD_1529,TGT_003,친구(지역 음식 경험을 공유하기 좋음)
PRD_1529,TGT_008,자신(집에서 여행지 맛을 즐기기 좋음)
PRD_1530,TGT_004,가족(식사 반찬으로 활용 가능)
PRD_1530,TGT_003,친구(지역 음식 경험을 공유하기 좋음)
PRD_1530,TGT_008,자신(집에서 여행지 맛을 즐기기 좋음)
PRD_1531,TGT_001,부모님(지역 전통성이 뚜렷함)
PRD_1531,TGT_006,상사/은사(격식 있는 선물로 설명 가능)
PRD_1531,TGT_004,가족(함께 쓰거나 나누기 좋음)
PRD_1532,TGT_001,부모님(지역 전통성이 뚜렷함)
PRD_1532,TGT_006,상사/은사(격식 있는 선물로 설명 가능)
PRD_1532,TGT_004,가족(함께 쓰거나 나누기 좋음)
PRD_1533,TGT_001,부모님(지역 전통성이 뚜렷함)
PRD_1533,TGT_006,상사/은사(격식 있는 선물로 설명 가능)
PRD_1533,TGT_004,가족(함께 쓰거나 나누기 좋음)
PRD_1534,TGT_001,부모님(지역 전통성이 뚜렷함)
PRD_1534,TGT_006,상사/은사(격식 있는 선물로 설명 가능)
PRD_1534,TGT_004,가족(함께 쓰거나 나누기 좋음)
PRD_1535,TGT_001,부모님(지역 전통성이 뚜렷함)
PRD_1535,TGT_006,상사/은사(격식 있는 선물로 설명 가능)
PRD_1535,TGT_004,가족(함께 쓰거나 나누기 좋음)
PRD_836,TGT_002,예쁜 디자인이나 달콤한 디저트 감성이 있어 연인 선물로 어울림
PRD_836,TGT_008,현지 대표성이나 특산성이 뚜렷해 직접 경험하기 좋은 기념품임
PRD_836,TGT_004,달콤한 간식류라 가족이 함께 나눠 먹기 좋음
PRD_836,TGT_001,전통성이나 지역의 오래된 맛을 담아 정성스러운 선물로 어울림
PRD_836,TGT_003,가볍고 트렌디하게 즐길 수 있어 친구에게 부담 없이 선물하기 좋음
PRD_837,TGT_003,가볍고 트렌디하게 즐길 수 있어 친구에게 부담 없이 선물하기 좋음
PRD_837,TGT_007,달콤한 맛과 부드러운 식감이 있어 어린이 간식 선물로 어울림
PRD_837,TGT_008,지역 한정 요소가 있어 여행 추억용·직접 경험용 선물로 적합함
PRD_837,TGT_004,달콤한 간식류라 가족이 함께 나눠 먹기 좋음
PRD_837,TGT_005,과자류라 사무실에서 깔끔하게 나눠 먹기 좋음
PRD_838,TGT_006,고급감·브랜드성·품질 요소가 있어 예의를 갖춘 선물로 적합함
PRD_838,TGT_004,달콤한 간식류라 가족이 함께 나눠 먹기 좋음
PRD_838,TGT_003,가볍고 트렌디하게 즐길 수 있어 친구에게 부담 없이 선물하기 좋음
PRD_838,TGT_007,달콤한 맛과 부드러운 식감이 있어 어린이 간식 선물로 어울림
PRD_838,TGT_005,과자류라 사무실에서 깔끔하게 나눠 먹기 좋음
PRD_839,TGT_006,고급감·브랜드성·품질 요소가 있어 예의를 갖춘 선물로 적합함
PRD_839,TGT_004,달콤한 간식류라 가족이 함께 나눠 먹기 좋음
PRD_839,TGT_003,가볍고 트렌디하게 즐길 수 있어 친구에게 부담 없이 선물하기 좋음
PRD_839,TGT_007,달콤한 맛과 부드러운 식감이 있어 어린이 간식 선물로 어울림
PRD_839,TGT_005,과자류라 사무실에서 깔끔하게 나눠 먹기 좋음
PRD_840,TGT_003,가볍고 트렌디하게 즐길 수 있어 친구에게 부담 없이 선물하기 좋음
PRD_840,TGT_004,달콤한 간식류라 가족이 함께 나눠 먹기 좋음
PRD_840,TGT_006,고급감·브랜드성·품질 요소가 있어 예의를 갖춘 선물로 적합함
PRD_840,TGT_007,달콤한 맛과 부드러운 식감이 있어 어린이 간식 선물로 어울림
PRD_840,TGT_005,과자류라 사무실에서 깔끔하게 나눠 먹기 좋음
PRD_841,TGT_004,달콤한 간식류라 가족이 함께 나눠 먹기 좋음
PRD_841,TGT_001,전통성이나 지역의 오래된 맛을 담아 정성스러운 선물로 어울림
PRD_841,TGT_003,가볍고 트렌디하게 즐길 수 있어 친구에게 부담 없이 선물하기 좋음
PRD_841,TGT_006,전통성과 품격이 있어 상사나 은사에게 드리기 좋음
PRD_841,TGT_007,달콤한 맛과 부드러운 식감이 있어 어린이 간식 선물로 어울림
PRD_842,TGT_001,건강·천연·보습 등 배려 요소가 있어 부모님 선물로 적합함
PRD_842,TGT_006,고급감·브랜드성·품질 요소가 있어 예의를 갖춘 선물로 적합함
PRD_842,TGT_004,달콤한 간식류라 가족이 함께 나눠 먹기 좋음
PRD_842,TGT_003,가볍고 트렌디하게 즐길 수 있어 친구에게 부담 없이 선물하기 좋음
PRD_842,TGT_007,달콤한 맛과 부드러운 식감이 있어 어린이 간식 선물로 어울림
PRD_843,TGT_002,예쁜 디자인이나 달콤한 디저트 감성이 있어 연인 선물로 어울림
PRD_843,TGT_008,지역 한정 요소가 있어 여행 추억용·직접 경험용 선물로 적합함
PRD_843,TGT_004,달콤한 간식류라 가족이 함께 나눠 먹기 좋음
PRD_843,TGT_003,가볍고 트렌디하게 즐길 수 있어 친구에게 부담 없이 선물하기 좋음
PRD_843,TGT_007,달콤한 맛과 부드러운 식감이 있어 어린이 간식 선물로 어울림
PRD_844,TGT_002,예쁜 디자인이나 달콤한 디저트 감성이 있어 연인 선물로 어울림
PRD_844,TGT_004,달콤한 간식류라 가족이 함께 나눠 먹기 좋음
PRD_844,TGT_003,가볍고 트렌디하게 즐길 수 있어 친구에게 부담 없이 선물하기 좋음
PRD_844,TGT_007,달콤한 맛과 부드러운 식감이 있어 어린이 간식 선물로 어울림
PRD_844,TGT_008,지역성이 분명해 여행의 기억을 남기는 개인용 선물로 적합함
PRD_845,TGT_004,달콤한 간식류라 가족이 함께 나눠 먹기 좋음
PRD_845,TGT_001,전통성이나 지역의 오래된 맛을 담아 정성스러운 선물로 어울림
PRD_845,TGT_002,예쁜 디자인이나 달콤한 디저트 감성이 있어 연인 선물로 어울림
PRD_845,TGT_003,가볍고 트렌디하게 즐길 수 있어 친구에게 부담 없이 선물하기 좋음
PRD_845,TGT_006,전통성과 품격이 있어 상사나 은사에게 드리기 좋음
PRD_846,TGT_006,고급감·브랜드성·품질 요소가 있어 예의를 갖춘 선물로 적합함
PRD_846,TGT_004,달콤한 간식류라 가족이 함께 나눠 먹기 좋음
PRD_846,TGT_002,예쁜 디자인이나 달콤한 디저트 감성이 있어 연인 선물로 어울림
PRD_846,TGT_003,가볍고 트렌디하게 즐길 수 있어 친구에게 부담 없이 선물하기 좋음
PRD_846,TGT_007,달콤한 맛과 부드러운 식감이 있어 어린이 간식 선물로 어울림
PRD_847,TGT_001,건강·천연·보습 등 배려 요소가 있어 부모님 선물로 적합함
PRD_847,TGT_004,달콤한 간식류라 가족이 함께 나눠 먹기 좋음
PRD_847,TGT_003,가볍고 트렌디하게 즐길 수 있어 친구에게 부담 없이 선물하기 좋음
PRD_847,TGT_008,현지 대표성이나 특산성이 뚜렷해 직접 경험하기 좋은 기념품임
PRD_847,TGT_006,전통성과 품격이 있어 상사나 은사에게 드리기 좋음
PRD_848,TGT_006,고급감·브랜드성·품질 요소가 있어 예의를 갖춘 선물로 적합함
PRD_848,TGT_004,달콤한 간식류라 가족이 함께 나눠 먹기 좋음
PRD_848,TGT_003,가볍고 트렌디하게 즐길 수 있어 친구에게 부담 없이 선물하기 좋음
PRD_848,TGT_007,달콤한 맛과 부드러운 식감이 있어 어린이 간식 선물로 어울림
PRD_848,TGT_005,과자류라 사무실에서 깔끔하게 나눠 먹기 좋음
PRD_849,TGT_001,건강·천연·보습 등 배려 요소가 있어 부모님 선물로 적합함
PRD_849,TGT_004,달콤한 간식류라 가족이 함께 나눠 먹기 좋음
PRD_849,TGT_003,가볍고 트렌디하게 즐길 수 있어 친구에게 부담 없이 선물하기 좋음
PRD_849,TGT_006,전통성과 품격이 있어 상사나 은사에게 드리기 좋음
PRD_849,TGT_007,달콤한 맛과 부드러운 식감이 있어 어린이 간식 선물로 어울림
PRD_850,TGT_006,고급감·브랜드성·품질 요소가 있어 예의를 갖춘 선물로 적합함
PRD_850,TGT_004,달콤한 간식류라 가족이 함께 나눠 먹기 좋음
PRD_850,TGT_005,소분·세트형으로 나눠 주기 쉬워 직장동료 선물에 적합함
PRD_850,TGT_003,가볍고 트렌디하게 즐길 수 있어 친구에게 부담 없이 선물하기 좋음
PRD_850,TGT_007,달콤한 맛과 부드러운 식감이 있어 어린이 간식 선물로 어울림
PRD_851,TGT_006,고급감·브랜드성·품질 요소가 있어 예의를 갖춘 선물로 적합함
PRD_851,TGT_004,달콤한 간식류라 가족이 함께 나눠 먹기 좋음
PRD_851,TGT_003,가볍고 트렌디하게 즐길 수 있어 친구에게 부담 없이 선물하기 좋음
PRD_851,TGT_007,달콤한 맛과 부드러운 식감이 있어 어린이 간식 선물로 어울림
PRD_851,TGT_005,과자류라 사무실에서 깔끔하게 나눠 먹기 좋음
PRD_852,TGT_004,달콤한 간식류라 가족이 함께 나눠 먹기 좋음
PRD_852,TGT_002,예쁜 디자인이나 달콤한 디저트 감성이 있어 연인 선물로 어울림
PRD_852,TGT_003,가볍고 트렌디하게 즐길 수 있어 친구에게 부담 없이 선물하기 좋음
PRD_852,TGT_007,달콤한 맛과 부드러운 식감이 있어 어린이 간식 선물로 어울림
PRD_852,TGT_005,과자류라 사무실에서 깔끔하게 나눠 먹기 좋음
PRD_853,TGT_006,고급감·브랜드성·품질 요소가 있어 예의를 갖춘 선물로 적합함
PRD_853,TGT_001,전통성이나 지역의 오래된 맛을 담아 정성스러운 선물로 어울림
PRD_853,TGT_004,달콤한 간식류라 가족이 함께 나눠 먹기 좋음
PRD_853,TGT_003,가볍고 트렌디하게 즐길 수 있어 친구에게 부담 없이 선물하기 좋음
PRD_853,TGT_007,달콤한 맛과 부드러운 식감이 있어 어린이 간식 선물로 어울림
PRD_854,TGT_006,고급감·브랜드성·품질 요소가 있어 예의를 갖춘 선물로 적합함
PRD_854,TGT_001,전통성이나 지역의 오래된 맛을 담아 정성스러운 선물로 어울림
PRD_854,TGT_002,예쁜 디자인이나 달콤한 디저트 감성이 있어 연인 선물로 어울림
PRD_854,TGT_004,달콤한 간식류라 가족이 함께 나눠 먹기 좋음
PRD_854,TGT_003,가볍고 트렌디하게 즐길 수 있어 친구에게 부담 없이 선물하기 좋음
PRD_855,TGT_001,건강·천연·보습 등 배려 요소가 있어 부모님 선물로 적합함
PRD_855,TGT_004,달콤한 간식류라 가족이 함께 나눠 먹기 좋음
PRD_855,TGT_003,가볍고 트렌디하게 즐길 수 있어 친구에게 부담 없이 선물하기 좋음
PRD_855,TGT_006,전통성과 품격이 있어 상사나 은사에게 드리기 좋음
PRD_855,TGT_007,달콤한 맛과 부드러운 식감이 있어 어린이 간식 선물로 어울림
PRD_856,TGT_006,고급감·브랜드성·품질 요소가 있어 예의를 갖춘 선물로 적합함
PRD_856,TGT_004,달콤한 간식류라 가족이 함께 나눠 먹기 좋음
PRD_856,TGT_003,가볍고 트렌디하게 즐길 수 있어 친구에게 부담 없이 선물하기 좋음
PRD_856,TGT_007,달콤한 맛과 부드러운 식감이 있어 어린이 간식 선물로 어울림
PRD_856,TGT_005,과자류라 사무실에서 깔끔하게 나눠 먹기 좋음
PRD_857,TGT_006,전통성과 품격이 있어 상사나 은사에게 드리기 좋음
PRD_857,TGT_008,현지 대표성이나 특산성이 뚜렷해 직접 경험하기 좋은 기념품임
PRD_857,TGT_004,달콤한 간식류라 가족이 함께 나눠 먹기 좋음
PRD_857,TGT_001,전통성이나 지역의 오래된 맛을 담아 정성스러운 선물로 어울림
PRD_857,TGT_003,가볍고 트렌디하게 즐길 수 있어 친구에게 부담 없이 선물하기 좋음
PRD_858,TGT_008,지역 한정 요소가 있어 여행 추억용·직접 경험용 선물로 적합함
PRD_858,TGT_004,달콤한 간식류라 가족이 함께 나눠 먹기 좋음
PRD_858,TGT_003,가볍고 트렌디하게 즐길 수 있어 친구에게 부담 없이 선물하기 좋음
PRD_858,TGT_007,달콤한 맛과 부드러운 식감이 있어 어린이 간식 선물로 어울림
PRD_858,TGT_005,과자류라 사무실에서 깔끔하게 나눠 먹기 좋음
PRD_859,TGT_004,달콤한 간식류라 가족이 함께 나눠 먹기 좋음
PRD_859,TGT_003,가볍고 트렌디하게 즐길 수 있어 친구에게 부담 없이 선물하기 좋음
PRD_859,TGT_007,달콤한 맛과 부드러운 식감이 있어 어린이 간식 선물로 어울림
PRD_859,TGT_005,과자류라 사무실에서 깔끔하게 나눠 먹기 좋음
PRD_859,TGT_008,지역성이 분명해 여행의 기억을 남기는 개인용 선물로 적합함
PRD_860,TGT_002,예쁜 디자인이나 달콤한 디저트 감성이 있어 연인 선물로 어울림
PRD_860,TGT_006,고급감·브랜드성·품질 요소가 있어 예의를 갖춘 선물로 적합함
PRD_860,TGT_004,달콤한 간식류라 가족이 함께 나눠 먹기 좋음
PRD_860,TGT_003,가볍고 트렌디하게 즐길 수 있어 친구에게 부담 없이 선물하기 좋음
PRD_860,TGT_007,달콤한 맛과 부드러운 식감이 있어 어린이 간식 선물로 어울림
PRD_861,TGT_002,예쁜 디자인이나 달콤한 디저트 감성이 있어 연인 선물로 어울림
PRD_861,TGT_004,달콤한 간식류라 가족이 함께 나눠 먹기 좋음
PRD_861,TGT_003,가볍고 트렌디하게 즐길 수 있어 친구에게 부담 없이 선물하기 좋음
PRD_861,TGT_007,달콤한 맛과 부드러운 식감이 있어 어린이 간식 선물로 어울림
PRD_861,TGT_008,지역성이 분명해 여행의 기억을 남기는 개인용 선물로 적합함
PRD_862,TGT_002,예쁜 디자인이나 달콤한 디저트 감성이 있어 연인 선물로 어울림
PRD_862,TGT_008,지역 한정 요소가 있어 여행 추억용·직접 경험용 선물로 적합함
PRD_862,TGT_004,달콤한 간식류라 가족이 함께 나눠 먹기 좋음
PRD_862,TGT_003,가볍고 트렌디하게 즐길 수 있어 친구에게 부담 없이 선물하기 좋음
PRD_862,TGT_007,달콤한 맛과 부드러운 식감이 있어 어린이 간식 선물로 어울림
PRD_863,TGT_004,달콤한 간식류라 가족이 함께 나눠 먹기 좋음
PRD_863,TGT_003,가볍고 트렌디하게 즐길 수 있어 친구에게 부담 없이 선물하기 좋음
PRD_863,TGT_007,달콤한 맛과 부드러운 식감이 있어 어린이 간식 선물로 어울림
PRD_863,TGT_005,과자류라 사무실에서 깔끔하게 나눠 먹기 좋음
PRD_863,TGT_008,지역성이 분명해 여행의 기억을 남기는 개인용 선물로 적합함
PRD_864,TGT_002,예쁜 디자인이나 달콤한 디저트 감성이 있어 연인 선물로 어울림
PRD_864,TGT_004,달콤한 간식류라 가족이 함께 나눠 먹기 좋음
PRD_864,TGT_003,가볍고 트렌디하게 즐길 수 있어 친구에게 부담 없이 선물하기 좋음
PRD_864,TGT_007,달콤한 맛과 부드러운 식감이 있어 어린이 간식 선물로 어울림
PRD_864,TGT_005,과자류라 사무실에서 깔끔하게 나눠 먹기 좋음
PRD_865,TGT_002,예쁜 디자인이나 달콤한 디저트 감성이 있어 연인 선물로 어울림
PRD_865,TGT_004,달콤한 간식류라 가족이 함께 나눠 먹기 좋음
PRD_865,TGT_003,가볍고 트렌디하게 즐길 수 있어 친구에게 부담 없이 선물하기 좋음
PRD_865,TGT_007,달콤한 맛과 부드러운 식감이 있어 어린이 간식 선물로 어울림
PRD_865,TGT_008,지역성이 분명해 여행의 기억을 남기는 개인용 선물로 적합함
PRD_866,TGT_008,지역성이 분명해 여행의 기억을 남기는 개인용 선물로 적합함
PRD_866,TGT_004,부담 없이 함께 즐길 수 있는 식품·음료류임
PRD_866,TGT_003,가볍게 맛을 공유하기 좋아 친구 선물로 적합함
PRD_867,TGT_001,건강·천연·보습 등 배려 요소가 있어 부모님 선물로 적합함
PRD_867,TGT_004,부담 없이 함께 즐길 수 있는 식품·음료류임
PRD_867,TGT_006,전통성과 품격이 있어 상사나 은사에게 드리기 좋음
PRD_867,TGT_008,지역성이 분명해 여행의 기억을 남기는 개인용 선물로 적합함
PRD_868,TGT_002,예쁜 디자인이나 달콤한 디저트 감성이 있어 연인 선물로 어울림
PRD_868,TGT_004,달콤한 간식류라 가족이 함께 나눠 먹기 좋음
PRD_868,TGT_003,가볍고 트렌디하게 즐길 수 있어 친구에게 부담 없이 선물하기 좋음
PRD_868,TGT_007,달콤한 맛과 부드러운 식감이 있어 어린이 간식 선물로 어울림
PRD_868,TGT_008,지역성이 분명해 여행의 기억을 남기는 개인용 선물로 적합함
PRD_869,TGT_003,가볍고 트렌디하게 즐길 수 있어 친구에게 부담 없이 선물하기 좋음
PRD_869,TGT_008,지역 한정 요소가 있어 여행 추억용·직접 경험용 선물로 적합함
PRD_869,TGT_006,고급감·브랜드성·품질 요소가 있어 예의를 갖춘 선물로 적합함
PRD_869,TGT_004,달콤한 간식류라 가족이 함께 나눠 먹기 좋음
PRD_869,TGT_007,달콤한 맛과 부드러운 식감이 있어 어린이 간식 선물로 어울림
PRD_870,TGT_002,예쁜 디자인이나 달콤한 디저트 감성이 있어 연인 선물로 어울림
PRD_870,TGT_004,달콤한 간식류라 가족이 함께 나눠 먹기 좋음
PRD_870,TGT_003,가볍고 트렌디하게 즐길 수 있어 친구에게 부담 없이 선물하기 좋음
PRD_870,TGT_007,달콤한 맛과 부드러운 식감이 있어 어린이 간식 선물로 어울림
PRD_870,TGT_005,과자류라 사무실에서 깔끔하게 나눠 먹기 좋음
PRD_871,TGT_002,예쁜 디자인이나 달콤한 디저트 감성이 있어 연인 선물로 어울림
PRD_871,TGT_004,달콤한 간식류라 가족이 함께 나눠 먹기 좋음
PRD_871,TGT_003,가볍고 트렌디하게 즐길 수 있어 친구에게 부담 없이 선물하기 좋음
PRD_871,TGT_007,달콤한 맛과 부드러운 식감이 있어 어린이 간식 선물로 어울림
PRD_871,TGT_008,지역성이 분명해 여행의 기억을 남기는 개인용 선물로 적합함
PRD_872,TGT_002,예쁜 디자인이나 달콤한 디저트 감성이 있어 연인 선물로 어울림
PRD_872,TGT_008,지역 한정 요소가 있어 여행 추억용·직접 경험용 선물로 적합함
PRD_872,TGT_004,달콤한 간식류라 가족이 함께 나눠 먹기 좋음
PRD_872,TGT_003,가볍고 트렌디하게 즐길 수 있어 친구에게 부담 없이 선물하기 좋음
PRD_872,TGT_007,달콤한 맛과 부드러운 식감이 있어 어린이 간식 선물로 어울림
PRD_873,TGT_008,지역 한정 요소가 있어 여행 추억용·직접 경험용 선물로 적합함
PRD_873,TGT_004,달콤한 간식류라 가족이 함께 나눠 먹기 좋음
PRD_873,TGT_003,가볍고 트렌디하게 즐길 수 있어 친구에게 부담 없이 선물하기 좋음
PRD_873,TGT_007,달콤한 맛과 부드러운 식감이 있어 어린이 간식 선물로 어울림
PRD_873,TGT_006,선물용 구성이나 전문 브랜드 이미지가 있어 격식 있는 선물로 적합함
PRD_874,TGT_006,고급감·브랜드성·품질 요소가 있어 예의를 갖춘 선물로 적합함
PRD_874,TGT_002,예쁜 디자인이나 달콤한 디저트 감성이 있어 연인 선물로 어울림
PRD_874,TGT_004,달콤한 간식류라 가족이 함께 나눠 먹기 좋음
PRD_874,TGT_003,가볍고 트렌디하게 즐길 수 있어 친구에게 부담 없이 선물하기 좋음
PRD_874,TGT_007,달콤한 맛과 부드러운 식감이 있어 어린이 간식 선물로 어울림
PRD_875,TGT_004,달콤한 간식류라 가족이 함께 나눠 먹기 좋음
PRD_875,TGT_003,가볍고 트렌디하게 즐길 수 있어 친구에게 부담 없이 선물하기 좋음
PRD_875,TGT_007,달콤한 맛과 부드러운 식감이 있어 어린이 간식 선물로 어울림
PRD_875,TGT_005,과자류라 사무실에서 깔끔하게 나눠 먹기 좋음
PRD_875,TGT_008,지역성이 분명해 여행의 기억을 남기는 개인용 선물로 적합함
PRD_876,TGT_001,전통성이나 지역의 오래된 맛을 담아 정성스러운 선물로 어울림
PRD_876,TGT_006,전통성과 품격이 있어 상사나 은사에게 드리기 좋음
PRD_876,TGT_007,귀엽거나 재미있는 요소가 있어 어린이용 선물로 적합함
PRD_876,TGT_008,지역성이 분명해 여행의 기억을 남기는 개인용 선물로 적합함
PRD_877,TGT_004,달콤한 간식류라 가족이 함께 나눠 먹기 좋음
PRD_877,TGT_003,가볍고 트렌디하게 즐길 수 있어 친구에게 부담 없이 선물하기 좋음
PRD_877,TGT_008,지역 한정 요소가 있어 여행 추억용·직접 경험용 선물로 적합함
PRD_877,TGT_007,달콤한 맛과 부드러운 식감이 있어 어린이 간식 선물로 어울림
PRD_877,TGT_006,선물용 구성이나 전문 브랜드 이미지가 있어 격식 있는 선물로 적합함
PRD_878,TGT_003,가볍고 트렌디하게 즐길 수 있어 친구에게 부담 없이 선물하기 좋음
PRD_878,TGT_004,달콤한 간식류라 가족이 함께 나눠 먹기 좋음
PRD_878,TGT_005,소분·세트형으로 나눠 주기 쉬워 직장동료 선물에 적합함
PRD_878,TGT_007,달콤한 맛과 부드러운 식감이 있어 어린이 간식 선물로 어울림
PRD_878,TGT_008,지역성이 분명해 여행의 기억을 남기는 개인용 선물로 적합함
PRD_879,TGT_007,캐릭터·인형 요소가 있어 어린이가 흥미를 느끼기 좋음
PRD_879,TGT_006,고급감·브랜드성·품질 요소가 있어 예의를 갖춘 선물로 적합함
PRD_879,TGT_003,귀엽거나 독특한 디자인 요소가 있어 친구에게 재미있게 건네기 좋음
PRD_879,TGT_008,지역성이 분명해 여행의 기억을 남기는 개인용 선물로 적합함
PRD_880,TGT_003,가볍고 트렌디하게 즐길 수 있어 친구에게 부담 없이 선물하기 좋음
PRD_880,TGT_007,캐릭터·인형 요소가 있어 어린이가 흥미를 느끼기 좋음
PRD_880,TGT_008,지역 한정 요소가 있어 여행 추억용·직접 경험용 선물로 적합함
PRD_880,TGT_006,고급감·브랜드성·품질 요소가 있어 예의를 갖춘 선물로 적합함
PRD_881,TGT_003,가볍고 트렌디하게 즐길 수 있어 친구에게 부담 없이 선물하기 좋음
PRD_881,TGT_002,예쁜 디자인이나 달콤한 디저트 감성이 있어 연인 선물로 어울림
PRD_881,TGT_004,일상에서 사용할 수 있는 실용성이 있어 가족 선물로 적합함
PRD_881,TGT_007,캐릭터·인형 요소가 있어 어린이가 흥미를 느끼기 좋음
PRD_881,TGT_008,지역 한정 요소가 있어 여행 추억용·직접 경험용 선물로 적합함
PRD_882,TGT_006,고급감·브랜드성·품질 요소가 있어 예의를 갖춘 선물로 적합함
PRD_882,TGT_001,전통성이나 지역의 오래된 맛을 담아 정성스러운 선물로 어울림
PRD_882,TGT_002,예쁜 디자인이나 달콤한 디저트 감성이 있어 연인 선물로 어울림
PRD_882,TGT_008,지역성이 분명해 여행의 기억을 남기는 개인용 선물로 적합함
PRD_883,TGT_003,가볍고 트렌디하게 즐길 수 있어 친구에게 부담 없이 선물하기 좋음
PRD_883,TGT_006,고급감·브랜드성·품질 요소가 있어 예의를 갖춘 선물로 적합함
PRD_883,TGT_002,예쁜 디자인이나 달콤한 디저트 감성이 있어 연인 선물로 어울림
PRD_883,TGT_008,지역성이 분명해 여행의 기억을 남기는 개인용 선물로 적합함
PRD_883,TGT_005,작고 실용적인 품목이라 직장동료에게 깔끔하게 전달하기 좋음
PRD_884,TGT_003,가볍고 트렌디하게 즐길 수 있어 친구에게 부담 없이 선물하기 좋음
PRD_884,TGT_008,지역 한정 요소가 있어 여행 추억용·직접 경험용 선물로 적합함
PRD_884,TGT_005,작고 실용적인 품목이라 직장동료에게 깔끔하게 전달하기 좋음
PRD_885,TGT_001,건강·천연·보습 등 배려 요소가 있어 부모님 선물로 적합함
PRD_885,TGT_008,지역성이 분명해 여행의 기억을 남기는 개인용 선물로 적합함
PRD_885,TGT_003,개성 있는 기념품이라 친구에게 재미있게 선물하기 좋음
PRD_886,TGT_004,식사에 활용하기 좋은 지역 먹거리라 가족 선물로 실용적임
PRD_886,TGT_008,지역성이 분명해 여행의 기억을 남기는 개인용 선물로 적합함
PRD_886,TGT_003,현지 맛을 캐주얼하게 공유할 수 있어 친구 선물로 어울림
PRD_887,TGT_006,고급감·브랜드성·품질 요소가 있어 예의를 갖춘 선물로 적합함
PRD_887,TGT_002,예쁜 디자인이나 달콤한 디저트 감성이 있어 연인 선물로 어울림
PRD_887,TGT_008,지역 한정 요소가 있어 여행 추억용·직접 경험용 선물로 적합함
PRD_887,TGT_004,달콤한 간식류라 가족이 함께 나눠 먹기 좋음
PRD_887,TGT_003,가볍고 트렌디하게 즐길 수 있어 친구에게 부담 없이 선물하기 좋음
PRD_888,TGT_002,예쁜 디자인이나 달콤한 디저트 감성이 있어 연인 선물로 어울림
PRD_888,TGT_008,현지 대표성이나 특산성이 뚜렷해 직접 경험하기 좋은 기념품임
PRD_888,TGT_004,달콤한 간식류라 가족이 함께 나눠 먹기 좋음
PRD_888,TGT_001,전통성이나 지역의 오래된 맛을 담아 정성스러운 선물로 어울림
PRD_888,TGT_003,가볍고 트렌디하게 즐길 수 있어 친구에게 부담 없이 선물하기 좋음
PRD_889,TGT_006,고급감·브랜드성·품질 요소가 있어 예의를 갖춘 선물로 적합함
PRD_889,TGT_002,예쁜 디자인이나 달콤한 디저트 감성이 있어 연인 선물로 어울림
PRD_889,TGT_004,달콤한 간식류라 가족이 함께 나눠 먹기 좋음
PRD_889,TGT_005,소분·세트형으로 나눠 주기 쉬워 직장동료 선물에 적합함
PRD_889,TGT_003,가볍고 트렌디하게 즐길 수 있어 친구에게 부담 없이 선물하기 좋음
PRD_890,TGT_002,예쁜 디자인이나 달콤한 디저트 감성이 있어 연인 선물로 어울림
PRD_890,TGT_004,달콤한 간식류라 가족이 함께 나눠 먹기 좋음
PRD_890,TGT_001,전통성이나 지역의 오래된 맛을 담아 정성스러운 선물로 어울림
PRD_890,TGT_003,가볍고 트렌디하게 즐길 수 있어 친구에게 부담 없이 선물하기 좋음
PRD_890,TGT_006,전통성과 품격이 있어 상사나 은사에게 드리기 좋음
PRD_891,TGT_007,캐릭터·인형 요소가 있어 어린이가 흥미를 느끼기 좋음
PRD_891,TGT_003,가볍고 트렌디하게 즐길 수 있어 친구에게 부담 없이 선물하기 좋음
PRD_891,TGT_004,달콤한 간식류라 가족이 함께 나눠 먹기 좋음
PRD_891,TGT_008,지역성이 분명해 여행의 기억을 남기는 개인용 선물로 적합함
PRD_892,TGT_003,가볍고 트렌디하게 즐길 수 있어 친구에게 부담 없이 선물하기 좋음
PRD_892,TGT_004,달콤한 간식류라 가족이 함께 나눠 먹기 좋음
PRD_892,TGT_001,전통성이나 지역의 오래된 맛을 담아 정성스러운 선물로 어울림
PRD_892,TGT_007,달콤한 맛과 부드러운 식감이 있어 어린이 간식 선물로 어울림
PRD_892,TGT_005,과자류라 사무실에서 깔끔하게 나눠 먹기 좋음
PRD_893,TGT_003,가볍고 트렌디하게 즐길 수 있어 친구에게 부담 없이 선물하기 좋음
PRD_893,TGT_008,지역 한정 요소가 있어 여행 추억용·직접 경험용 선물로 적합함
PRD_893,TGT_004,달콤한 간식류라 가족이 함께 나눠 먹기 좋음
PRD_893,TGT_007,달콤한 맛과 부드러운 식감이 있어 어린이 간식 선물로 어울림
PRD_893,TGT_005,과자류라 사무실에서 깔끔하게 나눠 먹기 좋음
PRD_894,TGT_003,가볍고 트렌디하게 즐길 수 있어 친구에게 부담 없이 선물하기 좋음
PRD_894,TGT_008,지역 한정 요소가 있어 여행 추억용·직접 경험용 선물로 적합함
PRD_894,TGT_004,달콤한 간식류라 가족이 함께 나눠 먹기 좋음
PRD_894,TGT_007,달콤한 맛과 부드러운 식감이 있어 어린이 간식 선물로 어울림
PRD_894,TGT_005,과자류라 사무실에서 깔끔하게 나눠 먹기 좋음
PRD_895,TGT_003,가볍고 트렌디하게 즐길 수 있어 친구에게 부담 없이 선물하기 좋음
PRD_895,TGT_008,지역 한정 요소가 있어 여행 추억용·직접 경험용 선물로 적합함
PRD_895,TGT_004,달콤한 간식류라 가족이 함께 나눠 먹기 좋음
PRD_895,TGT_007,달콤한 맛과 부드러운 식감이 있어 어린이 간식 선물로 어울림
PRD_895,TGT_005,과자류라 사무실에서 깔끔하게 나눠 먹기 좋음
PRD_896,TGT_006,고급감·브랜드성·품질 요소가 있어 예의를 갖춘 선물로 적합함
PRD_896,TGT_004,식사에 활용하기 좋은 지역 먹거리라 가족 선물로 실용적임
PRD_896,TGT_001,고급감과 품질 요소가 있어 부모님께 드리기 좋은 선물임
PRD_896,TGT_008,지역성이 분명해 여행의 기억을 남기는 개인용 선물로 적합함
PRD_897,TGT_006,고급감·브랜드성·품질 요소가 있어 예의를 갖춘 선물로 적합함
PRD_897,TGT_001,고급감과 품질 요소가 있어 부모님께 드리기 좋은 선물임
PRD_897,TGT_004,식사에 활용하기 좋은 지역 먹거리라 가족 선물로 실용적임
PRD_897,TGT_008,지역성이 분명해 여행의 기억을 남기는 개인용 선물로 적합함
PRD_898,TGT_006,고급감·브랜드성·품질 요소가 있어 예의를 갖춘 선물로 적합함
PRD_898,TGT_001,전통성이나 지역의 오래된 맛을 담아 정성스러운 선물로 어울림
PRD_898,TGT_004,부담 없이 함께 즐길 수 있는 식품·음료류임
PRD_898,TGT_008,지역성이 분명해 여행의 기억을 남기는 개인용 선물로 적합함
PRD_898,TGT_005,작고 실용적인 품목이라 직장동료에게 깔끔하게 전달하기 좋음
PRD_899,TGT_003,성인 친구와 지역 주류의 개성을 함께 이야기하기 좋은 선물임
PRD_899,TGT_008,지역성이 분명해 여행의 기억을 남기는 개인용 선물로 적합함
PRD_899,TGT_006,성인 대상의 지역 주류로 격식을 갖춘 선물에 활용하기 좋음
PRD_900,TGT_002,예쁜 디자인이나 달콤한 디저트 감성이 있어 연인 선물로 어울림
PRD_900,TGT_008,지역 한정 요소가 있어 여행 추억용·직접 경험용 선물로 적합함
PRD_900,TGT_004,달콤한 간식류라 가족이 함께 나눠 먹기 좋음
PRD_900,TGT_003,가볍고 트렌디하게 즐길 수 있어 친구에게 부담 없이 선물하기 좋음
PRD_900,TGT_007,달콤한 맛과 부드러운 식감이 있어 어린이 간식 선물로 어울림
PRD_901,TGT_004,식사에 활용하기 좋은 지역 먹거리라 가족 선물로 실용적임
PRD_901,TGT_001,고급감과 품질 요소가 있어 부모님께 드리기 좋은 선물임
PRD_901,TGT_008,지역 한정 요소가 있어 여행 추억용·직접 경험용 선물로 적합함
PRD_901,TGT_006,고급감·브랜드성·품질 요소가 있어 예의를 갖춘 선물로 적합함
PRD_902,TGT_001,건강·천연·보습 등 배려 요소가 있어 부모님 선물로 적합함
PRD_902,TGT_004,달콤한 간식류라 가족이 함께 나눠 먹기 좋음
PRD_902,TGT_003,가볍고 트렌디하게 즐길 수 있어 친구에게 부담 없이 선물하기 좋음
PRD_902,TGT_008,지역 한정 요소가 있어 여행 추억용·직접 경험용 선물로 적합함
PRD_902,TGT_007,달콤한 맛과 부드러운 식감이 있어 어린이 간식 선물로 어울림
PRD_903,TGT_007,캐릭터·인형 요소가 있어 어린이가 흥미를 느끼기 좋음
PRD_903,TGT_008,현지 대표성이나 특산성이 뚜렷해 직접 경험하기 좋은 기념품임
PRD_903,TGT_001,전통성이나 지역의 오래된 맛을 담아 정성스러운 선물로 어울림
PRD_903,TGT_006,전통성과 품격이 있어 상사나 은사에게 드리기 좋음
PRD_903,TGT_003,귀엽거나 독특한 디자인 요소가 있어 친구에게 재미있게 건네기 좋음
PRD_904,TGT_004,일상에서 사용할 수 있는 실용성이 있어 가족 선물로 적합함
PRD_904,TGT_007,캐릭터·인형 요소가 있어 어린이가 흥미를 느끼기 좋음
PRD_904,TGT_003,귀엽거나 독특한 디자인 요소가 있어 친구에게 재미있게 건네기 좋음
PRD_904,TGT_008,지역성이 분명해 여행의 기억을 남기는 개인용 선물로 적합함
PRD_905,TGT_002,예쁜 디자인이나 달콤한 디저트 감성이 있어 연인 선물로 어울림
PRD_905,TGT_001,전통성이나 지역의 오래된 맛을 담아 정성스러운 선물로 어울림
PRD_905,TGT_006,전통성과 품격이 있어 상사나 은사에게 드리기 좋음
PRD_905,TGT_008,지역성이 분명해 여행의 기억을 남기는 개인용 선물로 적합함
PRD_906,TGT_007,캐릭터·인형 요소가 있어 어린이가 흥미를 느끼기 좋음
PRD_906,TGT_003,가볍고 트렌디하게 즐길 수 있어 친구에게 부담 없이 선물하기 좋음
PRD_906,TGT_008,지역 한정 요소가 있어 여행 추억용·직접 경험용 선물로 적합함
PRD_906,TGT_006,고급감·브랜드성·품질 요소가 있어 예의를 갖춘 선물로 적합함
PRD_907,TGT_006,고급감·브랜드성·품질 요소가 있어 예의를 갖춘 선물로 적합함
PRD_907,TGT_001,전통성이나 지역의 오래된 맛을 담아 정성스러운 선물로 어울림
PRD_907,TGT_004,부담 없이 함께 즐길 수 있는 식품·음료류임
PRD_907,TGT_003,귀엽거나 독특한 디자인 요소가 있어 친구에게 재미있게 건네기 좋음
PRD_907,TGT_008,지역성이 분명해 여행의 기억을 남기는 개인용 선물로 적합함
PRD_908,TGT_003,가볍고 트렌디하게 즐길 수 있어 친구에게 부담 없이 선물하기 좋음
PRD_908,TGT_007,캐릭터·인형 요소가 있어 어린이가 흥미를 느끼기 좋음
PRD_908,TGT_008,지역 한정 요소가 있어 여행 추억용·직접 경험용 선물로 적합함
PRD_908,TGT_006,고급감·브랜드성·품질 요소가 있어 예의를 갖춘 선물로 적합함
PRD_909,TGT_003,가볍고 트렌디하게 즐길 수 있어 친구에게 부담 없이 선물하기 좋음
PRD_909,TGT_008,지역성이 분명해 여행의 기억을 남기는 개인용 선물로 적합함
PRD_909,TGT_005,작고 가벼운 기념품이라 직장동료에게 부담 없이 주기 좋음
PRD_910,TGT_003,가볍고 트렌디하게 즐길 수 있어 친구에게 부담 없이 선물하기 좋음
PRD_910,TGT_004,일상에서 사용할 수 있는 실용성이 있어 가족 선물로 적합함
PRD_910,TGT_007,캐릭터·인형 요소가 있어 어린이가 흥미를 느끼기 좋음
PRD_910,TGT_008,현지 대표성이나 특산성이 뚜렷해 직접 경험하기 좋은 기념품임
PRD_910,TGT_001,전통성이나 지역의 오래된 맛을 담아 정성스러운 선물로 어울림
PRD_911,TGT_006,고급감·브랜드성·품질 요소가 있어 예의를 갖춘 선물로 적합함
PRD_911,TGT_001,건강·천연·보습 등 배려 요소가 있어 부모님 선물로 적합함
PRD_911,TGT_004,부담 없이 함께 즐길 수 있는 식품·음료류임
PRD_911,TGT_003,가볍고 트렌디하게 즐길 수 있어 친구에게 부담 없이 선물하기 좋음
PRD_911,TGT_007,캐릭터·인형 요소가 있어 어린이가 흥미를 느끼기 좋음
PRD_912,TGT_005,작고 가벼운 기념품이라 직장동료에게 부담 없이 주기 좋음
PRD_912,TGT_006,고급감·브랜드성·품질 요소가 있어 예의를 갖춘 선물로 적합함
PRD_912,TGT_003,귀엽거나 독특한 디자인 요소가 있어 친구에게 재미있게 건네기 좋음
PRD_912,TGT_007,귀엽거나 재미있는 요소가 있어 어린이용 선물로 적합함
PRD_912,TGT_008,지역성이 분명해 여행의 기억을 남기는 개인용 선물로 적합함
PRD_913,TGT_003,가볍고 트렌디하게 즐길 수 있어 친구에게 부담 없이 선물하기 좋음
PRD_913,TGT_005,작고 가벼운 기념품이라 직장동료에게 부담 없이 주기 좋음
PRD_913,TGT_008,지역성이 분명해 여행의 기억을 남기는 개인용 선물로 적합함
PRD_914,TGT_004,식사에 활용하기 좋은 지역 먹거리라 가족 선물로 실용적임
PRD_914,TGT_008,지역성이 분명해 여행의 기억을 남기는 개인용 선물로 적합함
PRD_914,TGT_002,특별함과 감성적인 포인트가 있어 연인에게 주기 좋음
PRD_915,TGT_006,전통성과 품격이 있어 상사나 은사에게 드리기 좋음
PRD_915,TGT_004,식사에 활용하기 좋은 지역 먹거리라 가족 선물로 실용적임
PRD_915,TGT_001,전통성이나 지역의 오래된 맛을 담아 정성스러운 선물로 어울림
PRD_915,TGT_008,현지 대표성이나 특산성이 뚜렷해 직접 경험하기 좋은 기념품임
PRD_916,TGT_006,고급감·브랜드성·품질 요소가 있어 예의를 갖춘 선물로 적합함
PRD_916,TGT_003,가볍고 트렌디하게 즐길 수 있어 친구에게 부담 없이 선물하기 좋음
PRD_916,TGT_004,일상에서 사용할 수 있는 실용성이 있어 가족 선물로 적합함
PRD_916,TGT_007,캐릭터·인형 요소가 있어 어린이가 흥미를 느끼기 좋음
PRD_916,TGT_005,소분·세트형으로 나눠 주기 쉬워 직장동료 선물에 적합함
PRD_917,TGT_006,고급감·브랜드성·품질 요소가 있어 예의를 갖춘 선물로 적합함
PRD_917,TGT_004,식사에 활용하기 좋은 지역 먹거리라 가족 선물로 실용적임
PRD_917,TGT_001,고급감과 품질 요소가 있어 부모님께 드리기 좋은 선물임
PRD_917,TGT_008,지역성이 분명해 여행의 기억을 남기는 개인용 선물로 적합함
PRD_918,TGT_006,고급감·브랜드성·품질 요소가 있어 예의를 갖춘 선물로 적합함
PRD_918,TGT_005,소분·세트형으로 나눠 주기 쉬워 직장동료 선물에 적합함
PRD_918,TGT_003,현지 맛을 캐주얼하게 공유할 수 있어 친구 선물로 어울림
PRD_918,TGT_004,식사에 활용하기 좋은 지역 먹거리라 가족 선물로 실용적임
PRD_918,TGT_001,고급감과 품질 요소가 있어 부모님께 드리기 좋은 선물임
PRD_919,TGT_003,가볍고 트렌디하게 즐길 수 있어 친구에게 부담 없이 선물하기 좋음
PRD_919,TGT_007,캐릭터·인형 요소가 있어 어린이가 흥미를 느끼기 좋음
PRD_919,TGT_001,전통성이나 지역의 오래된 맛을 담아 정성스러운 선물로 어울림
PRD_919,TGT_004,식사에 활용하기 좋은 지역 먹거리라 가족 선물로 실용적임
PRD_919,TGT_008,현지 대표성이나 특산성이 뚜렷해 직접 경험하기 좋은 기념품임
PRD_920,TGT_003,가볍고 트렌디하게 즐길 수 있어 친구에게 부담 없이 선물하기 좋음
PRD_920,TGT_004,일상에서 사용할 수 있는 실용성이 있어 가족 선물로 적합함
PRD_920,TGT_007,캐릭터·인형 요소가 있어 어린이가 흥미를 느끼기 좋음
PRD_920,TGT_001,전통성이나 지역의 오래된 맛을 담아 정성스러운 선물로 어울림
PRD_920,TGT_008,지역성이 분명해 여행의 기억을 남기는 개인용 선물로 적합함
PRD_921,TGT_008,지역 한정 요소가 있어 여행 추억용·직접 경험용 선물로 적합함
PRD_921,TGT_001,전통성이나 지역의 오래된 맛을 담아 정성스러운 선물로 어울림
PRD_921,TGT_007,귀엽거나 재미있는 요소가 있어 어린이용 선물로 적합함
PRD_922,TGT_001,고급감과 품질 요소가 있어 부모님께 드리기 좋은 선물임
PRD_922,TGT_006,고급감·브랜드성·품질 요소가 있어 예의를 갖춘 선물로 적합함
PRD_922,TGT_004,식사에 활용하기 좋은 지역 먹거리라 가족 선물로 실용적임
PRD_922,TGT_008,지역성이 분명해 여행의 기억을 남기는 개인용 선물로 적합함
PRD_923,TGT_004,식사에 활용하기 좋은 지역 먹거리라 가족 선물로 실용적임
PRD_923,TGT_001,전통성이나 지역의 오래된 맛을 담아 정성스러운 선물로 어울림
PRD_923,TGT_008,지역 한정 요소가 있어 여행 추억용·직접 경험용 선물로 적합함
PRD_924,TGT_001,건강·천연·보습 등 배려 요소가 있어 부모님 선물로 적합함
PRD_924,TGT_006,전통성과 품격이 있어 상사나 은사에게 드리기 좋음
PRD_924,TGT_004,달콤한 간식류라 가족이 함께 나눠 먹기 좋음
PRD_924,TGT_002,예쁜 디자인이나 달콤한 디저트 감성이 있어 연인 선물로 어울림
PRD_924,TGT_003,가볍고 트렌디하게 즐길 수 있어 친구에게 부담 없이 선물하기 좋음
PRD_925,TGT_003,가볍고 트렌디하게 즐길 수 있어 친구에게 부담 없이 선물하기 좋음
PRD_925,TGT_007,캐릭터·인형 요소가 있어 어린이가 흥미를 느끼기 좋음
PRD_925,TGT_002,예쁜 디자인이나 달콤한 디저트 감성이 있어 연인 선물로 어울림
PRD_925,TGT_004,달콤한 간식류라 가족이 함께 나눠 먹기 좋음
PRD_925,TGT_001,전통성이나 지역의 오래된 맛을 담아 정성스러운 선물로 어울림
PRD_926,TGT_004,식사에 활용하기 좋은 지역 먹거리라 가족 선물로 실용적임
PRD_926,TGT_008,지역성이 분명해 여행의 기억을 남기는 개인용 선물로 적합함
PRD_926,TGT_003,현지 맛을 캐주얼하게 공유할 수 있어 친구 선물로 어울림
PRD_927,TGT_004,달콤한 간식류라 가족이 함께 나눠 먹기 좋음
PRD_927,TGT_003,가볍고 트렌디하게 즐길 수 있어 친구에게 부담 없이 선물하기 좋음
PRD_927,TGT_007,달콤한 맛과 부드러운 식감이 있어 어린이 간식 선물로 어울림
PRD_927,TGT_008,지역성이 분명해 여행의 기억을 남기는 개인용 선물로 적합함
PRD_928,TGT_004,부담 없이 함께 즐길 수 있는 식품·음료류임
PRD_928,TGT_008,지역 한정 요소가 있어 여행 추억용·직접 경험용 선물로 적합함
PRD_928,TGT_003,가볍고 트렌디하게 즐길 수 있어 친구에게 부담 없이 선물하기 좋음
PRD_929,TGT_006,전통성과 품격이 있어 상사나 은사에게 드리기 좋음
PRD_929,TGT_004,식사에 활용하기 좋은 지역 먹거리라 가족 선물로 실용적임
PRD_929,TGT_001,전통성이나 지역의 오래된 맛을 담아 정성스러운 선물로 어울림
PRD_929,TGT_008,현지 대표성이나 특산성이 뚜렷해 직접 경험하기 좋은 기념품임
PRD_930,TGT_004,달콤한 간식류라 가족이 함께 나눠 먹기 좋음
PRD_930,TGT_003,가볍고 트렌디하게 즐길 수 있어 친구에게 부담 없이 선물하기 좋음
PRD_930,TGT_007,달콤한 맛과 부드러운 식감이 있어 어린이 간식 선물로 어울림
PRD_930,TGT_005,과자류라 사무실에서 깔끔하게 나눠 먹기 좋음
PRD_930,TGT_008,지역성이 분명해 여행의 기억을 남기는 개인용 선물로 적합함
PRD_931,TGT_006,고급감·브랜드성·품질 요소가 있어 예의를 갖춘 선물로 적합함
PRD_931,TGT_001,건강·천연·보습 등 배려 요소가 있어 부모님 선물로 적합함
PRD_931,TGT_004,달콤한 간식류라 가족이 함께 나눠 먹기 좋음
PRD_931,TGT_002,예쁜 디자인이나 달콤한 디저트 감성이 있어 연인 선물로 어울림
PRD_931,TGT_003,가볍고 트렌디하게 즐길 수 있어 친구에게 부담 없이 선물하기 좋음
PRD_932,TGT_003,가볍고 트렌디하게 즐길 수 있어 친구에게 부담 없이 선물하기 좋음
PRD_932,TGT_001,전통성이나 지역의 오래된 맛을 담아 정성스러운 선물로 어울림
PRD_932,TGT_004,일상에서 사용할 수 있는 실용성이 있어 가족 선물로 적합함
PRD_932,TGT_006,고급감·브랜드성·품질 요소가 있어 예의를 갖춘 선물로 적합함
PRD_932,TGT_008,현지 대표성이나 특산성이 뚜렷해 직접 경험하기 좋은 기념품임
PRD_933,TGT_007,캐릭터·인형 요소가 있어 어린이가 흥미를 느끼기 좋음
PRD_933,TGT_003,귀엽거나 독특한 디자인 요소가 있어 친구에게 재미있게 건네기 좋음
PRD_933,TGT_008,지역성이 분명해 여행의 기억을 남기는 개인용 선물로 적합함
PRD_934,TGT_006,고급감·브랜드성·품질 요소가 있어 예의를 갖춘 선물로 적합함
PRD_934,TGT_003,가볍고 트렌디하게 즐길 수 있어 친구에게 부담 없이 선물하기 좋음
PRD_934,TGT_001,전통성이나 지역의 오래된 맛을 담아 정성스러운 선물로 어울림
PRD_934,TGT_008,현지 대표성이나 특산성이 뚜렷해 직접 경험하기 좋은 기념품임
PRD_935,TGT_007,캐릭터·인형 요소가 있어 어린이가 흥미를 느끼기 좋음
PRD_935,TGT_003,가볍고 트렌디하게 즐길 수 있어 친구에게 부담 없이 선물하기 좋음
PRD_935,TGT_002,예쁜 디자인이나 달콤한 디저트 감성이 있어 연인 선물로 어울림
PRD_935,TGT_004,일상에서 사용할 수 있는 실용성이 있어 가족 선물로 적합함
PRD_935,TGT_006,고급감·브랜드성·품질 요소가 있어 예의를 갖춘 선물로 적합함
PRD_936,TGT_006,고급감·브랜드성·품질 요소가 있어 예의를 갖춘 선물로 적합함
PRD_936,TGT_004,달콤한 간식류라 가족이 함께 나눠 먹기 좋음
PRD_936,TGT_002,예쁜 디자인이나 달콤한 디저트 감성이 있어 연인 선물로 어울림
PRD_936,TGT_003,가볍고 트렌디하게 즐길 수 있어 친구에게 부담 없이 선물하기 좋음
PRD_936,TGT_007,달콤한 맛과 부드러운 식감이 있어 어린이 간식 선물로 어울림
PRD_937,TGT_006,고급감·브랜드성·품질 요소가 있어 예의를 갖춘 선물로 적합함
PRD_937,TGT_001,전통성이나 지역의 오래된 맛을 담아 정성스러운 선물로 어울림
PRD_937,TGT_004,달콤한 간식류라 가족이 함께 나눠 먹기 좋음
PRD_937,TGT_003,가볍고 트렌디하게 즐길 수 있어 친구에게 부담 없이 선물하기 좋음
PRD_937,TGT_007,달콤한 맛과 부드러운 식감이 있어 어린이 간식 선물로 어울림
PRD_938,TGT_006,고급감·브랜드성·품질 요소가 있어 예의를 갖춘 선물로 적합함
PRD_938,TGT_001,전통성이나 지역의 오래된 맛을 담아 정성스러운 선물로 어울림
PRD_938,TGT_003,귀엽거나 독특한 디자인 요소가 있어 친구에게 재미있게 건네기 좋음
PRD_938,TGT_008,지역성이 분명해 여행의 기억을 남기는 개인용 선물로 적합함
PRD_939,TGT_001,전통성이나 지역의 오래된 맛을 담아 정성스러운 선물로 어울림
PRD_939,TGT_006,고급감·브랜드성·품질 요소가 있어 예의를 갖춘 선물로 적합함
PRD_939,TGT_004,식사에 활용하기 좋은 지역 먹거리라 가족 선물로 실용적임
PRD_939,TGT_008,현지 대표성이나 특산성이 뚜렷해 직접 경험하기 좋은 기념품임
PRD_939,TGT_005,소분·세트형으로 나눠 주기 쉬워 직장동료 선물에 적합함
PRD_940,TGT_003,가볍고 트렌디하게 즐길 수 있어 친구에게 부담 없이 선물하기 좋음
PRD_940,TGT_001,전통성이나 지역의 오래된 맛을 담아 정성스러운 선물로 어울림
PRD_940,TGT_002,예쁜 디자인이나 달콤한 디저트 감성이 있어 연인 선물로 어울림
PRD_940,TGT_006,전통성과 품격이 있어 상사나 은사에게 드리기 좋음
PRD_940,TGT_008,지역성이 분명해 여행의 기억을 남기는 개인용 선물로 적합함
PRD_941,TGT_001,건강·천연·보습 등 배려 요소가 있어 부모님 선물로 적합함
PRD_941,TGT_004,달콤한 간식류라 가족이 함께 나눠 먹기 좋음
PRD_941,TGT_006,고급감·브랜드성·품질 요소가 있어 예의를 갖춘 선물로 적합함
PRD_941,TGT_003,가볍고 트렌디하게 즐길 수 있어 친구에게 부담 없이 선물하기 좋음
PRD_941,TGT_007,달콤한 맛과 부드러운 식감이 있어 어린이 간식 선물로 어울림
PRD_942,TGT_008,지역 한정 요소가 있어 여행 추억용·직접 경험용 선물로 적합함
PRD_942,TGT_004,달콤한 간식류라 가족이 함께 나눠 먹기 좋음
PRD_942,TGT_003,가볍고 트렌디하게 즐길 수 있어 친구에게 부담 없이 선물하기 좋음
PRD_942,TGT_007,달콤한 맛과 부드러운 식감이 있어 어린이 간식 선물로 어울림
PRD_942,TGT_005,과자류라 사무실에서 깔끔하게 나눠 먹기 좋음
PRD_943,TGT_006,고급감·브랜드성·품질 요소가 있어 예의를 갖춘 선물로 적합함
PRD_943,TGT_001,고급감과 품질 요소가 있어 부모님께 드리기 좋은 선물임
PRD_943,TGT_003,성인 친구와 지역 주류의 개성을 함께 이야기하기 좋은 선물임
PRD_943,TGT_008,지역성이 분명해 여행의 기억을 남기는 개인용 선물로 적합함
PRD_944,TGT_001,건강·천연·보습 등 배려 요소가 있어 부모님 선물로 적합함
PRD_944,TGT_004,달콤한 간식류라 가족이 함께 나눠 먹기 좋음
PRD_944,TGT_003,가볍고 트렌디하게 즐길 수 있어 친구에게 부담 없이 선물하기 좋음
PRD_944,TGT_007,달콤한 맛과 부드러운 식감이 있어 어린이 간식 선물로 어울림
PRD_944,TGT_005,과자류라 사무실에서 깔끔하게 나눠 먹기 좋음
PRD_945,TGT_003,가볍고 트렌디하게 즐길 수 있어 친구에게 부담 없이 선물하기 좋음
PRD_945,TGT_007,달콤한 맛과 부드러운 식감이 있어 어린이 간식 선물로 어울림
PRD_945,TGT_004,달콤한 간식류라 가족이 함께 나눠 먹기 좋음
PRD_945,TGT_001,건강·천연·보습 등 배려 요소가 있어 부모님 선물로 적합함
PRD_945,TGT_005,과자류라 사무실에서 깔끔하게 나눠 먹기 좋음
PRD_946,TGT_001,건강·천연·보습 등 배려 요소가 있어 부모님 선물로 적합함
PRD_946,TGT_006,고급감·브랜드성·품질 요소가 있어 예의를 갖춘 선물로 적합함
PRD_946,TGT_003,성인 친구와 지역 주류의 개성을 함께 이야기하기 좋은 선물임
PRD_946,TGT_008,지역성이 분명해 여행의 기억을 남기는 개인용 선물로 적합함
PRD_947,TGT_004,식사에 활용하기 좋은 지역 먹거리라 가족 선물로 실용적임
PRD_947,TGT_001,고급감과 품질 요소가 있어 부모님께 드리기 좋은 선물임
PRD_947,TGT_006,고급감·브랜드성·품질 요소가 있어 예의를 갖춘 선물로 적합함
PRD_947,TGT_008,현지 대표성이나 특산성이 뚜렷해 직접 경험하기 좋은 기념품임
PRD_948,TGT_006,고급감·브랜드성·품질 요소가 있어 예의를 갖춘 선물로 적합함
PRD_948,TGT_001,건강·천연·보습 등 배려 요소가 있어 부모님 선물로 적합함
PRD_948,TGT_004,달콤한 간식류라 가족이 함께 나눠 먹기 좋음
PRD_948,TGT_002,예쁜 디자인이나 달콤한 디저트 감성이 있어 연인 선물로 어울림
PRD_948,TGT_003,가볍고 트렌디하게 즐길 수 있어 친구에게 부담 없이 선물하기 좋음
PRD_949,TGT_002,예쁜 디자인이나 달콤한 디저트 감성이 있어 연인 선물로 어울림
PRD_949,TGT_003,귀엽거나 독특한 디자인 요소가 있어 친구에게 재미있게 건네기 좋음
PRD_949,TGT_007,귀엽거나 재미있는 요소가 있어 어린이용 선물로 적합함
PRD_949,TGT_008,지역성이 분명해 여행의 기억을 남기는 개인용 선물로 적합함
PRD_950,TGT_002,예쁜 디자인이나 달콤한 디저트 감성이 있어 연인 선물로 어울림
PRD_950,TGT_001,전통성이나 지역의 오래된 맛을 담아 정성스러운 선물로 어울림
PRD_950,TGT_006,전통성과 품격이 있어 상사나 은사에게 드리기 좋음
PRD_950,TGT_003,귀엽거나 독특한 디자인 요소가 있어 친구에게 재미있게 건네기 좋음
PRD_950,TGT_008,지역성이 분명해 여행의 기억을 남기는 개인용 선물로 적합함
PRD_951,TGT_006,고급감·브랜드성·품질 요소가 있어 예의를 갖춘 선물로 적합함
PRD_951,TGT_001,고급감과 품질 요소가 있어 부모님께 드리기 좋은 선물임
PRD_951,TGT_003,성인 친구와 지역 주류의 개성을 함께 이야기하기 좋은 선물임
PRD_951,TGT_008,지역성이 분명해 여행의 기억을 남기는 개인용 선물로 적합함
PRD_952,TGT_003,가볍고 트렌디하게 즐길 수 있어 친구에게 부담 없이 선물하기 좋음
PRD_952,TGT_004,식사에 활용하기 좋은 지역 먹거리라 가족 선물로 실용적임
PRD_952,TGT_008,지역성이 분명해 여행의 기억을 남기는 개인용 선물로 적합함
PRD_953,TGT_003,가볍고 트렌디하게 즐길 수 있어 친구에게 부담 없이 선물하기 좋음
PRD_953,TGT_008,현지 대표성이나 특산성이 뚜렷해 직접 경험하기 좋은 기념품임
PRD_953,TGT_001,전통성이나 지역의 오래된 맛을 담아 정성스러운 선물로 어울림
PRD_953,TGT_007,귀엽거나 재미있는 요소가 있어 어린이용 선물로 적합함
PRD_954,TGT_001,건강·천연·보습 등 배려 요소가 있어 부모님 선물로 적합함
PRD_954,TGT_006,고급감·브랜드성·품질 요소가 있어 예의를 갖춘 선물로 적합함
PRD_954,TGT_002,예쁜 디자인이나 달콤한 디저트 감성이 있어 연인 선물로 어울림
PRD_954,TGT_008,지역성이 분명해 여행의 기억을 남기는 개인용 선물로 적합함
PRD_955,TGT_001,건강·천연·보습 등 배려 요소가 있어 부모님 선물로 적합함
PRD_955,TGT_004,식사에 활용하기 좋은 지역 먹거리라 가족 선물로 실용적임
PRD_955,TGT_008,현지 대표성이나 특산성이 뚜렷해 직접 경험하기 좋은 기념품임
PRD_956,TGT_001,건강·천연·보습 등 배려 요소가 있어 부모님 선물로 적합함
PRD_956,TGT_004,식사에 활용하기 좋은 지역 먹거리라 가족 선물로 실용적임
PRD_956,TGT_008,현지 대표성이나 특산성이 뚜렷해 직접 경험하기 좋은 기념품임
PRD_957,TGT_006,고급감·브랜드성·품질 요소가 있어 예의를 갖춘 선물로 적합함
PRD_957,TGT_001,전통성이나 지역의 오래된 맛을 담아 정성스러운 선물로 어울림
PRD_957,TGT_003,가볍고 트렌디하게 즐길 수 있어 친구에게 부담 없이 선물하기 좋음
PRD_957,TGT_008,지역성이 분명해 여행의 기억을 남기는 개인용 선물로 적합함
PRD_958,TGT_003,가볍고 트렌디하게 즐길 수 있어 친구에게 부담 없이 선물하기 좋음
PRD_958,TGT_006,고급감·브랜드성·품질 요소가 있어 예의를 갖춘 선물로 적합함
PRD_958,TGT_008,지역성이 분명해 여행의 기억을 남기는 개인용 선물로 적합함
PRD_958,TGT_005,작고 실용적인 품목이라 직장동료에게 깔끔하게 전달하기 좋음
PRD_959,TGT_004,부담 없이 함께 즐길 수 있는 식품·음료류임
PRD_959,TGT_008,현지 대표성이나 특산성이 뚜렷해 직접 경험하기 좋은 기념품임
PRD_959,TGT_001,전통성이나 지역의 오래된 맛을 담아 정성스러운 선물로 어울림
PRD_960,TGT_006,고급감·브랜드성·품질 요소가 있어 예의를 갖춘 선물로 적합함
PRD_960,TGT_001,전통성이나 지역의 오래된 맛을 담아 정성스러운 선물로 어울림
PRD_960,TGT_008,지역성이 분명해 여행의 기억을 남기는 개인용 선물로 적합함
PRD_961,TGT_003,가볍고 트렌디하게 즐길 수 있어 친구에게 부담 없이 선물하기 좋음
PRD_961,TGT_001,전통성이나 지역의 오래된 맛을 담아 정성스러운 선물로 어울림
PRD_961,TGT_008,현지 대표성이나 특산성이 뚜렷해 직접 경험하기 좋은 기념품임
PRD_961,TGT_004,식사에 활용하기 좋은 지역 먹거리라 가족 선물로 실용적임
PRD_962,TGT_001,건강·천연·보습 등 배려 요소가 있어 부모님 선물로 적합함
PRD_962,TGT_004,식사에 활용하기 좋은 지역 먹거리라 가족 선물로 실용적임
PRD_962,TGT_008,지역성이 분명해 여행의 기억을 남기는 개인용 선물로 적합함
PRD_963,TGT_001,건강·천연·보습 등 배려 요소가 있어 부모님 선물로 적합함
PRD_963,TGT_004,부담 없이 함께 즐길 수 있는 식품·음료류임
PRD_963,TGT_008,현지 대표성이나 특산성이 뚜렷해 직접 경험하기 좋은 기념품임
PRD_963,TGT_006,전통성과 품격이 있어 상사나 은사에게 드리기 좋음
PRD_964,TGT_006,고급감·브랜드성·품질 요소가 있어 예의를 갖춘 선물로 적합함
PRD_964,TGT_001,건강·천연·보습 등 배려 요소가 있어 부모님 선물로 적합함
PRD_964,TGT_002,예쁜 디자인이나 달콤한 디저트 감성이 있어 연인 선물로 어울림
PRD_964,TGT_008,지역 한정 요소가 있어 여행 추억용·직접 경험용 선물로 적합함
PRD_964,TGT_003,가볍고 트렌디하게 즐길 수 있어 친구에게 부담 없이 선물하기 좋음
PRD_965,TGT_001,건강·천연·보습 등 배려 요소가 있어 부모님 선물로 적합함
PRD_965,TGT_004,달콤한 간식류라 가족이 함께 나눠 먹기 좋음
PRD_965,TGT_003,가볍고 트렌디하게 즐길 수 있어 친구에게 부담 없이 선물하기 좋음
PRD_965,TGT_007,달콤한 맛과 부드러운 식감이 있어 어린이 간식 선물로 어울림
PRD_965,TGT_005,과자류라 사무실에서 깔끔하게 나눠 먹기 좋음
PRD_966,TGT_006,고급감·브랜드성·품질 요소가 있어 예의를 갖춘 선물로 적합함
PRD_966,TGT_001,건강·천연·보습 등 배려 요소가 있어 부모님 선물로 적합함
PRD_966,TGT_002,예쁜 디자인이나 달콤한 디저트 감성이 있어 연인 선물로 어울림
PRD_966,TGT_003,가볍고 트렌디하게 즐길 수 있어 친구에게 부담 없이 선물하기 좋음
PRD_966,TGT_008,지역성이 분명해 여행의 기억을 남기는 개인용 선물로 적합함
PRD_967,TGT_001,전통성이나 지역의 오래된 맛을 담아 정성스러운 선물로 어울림
PRD_967,TGT_008,지역성이 분명해 여행의 기억을 남기는 개인용 선물로 적합함
PRD_967,TGT_004,부담 없이 함께 즐길 수 있는 식품·음료류임
PRD_968,TGT_007,달콤한 맛과 부드러운 식감이 있어 어린이 간식 선물로 어울림
PRD_968,TGT_001,전통성이나 지역의 오래된 맛을 담아 정성스러운 선물로 어울림
PRD_968,TGT_004,달콤한 간식류라 가족이 함께 나눠 먹기 좋음
PRD_968,TGT_006,고급감·브랜드성·품질 요소가 있어 예의를 갖춘 선물로 적합함
PRD_968,TGT_008,현지 대표성이나 특산성이 뚜렷해 직접 경험하기 좋은 기념품임
PRD_969,TGT_001,건강·천연·보습 등 배려 요소가 있어 부모님 선물로 적합함
PRD_969,TGT_006,고급감·브랜드성·품질 요소가 있어 예의를 갖춘 선물로 적합함
PRD_969,TGT_004,식사에 활용하기 좋은 지역 먹거리라 가족 선물로 실용적임
PRD_969,TGT_008,지역성이 분명해 여행의 기억을 남기는 개인용 선물로 적합함
PRD_970,TGT_008,지역 한정 요소가 있어 여행 추억용·직접 경험용 선물로 적합함
PRD_970,TGT_004,달콤한 간식류라 가족이 함께 나눠 먹기 좋음
PRD_970,TGT_001,전통성이나 지역의 오래된 맛을 담아 정성스러운 선물로 어울림
PRD_970,TGT_003,가볍고 트렌디하게 즐길 수 있어 친구에게 부담 없이 선물하기 좋음
PRD_970,TGT_007,달콤한 맛과 부드러운 식감이 있어 어린이 간식 선물로 어울림
PRD_971,TGT_003,성인 친구와 지역 주류의 개성을 함께 이야기하기 좋은 선물임
PRD_971,TGT_008,지역성이 분명해 여행의 기억을 남기는 개인용 선물로 적합함
PRD_971,TGT_006,성인 대상의 지역 주류로 격식을 갖춘 선물에 활용하기 좋음
PRD_972,TGT_001,전통성이나 지역의 오래된 맛을 담아 정성스러운 선물로 어울림
PRD_972,TGT_006,전통성과 품격이 있어 상사나 은사에게 드리기 좋음
PRD_972,TGT_008,지역성이 분명해 여행의 기억을 남기는 개인용 선물로 적합함
PRD_973,TGT_006,고급감·브랜드성·품질 요소가 있어 예의를 갖춘 선물로 적합함
PRD_973,TGT_001,전통성이나 지역의 오래된 맛을 담아 정성스러운 선물로 어울림
PRD_973,TGT_002,예쁜 디자인이나 달콤한 디저트 감성이 있어 연인 선물로 어울림
PRD_973,TGT_004,부담 없이 함께 즐길 수 있는 식품·음료류임
PRD_973,TGT_003,귀엽거나 독특한 디자인 요소가 있어 친구에게 재미있게 건네기 좋음
PRD_974,TGT_003,가볍고 트렌디하게 즐길 수 있어 친구에게 부담 없이 선물하기 좋음
PRD_974,TGT_007,캐릭터·인형 요소가 있어 어린이가 흥미를 느끼기 좋음
PRD_974,TGT_008,지역 한정 요소가 있어 여행 추억용·직접 경험용 선물로 적합함
PRD_975,TGT_006,고급감·브랜드성·품질 요소가 있어 예의를 갖춘 선물로 적합함
PRD_975,TGT_001,전통성이나 지역의 오래된 맛을 담아 정성스러운 선물로 어울림
PRD_975,TGT_008,지역성이 분명해 여행의 기억을 남기는 개인용 선물로 적합함
PRD_976,TGT_001,건강·천연·보습 등 배려 요소가 있어 부모님 선물로 적합함
PRD_976,TGT_004,달콤한 간식류라 가족이 함께 나눠 먹기 좋음
PRD_976,TGT_003,가볍고 트렌디하게 즐길 수 있어 친구에게 부담 없이 선물하기 좋음
PRD_976,TGT_006,고급감·브랜드성·품질 요소가 있어 예의를 갖춘 선물로 적합함
PRD_976,TGT_007,달콤한 맛과 부드러운 식감이 있어 어린이 간식 선물로 어울림
PRD_977,TGT_006,고급감·브랜드성·품질 요소가 있어 예의를 갖춘 선물로 적합함
PRD_977,TGT_004,달콤한 간식류라 가족이 함께 나눠 먹기 좋음
PRD_977,TGT_003,가볍고 트렌디하게 즐길 수 있어 친구에게 부담 없이 선물하기 좋음
PRD_977,TGT_007,달콤한 맛과 부드러운 식감이 있어 어린이 간식 선물로 어울림
PRD_977,TGT_008,지역성이 분명해 여행의 기억을 남기는 개인용 선물로 적합함
PRD_978,TGT_006,고급감·브랜드성·품질 요소가 있어 예의를 갖춘 선물로 적합함
PRD_978,TGT_001,전통성이나 지역의 오래된 맛을 담아 정성스러운 선물로 어울림
PRD_978,TGT_002,예쁜 디자인이나 달콤한 디저트 감성이 있어 연인 선물로 어울림
PRD_978,TGT_004,달콤한 간식류라 가족이 함께 나눠 먹기 좋음
PRD_978,TGT_003,가볍고 트렌디하게 즐길 수 있어 친구에게 부담 없이 선물하기 좋음
PRD_979,TGT_001,건강·천연·보습 등 배려 요소가 있어 부모님 선물로 적합함
PRD_979,TGT_004,식사에 활용하기 좋은 지역 먹거리라 가족 선물로 실용적임
PRD_979,TGT_006,고급감·브랜드성·품질 요소가 있어 예의를 갖춘 선물로 적합함
PRD_979,TGT_008,현지 대표성이나 특산성이 뚜렷해 직접 경험하기 좋은 기념품임
PRD_980,TGT_008,현지 대표성이나 특산성이 뚜렷해 직접 경험하기 좋은 기념품임
PRD_980,TGT_004,달콤한 간식류라 가족이 함께 나눠 먹기 좋음
PRD_980,TGT_001,전통성이나 지역의 오래된 맛을 담아 정성스러운 선물로 어울림
PRD_980,TGT_002,예쁜 디자인이나 달콤한 디저트 감성이 있어 연인 선물로 어울림
PRD_980,TGT_003,가볍고 트렌디하게 즐길 수 있어 친구에게 부담 없이 선물하기 좋음
PRD_981,TGT_006,고급감·브랜드성·품질 요소가 있어 예의를 갖춘 선물로 적합함
PRD_981,TGT_001,전통성이나 지역의 오래된 맛을 담아 정성스러운 선물로 어울림
PRD_981,TGT_002,예쁜 디자인이나 달콤한 디저트 감성이 있어 연인 선물로 어울림
PRD_981,TGT_008,지역성이 분명해 여행의 기억을 남기는 개인용 선물로 적합함
PRD_982,TGT_006,고급감·브랜드성·품질 요소가 있어 예의를 갖춘 선물로 적합함
PRD_982,TGT_003,가볍고 트렌디하게 즐길 수 있어 친구에게 부담 없이 선물하기 좋음
PRD_982,TGT_008,지역성이 분명해 여행의 기억을 남기는 개인용 선물로 적합함
PRD_983,TGT_001,건강·천연·보습 등 배려 요소가 있어 부모님 선물로 적합함
PRD_983,TGT_004,식사에 활용하기 좋은 지역 먹거리라 가족 선물로 실용적임
PRD_983,TGT_008,현지 대표성이나 특산성이 뚜렷해 직접 경험하기 좋은 기념품임
PRD_984,TGT_003,가볍고 트렌디하게 즐길 수 있어 친구에게 부담 없이 선물하기 좋음
PRD_984,TGT_004,부담 없이 함께 즐길 수 있는 식품·음료류임
PRD_984,TGT_008,지역 한정 요소가 있어 여행 추억용·직접 경험용 선물로 적합함
PRD_985,TGT_004,부담 없이 함께 즐길 수 있는 식품·음료류임
PRD_985,TGT_007,캐릭터·인형 요소가 있어 어린이가 흥미를 느끼기 좋음
PRD_985,TGT_001,전통성이나 지역의 오래된 맛을 담아 정성스러운 선물로 어울림
PRD_985,TGT_003,귀엽거나 독특한 디자인 요소가 있어 친구에게 재미있게 건네기 좋음
PRD_985,TGT_008,지역성이 분명해 여행의 기억을 남기는 개인용 선물로 적합함
PRD_986,TGT_008,현지 대표성이나 특산성이 뚜렷해 직접 경험하기 좋은 기념품임
PRD_986,TGT_004,달콤한 간식류라 가족이 함께 나눠 먹기 좋음
PRD_986,TGT_001,전통성이나 지역의 오래된 맛을 담아 정성스러운 선물로 어울림
PRD_986,TGT_002,예쁜 디자인이나 달콤한 디저트 감성이 있어 연인 선물로 어울림
PRD_986,TGT_003,가볍고 트렌디하게 즐길 수 있어 친구에게 부담 없이 선물하기 좋음
PRD_987,TGT_002,예쁜 디자인이나 달콤한 디저트 감성이 있어 연인 선물로 어울림
PRD_987,TGT_008,지역 한정 요소가 있어 여행 추억용·직접 경험용 선물로 적합함
PRD_987,TGT_004,달콤한 간식류라 가족이 함께 나눠 먹기 좋음
PRD_987,TGT_003,가볍고 트렌디하게 즐길 수 있어 친구에게 부담 없이 선물하기 좋음
PRD_987,TGT_007,달콤한 맛과 부드러운 식감이 있어 어린이 간식 선물로 어울림
PRD_988,TGT_004,달콤한 간식류라 가족이 함께 나눠 먹기 좋음
PRD_988,TGT_003,가볍고 트렌디하게 즐길 수 있어 친구에게 부담 없이 선물하기 좋음
PRD_988,TGT_007,달콤한 맛과 부드러운 식감이 있어 어린이 간식 선물로 어울림
PRD_988,TGT_005,과자류라 사무실에서 깔끔하게 나눠 먹기 좋음
PRD_988,TGT_008,지역성이 분명해 여행의 기억을 남기는 개인용 선물로 적합함
PRD_989,TGT_003,성인 친구와 지역 주류의 개성을 함께 이야기하기 좋은 선물임
PRD_989,TGT_008,지역성이 분명해 여행의 기억을 남기는 개인용 선물로 적합함
PRD_989,TGT_006,성인 대상의 지역 주류로 격식을 갖춘 선물에 활용하기 좋음
PRD_990,TGT_004,달콤한 간식류라 가족이 함께 나눠 먹기 좋음
PRD_990,TGT_003,가볍고 트렌디하게 즐길 수 있어 친구에게 부담 없이 선물하기 좋음
PRD_990,TGT_007,달콤한 맛과 부드러운 식감이 있어 어린이 간식 선물로 어울림
PRD_990,TGT_005,과자류라 사무실에서 깔끔하게 나눠 먹기 좋음
PRD_990,TGT_008,지역성이 분명해 여행의 기억을 남기는 개인용 선물로 적합함
PRD_991,TGT_002,예쁜 디자인이나 달콤한 디저트 감성이 있어 연인 선물로 어울림
PRD_991,TGT_004,달콤한 간식류라 가족이 함께 나눠 먹기 좋음
PRD_991,TGT_003,가볍고 트렌디하게 즐길 수 있어 친구에게 부담 없이 선물하기 좋음
PRD_991,TGT_007,달콤한 맛과 부드러운 식감이 있어 어린이 간식 선물로 어울림
PRD_991,TGT_008,지역성이 분명해 여행의 기억을 남기는 개인용 선물로 적합함
PRD_992,TGT_001,전통성이나 지역의 오래된 맛을 담아 정성스러운 선물로 어울림
PRD_992,TGT_008,지역 한정 요소가 있어 여행 추억용·직접 경험용 선물로 적합함
PRD_992,TGT_003,성인 친구와 지역 주류의 개성을 함께 이야기하기 좋은 선물임
PRD_993,TGT_001,건강·천연·보습 등 배려 요소가 있어 부모님 선물로 적합함
PRD_993,TGT_004,달콤한 간식류라 가족이 함께 나눠 먹기 좋음
PRD_993,TGT_002,예쁜 디자인이나 달콤한 디저트 감성이 있어 연인 선물로 어울림
PRD_993,TGT_003,가볍고 트렌디하게 즐길 수 있어 친구에게 부담 없이 선물하기 좋음
PRD_993,TGT_006,전통성과 품격이 있어 상사나 은사에게 드리기 좋음
PRD_994,TGT_004,달콤한 간식류라 가족이 함께 나눠 먹기 좋음
PRD_994,TGT_002,예쁜 디자인이나 달콤한 디저트 감성이 있어 연인 선물로 어울림
PRD_994,TGT_003,가볍고 트렌디하게 즐길 수 있어 친구에게 부담 없이 선물하기 좋음
PRD_994,TGT_007,달콤한 맛과 부드러운 식감이 있어 어린이 간식 선물로 어울림
PRD_994,TGT_005,과자류라 사무실에서 깔끔하게 나눠 먹기 좋음
PRD_995,TGT_002,예쁜 디자인이나 달콤한 디저트 감성이 있어 연인 선물로 어울림
PRD_995,TGT_004,달콤한 간식류라 가족이 함께 나눠 먹기 좋음
PRD_995,TGT_003,가볍고 트렌디하게 즐길 수 있어 친구에게 부담 없이 선물하기 좋음
PRD_995,TGT_007,달콤한 맛과 부드러운 식감이 있어 어린이 간식 선물로 어울림
PRD_995,TGT_005,과자류라 사무실에서 깔끔하게 나눠 먹기 좋음
PRD_996,TGT_006,고급감·브랜드성·품질 요소가 있어 예의를 갖춘 선물로 적합함
PRD_996,TGT_004,달콤한 간식류라 가족이 함께 나눠 먹기 좋음
PRD_996,TGT_002,예쁜 디자인이나 달콤한 디저트 감성이 있어 연인 선물로 어울림
PRD_996,TGT_008,현지 대표성이나 특산성이 뚜렷해 직접 경험하기 좋은 기념품임
PRD_996,TGT_003,가볍고 트렌디하게 즐길 수 있어 친구에게 부담 없이 선물하기 좋음
PRD_997,TGT_006,고급감·브랜드성·품질 요소가 있어 예의를 갖춘 선물로 적합함
PRD_997,TGT_004,식사에 활용하기 좋은 지역 먹거리라 가족 선물로 실용적임
PRD_997,TGT_001,고급감과 품질 요소가 있어 부모님께 드리기 좋은 선물임
PRD_997,TGT_005,소분·세트형으로 나눠 주기 쉬워 직장동료 선물에 적합함
PRD_997,TGT_008,지역성이 분명해 여행의 기억을 남기는 개인용 선물로 적합함
PRD_998,TGT_002,예쁜 디자인이나 달콤한 디저트 감성이 있어 연인 선물로 어울림
PRD_998,TGT_006,고급감·브랜드성·품질 요소가 있어 예의를 갖춘 선물로 적합함
PRD_998,TGT_004,달콤한 간식류라 가족이 함께 나눠 먹기 좋음
PRD_998,TGT_003,가볍고 트렌디하게 즐길 수 있어 친구에게 부담 없이 선물하기 좋음
PRD_998,TGT_007,달콤한 맛과 부드러운 식감이 있어 어린이 간식 선물로 어울림
PRD_999,TGT_006,고급감·브랜드성·품질 요소가 있어 예의를 갖춘 선물로 적합함
PRD_999,TGT_003,가볍고 트렌디하게 즐길 수 있어 친구에게 부담 없이 선물하기 좋음
PRD_999,TGT_001,고급감과 품질 요소가 있어 부모님께 드리기 좋은 선물임
PRD_999,TGT_004,식사에 활용하기 좋은 지역 먹거리라 가족 선물로 실용적임
PRD_999,TGT_008,지역성이 분명해 여행의 기억을 남기는 개인용 선물로 적합함
PRD_1000,TGT_001,건강·천연·보습 등 배려 요소가 있어 부모님 선물로 적합함
PRD_1000,TGT_006,고급감·브랜드성·품질 요소가 있어 예의를 갖춘 선물로 적합함
PRD_1000,TGT_004,식사에 활용하기 좋은 지역 먹거리라 가족 선물로 실용적임
PRD_1000,TGT_008,현지 대표성이나 특산성이 뚜렷해 직접 경험하기 좋은 기념품임
PRD_1001,TGT_004,달콤한 간식류라 가족이 함께 나눠 먹기 좋음
PRD_1001,TGT_003,가볍고 트렌디하게 즐길 수 있어 친구에게 부담 없이 선물하기 좋음
PRD_1001,TGT_007,달콤한 맛과 부드러운 식감이 있어 어린이 간식 선물로 어울림
PRD_1001,TGT_005,과자류라 사무실에서 깔끔하게 나눠 먹기 좋음
PRD_1001,TGT_008,지역성이 분명해 여행의 기억을 남기는 개인용 선물로 적합함
PRD_1002,TGT_001,건강·천연·보습 등 배려 요소가 있어 부모님 선물로 적합함
PRD_1002,TGT_006,고급감·브랜드성·품질 요소가 있어 예의를 갖춘 선물로 적합함
PRD_1002,TGT_004,달콤한 간식류라 가족이 함께 나눠 먹기 좋음
PRD_1002,TGT_002,예쁜 디자인이나 달콤한 디저트 감성이 있어 연인 선물로 어울림
PRD_1002,TGT_003,가볍고 트렌디하게 즐길 수 있어 친구에게 부담 없이 선물하기 좋음
PRD_1003,TGT_006,고급감·브랜드성·품질 요소가 있어 예의를 갖춘 선물로 적합함
PRD_1003,TGT_004,달콤한 간식류라 가족이 함께 나눠 먹기 좋음
PRD_1003,TGT_002,예쁜 디자인이나 달콤한 디저트 감성이 있어 연인 선물로 어울림
PRD_1003,TGT_003,가볍고 트렌디하게 즐길 수 있어 친구에게 부담 없이 선물하기 좋음
PRD_1003,TGT_007,달콤한 맛과 부드러운 식감이 있어 어린이 간식 선물로 어울림
PRD_1004,TGT_001,건강·천연·보습 등 배려 요소가 있어 부모님 선물로 적합함
PRD_1004,TGT_006,고급감·브랜드성·품질 요소가 있어 예의를 갖춘 선물로 적합함
PRD_1004,TGT_004,식사에 활용하기 좋은 지역 먹거리라 가족 선물로 실용적임
PRD_1004,TGT_008,현지 대표성이나 특산성이 뚜렷해 직접 경험하기 좋은 기념품임
PRD_1005,TGT_001,건강·천연·보습 등 배려 요소가 있어 부모님 선물로 적합함
PRD_1005,TGT_004,달콤한 간식류라 가족이 함께 나눠 먹기 좋음
PRD_1005,TGT_002,예쁜 디자인이나 달콤한 디저트 감성이 있어 연인 선물로 어울림
PRD_1005,TGT_003,가볍고 트렌디하게 즐길 수 있어 친구에게 부담 없이 선물하기 좋음
PRD_1005,TGT_007,달콤한 맛과 부드러운 식감이 있어 어린이 간식 선물로 어울림
PRD_1006,TGT_001,건강·천연·보습 등 배려 요소가 있어 부모님 선물로 적합함
PRD_1006,TGT_006,고급감·브랜드성·품질 요소가 있어 예의를 갖춘 선물로 적합함
PRD_1006,TGT_003,성인 친구와 지역 주류의 개성을 함께 이야기하기 좋은 선물임
PRD_1006,TGT_008,지역성이 분명해 여행의 기억을 남기는 개인용 선물로 적합함
PRD_1007,TGT_006,고급감·브랜드성·품질 요소가 있어 예의를 갖춘 선물로 적합함
PRD_1007,TGT_002,예쁜 디자인이나 달콤한 디저트 감성이 있어 연인 선물로 어울림
PRD_1007,TGT_001,고급감과 품질 요소가 있어 부모님께 드리기 좋은 선물임
PRD_1007,TGT_003,성인 친구와 지역 주류의 개성을 함께 이야기하기 좋은 선물임
PRD_1007,TGT_008,지역성이 분명해 여행의 기억을 남기는 개인용 선물로 적합함
PRD_1008,TGT_003,가볍고 트렌디하게 즐길 수 있어 친구에게 부담 없이 선물하기 좋음
PRD_1008,TGT_004,달콤한 간식류라 가족이 함께 나눠 먹기 좋음
PRD_1008,TGT_005,소분·세트형으로 나눠 주기 쉬워 직장동료 선물에 적합함
PRD_1008,TGT_002,예쁜 디자인이나 달콤한 디저트 감성이 있어 연인 선물로 어울림
PRD_1008,TGT_007,달콤한 맛과 부드러운 식감이 있어 어린이 간식 선물로 어울림
PRD_1009,TGT_004,식사에 활용하기 좋은 지역 먹거리라 가족 선물로 실용적임
PRD_1009,TGT_001,고급감과 품질 요소가 있어 부모님께 드리기 좋은 선물임
PRD_1009,TGT_006,고급감·브랜드성·품질 요소가 있어 예의를 갖춘 선물로 적합함
PRD_1009,TGT_008,지역성이 분명해 여행의 기억을 남기는 개인용 선물로 적합함
PRD_1010,TGT_006,고급감·브랜드성·품질 요소가 있어 예의를 갖춘 선물로 적합함
PRD_1010,TGT_002,예쁜 디자인이나 달콤한 디저트 감성이 있어 연인 선물로 어울림
PRD_1010,TGT_004,달콤한 간식류라 가족이 함께 나눠 먹기 좋음
PRD_1010,TGT_003,가볍고 트렌디하게 즐길 수 있어 친구에게 부담 없이 선물하기 좋음
PRD_1010,TGT_008,지역성이 분명해 여행의 기억을 남기는 개인용 선물로 적합함
PRD_1011,TGT_004,달콤한 간식류라 가족이 함께 나눠 먹기 좋음
PRD_1011,TGT_003,가볍고 트렌디하게 즐길 수 있어 친구에게 부담 없이 선물하기 좋음
PRD_1011,TGT_007,달콤한 맛과 부드러운 식감이 있어 어린이 간식 선물로 어울림
PRD_1011,TGT_005,과자류라 사무실에서 깔끔하게 나눠 먹기 좋음
PRD_1011,TGT_008,지역성이 분명해 여행의 기억을 남기는 개인용 선물로 적합함
PRD_1012,TGT_003,성인 친구와 지역 주류의 개성을 함께 이야기하기 좋은 선물임
PRD_1012,TGT_008,지역성이 분명해 여행의 기억을 남기는 개인용 선물로 적합함
PRD_1012,TGT_006,성인 대상의 지역 주류로 격식을 갖춘 선물에 활용하기 좋음
PRD_1013,TGT_001,건강·천연·보습 등 배려 요소가 있어 부모님 선물로 적합함
PRD_1013,TGT_004,식사에 활용하기 좋은 지역 먹거리라 가족 선물로 실용적임
PRD_1013,TGT_006,고급감·브랜드성·품질 요소가 있어 예의를 갖춘 선물로 적합함
PRD_1013,TGT_008,지역성이 분명해 여행의 기억을 남기는 개인용 선물로 적합함
PRD_1014,TGT_001,건강·천연·보습 등 배려 요소가 있어 부모님 선물로 적합함
PRD_1014,TGT_006,고급감·브랜드성·품질 요소가 있어 예의를 갖춘 선물로 적합함
PRD_1014,TGT_004,부담 없이 함께 즐길 수 있는 식품·음료류임
PRD_1014,TGT_008,지역성이 분명해 여행의 기억을 남기는 개인용 선물로 적합함
PRD_1014,TGT_005,작고 실용적인 품목이라 직장동료에게 깔끔하게 전달하기 좋음
PRD_1015,TGT_004,식사에 활용하기 좋은 지역 먹거리라 가족 선물로 실용적임
PRD_1015,TGT_008,지역성이 분명해 여행의 기억을 남기는 개인용 선물로 적합함
PRD_1015,TGT_003,현지 맛을 캐주얼하게 공유할 수 있어 친구 선물로 어울림
PRD_1016,TGT_001,전통성이나 지역의 오래된 맛을 담아 정성스러운 선물로 어울림
PRD_1016,TGT_006,고급감·브랜드성·품질 요소가 있어 예의를 갖춘 선물로 적합함
PRD_1016,TGT_003,성인 친구와 지역 주류의 개성을 함께 이야기하기 좋은 선물임
PRD_1016,TGT_008,지역성이 분명해 여행의 기억을 남기는 개인용 선물로 적합함
PRD_1017,TGT_006,고급감·브랜드성·품질 요소가 있어 예의를 갖춘 선물로 적합함
PRD_1017,TGT_004,달콤한 간식류라 가족이 함께 나눠 먹기 좋음
PRD_1017,TGT_003,가볍고 트렌디하게 즐길 수 있어 친구에게 부담 없이 선물하기 좋음
PRD_1017,TGT_007,달콤한 맛과 부드러운 식감이 있어 어린이 간식 선물로 어울림
PRD_1017,TGT_005,과자류라 사무실에서 깔끔하게 나눠 먹기 좋음
PRD_1018,TGT_001,건강·천연·보습 등 배려 요소가 있어 부모님 선물로 적합함
PRD_1018,TGT_004,부담 없이 함께 즐길 수 있는 식품·음료류임
PRD_1018,TGT_006,고급감·브랜드성·품질 요소가 있어 예의를 갖춘 선물로 적합함
PRD_1018,TGT_007,캐릭터·인형 요소가 있어 어린이가 흥미를 느끼기 좋음
PRD_1018,TGT_008,현지 대표성이나 특산성이 뚜렷해 직접 경험하기 좋은 기념품임
PRD_1019,TGT_006,고급감·브랜드성·품질 요소가 있어 예의를 갖춘 선물로 적합함
PRD_1019,TGT_003,가볍고 트렌디하게 즐길 수 있어 친구에게 부담 없이 선물하기 좋음
PRD_1019,TGT_001,전통성이나 지역의 오래된 맛을 담아 정성스러운 선물로 어울림
PRD_1019,TGT_002,예쁜 디자인이나 달콤한 디저트 감성이 있어 연인 선물로 어울림
PRD_1019,TGT_008,지역성이 분명해 여행의 기억을 남기는 개인용 선물로 적합함
PRD_1020,TGT_006,고급감·브랜드성·품질 요소가 있어 예의를 갖춘 선물로 적합함
PRD_1020,TGT_001,전통성이나 지역의 오래된 맛을 담아 정성스러운 선물로 어울림
PRD_1020,TGT_002,예쁜 디자인이나 달콤한 디저트 감성이 있어 연인 선물로 어울림
PRD_1020,TGT_004,부담 없이 함께 즐길 수 있는 식품·음료류임
PRD_1020,TGT_003,귀엽거나 독특한 디자인 요소가 있어 친구에게 재미있게 건네기 좋음
PRD_1021,TGT_003,성인 친구와 지역 주류의 개성을 함께 이야기하기 좋은 선물임
PRD_1021,TGT_008,지역성이 분명해 여행의 기억을 남기는 개인용 선물로 적합함
PRD_1021,TGT_006,성인 대상의 지역 주류로 격식을 갖춘 선물에 활용하기 좋음
PRD_1022,TGT_003,가볍고 트렌디하게 즐길 수 있어 친구에게 부담 없이 선물하기 좋음
PRD_1022,TGT_007,캐릭터·인형 요소가 있어 어린이가 흥미를 느끼기 좋음
PRD_1022,TGT_006,고급감·브랜드성·품질 요소가 있어 예의를 갖춘 선물로 적합함
PRD_1022,TGT_008,지역성이 분명해 여행의 기억을 남기는 개인용 선물로 적합함
PRD_1023,TGT_007,캐릭터·인형 요소가 있어 어린이가 흥미를 느끼기 좋음
PRD_1023,TGT_003,귀엽거나 독특한 디자인 요소가 있어 친구에게 재미있게 건네기 좋음
PRD_1023,TGT_008,지역성이 분명해 여행의 기억을 남기는 개인용 선물로 적합함
PRD_1024,TGT_006,고급감·브랜드성·품질 요소가 있어 예의를 갖춘 선물로 적합함
PRD_1024,TGT_005,소분·세트형으로 나눠 주기 쉬워 직장동료 선물에 적합함
PRD_1024,TGT_003,귀엽거나 독특한 디자인 요소가 있어 친구에게 재미있게 건네기 좋음
PRD_1024,TGT_008,지역성이 분명해 여행의 기억을 남기는 개인용 선물로 적합함
PRD_1025,TGT_003,가볍고 트렌디하게 즐길 수 있어 친구에게 부담 없이 선물하기 좋음
PRD_1025,TGT_007,캐릭터·인형 요소가 있어 어린이가 흥미를 느끼기 좋음
PRD_1025,TGT_006,고급감·브랜드성·품질 요소가 있어 예의를 갖춘 선물로 적합함
PRD_1025,TGT_008,지역성이 분명해 여행의 기억을 남기는 개인용 선물로 적합함
PRD_1026,TGT_006,고급감·브랜드성·품질 요소가 있어 예의를 갖춘 선물로 적합함
PRD_1026,TGT_002,예쁜 디자인이나 달콤한 디저트 감성이 있어 연인 선물로 어울림
PRD_1026,TGT_008,지역성이 분명해 여행의 기억을 남기는 개인용 선물로 적합함
PRD_1027,TGT_006,고급감·브랜드성·품질 요소가 있어 예의를 갖춘 선물로 적합함
PRD_1027,TGT_002,예쁜 디자인이나 달콤한 디저트 감성이 있어 연인 선물로 어울림
PRD_1027,TGT_005,소분·세트형으로 나눠 주기 쉬워 직장동료 선물에 적합함
PRD_1027,TGT_003,귀엽거나 독특한 디자인 요소가 있어 친구에게 재미있게 건네기 좋음
PRD_1027,TGT_008,지역성이 분명해 여행의 기억을 남기는 개인용 선물로 적합함
PRD_1028,TGT_003,가볍고 트렌디하게 즐길 수 있어 친구에게 부담 없이 선물하기 좋음
PRD_1028,TGT_002,예쁜 디자인이나 달콤한 디저트 감성이 있어 연인 선물로 어울림
PRD_1028,TGT_008,지역 한정 요소가 있어 여행 추억용·직접 경험용 선물로 적합함
PRD_1028,TGT_007,귀엽거나 재미있는 요소가 있어 어린이용 선물로 적합함
PRD_1028,TGT_005,작고 실용적인 품목이라 직장동료에게 깔끔하게 전달하기 좋음
PRD_1029,TGT_001,건강·천연·보습 등 배려 요소가 있어 부모님 선물로 적합함
PRD_1029,TGT_004,달콤한 간식류라 가족이 함께 나눠 먹기 좋음
PRD_1029,TGT_006,고급감·브랜드성·품질 요소가 있어 예의를 갖춘 선물로 적합함
PRD_1029,TGT_002,예쁜 디자인이나 달콤한 디저트 감성이 있어 연인 선물로 어울림
PRD_1029,TGT_003,가볍고 트렌디하게 즐길 수 있어 친구에게 부담 없이 선물하기 좋음
PRD_1030,TGT_004,일상에서 사용할 수 있는 실용성이 있어 가족 선물로 적합함
PRD_1030,TGT_007,캐릭터·인형 요소가 있어 어린이가 흥미를 느끼기 좋음
PRD_1030,TGT_006,고급감·브랜드성·품질 요소가 있어 예의를 갖춘 선물로 적합함
PRD_1030,TGT_003,귀엽거나 독특한 디자인 요소가 있어 친구에게 재미있게 건네기 좋음
PRD_1030,TGT_008,지역성이 분명해 여행의 기억을 남기는 개인용 선물로 적합함
PRD_1031,TGT_006,고급감·브랜드성·품질 요소가 있어 예의를 갖춘 선물로 적합함
PRD_1031,TGT_001,전통성이나 지역의 오래된 맛을 담아 정성스러운 선물로 어울림
PRD_1031,TGT_002,예쁜 디자인이나 달콤한 디저트 감성이 있어 연인 선물로 어울림
PRD_1031,TGT_008,지역성이 분명해 여행의 기억을 남기는 개인용 선물로 적합함
PRD_1032,TGT_008,지역 한정 요소가 있어 여행 추억용·직접 경험용 선물로 적합함
PRD_1032,TGT_004,달콤한 간식류라 가족이 함께 나눠 먹기 좋음
PRD_1032,TGT_003,가볍고 트렌디하게 즐길 수 있어 친구에게 부담 없이 선물하기 좋음
PRD_1032,TGT_007,달콤한 맛과 부드러운 식감이 있어 어린이 간식 선물로 어울림
PRD_1032,TGT_005,과자류라 사무실에서 깔끔하게 나눠 먹기 좋음
PRD_1033,TGT_003,가볍고 트렌디하게 즐길 수 있어 친구에게 부담 없이 선물하기 좋음
PRD_1033,TGT_007,캐릭터·인형 요소가 있어 어린이가 흥미를 느끼기 좋음
PRD_1033,TGT_006,고급감·브랜드성·품질 요소가 있어 예의를 갖춘 선물로 적합함
PRD_1033,TGT_008,지역성이 분명해 여행의 기억을 남기는 개인용 선물로 적합함
PRD_1034,TGT_001,건강·천연·보습 등 배려 요소가 있어 부모님 선물로 적합함
PRD_1034,TGT_006,고급감·브랜드성·품질 요소가 있어 예의를 갖춘 선물로 적합함
PRD_1034,TGT_008,지역성이 분명해 여행의 기억을 남기는 개인용 선물로 적합함
PRD_1035,TGT_004,부담 없이 함께 즐길 수 있는 식품·음료류임
PRD_1035,TGT_007,캐릭터·인형 요소가 있어 어린이가 흥미를 느끼기 좋음
PRD_1035,TGT_006,고급감·브랜드성·품질 요소가 있어 예의를 갖춘 선물로 적합함
PRD_1035,TGT_003,귀엽거나 독특한 디자인 요소가 있어 친구에게 재미있게 건네기 좋음
PRD_1035,TGT_008,지역성이 분명해 여행의 기억을 남기는 개인용 선물로 적합함
PRD_1036,TGT_001,건강·천연·보습 등 배려 요소가 있어 부모님 선물로 적합함
PRD_1036,TGT_006,고급감·브랜드성·품질 요소가 있어 예의를 갖춘 선물로 적합함
PRD_1036,TGT_008,현지 대표성이나 특산성이 뚜렷해 직접 경험하기 좋은 기념품임
PRD_1036,TGT_004,식사에 활용하기 좋은 지역 먹거리라 가족 선물로 실용적임
PRD_1037,TGT_008,현지 대표성이나 특산성이 뚜렷해 직접 경험하기 좋은 기념품임
PRD_1037,TGT_004,달콤한 간식류라 가족이 함께 나눠 먹기 좋음
PRD_1037,TGT_001,전통성이나 지역의 오래된 맛을 담아 정성스러운 선물로 어울림
PRD_1037,TGT_003,가볍고 트렌디하게 즐길 수 있어 친구에게 부담 없이 선물하기 좋음
PRD_1037,TGT_007,달콤한 맛과 부드러운 식감이 있어 어린이 간식 선물로 어울림
PRD_1038,TGT_003,가볍고 트렌디하게 즐길 수 있어 친구에게 부담 없이 선물하기 좋음
PRD_1038,TGT_007,달콤한 맛과 부드러운 식감이 있어 어린이 간식 선물로 어울림
PRD_1038,TGT_008,지역 한정 요소가 있어 여행 추억용·직접 경험용 선물로 적합함
PRD_1038,TGT_004,달콤한 간식류라 가족이 함께 나눠 먹기 좋음
PRD_1038,TGT_001,전통성이나 지역의 오래된 맛을 담아 정성스러운 선물로 어울림
PRD_1039,TGT_006,고급감·브랜드성·품질 요소가 있어 예의를 갖춘 선물로 적합함
PRD_1039,TGT_001,전통성이나 지역의 오래된 맛을 담아 정성스러운 선물로 어울림
PRD_1039,TGT_003,귀엽거나 독특한 디자인 요소가 있어 친구에게 재미있게 건네기 좋음
PRD_1039,TGT_008,지역성이 분명해 여행의 기억을 남기는 개인용 선물로 적합함
PRD_1040,TGT_006,고급감·브랜드성·품질 요소가 있어 예의를 갖춘 선물로 적합함
PRD_1040,TGT_003,가볍고 트렌디하게 즐길 수 있어 친구에게 부담 없이 선물하기 좋음
PRD_1040,TGT_004,식사에 활용하기 좋은 지역 먹거리라 가족 선물로 실용적임
PRD_1040,TGT_001,고급감과 품질 요소가 있어 부모님께 드리기 좋은 선물임
PRD_1040,TGT_008,지역성이 분명해 여행의 기억을 남기는 개인용 선물로 적합함
PRD_1041,TGT_003,가볍고 트렌디하게 즐길 수 있어 친구에게 부담 없이 선물하기 좋음
PRD_1041,TGT_001,전통성이나 지역의 오래된 맛을 담아 정성스러운 선물로 어울림
PRD_1041,TGT_004,달콤한 간식류라 가족이 함께 나눠 먹기 좋음
PRD_1041,TGT_007,달콤한 맛과 부드러운 식감이 있어 어린이 간식 선물로 어울림
PRD_1041,TGT_005,과자류라 사무실에서 깔끔하게 나눠 먹기 좋음
PRD_1042,TGT_006,고급감·브랜드성·품질 요소가 있어 예의를 갖춘 선물로 적합함
PRD_1042,TGT_001,전통성이나 지역의 오래된 맛을 담아 정성스러운 선물로 어울림
PRD_1042,TGT_002,예쁜 디자인이나 달콤한 디저트 감성이 있어 연인 선물로 어울림
PRD_1042,TGT_003,귀엽거나 독특한 디자인 요소가 있어 친구에게 재미있게 건네기 좋음
PRD_1042,TGT_008,지역성이 분명해 여행의 기억을 남기는 개인용 선물로 적합함
PRD_1043,TGT_001,건강·천연·보습 등 배려 요소가 있어 부모님 선물로 적합함
PRD_1043,TGT_006,고급감·브랜드성·품질 요소가 있어 예의를 갖춘 선물로 적합함
PRD_1043,TGT_004,달콤한 간식류라 가족이 함께 나눠 먹기 좋음
PRD_1043,TGT_003,가볍고 트렌디하게 즐길 수 있어 친구에게 부담 없이 선물하기 좋음
PRD_1043,TGT_008,현지 대표성이나 특산성이 뚜렷해 직접 경험하기 좋은 기념품임
PRD_1044,TGT_001,건강·천연·보습 등 배려 요소가 있어 부모님 선물로 적합함
PRD_1044,TGT_004,달콤한 간식류라 가족이 함께 나눠 먹기 좋음
PRD_1044,TGT_003,가볍고 트렌디하게 즐길 수 있어 친구에게 부담 없이 선물하기 좋음
PRD_1044,TGT_006,전통성과 품격이 있어 상사나 은사에게 드리기 좋음
PRD_1044,TGT_007,달콤한 맛과 부드러운 식감이 있어 어린이 간식 선물로 어울림
PRD_1045,TGT_001,건강·천연·보습 등 배려 요소가 있어 부모님 선물로 적합함
PRD_1045,TGT_004,달콤한 간식류라 가족이 함께 나눠 먹기 좋음
PRD_1045,TGT_003,가볍고 트렌디하게 즐길 수 있어 친구에게 부담 없이 선물하기 좋음
PRD_1045,TGT_006,전통성과 품격이 있어 상사나 은사에게 드리기 좋음
PRD_1045,TGT_007,달콤한 맛과 부드러운 식감이 있어 어린이 간식 선물로 어울림
PRD_1046,TGT_001,건강·천연·보습 등 배려 요소가 있어 부모님 선물로 적합함
PRD_1046,TGT_004,달콤한 간식류라 가족이 함께 나눠 먹기 좋음
PRD_1046,TGT_008,현지 대표성이나 특산성이 뚜렷해 직접 경험하기 좋은 기념품임
PRD_1046,TGT_003,가볍고 트렌디하게 즐길 수 있어 친구에게 부담 없이 선물하기 좋음
PRD_1046,TGT_006,전통성과 품격이 있어 상사나 은사에게 드리기 좋음
PRD_1047,TGT_001,건강·천연·보습 등 배려 요소가 있어 부모님 선물로 적합함
PRD_1047,TGT_003,가볍고 트렌디하게 즐길 수 있어 친구에게 부담 없이 선물하기 좋음
PRD_1047,TGT_004,달콤한 간식류라 가족이 함께 나눠 먹기 좋음
PRD_1047,TGT_006,전통성과 품격이 있어 상사나 은사에게 드리기 좋음
PRD_1047,TGT_007,달콤한 맛과 부드러운 식감이 있어 어린이 간식 선물로 어울림
PRD_1048,TGT_006,고급감·브랜드성·품질 요소가 있어 예의를 갖춘 선물로 적합함
PRD_1048,TGT_001,전통성이나 지역의 오래된 맛을 담아 정성스러운 선물로 어울림
PRD_1048,TGT_002,예쁜 디자인이나 달콤한 디저트 감성이 있어 연인 선물로 어울림
PRD_1048,TGT_008,지역성이 분명해 여행의 기억을 남기는 개인용 선물로 적합함
PRD_1049,TGT_003,성인 친구와 지역 주류의 개성을 함께 이야기하기 좋은 선물임
PRD_1049,TGT_001,식사에 곁들이기 좋은 실용적인 먹거리라 부모님께 드리기 무난함
PRD_1049,TGT_008,지역성이 분명해 여행의 기억을 남기는 개인용 선물로 적합함
PRD_1050,TGT_001,건강·천연·보습 등 배려 요소가 있어 부모님 선물로 적합함
PRD_1050,TGT_004,달콤한 간식류라 가족이 함께 나눠 먹기 좋음
PRD_1050,TGT_002,예쁜 디자인이나 달콤한 디저트 감성이 있어 연인 선물로 어울림
PRD_1050,TGT_008,현지 대표성이나 특산성이 뚜렷해 직접 경험하기 좋은 기념품임
PRD_1050,TGT_003,가볍고 트렌디하게 즐길 수 있어 친구에게 부담 없이 선물하기 좋음
PRD_1051,TGT_006,고급감·브랜드성·품질 요소가 있어 예의를 갖춘 선물로 적합함
PRD_1051,TGT_007,달콤한 맛과 부드러운 식감이 있어 어린이 간식 선물로 어울림
PRD_1051,TGT_001,전통성이나 지역의 오래된 맛을 담아 정성스러운 선물로 어울림
PRD_1051,TGT_004,달콤한 간식류라 가족이 함께 나눠 먹기 좋음
PRD_1051,TGT_008,현지 대표성이나 특산성이 뚜렷해 직접 경험하기 좋은 기념품임
PRD_1052,TGT_001,건강·천연·보습 등 배려 요소가 있어 부모님 선물로 적합함
PRD_1052,TGT_004,달콤한 간식류라 가족이 함께 나눠 먹기 좋음
PRD_1052,TGT_008,현지 대표성이나 특산성이 뚜렷해 직접 경험하기 좋은 기념품임
PRD_1052,TGT_002,예쁜 디자인이나 달콤한 디저트 감성이 있어 연인 선물로 어울림
PRD_1052,TGT_003,가볍고 트렌디하게 즐길 수 있어 친구에게 부담 없이 선물하기 좋음
PRD_1053,TGT_003,가볍고 트렌디하게 즐길 수 있어 친구에게 부담 없이 선물하기 좋음
PRD_1053,TGT_002,예쁜 디자인이나 달콤한 디저트 감성이 있어 연인 선물로 어울림
PRD_1053,TGT_001,전통성이나 지역의 오래된 맛을 담아 정성스러운 선물로 어울림
PRD_1053,TGT_006,전통성과 품격이 있어 상사나 은사에게 드리기 좋음
PRD_1053,TGT_008,지역성이 분명해 여행의 기억을 남기는 개인용 선물로 적합함
PRD_1054,TGT_006,고급감·브랜드성·품질 요소가 있어 예의를 갖춘 선물로 적합함
PRD_1054,TGT_003,가볍고 트렌디하게 즐길 수 있어 친구에게 부담 없이 선물하기 좋음
PRD_1054,TGT_001,전통성이나 지역의 오래된 맛을 담아 정성스러운 선물로 어울림
PRD_1054,TGT_008,지역성이 분명해 여행의 기억을 남기는 개인용 선물로 적합함
PRD_1055,TGT_004,달콤한 간식류라 가족이 함께 나눠 먹기 좋음
PRD_1055,TGT_002,예쁜 디자인이나 달콤한 디저트 감성이 있어 연인 선물로 어울림
PRD_1055,TGT_003,가볍고 트렌디하게 즐길 수 있어 친구에게 부담 없이 선물하기 좋음
PRD_1055,TGT_007,달콤한 맛과 부드러운 식감이 있어 어린이 간식 선물로 어울림
PRD_1055,TGT_005,과자류라 사무실에서 깔끔하게 나눠 먹기 좋음
PRD_1056,TGT_006,고급감·브랜드성·품질 요소가 있어 예의를 갖춘 선물로 적합함
PRD_1056,TGT_003,가볍고 트렌디하게 즐길 수 있어 친구에게 부담 없이 선물하기 좋음
PRD_1056,TGT_004,달콤한 간식류라 가족이 함께 나눠 먹기 좋음
PRD_1056,TGT_002,예쁜 디자인이나 달콤한 디저트 감성이 있어 연인 선물로 어울림
PRD_1056,TGT_007,달콤한 맛과 부드러운 식감이 있어 어린이 간식 선물로 어울림
PRD_1057,TGT_006,고급감·브랜드성·품질 요소가 있어 예의를 갖춘 선물로 적합함
PRD_1057,TGT_001,건강·천연·보습 등 배려 요소가 있어 부모님 선물로 적합함
PRD_1057,TGT_004,부담 없이 함께 즐길 수 있는 식품·음료류임
PRD_1057,TGT_008,지역성이 분명해 여행의 기억을 남기는 개인용 선물로 적합함
PRD_1058,TGT_006,고급감·브랜드성·품질 요소가 있어 예의를 갖춘 선물로 적합함
PRD_1058,TGT_003,가볍고 트렌디하게 즐길 수 있어 친구에게 부담 없이 선물하기 좋음
PRD_1058,TGT_001,전통성이나 지역의 오래된 맛을 담아 정성스러운 선물로 어울림
PRD_1058,TGT_008,지역성이 분명해 여행의 기억을 남기는 개인용 선물로 적합함
PRD_1059,TGT_006,전통성과 품격이 있어 상사나 은사에게 드리기 좋음
PRD_1059,TGT_008,현지 대표성이나 특산성이 뚜렷해 직접 경험하기 좋은 기념품임
PRD_1059,TGT_004,달콤한 간식류라 가족이 함께 나눠 먹기 좋음
PRD_1059,TGT_001,전통성이나 지역의 오래된 맛을 담아 정성스러운 선물로 어울림
PRD_1059,TGT_003,가볍고 트렌디하게 즐길 수 있어 친구에게 부담 없이 선물하기 좋음
PRD_1060,TGT_006,고급감·브랜드성·품질 요소가 있어 예의를 갖춘 선물로 적합함
PRD_1060,TGT_004,달콤한 간식류라 가족이 함께 나눠 먹기 좋음
PRD_1060,TGT_003,가볍고 트렌디하게 즐길 수 있어 친구에게 부담 없이 선물하기 좋음
PRD_1060,TGT_007,달콤한 맛과 부드러운 식감이 있어 어린이 간식 선물로 어울림
PRD_1060,TGT_008,지역성이 분명해 여행의 기억을 남기는 개인용 선물로 적합함
PRD_1061,TGT_006,고급감·브랜드성·품질 요소가 있어 예의를 갖춘 선물로 적합함
PRD_1061,TGT_001,전통성이나 지역의 오래된 맛을 담아 정성스러운 선물로 어울림
PRD_1061,TGT_004,달콤한 간식류라 가족이 함께 나눠 먹기 좋음
PRD_1061,TGT_008,현지 대표성이나 특산성이 뚜렷해 직접 경험하기 좋은 기념품임
PRD_1061,TGT_002,예쁜 디자인이나 달콤한 디저트 감성이 있어 연인 선물로 어울림
PRD_1062,TGT_001,건강·천연·보습 등 배려 요소가 있어 부모님 선물로 적합함
PRD_1062,TGT_006,고급감·브랜드성·품질 요소가 있어 예의를 갖춘 선물로 적합함
PRD_1062,TGT_003,성인 친구와 지역 주류의 개성을 함께 이야기하기 좋은 선물임
PRD_1062,TGT_008,지역성이 분명해 여행의 기억을 남기는 개인용 선물로 적합함
PRD_1063,TGT_003,가볍고 트렌디하게 즐길 수 있어 친구에게 부담 없이 선물하기 좋음
PRD_1063,TGT_002,예쁜 디자인이나 달콤한 디저트 감성이 있어 연인 선물로 어울림
PRD_1063,TGT_008,현지 대표성이나 특산성이 뚜렷해 직접 경험하기 좋은 기념품임
PRD_1063,TGT_001,전통성이나 지역의 오래된 맛을 담아 정성스러운 선물로 어울림
PRD_1063,TGT_006,전통성과 품격이 있어 상사나 은사에게 드리기 좋음
PRD_1064,TGT_001,건강·천연·보습 등 배려 요소가 있어 부모님 선물로 적합함
PRD_1064,TGT_004,식사에 활용하기 좋은 지역 먹거리라 가족 선물로 실용적임
PRD_1064,TGT_006,전통성과 품격이 있어 상사나 은사에게 드리기 좋음
PRD_1064,TGT_008,지역성이 분명해 여행의 기억을 남기는 개인용 선물로 적합함
PRD_1065,TGT_006,고급감·브랜드성·품질 요소가 있어 예의를 갖춘 선물로 적합함
PRD_1065,TGT_004,달콤한 간식류라 가족이 함께 나눠 먹기 좋음
PRD_1065,TGT_002,예쁜 디자인이나 달콤한 디저트 감성이 있어 연인 선물로 어울림
PRD_1065,TGT_003,가볍고 트렌디하게 즐길 수 있어 친구에게 부담 없이 선물하기 좋음
PRD_1065,TGT_007,달콤한 맛과 부드러운 식감이 있어 어린이 간식 선물로 어울림
PRD_1066,TGT_001,전통성이나 지역의 오래된 맛을 담아 정성스러운 선물로 어울림
PRD_1066,TGT_006,고급감·브랜드성·품질 요소가 있어 예의를 갖춘 선물로 적합함
PRD_1066,TGT_004,식사에 활용하기 좋은 지역 먹거리라 가족 선물로 실용적임
PRD_1066,TGT_008,현지 대표성이나 특산성이 뚜렷해 직접 경험하기 좋은 기념품임
PRD_1067,TGT_004,식사에 활용하기 좋은 지역 먹거리라 가족 선물로 실용적임
PRD_1067,TGT_008,지역성이 분명해 여행의 기억을 남기는 개인용 선물로 적합함
PRD_1067,TGT_006,선물용 구성이나 전문 브랜드 이미지가 있어 격식 있는 선물로 적합함
PRD_1068,TGT_001,건강·천연·보습 등 배려 요소가 있어 부모님 선물로 적합함
PRD_1068,TGT_004,달콤한 간식류라 가족이 함께 나눠 먹기 좋음
PRD_1068,TGT_003,가볍고 트렌디하게 즐길 수 있어 친구에게 부담 없이 선물하기 좋음
PRD_1068,TGT_006,전통성과 품격이 있어 상사나 은사에게 드리기 좋음
PRD_1068,TGT_007,달콤한 맛과 부드러운 식감이 있어 어린이 간식 선물로 어울림
PRD_1069,TGT_006,고급감·브랜드성·품질 요소가 있어 예의를 갖춘 선물로 적합함
PRD_1069,TGT_001,전통성이나 지역의 오래된 맛을 담아 정성스러운 선물로 어울림
PRD_1069,TGT_007,캐릭터·인형 요소가 있어 어린이가 흥미를 느끼기 좋음
PRD_1069,TGT_003,귀엽거나 독특한 디자인 요소가 있어 친구에게 재미있게 건네기 좋음
PRD_1069,TGT_008,지역성이 분명해 여행의 기억을 남기는 개인용 선물로 적합함
PRD_1070,TGT_006,고급감·브랜드성·품질 요소가 있어 예의를 갖춘 선물로 적합함
PRD_1070,TGT_001,건강·천연·보습 등 배려 요소가 있어 부모님 선물로 적합함
PRD_1070,TGT_004,달콤한 간식류라 가족이 함께 나눠 먹기 좋음
PRD_1070,TGT_002,예쁜 디자인이나 달콤한 디저트 감성이 있어 연인 선물로 어울림
PRD_1070,TGT_003,가볍고 트렌디하게 즐길 수 있어 친구에게 부담 없이 선물하기 좋음
PRD_1071,TGT_006,고급감·브랜드성·품질 요소가 있어 예의를 갖춘 선물로 적합함
PRD_1071,TGT_001,전통성이나 지역의 오래된 맛을 담아 정성스러운 선물로 어울림
PRD_1071,TGT_004,달콤한 간식류라 가족이 함께 나눠 먹기 좋음
PRD_1071,TGT_003,가볍고 트렌디하게 즐길 수 있어 친구에게 부담 없이 선물하기 좋음
PRD_1071,TGT_007,달콤한 맛과 부드러운 식감이 있어 어린이 간식 선물로 어울림
PRD_1072,TGT_001,건강·천연·보습 등 배려 요소가 있어 부모님 선물로 적합함
PRD_1072,TGT_006,고급감·브랜드성·품질 요소가 있어 예의를 갖춘 선물로 적합함
PRD_1072,TGT_003,성인 친구와 지역 주류의 개성을 함께 이야기하기 좋은 선물임
PRD_1072,TGT_008,지역 한정 요소가 있어 여행 추억용·직접 경험용 선물로 적합함
PRD_1073,TGT_006,고급감·브랜드성·품질 요소가 있어 예의를 갖춘 선물로 적합함
PRD_1073,TGT_007,캐릭터·인형 요소가 있어 어린이가 흥미를 느끼기 좋음
PRD_1073,TGT_003,가볍고 트렌디하게 즐길 수 있어 친구에게 부담 없이 선물하기 좋음
PRD_1073,TGT_001,전통성이나 지역의 오래된 맛을 담아 정성스러운 선물로 어울림
PRD_1073,TGT_002,예쁜 디자인이나 달콤한 디저트 감성이 있어 연인 선물로 어울림
PRD_1074,TGT_001,건강·천연·보습 등 배려 요소가 있어 부모님 선물로 적합함
PRD_1074,TGT_006,전통성과 품격이 있어 상사나 은사에게 드리기 좋음
PRD_1074,TGT_004,달콤한 간식류라 가족이 함께 나눠 먹기 좋음
PRD_1074,TGT_002,예쁜 디자인이나 달콤한 디저트 감성이 있어 연인 선물로 어울림
PRD_1074,TGT_003,가볍고 트렌디하게 즐길 수 있어 친구에게 부담 없이 선물하기 좋음
PRD_1075,TGT_004,식사에 활용하기 좋은 지역 먹거리라 가족 선물로 실용적임
PRD_1075,TGT_006,고급감·브랜드성·품질 요소가 있어 예의를 갖춘 선물로 적합함
PRD_1075,TGT_008,현지 대표성이나 특산성이 뚜렷해 직접 경험하기 좋은 기념품임
PRD_1076,TGT_002,예쁜 디자인이나 달콤한 디저트 감성이 있어 연인 선물로 어울림
PRD_1076,TGT_005,작고 가벼운 기념품이라 직장동료에게 부담 없이 주기 좋음
PRD_1076,TGT_001,전통성이나 지역의 오래된 맛을 담아 정성스러운 선물로 어울림
PRD_1076,TGT_006,전통성과 품격이 있어 상사나 은사에게 드리기 좋음
PRD_1076,TGT_008,지역성이 분명해 여행의 기억을 남기는 개인용 선물로 적합함
PRD_1077,TGT_002,예쁜 디자인이나 달콤한 디저트 감성이 있어 연인 선물로 어울림
PRD_1077,TGT_004,달콤한 간식류라 가족이 함께 나눠 먹기 좋음
PRD_1077,TGT_003,가볍고 트렌디하게 즐길 수 있어 친구에게 부담 없이 선물하기 좋음
PRD_1077,TGT_007,달콤한 맛과 부드러운 식감이 있어 어린이 간식 선물로 어울림
PRD_1077,TGT_008,지역성이 분명해 여행의 기억을 남기는 개인용 선물로 적합함
PRD_1078,TGT_003,가볍고 트렌디하게 즐길 수 있어 친구에게 부담 없이 선물하기 좋음
PRD_1078,TGT_004,식사에 활용하기 좋은 지역 먹거리라 가족 선물로 실용적임
PRD_1078,TGT_008,현지 대표성이나 특산성이 뚜렷해 직접 경험하기 좋은 기념품임
PRD_1079,TGT_001,건강·천연·보습 등 배려 요소가 있어 부모님 선물로 적합함
PRD_1079,TGT_006,전통성과 품격이 있어 상사나 은사에게 드리기 좋음
PRD_1079,TGT_003,성인 친구와 지역 주류의 개성을 함께 이야기하기 좋은 선물임
PRD_1079,TGT_008,지역성이 분명해 여행의 기억을 남기는 개인용 선물로 적합함
PRD_1080,TGT_001,건강·천연·보습 등 배려 요소가 있어 부모님 선물로 적합함
PRD_1080,TGT_006,고급감·브랜드성·품질 요소가 있어 예의를 갖춘 선물로 적합함
PRD_1080,TGT_004,달콤한 간식류라 가족이 함께 나눠 먹기 좋음
PRD_1080,TGT_002,예쁜 디자인이나 달콤한 디저트 감성이 있어 연인 선물로 어울림
PRD_1080,TGT_003,가볍고 트렌디하게 즐길 수 있어 친구에게 부담 없이 선물하기 좋음
PRD_1081,TGT_006,고급감·브랜드성·품질 요소가 있어 예의를 갖춘 선물로 적합함
PRD_1081,TGT_004,달콤한 간식류라 가족이 함께 나눠 먹기 좋음
PRD_1081,TGT_005,소분·세트형으로 나눠 주기 쉬워 직장동료 선물에 적합함
PRD_1081,TGT_003,가볍고 트렌디하게 즐길 수 있어 친구에게 부담 없이 선물하기 좋음
PRD_1081,TGT_007,달콤한 맛과 부드러운 식감이 있어 어린이 간식 선물로 어울림
PRD_1082,TGT_001,건강·천연·보습 등 배려 요소가 있어 부모님 선물로 적합함
PRD_1082,TGT_004,달콤한 간식류라 가족이 함께 나눠 먹기 좋음
PRD_1082,TGT_003,가볍고 트렌디하게 즐길 수 있어 친구에게 부담 없이 선물하기 좋음
PRD_1082,TGT_006,전통성과 품격이 있어 상사나 은사에게 드리기 좋음
PRD_1082,TGT_007,달콤한 맛과 부드러운 식감이 있어 어린이 간식 선물로 어울림
PRD_1083,TGT_006,고급감·브랜드성·품질 요소가 있어 예의를 갖춘 선물로 적합함
PRD_1083,TGT_001,전통성이나 지역의 오래된 맛을 담아 정성스러운 선물로 어울림
PRD_1083,TGT_002,예쁜 디자인이나 달콤한 디저트 감성이 있어 연인 선물로 어울림
PRD_1083,TGT_003,귀엽거나 독특한 디자인 요소가 있어 친구에게 재미있게 건네기 좋음
PRD_1083,TGT_008,지역성이 분명해 여행의 기억을 남기는 개인용 선물로 적합함
PRD_1084,TGT_001,건강·천연·보습 등 배려 요소가 있어 부모님 선물로 적합함
PRD_1084,TGT_004,식사에 활용하기 좋은 지역 먹거리라 가족 선물로 실용적임
PRD_1084,TGT_006,고급감·브랜드성·품질 요소가 있어 예의를 갖춘 선물로 적합함
PRD_1084,TGT_008,지역성이 분명해 여행의 기억을 남기는 개인용 선물로 적합함
PRD_1085,TGT_006,고급감·브랜드성·품질 요소가 있어 예의를 갖춘 선물로 적합함
PRD_1085,TGT_001,건강·천연·보습 등 배려 요소가 있어 부모님 선물로 적합함
PRD_1085,TGT_004,달콤한 간식류라 가족이 함께 나눠 먹기 좋음
PRD_1085,TGT_002,예쁜 디자인이나 달콤한 디저트 감성이 있어 연인 선물로 어울림
PRD_1085,TGT_003,가볍고 트렌디하게 즐길 수 있어 친구에게 부담 없이 선물하기 좋음
PRD_1086,TGT_001,건강·천연·보습 등 배려 요소가 있어 부모님 선물로 적합함
PRD_1086,TGT_004,달콤한 간식류라 가족이 함께 나눠 먹기 좋음
PRD_1086,TGT_003,가볍고 트렌디하게 즐길 수 있어 친구에게 부담 없이 선물하기 좋음
PRD_1086,TGT_008,현지 대표성이나 특산성이 뚜렷해 직접 경험하기 좋은 기념품임
PRD_1086,TGT_006,전통성과 품격이 있어 상사나 은사에게 드리기 좋음
PRD_1087,TGT_006,고급감·브랜드성·품질 요소가 있어 예의를 갖춘 선물로 적합함
PRD_1087,TGT_001,전통성이나 지역의 오래된 맛을 담아 정성스러운 선물로 어울림
PRD_1087,TGT_003,가볍고 트렌디하게 즐길 수 있어 친구에게 부담 없이 선물하기 좋음
PRD_1087,TGT_008,현지 대표성이나 특산성이 뚜렷해 직접 경험하기 좋은 기념품임
PRD_1087,TGT_005,소분·세트형으로 나눠 주기 쉬워 직장동료 선물에 적합함
PRD_1088,TGT_006,고급감·브랜드성·품질 요소가 있어 예의를 갖춘 선물로 적합함
PRD_1088,TGT_001,전통성이나 지역의 오래된 맛을 담아 정성스러운 선물로 어울림
PRD_1088,TGT_008,현지 대표성이나 특산성이 뚜렷해 직접 경험하기 좋은 기념품임
PRD_1088,TGT_005,소분·세트형으로 나눠 주기 쉬워 직장동료 선물에 적합함
PRD_1088,TGT_004,식사에 활용하기 좋은 지역 먹거리라 가족 선물로 실용적임
PRD_1089,TGT_006,고급감·브랜드성·품질 요소가 있어 예의를 갖춘 선물로 적합함
PRD_1089,TGT_001,전통성이나 지역의 오래된 맛을 담아 정성스러운 선물로 어울림
PRD_1089,TGT_003,성인 친구와 지역 주류의 개성을 함께 이야기하기 좋은 선물임
PRD_1089,TGT_008,현지 대표성이나 특산성이 뚜렷해 직접 경험하기 좋은 기념품임
PRD_1090,TGT_006,고급감·브랜드성·품질 요소가 있어 예의를 갖춘 선물로 적합함
PRD_1090,TGT_001,건강·천연·보습 등 배려 요소가 있어 부모님 선물로 적합함
PRD_1090,TGT_004,달콤한 간식류라 가족이 함께 나눠 먹기 좋음
PRD_1090,TGT_002,예쁜 디자인이나 달콤한 디저트 감성이 있어 연인 선물로 어울림
PRD_1090,TGT_003,가볍고 트렌디하게 즐길 수 있어 친구에게 부담 없이 선물하기 좋음
PRD_1091,TGT_003,가볍고 트렌디하게 즐길 수 있어 친구에게 부담 없이 선물하기 좋음
PRD_1091,TGT_007,달콤한 맛과 부드러운 식감이 있어 어린이 간식 선물로 어울림
PRD_1091,TGT_004,달콤한 간식류라 가족이 함께 나눠 먹기 좋음
PRD_1091,TGT_005,과자류라 사무실에서 깔끔하게 나눠 먹기 좋음
PRD_1091,TGT_008,지역성이 분명해 여행의 기억을 남기는 개인용 선물로 적합함
PRD_1092,TGT_001,건강·천연·보습 등 배려 요소가 있어 부모님 선물로 적합함
PRD_1092,TGT_004,달콤한 간식류라 가족이 함께 나눠 먹기 좋음
PRD_1092,TGT_002,예쁜 디자인이나 달콤한 디저트 감성이 있어 연인 선물로 어울림
PRD_1092,TGT_003,가볍고 트렌디하게 즐길 수 있어 친구에게 부담 없이 선물하기 좋음
PRD_1092,TGT_006,전통성과 품격이 있어 상사나 은사에게 드리기 좋음
PRD_1093,TGT_001,건강·천연·보습 등 배려 요소가 있어 부모님 선물로 적합함
PRD_1093,TGT_006,고급감·브랜드성·품질 요소가 있어 예의를 갖춘 선물로 적합함
PRD_1093,TGT_004,부담 없이 함께 즐길 수 있는 식품·음료류임
PRD_1093,TGT_008,현지 대표성이나 특산성이 뚜렷해 직접 경험하기 좋은 기념품임
PRD_1094,TGT_008,현지 대표성이나 특산성이 뚜렷해 직접 경험하기 좋은 기념품임
PRD_1094,TGT_004,식사에 활용하기 좋은 지역 먹거리라 가족 선물로 실용적임
PRD_1094,TGT_003,현지 맛을 캐주얼하게 공유할 수 있어 친구 선물로 어울림
PRD_1095,TGT_001,건강·천연·보습 등 배려 요소가 있어 부모님 선물로 적합함
PRD_1095,TGT_004,식사에 활용하기 좋은 지역 먹거리라 가족 선물로 실용적임
PRD_1095,TGT_008,현지 대표성이나 특산성이 뚜렷해 직접 경험하기 좋은 기념품임
PRD_1096,TGT_006,고급감·브랜드성·품질 요소가 있어 예의를 갖춘 선물로 적합함
PRD_1096,TGT_007,달콤한 맛과 부드러운 식감이 있어 어린이 간식 선물로 어울림
PRD_1096,TGT_001,전통성이나 지역의 오래된 맛을 담아 정성스러운 선물로 어울림
PRD_1096,TGT_004,달콤한 간식류라 가족이 함께 나눠 먹기 좋음
PRD_1096,TGT_008,현지 대표성이나 특산성이 뚜렷해 직접 경험하기 좋은 기념품임
PRD_1097,TGT_003,현지 맛을 캐주얼하게 공유할 수 있어 친구 선물로 어울림
PRD_1097,TGT_008,현지 대표성이나 특산성이 뚜렷해 직접 경험하기 좋은 기념품임
PRD_1097,TGT_004,식사에 활용하기 좋은 지역 먹거리라 가족 선물로 실용적임
PRD_1098,TGT_001,건강·천연·보습 등 배려 요소가 있어 부모님 선물로 적합함
PRD_1098,TGT_003,가볍고 트렌디하게 즐길 수 있어 친구에게 부담 없이 선물하기 좋음
PRD_1098,TGT_007,달콤한 맛과 부드러운 식감이 있어 어린이 간식 선물로 어울림
PRD_1098,TGT_004,달콤한 간식류라 가족이 함께 나눠 먹기 좋음
PRD_1098,TGT_006,전통성과 품격이 있어 상사나 은사에게 드리기 좋음
PRD_1099,TGT_006,고급감·브랜드성·품질 요소가 있어 예의를 갖춘 선물로 적합함
PRD_1099,TGT_001,전통성이나 지역의 오래된 맛을 담아 정성스러운 선물로 어울림
PRD_1099,TGT_008,지역성이 분명해 여행의 기억을 남기는 개인용 선물로 적합함
PRD_1100,TGT_006,고급감·브랜드성·품질 요소가 있어 예의를 갖춘 선물로 적합함
PRD_1100,TGT_001,전통성이나 지역의 오래된 맛을 담아 정성스러운 선물로 어울림
PRD_1100,TGT_002,예쁜 디자인이나 달콤한 디저트 감성이 있어 연인 선물로 어울림
PRD_1100,TGT_003,귀엽거나 독특한 디자인 요소가 있어 친구에게 재미있게 건네기 좋음
PRD_1100,TGT_008,지역성이 분명해 여행의 기억을 남기는 개인용 선물로 적합함
PRD_1101,TGT_006,고급감·브랜드성·품질 요소가 있어 예의를 갖춘 선물로 적합함
PRD_1101,TGT_001,전통성이나 지역의 오래된 맛을 담아 정성스러운 선물로 어울림
PRD_1101,TGT_002,예쁜 디자인이나 달콤한 디저트 감성이 있어 연인 선물로 어울림
PRD_1101,TGT_008,지역성이 분명해 여행의 기억을 남기는 개인용 선물로 적합함
PRD_1102,TGT_006,고급감·브랜드성·품질 요소가 있어 예의를 갖춘 선물로 적합함
PRD_1102,TGT_001,전통성이나 지역의 오래된 맛을 담아 정성스러운 선물로 어울림
PRD_1102,TGT_008,지역성이 분명해 여행의 기억을 남기는 개인용 선물로 적합함
PRD_1103,TGT_001,건강·천연·보습 등 배려 요소가 있어 부모님 선물로 적합함
PRD_1103,TGT_006,고급감·브랜드성·품질 요소가 있어 예의를 갖춘 선물로 적합함
PRD_1103,TGT_008,지역성이 분명해 여행의 기억을 남기는 개인용 선물로 적합함
PRD_1104,TGT_001,건강·천연·보습 등 배려 요소가 있어 부모님 선물로 적합함
PRD_1104,TGT_003,가볍고 트렌디하게 즐길 수 있어 친구에게 부담 없이 선물하기 좋음
PRD_1104,TGT_006,고급감·브랜드성·품질 요소가 있어 예의를 갖춘 선물로 적합함
PRD_1104,TGT_002,예쁜 디자인이나 달콤한 디저트 감성이 있어 연인 선물로 어울림
PRD_1104,TGT_008,지역성이 분명해 여행의 기억을 남기는 개인용 선물로 적합함
PRD_1105,TGT_003,가볍고 트렌디하게 즐길 수 있어 친구에게 부담 없이 선물하기 좋음
PRD_1105,TGT_002,예쁜 디자인이나 달콤한 디저트 감성이 있어 연인 선물로 어울림
PRD_1105,TGT_004,부담 없이 함께 즐길 수 있는 식품·음료류임
PRD_1105,TGT_006,고급감·브랜드성·품질 요소가 있어 예의를 갖춘 선물로 적합함
PRD_1105,TGT_008,지역성이 분명해 여행의 기억을 남기는 개인용 선물로 적합함
PRD_1106,TGT_001,건강·천연·보습 등 배려 요소가 있어 부모님 선물로 적합함
PRD_1106,TGT_006,고급감·브랜드성·품질 요소가 있어 예의를 갖춘 선물로 적합함
PRD_1106,TGT_004,달콤한 간식류라 가족이 함께 나눠 먹기 좋음
PRD_1106,TGT_008,현지 대표성이나 특산성이 뚜렷해 직접 경험하기 좋은 기념품임
PRD_1106,TGT_003,가볍고 트렌디하게 즐길 수 있어 친구에게 부담 없이 선물하기 좋음
PRD_1107,TGT_006,고급감·브랜드성·품질 요소가 있어 예의를 갖춘 선물로 적합함
PRD_1107,TGT_001,전통성이나 지역의 오래된 맛을 담아 정성스러운 선물로 어울림
PRD_1107,TGT_004,식사에 활용하기 좋은 지역 먹거리라 가족 선물로 실용적임
PRD_1107,TGT_008,현지 대표성이나 특산성이 뚜렷해 직접 경험하기 좋은 기념품임
PRD_1108,TGT_007,캐릭터·인형 요소가 있어 어린이가 흥미를 느끼기 좋음
PRD_1108,TGT_003,가볍고 트렌디하게 즐길 수 있어 친구에게 부담 없이 선물하기 좋음
PRD_1108,TGT_001,전통성이나 지역의 오래된 맛을 담아 정성스러운 선물로 어울림
PRD_1108,TGT_008,지역성이 분명해 여행의 기억을 남기는 개인용 선물로 적합함
PRD_1109,TGT_003,가볍고 트렌디하게 즐길 수 있어 친구에게 부담 없이 선물하기 좋음
PRD_1109,TGT_008,지역성이 분명해 여행의 기억을 남기는 개인용 선물로 적합함
PRD_1109,TGT_004,일상에서 사용할 수 있는 실용성이 있어 가족 선물로 적합함
PRD_1110,TGT_001,전통성이나 지역의 오래된 맛을 담아 정성스러운 선물로 어울림
PRD_1110,TGT_006,고급감·브랜드성·품질 요소가 있어 예의를 갖춘 선물로 적합함
PRD_1110,TGT_004,식사에 활용하기 좋은 지역 먹거리라 가족 선물로 실용적임
PRD_1110,TGT_008,현지 대표성이나 특산성이 뚜렷해 직접 경험하기 좋은 기념품임
PRD_1111,TGT_008,현지 대표성이나 특산성이 뚜렷해 직접 경험하기 좋은 기념품임
PRD_1111,TGT_002,예쁜 디자인이나 달콤한 디저트 감성이 있어 연인 선물로 어울림
PRD_1111,TGT_003,가볍고 트렌디하게 즐길 수 있어 친구에게 부담 없이 선물하기 좋음
PRD_1112,TGT_006,고급감·브랜드성·품질 요소가 있어 예의를 갖춘 선물로 적합함
PRD_1112,TGT_001,전통성이나 지역의 오래된 맛을 담아 정성스러운 선물로 어울림
PRD_1112,TGT_004,식사에 활용하기 좋은 지역 먹거리라 가족 선물로 실용적임
PRD_1112,TGT_008,현지 대표성이나 특산성이 뚜렷해 직접 경험하기 좋은 기념품임
PRD_1112,TGT_005,소분·세트형으로 나눠 주기 쉬워 직장동료 선물에 적합함
PRD_1113,TGT_003,가볍고 트렌디하게 즐길 수 있어 친구에게 부담 없이 선물하기 좋음
PRD_1113,TGT_004,달콤한 간식류라 가족이 함께 나눠 먹기 좋음
PRD_1113,TGT_001,전통성이나 지역의 오래된 맛을 담아 정성스러운 선물로 어울림
PRD_1113,TGT_006,전통성과 품격이 있어 상사나 은사에게 드리기 좋음
PRD_1113,TGT_007,달콤한 맛과 부드러운 식감이 있어 어린이 간식 선물로 어울림
PRD_1114,TGT_004,부담 없이 함께 즐길 수 있는 식품·음료류임
PRD_1114,TGT_008,현지 대표성이나 특산성이 뚜렷해 직접 경험하기 좋은 기념품임
PRD_1114,TGT_001,건강·천연·보습 등 배려 요소가 있어 부모님 선물로 적합함
PRD_1114,TGT_003,귀엽거나 독특한 디자인 요소가 있어 친구에게 재미있게 건네기 좋음
PRD_1115,TGT_001,전통성이나 지역의 오래된 맛을 담아 정성스러운 선물로 어울림
PRD_1115,TGT_006,전통성과 품격이 있어 상사나 은사에게 드리기 좋음
PRD_1115,TGT_008,지역성이 분명해 여행의 기억을 남기는 개인용 선물로 적합함
PRD_1116,TGT_003,가볍고 트렌디하게 즐길 수 있어 친구에게 부담 없이 선물하기 좋음
PRD_1116,TGT_006,고급감·브랜드성·품질 요소가 있어 예의를 갖춘 선물로 적합함
PRD_1116,TGT_007,귀엽거나 재미있는 요소가 있어 어린이용 선물로 적합함
PRD_1116,TGT_008,지역성이 분명해 여행의 기억을 남기는 개인용 선물로 적합함
PRD_1116,TGT_005,작고 실용적인 품목이라 직장동료에게 깔끔하게 전달하기 좋음
PRD_1117,TGT_003,가볍고 트렌디하게 즐길 수 있어 친구에게 부담 없이 선물하기 좋음
PRD_1117,TGT_001,전통성이나 지역의 오래된 맛을 담아 정성스러운 선물로 어울림
PRD_1117,TGT_006,전통성과 품격이 있어 상사나 은사에게 드리기 좋음
PRD_1117,TGT_008,지역성이 분명해 여행의 기억을 남기는 개인용 선물로 적합함
PRD_1118,TGT_008,지역성이 분명해 여행의 기억을 남기는 개인용 선물로 적합함
PRD_1118,TGT_003,개성 있는 기념품이라 친구에게 재미있게 선물하기 좋음
PRD_1118,TGT_004,가볍게 공유하거나 보관하기 좋은 기념품이라 가족 선물로 무난함
PRD_1119,TGT_007,캐릭터·인형 요소가 있어 어린이가 흥미를 느끼기 좋음
PRD_1119,TGT_003,현지 맛을 캐주얼하게 공유할 수 있어 친구 선물로 어울림
PRD_1119,TGT_004,식사에 활용하기 좋은 지역 먹거리라 가족 선물로 실용적임
PRD_1119,TGT_008,지역성이 분명해 여행의 기억을 남기는 개인용 선물로 적합함
PRD_1120,TGT_006,고급감·브랜드성·품질 요소가 있어 예의를 갖춘 선물로 적합함
PRD_1120,TGT_001,건강·천연·보습 등 배려 요소가 있어 부모님 선물로 적합함
PRD_1120,TGT_005,소분·세트형으로 나눠 주기 쉬워 직장동료 선물에 적합함
PRD_1120,TGT_002,예쁜 디자인이나 달콤한 디저트 감성이 있어 연인 선물로 어울림
PRD_1120,TGT_008,지역성이 분명해 여행의 기억을 남기는 개인용 선물로 적합함
PRD_1121,TGT_006,고급감·브랜드성·품질 요소가 있어 예의를 갖춘 선물로 적합함
PRD_1121,TGT_005,소분·세트형으로 나눠 주기 쉬워 직장동료 선물에 적합함
PRD_1121,TGT_003,귀엽거나 독특한 디자인 요소가 있어 친구에게 재미있게 건네기 좋음
PRD_1121,TGT_008,지역성이 분명해 여행의 기억을 남기는 개인용 선물로 적합함
PRD_1122,TGT_001,건강·천연·보습 등 배려 요소가 있어 부모님 선물로 적합함
PRD_1122,TGT_004,부담 없이 함께 즐길 수 있는 식품·음료류임
PRD_1122,TGT_006,고급감·브랜드성·품질 요소가 있어 예의를 갖춘 선물로 적합함
PRD_1122,TGT_007,캐릭터·인형 요소가 있어 어린이가 흥미를 느끼기 좋음
PRD_1122,TGT_003,귀엽거나 독특한 디자인 요소가 있어 친구에게 재미있게 건네기 좋음
PRD_1123,TGT_001,건강·천연·보습 등 배려 요소가 있어 부모님 선물로 적합함
PRD_1123,TGT_006,고급감·브랜드성·품질 요소가 있어 예의를 갖춘 선물로 적합함
PRD_1123,TGT_002,예쁜 디자인이나 달콤한 디저트 감성이 있어 연인 선물로 어울림
PRD_1123,TGT_008,지역성이 분명해 여행의 기억을 남기는 개인용 선물로 적합함
PRD_1124,TGT_001,건강·천연·보습 등 배려 요소가 있어 부모님 선물로 적합함
PRD_1124,TGT_004,달콤한 간식류라 가족이 함께 나눠 먹기 좋음
PRD_1124,TGT_003,가볍고 트렌디하게 즐길 수 있어 친구에게 부담 없이 선물하기 좋음
PRD_1124,TGT_006,전통성과 품격이 있어 상사나 은사에게 드리기 좋음
PRD_1124,TGT_007,달콤한 맛과 부드러운 식감이 있어 어린이 간식 선물로 어울림
PRD_1125,TGT_003,가볍고 트렌디하게 즐길 수 있어 친구에게 부담 없이 선물하기 좋음
PRD_1125,TGT_002,예쁜 디자인이나 달콤한 디저트 감성이 있어 연인 선물로 어울림
PRD_1125,TGT_004,부담 없이 함께 즐길 수 있는 식품·음료류임
PRD_1125,TGT_008,지역성이 분명해 여행의 기억을 남기는 개인용 선물로 적합함
PRD_1126,TGT_003,가볍고 트렌디하게 즐길 수 있어 친구에게 부담 없이 선물하기 좋음
PRD_1126,TGT_001,전통성이나 지역의 오래된 맛을 담아 정성스러운 선물로 어울림
PRD_1126,TGT_006,전통성과 품격이 있어 상사나 은사에게 드리기 좋음
PRD_1126,TGT_008,지역성이 분명해 여행의 기억을 남기는 개인용 선물로 적합함
PRD_1127,TGT_006,고급감·브랜드성·품질 요소가 있어 예의를 갖춘 선물로 적합함
PRD_1127,TGT_001,전통성이나 지역의 오래된 맛을 담아 정성스러운 선물로 어울림
PRD_1127,TGT_008,지역성이 분명해 여행의 기억을 남기는 개인용 선물로 적합함
PRD_1128,TGT_001,건강·천연·보습 등 배려 요소가 있어 부모님 선물로 적합함
PRD_1128,TGT_004,식사에 활용하기 좋은 지역 먹거리라 가족 선물로 실용적임
PRD_1128,TGT_006,전통성과 품격이 있어 상사나 은사에게 드리기 좋음
PRD_1128,TGT_008,지역성이 분명해 여행의 기억을 남기는 개인용 선물로 적합함
PRD_1129,TGT_001,고급감과 품질 요소가 있어 부모님께 드리기 좋은 선물임
PRD_1129,TGT_006,고급감·브랜드성·품질 요소가 있어 예의를 갖춘 선물로 적합함
PRD_1129,TGT_004,식사에 활용하기 좋은 지역 먹거리라 가족 선물로 실용적임
PRD_1129,TGT_008,지역성이 분명해 여행의 기억을 남기는 개인용 선물로 적합함
PRD_1130,TGT_003,가볍고 트렌디하게 즐길 수 있어 친구에게 부담 없이 선물하기 좋음
PRD_1130,TGT_004,식사에 활용하기 좋은 지역 먹거리라 가족 선물로 실용적임
PRD_1130,TGT_001,전통성이나 지역의 오래된 맛을 담아 정성스러운 선물로 어울림
PRD_1130,TGT_008,지역 한정 요소가 있어 여행 추억용·직접 경험용 선물로 적합함
PRD_1130,TGT_007,귀엽거나 재미있는 요소가 있어 어린이용 선물로 적합함
PRD_1131,TGT_003,가볍고 트렌디하게 즐길 수 있어 친구에게 부담 없이 선물하기 좋음
PRD_1131,TGT_004,달콤한 간식류라 가족이 함께 나눠 먹기 좋음
PRD_1131,TGT_001,전통성이나 지역의 오래된 맛을 담아 정성스러운 선물로 어울림
PRD_1131,TGT_008,현지 대표성이나 특산성이 뚜렷해 직접 경험하기 좋은 기념품임
PRD_1131,TGT_007,달콤한 맛과 부드러운 식감이 있어 어린이 간식 선물로 어울림
PRD_1132,TGT_001,고급감과 품질 요소가 있어 부모님께 드리기 좋은 선물임
PRD_1132,TGT_006,고급감·브랜드성·품질 요소가 있어 예의를 갖춘 선물로 적합함
PRD_1132,TGT_004,식사에 활용하기 좋은 지역 먹거리라 가족 선물로 실용적임
PRD_1132,TGT_008,지역성이 분명해 여행의 기억을 남기는 개인용 선물로 적합함
PRD_1133,TGT_007,캐릭터·인형 요소가 있어 어린이가 흥미를 느끼기 좋음
PRD_1133,TGT_003,가볍고 트렌디하게 즐길 수 있어 친구에게 부담 없이 선물하기 좋음
PRD_1133,TGT_008,지역 한정 요소가 있어 여행 추억용·직접 경험용 선물로 적합함
PRD_1133,TGT_001,전통성이나 지역의 오래된 맛을 담아 정성스러운 선물로 어울림
PRD_1134,TGT_006,고급감·브랜드성·품질 요소가 있어 예의를 갖춘 선물로 적합함
PRD_1134,TGT_001,전통성이나 지역의 오래된 맛을 담아 정성스러운 선물로 어울림
PRD_1134,TGT_003,성인 친구와 지역 주류의 개성을 함께 이야기하기 좋은 선물임
PRD_1134,TGT_008,현지 대표성이나 특산성이 뚜렷해 직접 경험하기 좋은 기념품임
PRD_1135,TGT_001,전통성이나 지역의 오래된 맛을 담아 정성스러운 선물로 어울림
PRD_1135,TGT_006,고급감·브랜드성·품질 요소가 있어 예의를 갖춘 선물로 적합함
PRD_1135,TGT_004,식사에 활용하기 좋은 지역 먹거리라 가족 선물로 실용적임
PRD_1135,TGT_008,현지 대표성이나 특산성이 뚜렷해 직접 경험하기 좋은 기념품임
PRD_1136,TGT_006,고급감·브랜드성·품질 요소가 있어 예의를 갖춘 선물로 적합함
PRD_1136,TGT_001,전통성이나 지역의 오래된 맛을 담아 정성스러운 선물로 어울림
PRD_1136,TGT_004,식사에 활용하기 좋은 지역 먹거리라 가족 선물로 실용적임
PRD_1136,TGT_005,소분·세트형으로 나눠 주기 쉬워 직장동료 선물에 적합함
PRD_1136,TGT_008,지역성이 분명해 여행의 기억을 남기는 개인용 선물로 적합함
PRD_1137,TGT_001,건강·천연·보습 등 배려 요소가 있어 부모님 선물로 적합함
PRD_1137,TGT_006,고급감·브랜드성·품질 요소가 있어 예의를 갖춘 선물로 적합함
PRD_1137,TGT_004,달콤한 간식류라 가족이 함께 나눠 먹기 좋음
PRD_1137,TGT_003,가볍고 트렌디하게 즐길 수 있어 친구에게 부담 없이 선물하기 좋음
PRD_1137,TGT_007,달콤한 맛과 부드러운 식감이 있어 어린이 간식 선물로 어울림
PRD_1138,TGT_006,고급감·브랜드성·품질 요소가 있어 예의를 갖춘 선물로 적합함
PRD_1138,TGT_001,전통성이나 지역의 오래된 맛을 담아 정성스러운 선물로 어울림
PRD_1138,TGT_003,성인 친구와 지역 주류의 개성을 함께 이야기하기 좋은 선물임
PRD_1138,TGT_008,지역성이 분명해 여행의 기억을 남기는 개인용 선물로 적합함
PRD_1139,TGT_001,건강·천연·보습 등 배려 요소가 있어 부모님 선물로 적합함
PRD_1139,TGT_004,달콤한 간식류라 가족이 함께 나눠 먹기 좋음
PRD_1139,TGT_003,가볍고 트렌디하게 즐길 수 있어 친구에게 부담 없이 선물하기 좋음
PRD_1139,TGT_006,전통성과 품격이 있어 상사나 은사에게 드리기 좋음
PRD_1139,TGT_007,달콤한 맛과 부드러운 식감이 있어 어린이 간식 선물로 어울림
PRD_1140,TGT_001,건강·천연·보습 등 배려 요소가 있어 부모님 선물로 적합함
PRD_1140,TGT_004,식사에 활용하기 좋은 지역 먹거리라 가족 선물로 실용적임
PRD_1140,TGT_008,지역성이 분명해 여행의 기억을 남기는 개인용 선물로 적합함
PRD_1141,TGT_001,건강·천연·보습 등 배려 요소가 있어 부모님 선물로 적합함
PRD_1141,TGT_006,고급감·브랜드성·품질 요소가 있어 예의를 갖춘 선물로 적합함
PRD_1141,TGT_004,달콤한 간식류라 가족이 함께 나눠 먹기 좋음
PRD_1141,TGT_003,가볍고 트렌디하게 즐길 수 있어 친구에게 부담 없이 선물하기 좋음
PRD_1141,TGT_007,달콤한 맛과 부드러운 식감이 있어 어린이 간식 선물로 어울림
PRD_1142,TGT_006,고급감·브랜드성·품질 요소가 있어 예의를 갖춘 선물로 적합함
PRD_1142,TGT_001,전통성이나 지역의 오래된 맛을 담아 정성스러운 선물로 어울림
PRD_1142,TGT_008,지역성이 분명해 여행의 기억을 남기는 개인용 선물로 적합함
PRD_1143,TGT_004,식사에 활용하기 좋은 지역 먹거리라 가족 선물로 실용적임
PRD_1143,TGT_008,현지 대표성이나 특산성이 뚜렷해 직접 경험하기 좋은 기념품임
PRD_1143,TGT_003,현지 맛을 캐주얼하게 공유할 수 있어 친구 선물로 어울림
PRD_1144,TGT_003,가볍고 트렌디하게 즐길 수 있어 친구에게 부담 없이 선물하기 좋음
PRD_1144,TGT_004,식사에 활용하기 좋은 지역 먹거리라 가족 선물로 실용적임
PRD_1144,TGT_008,지역성이 분명해 여행의 기억을 남기는 개인용 선물로 적합함
PRD_1145,TGT_001,건강·천연·보습 등 배려 요소가 있어 부모님 선물로 적합함
PRD_1145,TGT_004,부담 없이 함께 즐길 수 있는 식품·음료류임
PRD_1145,TGT_008,현지 대표성이나 특산성이 뚜렷해 직접 경험하기 좋은 기념품임
PRD_1145,TGT_006,전통성과 품격이 있어 상사나 은사에게 드리기 좋음
PRD_1146,TGT_006,고급감·브랜드성·품질 요소가 있어 예의를 갖춘 선물로 적합함
PRD_1146,TGT_001,전통성이나 지역의 오래된 맛을 담아 정성스러운 선물로 어울림
PRD_1146,TGT_002,예쁜 디자인이나 달콤한 디저트 감성이 있어 연인 선물로 어울림
PRD_1146,TGT_008,지역성이 분명해 여행의 기억을 남기는 개인용 선물로 적합함
PRD_1147,TGT_004,달콤한 간식류라 가족이 함께 나눠 먹기 좋음
PRD_1147,TGT_003,가볍고 트렌디하게 즐길 수 있어 친구에게 부담 없이 선물하기 좋음
PRD_1147,TGT_007,달콤한 맛과 부드러운 식감이 있어 어린이 간식 선물로 어울림
PRD_1147,TGT_008,지역성이 분명해 여행의 기억을 남기는 개인용 선물로 적합함
PRD_1148,TGT_001,건강·천연·보습 등 배려 요소가 있어 부모님 선물로 적합함
PRD_1148,TGT_006,고급감·브랜드성·품질 요소가 있어 예의를 갖춘 선물로 적합함
PRD_1148,TGT_003,성인 친구와 지역 주류의 개성을 함께 이야기하기 좋은 선물임
PRD_1148,TGT_008,지역성이 분명해 여행의 기억을 남기는 개인용 선물로 적합함
PRD_1149,TGT_006,고급감·브랜드성·품질 요소가 있어 예의를 갖춘 선물로 적합함
PRD_1149,TGT_001,건강·천연·보습 등 배려 요소가 있어 부모님 선물로 적합함
PRD_1149,TGT_002,예쁜 디자인이나 달콤한 디저트 감성이 있어 연인 선물로 어울림
PRD_1149,TGT_004,달콤한 간식류라 가족이 함께 나눠 먹기 좋음
PRD_1149,TGT_003,가볍고 트렌디하게 즐길 수 있어 친구에게 부담 없이 선물하기 좋음
PRD_1150,TGT_008,지역성이 분명해 여행의 기억을 남기는 개인용 선물로 적합함
PRD_1150,TGT_003,개성 있는 기념품이라 친구에게 재미있게 선물하기 좋음
PRD_1150,TGT_004,가볍게 공유하거나 보관하기 좋은 기념품이라 가족 선물로 무난함
PRD_1151,TGT_001,건강·천연·보습 등 배려 요소가 있어 부모님 선물로 적합함
PRD_1151,TGT_006,고급감·브랜드성·품질 요소가 있어 예의를 갖춘 선물로 적합함
PRD_1151,TGT_004,식사에 활용하기 좋은 지역 먹거리라 가족 선물로 실용적임
PRD_1151,TGT_008,현지 대표성이나 특산성이 뚜렷해 직접 경험하기 좋은 기념품임
PRD_1152,TGT_001,건강·천연·보습 등 배려 요소가 있어 부모님 선물로 적합함
PRD_1152,TGT_006,고급감·브랜드성·품질 요소가 있어 예의를 갖춘 선물로 적합함
PRD_1152,TGT_003,성인 친구와 지역 주류의 개성을 함께 이야기하기 좋은 선물임
PRD_1152,TGT_008,지역성이 분명해 여행의 기억을 남기는 개인용 선물로 적합함
PRD_1153,TGT_001,전통성이나 지역의 오래된 맛을 담아 정성스러운 선물로 어울림
PRD_1153,TGT_006,전통성과 품격이 있어 상사나 은사에게 드리기 좋음
PRD_1153,TGT_008,지역성이 분명해 여행의 기억을 남기는 개인용 선물로 적합함
PRD_1154,TGT_001,건강·천연·보습 등 배려 요소가 있어 부모님 선물로 적합함
PRD_1154,TGT_003,가볍고 트렌디하게 즐길 수 있어 친구에게 부담 없이 선물하기 좋음
PRD_1154,TGT_004,달콤한 간식류라 가족이 함께 나눠 먹기 좋음
PRD_1154,TGT_005,소분·세트형으로 나눠 주기 쉬워 직장동료 선물에 적합함
PRD_1154,TGT_006,전통성과 품격이 있어 상사나 은사에게 드리기 좋음
PRD_1155,TGT_003,가볍고 트렌디하게 즐길 수 있어 친구에게 부담 없이 선물하기 좋음
PRD_1155,TGT_001,전통성이나 지역의 오래된 맛을 담아 정성스러운 선물로 어울림
PRD_1155,TGT_006,고급감·브랜드성·품질 요소가 있어 예의를 갖춘 선물로 적합함
PRD_1155,TGT_004,식사에 활용하기 좋은 지역 먹거리라 가족 선물로 실용적임
PRD_1155,TGT_008,현지 대표성이나 특산성이 뚜렷해 직접 경험하기 좋은 기념품임
PRD_1156,TGT_001,전통성이나 지역의 오래된 맛을 담아 정성스러운 선물로 어울림
PRD_1156,TGT_006,전통성과 품격이 있어 상사나 은사에게 드리기 좋음
PRD_1156,TGT_003,귀엽거나 독특한 디자인 요소가 있어 친구에게 재미있게 건네기 좋음
PRD_1156,TGT_008,지역성이 분명해 여행의 기억을 남기는 개인용 선물로 적합함
PRD_1157,TGT_001,건강·천연·보습 등 배려 요소가 있어 부모님 선물로 적합함
PRD_1157,TGT_004,달콤한 간식류라 가족이 함께 나눠 먹기 좋음
PRD_1157,TGT_005,소분·세트형으로 나눠 주기 쉬워 직장동료 선물에 적합함
PRD_1157,TGT_003,가볍고 트렌디하게 즐길 수 있어 친구에게 부담 없이 선물하기 좋음
PRD_1157,TGT_006,전통성과 품격이 있어 상사나 은사에게 드리기 좋음
PRD_1158,TGT_001,건강·천연·보습 등 배려 요소가 있어 부모님 선물로 적합함
PRD_1158,TGT_003,가볍고 트렌디하게 즐길 수 있어 친구에게 부담 없이 선물하기 좋음
PRD_1158,TGT_006,전통성과 품격이 있어 상사나 은사에게 드리기 좋음
PRD_1158,TGT_004,식사에 활용하기 좋은 지역 먹거리라 가족 선물로 실용적임
PRD_1158,TGT_008,지역성이 분명해 여행의 기억을 남기는 개인용 선물로 적합함
PRD_1159,TGT_008,지역성이 분명해 여행의 기억을 남기는 개인용 선물로 적합함
PRD_1159,TGT_003,개성 있는 기념품이라 친구에게 재미있게 선물하기 좋음
PRD_1159,TGT_004,가볍게 공유하거나 보관하기 좋은 기념품이라 가족 선물로 무난함
PRD_1160,TGT_006,고급감·브랜드성·품질 요소가 있어 예의를 갖춘 선물로 적합함
PRD_1160,TGT_004,달콤한 간식류라 가족이 함께 나눠 먹기 좋음
PRD_1160,TGT_003,가볍고 트렌디하게 즐길 수 있어 친구에게 부담 없이 선물하기 좋음
PRD_1160,TGT_007,달콤한 맛과 부드러운 식감이 있어 어린이 간식 선물로 어울림
PRD_1160,TGT_005,과자류라 사무실에서 깔끔하게 나눠 먹기 좋음
PRD_1161,TGT_003,가볍고 트렌디하게 즐길 수 있어 친구에게 부담 없이 선물하기 좋음
PRD_1161,TGT_004,식사에 활용하기 좋은 지역 먹거리라 가족 선물로 실용적임
PRD_1161,TGT_008,현지 대표성이나 특산성이 뚜렷해 직접 경험하기 좋은 기념품임
PRD_1162,TGT_006,고급감·브랜드성·품질 요소가 있어 예의를 갖춘 선물로 적합함
PRD_1162,TGT_001,전통성이나 지역의 오래된 맛을 담아 정성스러운 선물로 어울림
PRD_1162,TGT_002,예쁜 디자인이나 달콤한 디저트 감성이 있어 연인 선물로 어울림
PRD_1162,TGT_003,귀엽거나 독특한 디자인 요소가 있어 친구에게 재미있게 건네기 좋음
PRD_1162,TGT_008,지역성이 분명해 여행의 기억을 남기는 개인용 선물로 적합함
PRD_1163,TGT_006,고급감·브랜드성·품질 요소가 있어 예의를 갖춘 선물로 적합함
PRD_1163,TGT_001,건강·천연·보습 등 배려 요소가 있어 부모님 선물로 적합함
PRD_1163,TGT_004,달콤한 간식류라 가족이 함께 나눠 먹기 좋음
PRD_1163,TGT_003,가볍고 트렌디하게 즐길 수 있어 친구에게 부담 없이 선물하기 좋음
PRD_1163,TGT_007,달콤한 맛과 부드러운 식감이 있어 어린이 간식 선물로 어울림
PRD_1164,TGT_006,고급감·브랜드성·품질 요소가 있어 예의를 갖춘 선물로 적합함
PRD_1164,TGT_001,전통성이나 지역의 오래된 맛을 담아 정성스러운 선물로 어울림
PRD_1164,TGT_002,예쁜 디자인이나 달콤한 디저트 감성이 있어 연인 선물로 어울림
PRD_1164,TGT_008,지역성이 분명해 여행의 기억을 남기는 개인용 선물로 적합함
PRD_1165,TGT_001,건강·천연·보습 등 배려 요소가 있어 부모님 선물로 적합함
PRD_1165,TGT_004,식사에 활용하기 좋은 지역 먹거리라 가족 선물로 실용적임
PRD_1165,TGT_008,지역성이 분명해 여행의 기억을 남기는 개인용 선물로 적합함
PRD_1166,TGT_006,고급감·브랜드성·품질 요소가 있어 예의를 갖춘 선물로 적합함
PRD_1166,TGT_003,가볍고 트렌디하게 즐길 수 있어 친구에게 부담 없이 선물하기 좋음
PRD_1166,TGT_001,전통성이나 지역의 오래된 맛을 담아 정성스러운 선물로 어울림
PRD_1166,TGT_002,예쁜 디자인이나 달콤한 디저트 감성이 있어 연인 선물로 어울림
PRD_1166,TGT_008,지역성이 분명해 여행의 기억을 남기는 개인용 선물로 적합함
PRD_1167,TGT_006,고급감·브랜드성·품질 요소가 있어 예의를 갖춘 선물로 적합함
PRD_1167,TGT_004,식사에 활용하기 좋은 지역 먹거리라 가족 선물로 실용적임
PRD_1167,TGT_001,고급감과 품질 요소가 있어 부모님께 드리기 좋은 선물임
PRD_1167,TGT_008,지역성이 분명해 여행의 기억을 남기는 개인용 선물로 적합함
PRD_1168,TGT_006,고급감·브랜드성·품질 요소가 있어 예의를 갖춘 선물로 적합함
PRD_1168,TGT_005,소분·세트형으로 나눠 주기 쉬워 직장동료 선물에 적합함
PRD_1168,TGT_003,귀엽거나 독특한 디자인 요소가 있어 친구에게 재미있게 건네기 좋음
PRD_1168,TGT_008,지역성이 분명해 여행의 기억을 남기는 개인용 선물로 적합함
PRD_1169,TGT_006,고급감·브랜드성·품질 요소가 있어 예의를 갖춘 선물로 적합함
PRD_1169,TGT_001,전통성이나 지역의 오래된 맛을 담아 정성스러운 선물로 어울림
PRD_1169,TGT_003,성인 친구와 지역 주류의 개성을 함께 이야기하기 좋은 선물임
PRD_1169,TGT_008,지역성이 분명해 여행의 기억을 남기는 개인용 선물로 적합함
PRD_1170,TGT_006,고급감·브랜드성·품질 요소가 있어 예의를 갖춘 선물로 적합함
PRD_1170,TGT_003,가볍고 트렌디하게 즐길 수 있어 친구에게 부담 없이 선물하기 좋음
PRD_1170,TGT_008,지역성이 분명해 여행의 기억을 남기는 개인용 선물로 적합함
PRD_1171,TGT_006,고급감·브랜드성·품질 요소가 있어 예의를 갖춘 선물로 적합함
PRD_1171,TGT_001,전통성이나 지역의 오래된 맛을 담아 정성스러운 선물로 어울림
PRD_1171,TGT_004,달콤한 간식류라 가족이 함께 나눠 먹기 좋음
PRD_1171,TGT_005,소분·세트형으로 나눠 주기 쉬워 직장동료 선물에 적합함
PRD_1171,TGT_003,가볍고 트렌디하게 즐길 수 있어 친구에게 부담 없이 선물하기 좋음
PRD_1172,TGT_002,예쁜 디자인이나 달콤한 디저트 감성이 있어 연인 선물로 어울림
PRD_1172,TGT_003,귀엽거나 독특한 디자인 요소가 있어 친구에게 재미있게 건네기 좋음
PRD_1172,TGT_008,지역성이 분명해 여행의 기억을 남기는 개인용 선물로 적합함
PRD_1173,TGT_004,달콤한 간식류라 가족이 함께 나눠 먹기 좋음
PRD_1173,TGT_005,소분·세트형으로 나눠 주기 쉬워 직장동료 선물에 적합함
PRD_1173,TGT_002,예쁜 디자인이나 달콤한 디저트 감성이 있어 연인 선물로 어울림
PRD_1173,TGT_003,가볍고 트렌디하게 즐길 수 있어 친구에게 부담 없이 선물하기 좋음
PRD_1173,TGT_007,달콤한 맛과 부드러운 식감이 있어 어린이 간식 선물로 어울림
PRD_1174,TGT_001,건강·천연·보습 등 배려 요소가 있어 부모님 선물로 적합함
PRD_1174,TGT_006,고급감·브랜드성·품질 요소가 있어 예의를 갖춘 선물로 적합함
PRD_1174,TGT_004,식사에 활용하기 좋은 지역 먹거리라 가족 선물로 실용적임
PRD_1174,TGT_008,지역성이 분명해 여행의 기억을 남기는 개인용 선물로 적합함
PRD_1175,TGT_006,고급감·브랜드성·품질 요소가 있어 예의를 갖춘 선물로 적합함
PRD_1175,TGT_001,전통성이나 지역의 오래된 맛을 담아 정성스러운 선물로 어울림
PRD_1175,TGT_005,작고 가벼운 기념품이라 직장동료에게 부담 없이 주기 좋음
PRD_1175,TGT_003,귀엽거나 독특한 디자인 요소가 있어 친구에게 재미있게 건네기 좋음
PRD_1175,TGT_008,지역성이 분명해 여행의 기억을 남기는 개인용 선물로 적합함
PRD_1176,TGT_001,전통성이나 지역의 오래된 맛을 담아 정성스러운 선물로 어울림
PRD_1176,TGT_006,고급감·브랜드성·품질 요소가 있어 예의를 갖춘 선물로 적합함
PRD_1176,TGT_008,현지 대표성이나 특산성이 뚜렷해 직접 경험하기 좋은 기념품임
PRD_1176,TGT_004,식사에 활용하기 좋은 지역 먹거리라 가족 선물로 실용적임
PRD_1177,TGT_001,건강·천연·보습 등 배려 요소가 있어 부모님 선물로 적합함
PRD_1177,TGT_004,부담 없이 함께 즐길 수 있는 식품·음료류임
PRD_1177,TGT_008,현지 대표성이나 특산성이 뚜렷해 직접 경험하기 좋은 기념품임
PRD_1177,TGT_006,전통성과 품격이 있어 상사나 은사에게 드리기 좋음
PRD_1178,TGT_007,캐릭터·인형 요소가 있어 어린이가 흥미를 느끼기 좋음
PRD_1178,TGT_006,고급감·브랜드성·품질 요소가 있어 예의를 갖춘 선물로 적합함
PRD_1178,TGT_003,귀엽거나 독특한 디자인 요소가 있어 친구에게 재미있게 건네기 좋음
PRD_1178,TGT_008,지역성이 분명해 여행의 기억을 남기는 개인용 선물로 적합함
PRD_1179,TGT_006,고급감·브랜드성·품질 요소가 있어 예의를 갖춘 선물로 적합함
PRD_1179,TGT_003,성인 친구와 지역 주류의 개성을 함께 이야기하기 좋은 선물임
PRD_1179,TGT_008,지역성이 분명해 여행의 기억을 남기는 개인용 선물로 적합함
PRD_1180,TGT_006,고급감·브랜드성·품질 요소가 있어 예의를 갖춘 선물로 적합함
PRD_1180,TGT_001,전통성이나 지역의 오래된 맛을 담아 정성스러운 선물로 어울림
PRD_1180,TGT_003,성인 친구와 지역 주류의 개성을 함께 이야기하기 좋은 선물임
PRD_1180,TGT_008,지역성이 분명해 여행의 기억을 남기는 개인용 선물로 적합함
PRD_1181,TGT_001,건강·천연·보습 등 배려 요소가 있어 부모님 선물로 적합함
PRD_1181,TGT_004,식사에 활용하기 좋은 지역 먹거리라 가족 선물로 실용적임
PRD_1181,TGT_008,현지 대표성이나 특산성이 뚜렷해 직접 경험하기 좋은 기념품임
PRD_1181,TGT_006,전통성과 품격이 있어 상사나 은사에게 드리기 좋음
PRD_1182,TGT_004,달콤한 간식류라 가족이 함께 나눠 먹기 좋음
PRD_1182,TGT_001,전통성이나 지역의 오래된 맛을 담아 정성스러운 선물로 어울림
PRD_1182,TGT_003,가볍고 트렌디하게 즐길 수 있어 친구에게 부담 없이 선물하기 좋음
PRD_1182,TGT_006,전통성과 품격이 있어 상사나 은사에게 드리기 좋음
PRD_1182,TGT_007,달콤한 맛과 부드러운 식감이 있어 어린이 간식 선물로 어울림
PRD_1183,TGT_001,건강·천연·보습 등 배려 요소가 있어 부모님 선물로 적합함
PRD_1183,TGT_004,부담 없이 함께 즐길 수 있는 식품·음료류임
PRD_1183,TGT_006,전통성과 품격이 있어 상사나 은사에게 드리기 좋음
PRD_1183,TGT_008,지역성이 분명해 여행의 기억을 남기는 개인용 선물로 적합함
PRD_1184,TGT_001,건강·천연·보습 등 배려 요소가 있어 부모님 선물로 적합함
PRD_1184,TGT_007,귀엽거나 재미있는 요소가 있어 어린이용 선물로 적합함
PRD_1184,TGT_008,지역성이 분명해 여행의 기억을 남기는 개인용 선물로 적합함
PRD_1185,TGT_001,건강·천연·보습 등 배려 요소가 있어 부모님 선물로 적합함
PRD_1185,TGT_004,식사에 활용하기 좋은 지역 먹거리라 가족 선물로 실용적임
PRD_1185,TGT_006,고급감·브랜드성·품질 요소가 있어 예의를 갖춘 선물로 적합함
PRD_1185,TGT_008,지역성이 분명해 여행의 기억을 남기는 개인용 선물로 적합함
PRD_1536,TGT_001,부모님(전통성과 품질이 안정적임)
PRD_1536,TGT_004,가족(가족 간식이나 반찬으로 쓰기 좋음)
PRD_1536,TGT_006,상사/은사(격식 있는 교토 선물로 설명 가능)
PRD_1537,TGT_003,친구(부담 없이 나누기 좋음)
PRD_1537,TGT_004,가족(가족 간식이나 반찬으로 쓰기 좋음)
PRD_1537,TGT_008,자신(여행 기념으로 직접 쓰기 좋음)
PRD_1538,TGT_003,친구(부담 없이 나누기 좋음)
PRD_1538,TGT_004,가족(가족 간식이나 반찬으로 쓰기 좋음)
PRD_1538,TGT_005,직장동료(개별 포장·분배가 쉬움)
PRD_1539,TGT_003,친구(부담 없이 나누기 좋음)
PRD_1539,TGT_005,직장동료(개별 포장·분배가 쉬움)
PRD_1539,TGT_008,자신(여행 기념으로 직접 쓰기 좋음)
PRD_1540,TGT_003,친구(부담 없이 나누기 좋음)
PRD_1540,TGT_005,직장동료(개별 포장·분배가 쉬움)
PRD_1540,TGT_004,가족(가족 간식이나 반찬으로 쓰기 좋음)
PRD_1541,TGT_001,부모님(전통성과 품질이 안정적임)
PRD_1541,TGT_004,가족(가족 간식이나 반찬으로 쓰기 좋음)
PRD_1541,TGT_008,자신(여행 기념으로 직접 쓰기 좋음)
PRD_1542,TGT_001,부모님(전통성과 품질이 안정적임)
PRD_1542,TGT_004,가족(가족 간식이나 반찬으로 쓰기 좋음)
PRD_1542,TGT_008,자신(여행 기념으로 직접 쓰기 좋음)
PRD_1543,TGT_001,부모님(전통성과 품질이 안정적임)
PRD_1543,TGT_006,상사/은사(격식 있는 교토 선물로 설명 가능)
PRD_1543,TGT_008,자신(여행 기념으로 직접 쓰기 좋음)
PRD_1544,TGT_001,부모님(전통성과 품질이 안정적임)
PRD_1544,TGT_004,가족(가족 간식이나 반찬으로 쓰기 좋음)
PRD_1544,TGT_008,자신(여행 기념으로 직접 쓰기 좋음)
PRD_1545,TGT_003,친구(부담 없이 나누기 좋음)
PRD_1545,TGT_005,직장동료(개별 포장·분배가 쉬움)
PRD_1545,TGT_004,가족(가족 간식이나 반찬으로 쓰기 좋음)
PRD_1546,TGT_001,부모님(전통성과 품질이 안정적임)
PRD_1546,TGT_006,상사/은사(격식 있는 교토 선물로 설명 가능)
PRD_1546,TGT_004,가족(가족 간식이나 반찬으로 쓰기 좋음)
PRD_1547,TGT_002,연인(디자인이나 분위기가 선물용으로 좋음)
PRD_1547,TGT_003,친구(부담 없이 나누기 좋음)
PRD_1547,TGT_008,자신(여행 기념으로 직접 쓰기 좋음)
PRD_1548,TGT_001,부모님(전통성과 품질이 안정적임)
PRD_1548,TGT_006,상사/은사(격식 있는 교토 선물로 설명 가능)
PRD_1548,TGT_008,자신(여행 기념으로 직접 쓰기 좋음)
PRD_1549,TGT_002,연인(디자인이나 분위기가 선물용으로 좋음)
PRD_1549,TGT_003,친구(부담 없이 나누기 좋음)
PRD_1549,TGT_008,자신(여행 기념으로 직접 쓰기 좋음)
PRD_1550,TGT_001,부모님(전통성과 품질이 안정적임)
PRD_1550,TGT_003,친구(부담 없이 나누기 좋음)
PRD_1550,TGT_006,상사/은사(격식 있는 교토 선물로 설명 가능)
PRD_1551,TGT_003,친구(부담 없이 나누기 좋음)
PRD_1551,TGT_005,직장동료(개별 포장·분배가 쉬움)
PRD_1551,TGT_007,어린이(달고 친숙한 간식류임)
PRD_1552,TGT_003,친구(부담 없이 나누기 좋음)
PRD_1552,TGT_004,가족(가족 간식이나 반찬으로 쓰기 좋음)
PRD_1552,TGT_008,자신(여행 기념으로 직접 쓰기 좋음)
PRD_1553,TGT_001,부모님(전통성과 품질이 안정적임)
PRD_1553,TGT_006,상사/은사(격식 있는 교토 선물로 설명 가능)
PRD_1553,TGT_008,자신(여행 기념으로 직접 쓰기 좋음)
PRD_1554,TGT_001,부모님(전통성과 품질이 안정적임)
PRD_1554,TGT_006,상사/은사(격식 있는 교토 선물로 설명 가능)
PRD_1554,TGT_008,자신(여행 기념으로 직접 쓰기 좋음)
PRD_1555,TGT_001,부모님(전통성과 품질이 안정적임)
PRD_1555,TGT_006,상사/은사(격식 있는 교토 선물로 설명 가능)
PRD_1555,TGT_008,자신(여행 기념으로 직접 쓰기 좋음)
PRD_1556,TGT_004,가족(교토 흑칠미 조미료 선물로 설명하기 좋음)
PRD_1556,TGT_003,친구(교토 흑칠미 조미료 선물로 설명하기 좋음)
PRD_1556,TGT_008,자신(교토 흑칠미 조미료 선물로 설명하기 좋음)
PRD_1557,TGT_004,가족(교토 칠미 조미료 선물로 설명하기 좋음)
PRD_1557,TGT_003,친구(교토 칠미 조미료 선물로 설명하기 좋음)
PRD_1557,TGT_008,자신(교토 칠미 조미료 선물로 설명하기 좋음)
PRD_1558,TGT_004,가족(교토 전통 식초 선물로 설명하기 좋음)
PRD_1558,TGT_003,친구(교토 전통 식초 선물로 설명하기 좋음)
PRD_1558,TGT_008,자신(교토 전통 식초 선물로 설명하기 좋음)
PRD_1559,TGT_003,친구(아이디어형 교토 화과자 선물로 설명하기 좋음)
PRD_1559,TGT_004,가족(아이디어형 교토 화과자 선물로 설명하기 좋음)
PRD_1559,TGT_005,직장동료(아이디어형 교토 화과자 선물로 설명하기 좋음)
PRD_1560,TGT_003,친구(교토 노포 화과자 선물로 설명하기 좋음)
PRD_1560,TGT_004,가족(교토 노포 화과자 선물로 설명하기 좋음)
PRD_1560,TGT_005,직장동료(교토 노포 화과자 선물로 설명하기 좋음)
PRD_1561,TGT_003,친구(유자 화과자 선물로 설명하기 좋음)
PRD_1561,TGT_004,가족(유자 화과자 선물로 설명하기 좋음)
PRD_1561,TGT_005,직장동료(유자 화과자 선물로 설명하기 좋음)
PRD_1562,TGT_003,친구(고급 교토 양갱 선물로 설명하기 좋음)
PRD_1562,TGT_004,가족(고급 교토 양갱 선물로 설명하기 좋음)
PRD_1562,TGT_005,직장동료(고급 교토 양갱 선물로 설명하기 좋음)
PRD_1563,TGT_003,친구(기간 한정 교토 도라야키 선물로 설명하기 좋음)
PRD_1563,TGT_004,가족(기간 한정 교토 도라야키 선물로 설명하기 좋음)
PRD_1563,TGT_005,직장동료(기간 한정 교토 도라야키 선물로 설명하기 좋음)
PRD_1564,TGT_004,가족(교토 조림 반찬 선물로 설명하기 좋음)
PRD_1564,TGT_003,친구(교토 조림 반찬 선물로 설명하기 좋음)
PRD_1564,TGT_008,자신(교토 조림 반찬 선물로 설명하기 좋음)
PRD_1565,TGT_004,가족(교토 생麩 반찬 선물로 설명하기 좋음)
PRD_1565,TGT_003,친구(교토 생麩 반찬 선물로 설명하기 좋음)
PRD_1565,TGT_008,자신(교토 생麩 반찬 선물로 설명하기 좋음)
PRD_1566,TGT_003,친구(생야쓰하시 미니팩 선물로 설명하기 좋음)
PRD_1566,TGT_004,가족(생야쓰하시 미니팩 선물로 설명하기 좋음)
PRD_1566,TGT_005,직장동료(생야쓰하시 미니팩 선물로 설명하기 좋음)
PRD_1567,TGT_003,친구(교토 생야쓰하시 선물로 설명하기 좋음)
PRD_1567,TGT_004,가족(교토 생야쓰하시 선물로 설명하기 좋음)
PRD_1567,TGT_005,직장동료(교토 생야쓰하시 선물로 설명하기 좋음)
PRD_1568,TGT_003,친구(고대 교토 전통과자 선물로 설명하기 좋음)
PRD_1568,TGT_004,가족(고대 교토 전통과자 선물로 설명하기 좋음)
PRD_1568,TGT_005,직장동료(고대 교토 전통과자 선물로 설명하기 좋음)
PRD_1569,TGT_003,친구(교토 금평당 선물로 설명하기 좋음)
PRD_1569,TGT_004,가족(교토 금평당 선물로 설명하기 좋음)
PRD_1569,TGT_005,직장동료(교토 금평당 선물로 설명하기 좋음)
PRD_1570,TGT_001,부모님(교토 디자인 주방소품 선물로 설명하기 좋음)
PRD_1570,TGT_006,상사/은사(교토 디자인 주방소품 선물로 설명하기 좋음)
PRD_1570,TGT_008,자신(교토 디자인 주방소품 선물로 설명하기 좋음)
PRD_1571,TGT_001,부모님(교토 향낭 선물로 설명하기 좋음)
PRD_1571,TGT_006,상사/은사(교토 향낭 선물로 설명하기 좋음)
PRD_1571,TGT_008,자신(교토 향낭 선물로 설명하기 좋음)
PRD_1572,TGT_001,부모님(교토 향 소품 선물로 설명하기 좋음)
PRD_1572,TGT_006,상사/은사(교토 향 소품 선물로 설명하기 좋음)
PRD_1572,TGT_008,자신(교토 향 소품 선물로 설명하기 좋음)
PRD_1573,TGT_001,부모님(교토 전통 손수건 선물로 설명하기 좋음)
PRD_1573,TGT_006,상사/은사(교토 전통 손수건 선물로 설명하기 좋음)
PRD_1573,TGT_008,자신(교토 전통 손수건 선물로 설명하기 좋음)
PRD_1574,TGT_001,부모님(교토 염주 장신구 선물로 설명하기 좋음)
PRD_1574,TGT_006,상사/은사(교토 염주 장신구 선물로 설명하기 좋음)
PRD_1574,TGT_008,자신(교토 염주 장신구 선물로 설명하기 좋음)
PRD_1575,TGT_001,부모님(교토 젓가락 선물로 설명하기 좋음)
PRD_1575,TGT_006,상사/은사(교토 젓가락 선물로 설명하기 좋음)
PRD_1575,TGT_008,자신(교토 젓가락 선물로 설명하기 좋음)
PRD_1576,TGT_001,부모님(교토 금속공예 차통 선물로 설명하기 좋음)
PRD_1576,TGT_006,상사/은사(교토 금속공예 차통 선물로 설명하기 좋음)
PRD_1576,TGT_008,자신(교토 금속공예 차통 선물로 설명하기 좋음)
PRD_1577,TGT_001,부모님(교토 금망 공예 선물로 설명하기 좋음)
PRD_1577,TGT_006,상사/은사(교토 금망 공예 선물로 설명하기 좋음)
PRD_1577,TGT_008,자신(교토 금망 공예 선물로 설명하기 좋음)
PRD_1578,TGT_003,친구(교토 말차 선물로 설명하기 좋음)
PRD_1578,TGT_004,가족(교토 말차 선물로 설명하기 좋음)
PRD_1578,TGT_005,직장동료(교토 말차 선물로 설명하기 좋음)
PRD_1579,TGT_004,가족(교토 시바즈케 절임 선물로 설명하기 좋음)
PRD_1579,TGT_003,친구(교토 시바즈케 절임 선물로 설명하기 좋음)
PRD_1579,TGT_008,자신(교토 시바즈케 절임 선물로 설명하기 좋음)
PRD_1580,TGT_004,가족(교토 스구키 절임 선물로 설명하기 좋음)
PRD_1580,TGT_003,친구(교토 스구키 절임 선물로 설명하기 좋음)
PRD_1580,TGT_008,자신(교토 스구키 절임 선물로 설명하기 좋음)
PRD_1581,TGT_004,가족(교토 백미소 선물로 설명하기 좋음)
PRD_1581,TGT_003,친구(교토 백미소 선물로 설명하기 좋음)
PRD_1581,TGT_008,자신(교토 백미소 선물로 설명하기 좋음)
PRD_1582,TGT_001,부모님(교토 일본주 선물로 설명하기 좋음)
PRD_1582,TGT_003,친구(교토 일본주 선물로 설명하기 좋음)
PRD_1582,TGT_008,자신(교토 일본주 선물로 설명하기 좋음)
PRD_1583,TGT_004,가족(매운 교토 후리카케 선물로 설명하기 좋음)
PRD_1583,TGT_003,친구(매운 교토 후리카케 선물로 설명하기 좋음)
PRD_1583,TGT_008,자신(매운 교토 후리카케 선물로 설명하기 좋음)
PRD_1584,TGT_003,친구(교토 도자기 찻잔 선물로 설명하기 좋음)
PRD_1584,TGT_004,가족(교토 도자기 찻잔 선물로 설명하기 좋음)
PRD_1584,TGT_005,직장동료(교토 도자기 찻잔 선물로 설명하기 좋음)
PRD_1585,TGT_004,가족(유자향 교토 조미료 선물로 설명하기 좋음)
PRD_1585,TGT_003,친구(유자향 교토 조미료 선물로 설명하기 좋음)
PRD_1585,TGT_008,자신(유자향 교토 조미료 선물로 설명하기 좋음)