location_code,region_code,name,location_type,description,address,website_url,is_active,
LOC_001,REG_012,라그노오 신아오모리역 아오모리슌미칸점(ラグノオ 新青森駅ビルあおもり旬味館店),역,라그노오 사사키의 신아오모리역 직영 매장으로 파티시에의 사과 스틱 등 아오모리 사과 과자를 판매한다.,〒038-0003 青森県青森市大字石江字高岡140-2 あおもり旬味館1F,https://maps.google.com/maps?q=%E3%83%A9%E3%82%B0%E3%83%8E%E3%82%AA+%E6%96%B0%E9%9D%92%E6%A3%AE%E9%A7%85%E3%83%93%E3%83%AB%E3%81%82%E3%81%8A%E3%82%82%E3%82%8A%E6%97%AC%E5%91%B3%E9%A4%A8%E5%BA%97+%E3%80%92038-0003+%E9%9D%92%E6%A3%AE%E7%9C%8C%E9%9D%92%E6%A3%AE%E5%B8%82%E5%A4%A7%E5%AD%97%E7%9F%B3%E6%B1%9F%E5%AD%97%E9%AB%98%E5%B2%A1140-2+%E3%81%82%E3%81%8A%E3%82%82%E3%82%8A%E6%97%AC%E5%91%B3%E9%A4%A81F,1,
LOC_002,REG_012,오키나야 신마치점(おきな屋 新町店),기타,오키나야의 아오모리 신마치 직영점으로 우스쿠레나이 등 사과 과자와 전통 과자를 판매한다.,〒030-0801 青森県青森市新町1丁目8-2,https://maps.google.com/maps?q=%E3%81%8A%E3%81%8D%E3%81%AA%E5%B1%8B+%E6%96%B0%E7%94%BA%E5%BA%97+%E3%80%92030-0801+%E9%9D%92%E6%A3%AE%E7%9C%8C%E9%9D%92%E6%A3%AE%E5%B8%82%E6%96%B0%E7%94%BA1%E4%B8%81%E7%9B%AE8-2,1,
LOC_003,REG_012,JAL PLAZA 아오모리공항 출발로비점(JAL PLAZA 青森空港 出発ロビー店),공항,"아오모리공항 2층 출발로비의 JAL PLAZA 매장으로, 기적의 사과 카린토 등 아오모리 공항 기념품을 취급한다.",〒030-0155 青森県青森市大字大谷字小谷1 青森空港ターミナルビル2F 出発ロビー売店エリア,https://maps.google.com/maps?q=JAL+PLAZA+%E9%9D%92%E6%A3%AE%E7%A9%BA%E6%B8%AF+%E5%87%BA%E7%99%BA%E3%83%AD%E3%83%93%E3%83%BC%E5%BA%97,1,
LOC_004,REG_012,야마모토식품 야나기마치 영업소 네부타976(ヤマモト食品株式会社 柳町営業所『ねぶた976』),기타,"아오모리시 야나기마치 상점가에 있는 야마모토식품 직영 매장으로, 네부타즈케를 비롯한 자사 식품을 판매한다.",青森県青森市長島1-6-3,https://maps.google.com/maps?q=%E3%83%A4%E3%83%9E%E3%83%A2%E3%83%88%E9%A3%9F%E5%93%81%E6%A0%AA%E5%BC%8F%E4%BC%9A%E7%A4%BE+%E6%9F%B3%E7%94%BA%E5%96%B6%E6%A5%AD%E6%89%80%E3%80%8E%E3%81%AD%E3%81%B6%E3%81%9F976%E3%80%8F+%E9%9D%92%E6%A3%AE%E7%9C%8C%E9%9D%92%E6%A3%AE%E5%B8%82%E9%95%B7%E5%B3%B61-6-3,1,
LOC_005,REG_012,아스팜 물산 아스팜점(アスパム物産 アスパム店),기념품샵,"청森県観光物産館 아스팜 1층의 대형 기념품 매장으로, 아오모리 식품과 음료, 공예품을 폭넓게 취급한다.",〒030-0803 青森県青森市安方1丁目1-40 青森県観光物産館アスパム1階,https://maps.google.com/maps?q=%E3%82%A2%E3%82%B9%E3%83%91%E3%83%A0%E7%89%A9%E7%94%A3+%E3%82%A2%E3%82%B9%E3%83%91%E3%83%A0%E5%BA%97,1,
LOC_006,REG_012,아오모리현 지바 셀렉트(青森県地場セレクト),기념품샵,아스팜 내에서 아오모리 각지의 지장산품과 B급 구르메 상품을 선별해 판매하는 로컬 셀렉트숍이다.,〒030-0803 青森県青森市安方1丁目1番40号 青森県観光物産館アスパム内,https://maps.google.com/maps?q=%E9%9D%92%E6%A3%AE%E7%9C%8C%E5%9C%B0%E5%A0%B4%E3%82%BB%E3%83%AC%E3%82%AF%E3%83%88+%E3%82%A2%E3%82%B9%E3%83%91%E3%83%A0,1,
LOC_007,REG_012,쓰가루 비드로 아오모리 직영 숍(津軽びいどろ 青森直営ショップ),기타,"북양유리 공장에 있는 쓰가루 비드로 직영 쇼룸으로, 다양한 쓰가루 비드로 식기와 소품을 직접 고를 수 있다.",青森県青森市富田4丁目29-13,https://maps.google.com/maps?q=%E6%B4%A5%E8%BB%BD%E3%81%B3%E3%81%84%E3%81%A9%E3%82%8D+%E9%9D%92%E6%A3%AE%E7%9B%B4%E5%96%B6%E3%82%B7%E3%83%A7%E3%83%83%E3%83%97,1,
LOC_008,REG_012,브나코 쇼룸 블레스(BUNACO Showroom BLESS),기타,"히로사키 도테마치의 BUNACO 직영 쇼룸으로, 조명과 인테리어 소품, 테이블웨어 등 BUNACO 제품을 전시·판매한다.",〒036-8182 青森県弘前市土手町100-1 もりやビル2F,https://maps.google.com/maps?q=BUNACO+Showroom+BLESS,1,
LOC_009,REG_012,다코마치 갈릭센터 기프트숍(田子町ガーリックセンター ギフトショップ),기념품샵,"다코마치 갈릭센터 안의 기프트숍으로, 다코산 마늘과 마늘 가공품, 지역 특산품을 판매한다.",〒039-0201 青森県三戸郡田子町田子字田子11,https://maps.google.com/maps?q=%E7%94%B0%E5%AD%90%E7%94%BA%E3%82%AC%E3%83%BC%E3%83%AA%E3%83%83%E3%82%AF%E3%82%BB%E3%83%B3%E3%82%BF%E3%83%BC+%E3%82%AE%E3%83%95%E3%83%88%E3%82%B7%E3%83%A7%E3%83%83%E3%83%97+%E3%80%92039-0201+%E9%9D%92%E6%A3%AE%E7%9C%8C%E4%B8%89%E6%88%B8%E9%83%A1%E7%94%B0%E5%AD%90%E7%94%BA%E7%94%B0%E5%AD%90%E5%AD%97%E7%94%B0%E5%AD%9011,1,
LOC_010,REG_012,하토야제과 신아오모리역 아오모리슌미칸점(はとや製菓 新青森駅あおもり旬味館店),역,"신아오모리역 1층 아오모리슌미칸 안에 있는 하토야제과 직영점으로, 아오모리 사과·카시스 관련 과자와 잼을 판매한다.",青森県青森市石江高間140-2 新青森駅ビル あおもり旬味館1F,https://maps.google.com/maps?q=%E3%81%AF%E3%81%A8%E3%82%84%E8%A3%BD%E8%8F%93+%E6%96%B0%E9%9D%92%E6%A3%AE%E9%A7%85%E3%81%82%E3%81%8A%E3%82%82%E3%82%8A%E6%97%AC%E5%91%B3%E9%A4%A8%E5%BA%97,1,
LOC_011,REG_012,JA전농 아오모리 아그리숍 아오모리점(JA全農あおもり アグリショップ青森店),기념품샵,"아스팜 안의 농산물 전문 매장으로, 아오모리 사과와 마늘, 사과주스 등 농산 가공품을 판매한다.",〒030-0803 青森県青森市安方1丁目1番40号 青森県観光物産館アスパム内,https://maps.google.com/maps?q=JA%E5%85%A8%E8%BE%B2%E3%81%82%E3%81%8A%E3%82%82%E3%82%8A+%E3%82%A2%E3%82%B0%E3%83%AA%E3%82%B7%E3%83%A7%E3%83%83%E3%83%97%E9%9D%92%E6%A3%AE%E5%BA%97,1,
LOC_012,REG_012,히로사키시 링고공원 링고노이에(弘前市りんご公園 りんごの家),기념품샵,"히로사키시 링고공원 안에 있는 방문객 시설 겸 매점으로, 사과 관련 기념품과 kimori 시드르를 구입할 수 있다.",〒036-8262 青森県弘前市大字清水富田字寺沢125 弘前市りんご公園内,https://maps.google.com/maps?q=%E5%BC%98%E5%89%8D%E5%B8%82%E3%82%8A%E3%82%93%E3%81%94%E5%85%AC%E5%9C%92+%E3%82%8A%E3%82%93%E3%81%94%E3%81%AE%E5%AE%B6,1,
LOC_013,REG_012,쓰가루누리 다나카 도테마치점(津軽塗たなか 土手町店),기타,"히로사키 도테마치의 쓰가루누리 전문점으로, 자체 제작한 젓가락과 칠기류를 매장에서 직접 고를 수 있다.",〒036-8182 青森県弘前市土手町24-10,https://maps.google.com/maps?q=%E6%B4%A5%E8%BB%BD%E5%A1%97%E3%81%9F%E3%81%AA%E3%81%8B+%E5%9C%9F%E6%89%8B%E7%94%BA%E5%BA%97,1,
LOC_014,REG_012,기무라목품제작소 공장 2층 매장(木村木品製作所 工場2F),기타,"히로사키의 목공 제작소로, 사과나무를 활용한 인테리어 잡화와 목제품을 공장 2층에서 판매한다.",〒036-8131 青森県弘前市千年4-3-17,https://maps.google.com/maps?q=%E6%9C%A8%E6%9D%91%E6%9C%A8%E5%93%81%E8%A3%BD%E4%BD%9C%E6%89%80+%E5%B7%A5%E5%A0%B42F+%E3%80%92036-8131+%E9%9D%92%E6%A3%AE%E7%9C%8C%E5%BC%98%E5%89%8D%E5%B8%82%E5%8D%83%E5%B9%B44-3-17,1,1
LOC_015,REG_012,아오모리 민공예점 크래프트 아스팜(あおもり民工芸店クラフトアスパム),기념품샵,"아스팜 1층의 전통공예품 전문점으로, 쓰가루누리와 브나코, 고긴자시 같은 아오모리 공예품을 취급한다.",〒030-0803 青森県青森市安方1丁目1-40 青森県観光物産館アスパム1階,https://maps.google.com/maps?q=%E3%81%82%E3%81%8A%E3%82%82%E3%82%8A%E6%B0%91%E5%B7%A5%E8%8A%B8%E5%BA%97%E3%82%AF%E3%83%A9%E3%83%95%E3%83%88%E3%82%A2%E3%82%B9%E3%83%91%E3%83%A0,1,
LOC_016,REG_012,쓰가루누리 전문점 에비스야(津軽塗専門店 恵比須屋),기타,"아오모리시 혼초의 쓰가루누리 전문점으로, 젓가락과 젓가락받침 등 전통 칠기 소품을 판매한다.",青森県青森市本町1-1-41,https://maps.google.com/maps?q=%E6%B4%A5%E8%BB%BD%E5%A1%97%E5%B0%82%E9%96%80%E5%BA%97+%E6%81%B5%E6%AF%94%E9%A0%88%E5%B1%8B+%E9%9D%92%E6%A3%AE%E5%B8%82%E6%9C%AC%E7%94%BA1-1-41,1,
LOC_017,REG_012,아오모리 히바 전문점 와이도노키 손수목공관(青森ヒバ専門店 わいどの木 手作り木工館),기타,"가자마우라촌의 아오모리 히바 전문 목공점으로, 히바 생활용품과 목공 소품을 직접 보고 구매할 수 있다.",〒039-4502 青森県下北郡風間浦村大字易国間字大川目6-7,https://maps.google.com/maps?q=%E9%9D%92%E6%A3%AE%E3%83%92%E3%83%90%E5%B0%82%E9%96%80%E5%BA%97+%E3%82%8F%E3%81%84%E3%81%A9%E3%81%AE%E6%9C%A8+%E6%89%8B%E4%BD%9C%E3%82%8A%E6%9C%A8%E5%B7%A5%E9%A4%A8+%E3%80%92039-4502+%E9%9D%92%E6%A3%AE%E7%9C%8C%E4%B8%8B%E5%8C%97%E9%83%A1%E9%A2%A8%E9%96%93%E6%B5%A6%E6%9D%91%E5%A4%A7%E5%AD%97%E6%98%93%E5%9B%BD%E9%96%93%E5%AD%97%E5%A4%A7%E5%B7%9D%E7%9B%AE6-7,1,
LOC_018,REG_012,아메노 다카미야(飴のたかみや),기타,"시치노헤마치의 수제 사탕점으로, 아오모리산 과일을 활용한 사탕 제품을 직접 만든다.",〒039-2578 青森県上北郡七戸町字貝ノ口100-1,https://maps.google.com/maps?q=%E9%A3%B4%E3%81%AE%E3%81%9F%E3%81%8B%E3%81%BF%E3%82%84+%E9%9D%92%E6%A3%AE%E7%9C%8C%E4%B8%8A%E5%8C%97%E9%83%A1%E4%B8%83%E6%88%B8%E7%94%BA%E5%AD%97%E8%B2%9D%E3%83%8E%E5%8F%A3100-1,1,
LOC_019,REG_013,우에다표고전문점 별부 본점(上田椎茸専門店 別府本店),기타,"벳푸의 오이타산 건표고 전문점으로, 표고 다시와 표고 가공품을 직접 살 수 있는 직영 매장이다.",〒874-0840 大分県別府市大字鶴見950番地の58,https://maps.google.com/maps?q=%E4%B8%8A%E7%94%B0%E6%A4%8E%E8%8C%B8%E5%B0%82%E9%96%80%E5%BA%97+%E5%88%A5%E5%BA%9C%E6%9C%AC%E5%BA%97,1,
LOC_020,REG_013,산쿄제과 본사 공장(三協製菓 本社工場),기타,"벳푸의 지역 과자 제조사로, 카보스모치와 자봉 과자 등 오이타·벳푸 과자를 만드는 공장 겸 판매처다.",〒874-0828 大分県別府市山の手町10番23号,https://maps.google.com/maps?q=%E4%B8%89%E5%8D%94%E8%A3%BD%E8%8F%93+%E6%9C%AC%E7%A4%BE%E5%B7%A5%E5%A0%B4+%E3%80%92874-0828+%E5%A4%A7%E5%88%86%E7%9C%8C%E5%88%A5%E5%BA%9C%E5%B8%82%E5%B1%B1%E3%81%AE%E6%89%8B%E7%94%BA10%E7%95%AA23%E5%8F%B7,1,
LOC_021,REG_013,소라노에키 타비토 대분공항점(空の駅 旅人 大分空港店),공항,"대분공항 2층의 대형 기념품 매장으로, 오이타의 과자와 식품, 술, 잡화 등 약 3000개 품목을 취급한다.",〒873-0212 大分県国東市安岐町下原13 大分空港2階,https://maps.google.com/maps?q=%E7%A9%BA%E3%81%AE%E9%A7%85+%E6%97%85%E4%BA%BA+%E5%A4%A7%E5%88%86%E7%A9%BA%E6%B8%AF%E5%BA%97+%E3%80%92873-0212+%E5%A4%A7%E5%88%86%E7%9C%8C%E5%9B%BD%E6%9D%B1%E5%B8%82%E5%AE%89%E5%B2%90%E7%94%BA%E4%B8%8B%E5%8E%9F13+%E5%A4%A7%E5%88%86%E7%A9%BA%E6%B8%AF2%E9%9A%8E,1,
LOC_022,REG_013,오차노 히메노엔·와카페 히메노엔(お茶の姫の園・和カフェひめのえん),기타,"대분역 인근의 차 전문점 겸 카페로, 오이타산 차와 화과자류를 판매한다.",〒870-0027 大分県大分市末広町2丁目5-12,https://maps.google.com/maps?q=%E3%81%8A%E8%8C%B6%E3%81%AE%E5%A7%AB%E3%81%AE%E5%9C%92%E3%83%BB%E5%92%8C%E3%82%AB%E3%83%95%E3%82%A7%E3%81%B2%E3%82%81%E3%81%AE%E3%81%88%E3%82%93+%E3%80%92870-0027+%E5%A4%A7%E5%88%86%E7%9C%8C%E5%A4%A7%E5%88%86%E5%B8%82%E6%9C%AB%E5%BA%83%E7%94%BA2%E4%B8%81%E7%9B%AE5-12,1,
LOC_023,REG_013,오이타 메이드 숍 아카렌가 본점(Oita Made Shop 赤レンガ本店),기념품샵,"대분은행 아카렌가관에 있는 지역 브랜드 편집숍으로, 오이타산 식품과 잡화, Oita Made 협업 상품을 판매한다.",〒870-0021 大分県大分市府内町2丁目2-1 大分銀行赤レンガ館,https://maps.google.com/maps?q=Oita+Made+Shop+%E8%B5%A4%E3%83%AC%E3%83%B3%E3%82%AC%E6%9C%AC%E5%BA%97,1,
LOC_024,REG_013,후지야 진베에(富士屋甚兵衛),기타,"우스키 중앙상점가에 있는 후지진간장의 안테나숍으로, 간장과 드레싱 등 자사 조미료를 구매할 수 있다.",大分県臼杵市大字臼杵本町4 中央通り商店街（八町大路）,https://maps.google.com/maps?q=%E5%AF%8C%E5%A3%AB%E5%B1%8B%E7%94%9A%E5%85%B5%E8%A1%9B+%E8%87%BC%E6%9D%B5%E5%B8%82%E6%9C%AC%E7%94%BA4,1,
LOC_025,REG_013,사이키혼포 조카도(さいき本舗 城下堂),기념품샵,"사이키시의 지역 특산품을 모아 판매하는 관광·마을만들기 운영 숍으로, 수산 가공품과 향토 식품을 취급한다.",大分県佐伯市大手町3-3-7,https://maps.google.com/maps?q=%E3%81%95%E3%81%84%E3%81%8D%E6%9C%AC%E8%88%97+%E5%9F%8E%E4%B8%8B%E5%A0%82+%E5%A4%A7%E5%88%86%E7%9C%8C%E4%BD%90%E4%BC%AF%E5%B8%82%E5%A4%A7%E6%89%8B%E7%94%BA3-3-7,1,
LOC_026,REG_013,대분현 표고농협 직판소(大分県椎茸農業協同組合 直売所),기타,"대분현산 건표고와 표고 가공품을 취급하는 전문 농협 직판소로, 표고 간장 같은 가공 제품도 확인할 수 있다.",大分県大分市春日浦843-69,https://maps.google.com/maps?q=%E5%A4%A7%E5%88%86%E7%9C%8C%E6%A4%8E%E8%8C%B8%E8%BE%B2%E6%A5%AD%E5%8D%94%E5%90%8C%E7%B5%84%E5%90%88+%E7%9B%B4%E5%A3%B2%E6%89%80+%E5%A4%A7%E5%88%86%E7%9C%8C%E5%A4%A7%E5%88%86%E5%B8%82%E6%98%A5%E6%97%A5%E6%B5%A6843-69,1,
LOC_027,REG_013,분고미식공방 키즈나야 직매소(豊後美食工房 絆屋 直売所),기타,"기쓰키시에 있는 수산 가공품 공방 겸 직매소로, 류큐와 카보스부리 등 오이타 해산물 가공품을 판매한다.",〒873-0007 大分県杵築市大字片野字神領1014番1,https://maps.google.com/maps?q=%E8%B1%8A%E5%BE%8C%E7%BE%8E%E9%A3%9F%E5%B7%A5%E6%88%BF+%E7%B5%86%E5%B1%8B+%E7%9B%B4%E5%A3%B2%E6%89%80+%E3%80%92873-0007+%E5%A4%A7%E5%88%86%E7%9C%8C%E6%9D%B5%E7%AF%89%E5%B8%82%E5%A4%A7%E5%AD%97%E7%89%87%E9%87%8E%E5%AD%97%E7%A5%9E%E9%A0%981014%E7%95%AA1,1,
LOC_028,REG_013,고토제과 신마치점(後藤製菓 新町店),기타,"우스키 시내에 있는 후토제과의 오래된 직영점으로, 우스키 센베이와 지역 재료를 쓴 전병류를 판매한다.",大分県臼杵市大字臼杵新町612,https://maps.google.com/maps?q=%E5%BE%8C%E8%97%A4%E8%A3%BD%E8%8F%93+%E6%96%B0%E7%94%BA%E5%BA%97+%E8%87%BC%E6%9D%B5%E5%B8%82%E8%87%BC%E6%9D%B5%E6%96%B0%E7%94%BA612,1,
LOC_029,REG_013,조토쿠야주조장(常徳屋酒造場),기타,"우사시에 있는 오래된 주조장으로, 상덕야 브랜드의 보리소주와 카보스 리큐르를 현장에서 구매할 수 있다.",大分県宇佐市大字四日市1205-2,https://maps.google.com/maps?q=%E5%B8%B8%E5%BE%B3%E5%B1%8B%E9%85%92%E9%80%A0%E5%A0%B4+%E5%AE%87%E4%BD%90%E5%B8%82%E5%9B%9B%E6%97%A5%E5%B8%821205-2,1,
LOC_030,REG_013,가야시마주류 후쿠주야(萱島酒類 福寿屋),기타,다케타 성하마을에서萱島酒類의 소주와 청주를 판매하는 직영점.,大分県竹田市大字竹田町398,https://maps.google.com/maps?q=%E8%90%B1%E5%B3%B6%E9%85%92%E9%A1%9E+%E7%A6%8F%E5%AF%BF%E5%B1%8B+%E7%AB%B9%E7%94%B0%E5%B8%82%E7%AB%B9%E7%94%B0%E7%94%BA398,1,
LOC_031,REG_013,벳푸쓰케모노 쓰케모노 왕자점(別府漬物 つけもの王子店),기타,"벳푸의 절임식품 전문점으로, 유자고추와 절임류 등 현지 조미·저장식품을 판매한다.",〒874-0829 大分県別府市上原町7-15,https://maps.google.com/maps?q=%E5%88%A5%E5%BA%9C%E6%BC%AC%E7%89%A9+%E3%81%A4%E3%81%91%E3%82%82%E3%81%AE%E7%8E%8B%E5%AD%90%E5%BA%97,1,
LOC_032,REG_013,아카시분쇼도(明石文昭堂),기타,"벳푸의 문구·기념품점으로, 벳푸 모티프의 종이잡화와 대나무·디자인 소품을 취급한다.",大分県別府市駅前町11-10,https://maps.google.com/maps?q=%E6%98%8E%E7%9F%B3%E6%96%87%E6%98%AD%E5%A0%82+%E5%88%A5%E5%BA%9C%E5%B8%82%E9%A7%85%E5%89%8D%E7%94%BA11-10,1,
LOC_033,REG_013,자비에르혼포 대분본점(ざびえる本舗 大分本店),기타,오이타 대표 명과 자비에르와 관련 과자를 판매하는 자비에르혼포 본점.,〒870-0319 大分県大分市大分流通業務団地3丁目2番3,https://maps.google.com/maps?q=%E3%81%96%E3%81%B3%E3%81%88%E3%82%8B%E6%9C%AC%E8%88%97+%E5%A4%A7%E5%88%86%E6%9C%AC%E5%BA%97+%E5%A4%A7%E5%88%86%E6%B5%81%E9%80%9A%E6%A5%AD%E5%8B%99%E5%9B%A3%E5%9C%B03%E4%B8%81%E7%9B%AE2%E7%95%AA3,1,
LOC_034,REG_013,난코물산 기념품 매장(南光物産 お土産売場),기념품샵,"벳푸의 지역 기념품 제조·판매 업체로, 오이타 유자고추와 온천 관련 과자류를 취급한다.",〒874-0840 大分県別府市大字鉄輪1284-2,https://maps.google.com/maps?q=%E5%8D%97%E5%85%89%E7%89%A9%E7%94%A3+%E3%81%8A%E5%9C%9F%E7%94%A3%E5%A3%B2%E5%A0%B4+%E3%80%92874-0840+%E5%A4%A7%E5%88%86%E7%9C%8C%E5%88%A5%E5%BA%9C%E5%B8%82%E5%A4%A7%E5%AD%97%E9%89%84%E8%BC%AA1284-2,1,
LOC_035,REG_013,히타쿠스 지역산업진흥센터 전시즉매장(日田玖珠地域産業振興センター 展示即売場),기념품샵,히타·쿠스 지역의 특산품과 공예품 약 2만 점을 판매하는 지역 물산 전시즉매장이다.,〒877-0016 大分県日田市三本松2丁目3-1,https://maps.google.com/maps?q=%E6%97%A5%E7%94%B0%E7%8E%96%E7%8F%A0%E5%9C%B0%E5%9F%9F%E7%94%A3%E6%A5%AD%E6%8C%AF%E8%88%88%E3%82%BB%E3%83%B3%E3%82%BF%E3%83%BC+%E5%B1%95%E7%A4%BA%E5%8D%B3%E5%A3%B2%E5%A0%B4+%E3%80%92877-0016+%E5%A4%A7%E5%88%86%E7%9C%8C%E6%97%A5%E7%94%B0%E5%B8%82%E4%B8%89%E6%9C%AC%E6%9D%BE2%E4%B8%81%E7%9B%AE3-1,1,
LOC_036,REG_013,마루쇼쿠 모치가하마점 산지직송 코너(マルショク 餅が浜店 産地直送コーナー),기타,"벳푸시 모치가하마의 슈퍼마켓 내 산지직송 코너로, 유와키야 간장 조미료류를 취급한다.",〒874-0924 大分県別府市餅ケ浜町7-10,https://maps.google.com/maps?q=%E3%83%9E%E3%83%AB%E3%82%B7%E3%83%A7%E3%82%AF+%E9%A4%85%E3%81%8C%E6%B5%9C%E5%BA%97+%E7%94%A3%E5%9C%B0%E7%9B%B4%E9%80%81%E3%82%B3%E3%83%BC%E3%83%8A%E3%83%BC+%E3%80%92874-0924+%E5%A4%A7%E5%88%86%E7%9C%8C%E5%88%A5%E5%BA%9C%E5%B8%82%E9%A4%85%E3%82%B1%E6%B5%9C%E7%94%BA7-10,1,
LOC_037,REG_013,가라아게노 하나부사 본점(からあげのはなぶさ 本店),기타,"분고오노시 미에마치의 가라아게 전문점으로, 양념 생닭과 뼈있는 가라아게 상품을 판매한다.",〒879-7111 大分県豊後大野市三重町赤嶺1966,https://maps.google.com/maps?q=%E3%81%8B%E3%82%89%E3%81%82%E3%81%92%E3%81%AE%E3%81%AF%E3%81%AA%E3%81%B6%E3%81%95+%E6%9C%AC%E5%BA%97,1,
LOC_038,REG_014,하레노쿠니 오카야마관(晴れの国おかやま館),기념품샵,"오카야마현 관광연맹이 운영하는 특산품 셀렉트숍으로, 현지 과자와 식품, 민공예품을 폭넓게 판매한다.",〒700-0822 岡山県岡山市北区表町1丁目1-22,https://maps.google.com/maps?q=%E6%99%B4%E3%82%8C%E3%81%AE%E5%9B%BD%E3%81%8A%E3%81%8B%E3%82%84%E3%81%BE%E9%A4%A8,1,
LOC_039,REG_015,토토푸딩 돗토리사구점(Totto PURIN 鳥取砂丘店),기념품샵,"돗토리사구 앞에 있는 푸딩 전문점으로, 대표 상품인 사구 푸딩을 직접 구매할 수 있다.",〒689-0105 鳥取県鳥取市福部町湯山2164-657 サンコスモス103号,https://maps.google.com/maps?q=Totto+PURIN+%E9%B3%A5%E5%8F%96%E7%A0%82%E4%B8%98%E5%BA%97+%E3%80%92689-0105+%E9%B3%A5%E5%8F%96%E7%9C%8C%E9%B3%A5%E5%8F%96%E5%B8%82%E7%A6%8F%E9%83%A8%E7%94%BA%E6%B9%AF%E5%B1%B12164-657+%E3%82%B5%E3%83%B3%E3%82%B3%E3%82%B9%E3%83%A2%E3%82%B9103%E5%8F%B7,1,
LOC_040,REG_015,쿄야과포 본점(京屋菓舗 本店),기타,"돗토리시 요시카타온센의 오래된 화과자점으로, 사구의 풍문과 후루사토 같은 돗토리 명과를 판매한다.",鳥取県鳥取市吉方温泉2-511,https://maps.google.com/maps?q=%E4%BA%AC%E5%B1%8B%E8%8F%93%E8%88%97+%E6%9C%AC%E5%BA%97+%E9%B3%A5%E5%8F%96%E5%B8%82%E5%90%89%E6%96%B9%E6%B8%A9%E6%B3%892-511,1,
LOC_041,REG_015,돗토리시 후루사토물산관 마치팔 돗토리(鳥取市ふるさと物産館 まちパル鳥取),기념품샵,"돗토리역 근처의 특산품 판매관으로, 돗토리 동부의 과자와 해산물 가공품, 민예품을 폭넓게 판매한다.",〒680-0833 鳥取県鳥取市末広温泉町160,https://maps.google.com/maps?q=%E9%B3%A5%E5%8F%96%E5%B8%82%E3%81%B5%E3%82%8B%E3%81%95%E3%81%A8%E7%89%A9%E7%94%A3%E9%A4%A8+%E3%81%BE%E3%81%A1%E3%83%91%E3%83%AB%E9%B3%A5%E5%8F%96,1,
LOC_042,REG_015,깃코야 본점(亀甲や 本店),기타,"돗토리시 가타하라의 오래된 화과자점으로, 이십세기와 돗토리 브랜 케이크 등 지역 명과를 판매한다.",〒680-0023 鳥取県鳥取市片原2丁目116,https://maps.google.com/maps?q=%E4%BA%80%E7%94%B2%E3%82%84+%E6%9C%AC%E5%BA%97+%E3%80%92680-0023+%E9%B3%A5%E5%8F%96%E7%9C%8C%E9%B3%A5%E5%8F%96%E5%B8%82%E7%89%87%E5%8E%9F2%E4%B8%81%E7%9B%AE116,1,
LOC_043,REG_015,나카가와주조(中川酒造),기타,"돗토리시 다치카와초의 주조장으로, 이나바즈루 고리키 계열 상품을 현장에서 구매할 수 있다.",鳥取県鳥取市立川町2-305,https://maps.google.com/maps?q=%E4%B8%AD%E5%B7%9D%E9%85%92%E9%80%A0+%E9%B3%A5%E5%8F%96%E5%B8%82%E7%AB%8B%E5%B7%9D%E7%94%BA2-305,1,
LOC_044,REG_015,미치노에키 세이류차야 가와하라(道の駅 清流茶屋かわはら),기념품샵,"돗토리시 가와하라IC 근처의 도로역으로, 지역 특산품과 오리지널 카레 가공품을 판매한다.",〒680-1242 鳥取県鳥取市河原町高福837,https://maps.google.com/maps?q=%E9%81%93%E3%81%AE%E9%A7%85+%E6%B8%85%E6%B5%81%E8%8C%B6%E5%B1%8B%E3%81%8B%E3%82%8F%E3%81%AF%E3%82%89,1,
LOC_045,REG_015,우루와시 재패니즈티(URUWASHI JAPANESETEA),기타,돗토리 와카사마치의 일본차 스탠드로 일본차와 차 과자를 판매하는 매장.,〒680-0701 鳥取県八頭郡若桜町若桜379,https://maps.google.com/maps?q=URUWASHI+JAPANESETEA+%E9%B3%A5%E5%8F%96%E7%9C%8C%E5%85%AB%E9%A0%AD%E9%83%A1%E8%8B%A5%E6%A1%9C%E7%94%BA%E8%8B%A5%E6%A1%9C379,1,
LOC_046,REG_015,요시오카온천 아즈마야상노 푸딩 샤미네돗토리점(吉岡温泉あづまやさんのプリン シャミネ鳥取店),역,돗토리역 샤미네 본관에 있는 요시오카온천 아즈마야상노 푸딩 전문 매장.,〒680-0835 鳥取県鳥取市東品治町111-1 シャミネ鳥取 本館,https://maps.google.com/maps?q=%E5%90%89%E5%B2%A1%E6%B8%A9%E6%B3%89%E3%81%82%E3%81%A5%E3%81%BE%E3%82%84%E3%81%95%E3%82%93%E3%81%AE%E3%83%97%E3%83%AA%E3%83%B3+%E3%82%B7%E3%83%A3%E3%83%9F%E3%83%8D%E9%B3%A5%E5%8F%96%E5%BA%97+%E3%80%92680-0835+%E9%B3%A5%E5%8F%96%E7%9C%8C%E9%B3%A5%E5%8F%96%E5%B8%82%E6%9D%B1%E5%93%81%E6%B2%BB%E7%94%BA111-1+%E3%82%B7%E3%83%A3%E3%83%9F%E3%83%8D%E9%B3%A5%E5%8F%96+%E6%9C%AC%E9%A4%A8,1,
LOC_047,REG_015,가로야상점(かろや商店),기타,돗토리시 모토우오마치에서 두부치쿠와와 아고치쿠와를 제조 판매하는 지역 식품점.,〒680-0034 鳥取県鳥取市元魚町3-201,https://maps.google.com/maps?q=%E3%81%8B%E3%82%8D%E3%82%84%E5%95%86%E5%BA%97+%E9%B3%A5%E5%8F%96%E5%B8%82%E5%85%83%E9%AD%9A%E7%94%BA3-201,1,
LOC_048,REG_015,갤러리숍 소라(gallery shop SORA),기념품샵,돗토리역 앞 상점가에 있는 산인 지역 작가의 공예품과 생활잡화를 판매하는 갤러리숍.,〒680-0831 鳥取県鳥取市栄町658-3,https://maps.google.com/maps?q=gallery+shop+SORA+%E9%B3%A5%E5%8F%96%E5%B8%82%E6%A0%84%E7%94%BA658-3,1,
LOC_049,REG_015,기시다공방(岸田工房),기타,돗토리시 모치가세의 공방 겸 매장으로 오리지널 양말과 장갑류를 제조 판매하는 곳.,〒689-1211 鳥取県鳥取市用瀬町別府361,https://maps.google.com/maps?q=%E5%B2%B8%E7%94%B0%E5%B7%A5%E6%88%BF+%E9%B3%A5%E5%8F%96%E5%B8%82%E7%94%A8%E7%80%AC%E7%94%BA%E5%88%A5%E5%BA%9C361,1,
LOC_050,REG_015,도이제과 다치카와점(土井製菓 立川店),기타,돗토리시 다치카와초에 있는 노포 떡집의 매장으로 대복떡과 산도라도라야키를 취급하는 화과자점.,〒680-0061 鳥取県鳥取市立川町7丁目101-39,https://maps.google.com/maps?q=%E5%9C%9F%E4%BA%95%E8%A3%BD%E8%8F%93+%E7%AB%8B%E5%B7%9D%E5%BA%97+%E9%B3%A5%E5%8F%96%E5%B8%82%E7%AB%8B%E5%B7%9D%E7%94%BA7-101-39,1,
LOC_051,REG_016,텐구낫토총본가 미토역 엑셀미나미점(天狗納豆総本家 水戸駅ビル エクセルみなみ店),역,미토역 엑셀미나미 3층에 있는 미토 낫토 전문점으로 소보로낫토와 낫토 관련 선물을 취급한다.,〒310-0015 茨城県水戸市宮町1-7-31 水戸駅ビル エクセルみなみ3F,https://maps.google.com/maps?q=%E5%A4%A9%E7%8B%97%E7%B4%8D%E8%B1%86%E7%B7%8F%E6%9C%AC%E5%AE%B6+%E6%B0%B4%E6%88%B8%E9%A7%85%E3%83%93%E3%83%AB+%E3%82%A8%E3%82%AF%E3%82%BB%E3%83%AB%E3%81%BF%E3%81%AA%E3%81%BF%E5%BA%97+%E3%80%92310-0015+%E8%8C%A8%E5%9F%8E%E7%9C%8C%E6%B0%B4%E6%88%B8%E5%B8%82%E5%AE%AE%E7%94%BA1-7-31+%E6%B0%B4%E6%88%B8%E9%A7%85%E3%83%93%E3%83%AB+%E3%82%A8%E3%82%AF%E3%82%BB%E3%83%AB%E3%81%BF%E3%81%AA%E3%81%BF3F,1,
LOC_052,REG_016,카스미마르셰 아제노에키 코한점(かすみマルシェ 畔の駅コハン店),기념품샵,가스미가우라시 교류센터 1층의 마르셰로 지역 농수산물과 가공 특산품을 판매하는 물산 매장.,〒300-0214 茨城県かすみがうら市坂4784番地先 かすみがうら市交流センター1F,https://maps.google.com/maps?q=%E3%81%8B%E3%81%99%E3%81%BF%E3%83%9E%E3%83%AB%E3%82%B7%E3%82%A7+%E7%95%94%E3%81%AE%E9%A7%85%E3%82%B3%E3%83%8F%E3%83%B3%E5%BA%97+%E3%80%92300-0214+%E8%8C%A8%E5%9F%8E%E7%9C%8C%E3%81%8B%E3%81%99%E3%81%BF%E3%81%8C%E3%81%86%E3%82%89%E5%B8%82%E5%9D%824784%E7%95%AA%E5%9C%B0%E5%85%88+%E3%81%8B%E3%81%99%E3%81%BF%E3%81%8C%E3%81%86%E3%82%89%E5%B8%82%E4%BA%A4%E6%B5%81%E3%82%BB%E3%83%B3%E3%82%BF%E3%83%BC1F,1,
LOC_053,REG_016,다카하시정육점(髙橋肉店),기타,류가사키시에 있는 지역 정육점으로 자체 정육 상품과 조리용 가공식품을 판매한다.,茨城県龍ケ崎市砂町5131,https://maps.google.com/maps?q=%E9%AB%99%E6%A9%8B%E8%82%89%E5%BA%97+%E8%8C%A8%E5%9F%8E%E7%9C%8C%E9%BE%8D%E3%82%B1%E5%B4%8E%E5%B8%82%E7%A0%82%E7%94%BA5131,1,
LOC_054,REG_016,쓰쿠바햄 직매소 쓰쿠바진야(筑波ハム 直売所 つくば陣屋),기타,"쓰쿠바햄의 공장 직영 매장으로 햄, 소시지, 유제품과 선물 세트를 직접 판매한다.",〒305-0816 茨城県つくば市学園の森3-21-1,https://maps.google.com/maps?q=%E7%AD%91%E6%B3%A2%E3%83%8F%E3%83%A0+%E7%9B%B4%E5%A3%B2%E6%89%80+%E3%81%A4%E3%81%8F%E3%81%B0%E9%99%A3%E5%B1%8B,1,
LOC_055,REG_016,요시카와상사(株式会社 吉川商事),기타,이바라키마치의 상점 겸 식육 사업자로 히타치규 상품을 취급하는 매장.,茨城県東茨城郡茨城町小堤753,https://maps.google.com/maps?q=%E6%A0%AA%E5%BC%8F%E4%BC%9A%E7%A4%BE+%E5%90%89%E5%B7%9D%E5%95%86%E4%BA%8B+%E8%8C%A8%E5%9F%8E%E7%94%BA%E5%B0%8F%E5%A0%A4753,1,
LOC_056,REG_016,니쿠노이이지마 본점(肉のイイジマ 本店),기타,미토시 미카와의 히타치규 전문 정육점으로 햄버그와 카레 등 가공 선물 제품도 취급한다.,〒310-0912 茨城県水戸市見川2-108-26 一周館ビルA106,https://maps.google.com/maps?q=%E8%82%89%E3%81%AE%E3%82%A4%E3%82%A4%E3%82%B8%E3%83%9E+%E6%9C%AC%E5%BA%97+%E3%80%92310-0912+%E8%8C%A8%E5%9F%8E%E7%9C%8C%E6%B0%B4%E6%88%B8%E5%B8%82%E8%A6%8B%E5%B7%9D2-108-26+%E4%B8%80%E5%91%A8%E9%A4%A8%E3%83%93%E3%83%ABA106,1,
LOC_057,REG_016,레스토랑 나카다이(レストラン中台),기타,츠치우라의 레스토랑으로 매장 맛을 재현한 레토르트 카레를 판매하는 지역 음식점.,〒300-0037 茨城県土浦市桜町2-12-3,https://maps.google.com/maps?q=%E3%83%AC%E3%82%B9%E3%83%88%E3%83%A9%E3%83%B3%E4%B8%AD%E5%8F%B0+%E5%9C%9F%E6%B5%A6%E5%B8%82%E6%A1%9C%E7%94%BA2-12-3,1,
LOC_058,REG_016,파티스리 르 후카사쿠(パティスリー・ル・フカサク),기념품샵,후카사쿠농원이 운영하는 농원 스위츠 매장으로 멜론과 농산물 디저트를 판매한다.,〒311-2102 茨城県鉾田市台濁沢371-2,https://maps.google.com/maps?q=%E3%83%91%E3%83%86%E3%82%A3%E3%82%B9%E3%83%AA%E3%83%BC%E3%83%BB%E3%83%AB%E3%83%BB%E3%83%95%E3%82%AB%E3%82%B5%E3%82%AF+%E3%80%92311-2102+%E8%8C%A8%E5%9F%8E%E7%9C%8C%E9%89%BE%E7%94%B0%E5%B8%82%E5%8F%B0%E6%BF%81%E6%B2%A2371-2,1,
LOC_059,REG_016,쓰쿠바푸딩 후지야(つくばぷりん ふじ屋),기타,사쿠라가와시 마카베의 프린 전문점으로 골드푸딩 등 지역 재료를 활용한 디저트를 판매한다.,〒300-4417 茨城県桜川市真壁町飯塚113-1,https://maps.google.com/maps?q=%E3%81%A4%E3%81%8F%E3%81%B0%E3%81%B7%E3%82%8A%E3%82%93+%E3%81%B5%E3%81%98%E5%B1%8B+%E6%A1%9C%E5%B7%9D%E5%B8%82%E7%9C%9F%E5%A3%81%E7%94%BA%E9%A3%AF%E5%A1%9A113-1,1,
LOC_060,REG_016,오미타마후루사토식품공사 요거트하우스(小美玉ふるさと食品公社 ヨーグルトハウス),기념품샵,"공장 직영 판매소로 오미타마산 우유를 사용한 요구르트, 푸딩, 아이스크림을 판매한다.",〒311-3413 茨城県小美玉市山野1628-42 空のえき そ・ら・ら内,https://maps.google.com/maps?q=%E5%B0%8F%E7%BE%8E%E7%8E%89%E3%81%B5%E3%82%8B%E3%81%95%E3%81%A8%E9%A3%9F%E5%93%81%E5%85%AC%E7%A4%BE+%E3%83%A8%E3%83%BC%E3%82%B0%E3%83%AB%E3%83%88%E3%83%8F%E3%82%A6%E3%82%B9,1,
LOC_061,REG_016,에즈라베이카제조본포(江面米菓製造本舗),기타,고가시의 탄불 손구이 센베이 제조 본점으로 센베이 세트와 지역 한정 과자를 판매한다.,〒306-0001 茨城県古河市静町12-20,https://maps.google.com/maps?q=%E6%B1%9F%E9%9D%A2%E7%B1%B3%E8%8F%93%E8%A3%BD%E9%80%A0%E6%9C%AC%E8%88%97+%E5%8F%A4%E6%B2%B3%E5%B8%82%E9%9D%99%E7%94%BA12-20,1,
LOC_062,REG_016,오카베합명회사 마쓰자카리 양조원(岡部合名会社 松盛醸造元),기타,히타치오타시의 주조장으로 마쓰자카리와 지역 쌀·매실을 활용한 술을 판매한다.,茨城県常陸太田市小沢町2335,https://maps.google.com/maps?q=%E5%B2%A1%E9%83%A8%E5%90%88%E5%90%8D%E4%BC%9A%E7%A4%BE+%E6%9D%BE%E7%9B%9B%E9%86%B8%E9%80%A0%E5%85%83+%E8%8C%A8%E5%9F%8E%E7%9C%8C%E5%B8%B8%E9%99%B8%E5%A4%AA%E7%94%B0%E5%B8%82%E5%B0%8F%E6%B2%A2%E7%94%BA2335,1,
LOC_063,REG_016,우시쿠샤토(牛久シャトー),기념품샵,우시쿠의 와인·맥주 복합 시설로 자체 맥주와 샤토 관련 선물 상품을 판매한다.,〒300-1234 茨城県牛久市中央3-20-1,https://maps.google.com/maps?q=%E7%89%9B%E4%B9%85%E3%82%B7%E3%83%A3%E3%83%88%E3%83%BC+%E7%89%9B%E4%B9%85%E5%B8%82%E4%B8%AD%E5%A4%AE3-20-1,1,
LOC_064,REG_016,니시오카본점(西岡本店),기타,사쿠라가와시 마카베의 오래된 주조장으로 하나노이 계열 일본주를 판매한다.,〒300-4411 茨城県桜川市真壁町田6-1,https://maps.google.com/maps?q=%E8%A5%BF%E5%B2%A1%E6%9C%AC%E5%BA%97+%E6%A1%9C%E5%B7%9D%E5%B8%82%E7%9C%9F%E5%A3%81%E7%94%BA%E7%94%B06-1,1,
LOC_065,REG_016,히야마주조(檜山酒造株式会社),기타,히타치오타시 마치야마치의 주조장으로 미쓰쿠니 다이긴조와 히타치와인을 제조 판매한다.,〒311-0311 茨城県常陸太田市町屋町1359,https://maps.google.com/maps?q=%E6%AA%9C%E5%B1%B1%E9%85%92%E9%80%A0%E6%A0%AA%E5%BC%8F%E4%BC%9A%E7%A4%BE+%E3%80%92311-0311+%E8%8C%A8%E5%9F%8E%E7%9C%8C%E5%B8%B8%E9%99%B8%E5%A4%AA%E7%94%B0%E5%B8%82%E7%94%BA%E5%B1%8B%E7%94%BA1359,1,
LOC_066,REG_016,아이유주조(愛友酒造株式会社),기타,이타코시의 역사 있는 주조장으로 아이유 계열 일본주를 매장 구매와 견학으로 접할 수 있다.,〒311-2421 茨城県潮来市辻205,https://maps.google.com/maps?q=%E6%84%9B%E5%8F%8B%E9%85%92%E9%80%A0%E6%A0%AA%E5%BC%8F%E4%BC%9A%E7%A4%BE+%E3%80%92311-2421+%E8%8C%A8%E5%9F%8E%E7%9C%8C%E6%BD%AE%E6%9D%A5%E5%B8%82%E8%BE%BB205,1,
LOC_067,REG_016,사자커피 본점(サザコーヒー 本店),기타,"히타치나카시의 사자커피 본점으로 원두, 드립백, 커피 선물 세트를 판매한다.",〒312-0043 茨城県ひたちなか市共栄町8-18,https://maps.google.com/maps?q=%E3%82%B5%E3%82%B6%E3%82%B3%E3%83%BC%E3%83%92%E3%83%BC+%E6%9C%AC%E5%BA%97+%E3%81%B2%E3%81%9F%E3%81%A1%E3%81%AA%E3%81%8B%E5%B8%82%E5%85%B1%E6%A0%84%E7%94%BA8-18,1,
LOC_068,REG_016,가네타엔(かねた園),기념품샵,오쿠쿠지차 산지인 다이고마치의 차 생산·판매처로 오쿠쿠지차 선물 세트를 취급한다.,〒319-3704 茨城県久慈郡大子町左貫3029,https://maps.google.com/maps?q=%E3%81%8B%E3%81%AD%E3%81%9F%E5%9C%92+%E8%8C%A8%E5%9F%8E%E7%9C%8C%E4%B9%85%E6%85%88%E9%83%A1%E5%A4%A7%E5%AD%90%E7%94%BA%E5%B7%A6%E8%B2%AB3029,1,
LOC_069,REG_016,유게쓰본점(祐月本店),기념품샵,미토의 인형 전문점으로 투구 장식과 히나 인형 등 전통 공예품을 취급한다.,〒310-0053 茨城県水戸市末広町2-2-10,https://maps.google.com/maps?q=%E7%A5%90%E6%9C%88%E6%9C%AC%E5%BA%97+%E6%B0%B4%E6%88%B8%E5%B8%82%E6%9C%AB%E5%BA%83%E7%94%BA2-2-10,1,
LOC_070,REG_016,가이라쿠엔 매점 미하라시테이(偕楽園売店 見晴亭),기념품샵,"가이라쿠엔 안의 관광 매점으로 이바라키 특산품과 공예품, 미토 기념품을 폭넓게 판매한다.",〒310-0033 茨城県水戸市常磐町1-3-2 偕楽園内,https://maps.google.com/maps?q=%E5%81%95%E6%A5%BD%E5%9C%92%E5%A3%B2%E5%BA%97+%E8%A6%8B%E6%99%B4%E4%BA%AD+%E6%B0%B4%E6%88%B8%E5%B8%82%E5%B8%B8%E7%A3%90%E7%94%BA1-3-2,1,
LOC_071,REG_016,미토 게이세이백화점 IBARAKI craft(水戸京成百貨店 IBARAKI craft),백화점,미토 게이세이백화점 안의 이바라키 공예품 셀렉트숍으로 常陸錫器 등 현지 공예품을 취급한다.,〒310-0026 茨城県水戸市泉町1-6-1 水戸京成百貨店,https://maps.google.com/maps?q=%E6%B0%B4%E6%88%B8%E4%BA%AC%E6%88%90%E7%99%BE%E8%B2%A8%E5%BA%97+IBARAKI+craft+%E8%8C%A8%E5%9F%8E%E7%9C%8C%E6%B0%B4%E6%88%B8%E5%B8%82%E6%B3%89%E7%94%BA1-6-1,1,
LOC_072,REG_016,오사키재목점(大崎材木店),기타,시로사토마치의 재목점으로 목재와 자체 목제품을 취급하며 코ロンブスのまな板을 소개하는 매장 정보가 확인된다.,〒311-4313 茨城県東茨城郡城里町上入野2142-1,https://maps.google.com/maps?q=%E5%A4%A7%E5%B4%8E%E6%9D%90%E6%9C%A8%E5%BA%97+%E8%8C%A8%E5%9F%8E%E7%9C%8C%E6%9D%B1%E8%8C%A8%E5%9F%8E%E9%83%A1%E5%9F%8E%E9%87%8C%E7%94%BA%E4%B8%8A%E5%85%A5%E9%87%8E2142-1,1,
LOC_073,REG_016,스즈키허브연구소 직영점(鈴木ハーブ研究所 直営店舗),기타,도카이무라 본사 병설 직영점으로 자체 화장품과 허브 관련 잡화를 판매한다.,〒319-1112 茨城県那珂郡東海村村松2461,https://maps.google.com/maps?q=%E9%88%B4%E6%9C%A8%E3%83%8F%E3%83%BC%E3%83%96%E7%A0%94%E7%A9%B6%E6%89%80+%E7%9B%B4%E5%96%B6%E5%BA%97%E8%88%97+%E3%80%92319-1112+%E8%8C%A8%E5%9F%8E%E7%9C%8C%E9%82%A3%E7%8F%82%E9%83%A1%E6%9D%B1%E6%B5%B7%E6%9D%91%E6%9D%91%E6%9D%BE2461,1,
LOC_074,REG_017,이시가키시 특산품판매센터 공설시장점(石垣市特産品販売センター 公設市場店),기념품샵,"이시가키 공설시장 2층의 특산품 매장으로 섬 제조업자의 식품, 공예품, 조미료, 기념품을 폭넓게 판매한다.",〒907-0022 沖縄県石垣市大川208 石垣市公設市場2F,https://maps.google.com/maps?q=%E7%9F%B3%E5%9E%A3%E5%B8%82%E7%89%B9%E7%94%A3%E5%93%81%E8%B2%A9%E5%A3%B2%E3%82%BB%E3%83%B3%E3%82%BF%E3%83%BC+%E5%85%AC%E8%A8%AD%E5%B8%82%E5%A0%B4%E5%BA%97+%E3%80%92907-0022+%E6%B2%96%E7%B8%84%E7%9C%8C%E7%9F%B3%E5%9E%A3%E5%B8%82%E5%A4%A7%E5%B7%9D208+%E7%9F%B3%E5%9E%A3%E5%B8%82%E5%85%AC%E8%A8%AD%E5%B8%82%E5%A0%B42F,1,
LOC_075,REG_017,피니온 다이렉트숍(ぴにおんダイレクトショップ),기념품샵,이시가키의 피니온 직영 판매점으로 くうすみそ와 잼 등 자체 가공식품을 판매한다.,〒907-0022 沖縄県石垣市大川276-1,https://maps.google.com/maps?q=%E3%81%B4%E3%81%AB%E3%81%8A%E3%82%93%E3%83%80%E3%82%A4%E3%83%AC%E3%82%AF%E3%83%88%E3%82%B7%E3%83%A7%E3%83%83%E3%83%97+%E7%9F%B3%E5%9E%A3%E5%B8%82%E5%A4%A7%E5%B7%9D276-1,1,
LOC_076,REG_017,야치문야 다로가마(やちむん屋 太朗窯),기타,"이시가키 북부 히라쿠보의 도예 공방 겸 매장으로 일상 그릇과 술기, 시사 작품을 제작·판매한다.",〒907-0331 沖縄県石垣市平久保587-5,https://maps.google.com/maps?q=%E3%82%84%E3%81%A1%E3%82%80%E3%82%93%E5%B1%8B+%E5%A4%AA%E6%9C%97%E7%AA%AF+%E7%9F%B3%E5%9E%A3%E5%B8%82%E5%B9%B3%E4%B9%85%E4%BF%9D587-5,1,
LOC_077,REG_017,도공방 텐지쿠(陶工房天竺),기타,"이시가키 신카와의 도예 공방으로 전시장과 작업장, 가마를 갖춘 현지 도자기 제작처다.",〒907-0024 沖縄県石垣市新川1583-314,https://maps.google.com/maps?q=%E9%99%B6%E5%B7%A5%E6%88%BF%E5%A4%A9%E7%AB%BA+%E7%9F%B3%E5%9E%A3%E5%B8%82%E6%96%B0%E5%B7%9D1583-314,1,
LOC_078,REG_017,이시가키의 소금 공방(石垣の塩 工房),기타,나구라만 해수를 이용해 소금을 만드는 공방으로 체험과 함께 석垣の塩 상품을 판매한다.,〒907-0024 沖縄県石垣市新川1145-57,https://maps.google.com/maps?q=%E7%9F%B3%E5%9E%A3%E3%81%AE%E5%A1%A9+%E5%B7%A5%E6%88%BF+%E7%9F%B3%E5%9E%A3%E5%B8%82%E6%96%B0%E5%B7%9D1145-57,1,
LOC_079,REG_017,나하베이커리(那覇ベーカリー),기타,이시가키 신에이초의 베이커리로 엔젤 브라운 케이크와 바나나 케이크 등 섬 과자를 판매한다.,〒907-0014 沖縄県石垣市新栄町70-12,https://maps.google.com/maps?q=%E9%82%A3%E8%A6%87%E3%83%99%E3%83%BC%E3%82%AB%E3%83%AA%E3%83%BC+%E7%9F%B3%E5%9E%A3%E5%B8%82%E6%96%B0%E6%A0%84%E7%94%BA70-12,1,
LOC_080,REG_017,하타사토(畑里),기타,이시가키 마에사토의 농업생산법인으로 월도와 섬 허브를 활용한 차 제품을 생산·판매한다.,〒907-0002 沖縄県石垣市真栄里1111-230,https://maps.google.com/maps?q=%E8%BE%B2%E6%A5%AD%E7%94%9F%E7%94%A3%E6%B3%95%E4%BA%BA%E6%A0%AA%E5%BC%8F%E4%BC%9A%E7%A4%BE%E7%95%91%E9%87%8C+%E7%9F%B3%E5%9E%A3%E5%B8%82%E7%9C%9F%E6%A0%84%E9%87%8C1111-230,1,
LOC_081,REG_017,가비라팜 직매소(川平ファーム 直売所),기념품샵,"카비라 지역의 과일 가공품 직매소로 망고와 패션프루트 주스, 잼 등 자체 제품을 판매한다.",〒907-0453 沖縄県石垣市川平1291-63,https://maps.google.com/maps?q=%E5%B7%9D%E5%B9%B3%E3%83%95%E3%82%A1%E3%83%BC%E3%83%A0+%E7%9B%B4%E5%A3%B2%E6%89%80+%E3%80%92907-0453+%E6%B2%96%E7%B8%84%E7%9C%8C%E7%9F%B3%E5%9E%A3%E5%B8%82%E5%B7%9D%E5%B9%B31291-63,1,
LOC_082,REG_017,아자미야 본점 민사공예관(あざみ屋本店 みんさー工芸館),기념품샵,야에야마 민사 직조의 원조급 직영 매장으로 직조 공정 견학과 함께 민사 직물 소품을 판매한다.,〒907-0004 沖縄県石垣市登野城909,https://maps.google.com/maps?q=%E3%81%82%E3%81%96%E3%81%BF%E5%B1%8B%E6%9C%AC%E5%BA%97+%E3%81%BF%E3%82%93%E3%81%95%E3%83%BC%E5%B7%A5%E8%8A%B8%E9%A4%A8+%E7%9F%B3%E5%9E%A3%E5%B8%82%E7%99%BB%E9%87%8E%E5%9F%8E909,1,
LOC_083,REG_017,기프트샵 우쿠루 남산샤(ギフトショップうくる／南山舎),기타,남산샤가 운영하는 야에야마 특산품과 지역 출판물 판매점.,〒907-0004 沖縄県石垣市登野城88-1,https://maps.google.com/maps?q=%E3%82%AE%E3%83%95%E3%83%88%E3%82%B7%E3%83%A7%E3%83%83%E3%83%97%E3%81%86%E3%81%8F%E3%82%8B%EF%BC%8F%E5%8D%97%E5%B1%B1%E8%88%8E+%E3%80%92907-0004+%E6%B2%96%E7%B8%84%E7%9C%8C%E7%9F%B3%E5%9E%A3%E5%B8%82%E7%99%BB%E9%87%8E%E5%9F%8E88-1,1,
LOC_084,REG_017,다카나여관·찻집 다카냐(高那旅館・茶屋たかにゃ),기념품샵,다케토미섬의 노포 여관과 병설 찻집으로 오리지널 피야시와 수공예품을 판매한다.,〒907-1101 沖縄県八重山郡竹富町竹富499,https://maps.google.com/maps?q=%E9%AB%98%E9%82%A3%E6%97%85%E9%A4%A8%E3%83%BB%E8%8C%B6%E5%B1%8B%E3%81%9F%E3%81%8B%E3%81%AB%E3%82%83+%E3%80%92907-1101+%E6%B2%96%E7%B8%84%E7%9C%8C%E5%85%AB%E9%87%8D%E5%B1%B1%E9%83%A1%E7%AB%B9%E5%AF%8C%E7%94%BA%E7%AB%B9%E5%AF%8C499,1,
LOC_085,REG_017,요네코야키공방(米子焼工房),기념품샵,요네하라 인근의 시사 도자기 공방과 매장으로 컬러풀한 오리지널 시사를 제작·판매한다.,〒907-0451 沖縄県石垣市桴海447-1,https://maps.google.com/maps?q=%E7%B1%B3%E5%AD%90%E7%84%BC%E5%B7%A5%E6%88%BF+%E7%9F%B3%E5%9E%A3%E5%B8%82%E6%A1%B4%E6%B5%B7447-1,1,
LOC_086,REG_017,이치구스쿠모드 730교차점(イチグスクモード730交差店),기념품샵,이시가키 출신 디자이너의 아트 패션 매장으로 섬의 자연과 문화를 담은 티셔츠와 잡화를 판매한다.,〒907-0012 沖縄県石垣市美崎町3,https://maps.google.com/maps?q=%E3%82%A4%E3%83%81%E3%82%B0%E3%82%B9%E3%82%AF%E3%83%A2%E3%83%BC%E3%83%89730%E4%BA%A4%E5%B7%AE%E5%BA%97+%E7%9F%B3%E5%9E%A3%E5%B8%82%E7%BE%8E%E5%B4%8E%E7%94%BA3,1,
LOC_087,REG_017,이리오모테섬 에코투어리즘센터(西表島エコツーリズムセンター),기념품샵,이리오모테 에코투어리즘협회 사무소가 있는 센터로 협회 발행 책자와 오리지널 손수건을 판매한다.,〒907-1541 沖縄県八重山郡竹富町上原870-277,https://maps.google.com/maps?q=%E8%A5%BF%E8%A1%A8%E5%B3%B6%E3%82%A8%E3%82%B3%E3%83%84%E3%83%BC%E3%83%AA%E3%82%BA%E3%83%A0%E3%82%BB%E3%83%B3%E3%82%BF%E3%83%BC+%E7%AB%B9%E5%AF%8C%E7%94%BA%E4%B8%8A%E5%8E%9F870-277,1,
LOC_088,REG_018,히로시마 브랜드숍 TAU(ひろしまブランドショップTAU),기념품샵,"히로시마현 공식 안테나숍으로 히로시마 식품, 레몬 상품, 카프 굿즈, 공예품을 오프라인 쇼핑 플로어와 온라인스토어에서 취급한다.",〒104-0061 東京都中央区銀座1-6-10 銀座上一ビルディング,https://maps.google.com/maps?q=%E3%81%B2%E3%82%8D%E3%81%97%E3%81%BE%E3%83%96%E3%83%A9%E3%83%B3%E3%83%89%E3%82%B7%E3%83%A7%E3%83%83%E3%83%97TAU+%E6%9D%B1%E4%BA%AC%E9%83%BD%E4%B8%AD%E5%A4%AE%E5%8C%BA%E9%8A%80%E5%BA%A71-6-10,1,
LOC_089,REG_019,롯카테이 오비히로 본점(六花亭 帯広本店),기념품샵,"오비히로 중심가의 롯카테이 직영 본점으로 마루세이 버터샌드와 계절 과자, 한정 디저트를 판매한다.",〒080-0012 北海道帯広市西2条南9丁目6,https://maps.google.com/maps?q=%E5%85%AD%E8%8A%B1%E4%BA%AD+%E5%B8%AF%E5%BA%83%E6%9C%AC%E5%BA%97+%E5%B8%AF%E5%BA%83%E5%B8%82%E8%A5%BF2%E6%9D%A1%E5%8D%979%E4%B8%81%E7%9B%AE6,1,
LOC_090,REG_019,홋카이도 도산코 플라자 삿포로점(北海道どさんこプラザ札幌店),기념품샵,"홋카이도 공식 도산품 숍으로 dousanhin-ec.jp 온라인스토어와 연계된 식품, 농축산가공품, 과자류를 판매한다.",〒060-0806 北海道札幌市北区北6条西4丁目 JR札幌駅西通り北口,https://maps.google.com/maps?q=%E5%8C%97%E6%B5%B7%E9%81%93%E3%81%A9%E3%81%95%E3%82%93%E3%81%93%E3%83%97%E3%83%A9%E3%82%B6%E6%9C%AD%E5%B9%8C%E5%BA%97+JR%E6%9C%AD%E5%B9%8C%E9%A7%85,1,
LOC_091,REG_019,류게츠 스위트피아 가든(柳月スイートピア・ガーデン),기념품샵,오토후케의 류게츠 공장 병설 대형 직영점으로 三方六과 あんバタサン 등 대표 과자를 판매한다.,〒080-0346 北海道河東郡音更町なつぞら1番地1,https://maps.google.com/maps?q=%E6%9F%B3%E6%9C%88%E3%82%B9%E3%82%A4%E3%83%BC%E3%83%88%E3%83%94%E3%82%A2%E3%83%BB%E3%82%AC%E3%83%BC%E3%83%87%E3%83%B3+%E9%9F%B3%E6%9B%B4%E7%94%BA%E3%81%AA%E3%81%A4%E3%81%9E%E3%82%891%E7%95%AA%E5%9C%B01,1,
LOC_092,REG_019,아쇼로치즈공방(あしょろチーズ工房),기념품샵,아쇼로초의 치즈 공방으로 라클렛과 숙성 모차렐라 등 도카치 우유 기반 치즈를 제조·판매한다.,〒089-3733 北海道足寄郡足寄町郊南1丁目6-5,https://maps.google.com/maps?q=%E3%81%82%E3%81%97%E3%82%87%E3%82%8D%E3%83%81%E3%83%BC%E3%82%BA%E5%B7%A5%E6%88%BF+%E8%B6%B3%E5%AF%84%E7%94%BA%E9%83%8A%E5%8D%971%E4%B8%81%E7%9B%AE6-5,1,
LOC_093,REG_019,니즈(NEEDS),기념품샵,마쿠베쓰초의 치즈 공방으로 대지의홋페와 내추럴 치즈를 제조·판매한다.,〒089-0576 北海道中川郡幕別町新和162-111,https://maps.google.com/maps?q=NEEDS+%E5%B9%95%E5%88%A5%E7%94%BA%E6%96%B0%E5%92%8C162-111,1,
LOC_094,REG_019,도카치 신무라목장 크림테라스(十勝しんむら牧場 クリームテラス),기념품샵,가미시호로의 목장 직영 카페 겸 매장으로 밀크잼과 유제품을 판매한다.,〒080-1407 北海道河東郡上士幌町上音更西1線261,https://maps.google.com/maps?q=%E5%8D%81%E5%8B%9D%E3%81%97%E3%82%93%E3%82%80%E3%82%89%E7%89%A7%E5%A0%B4+%E3%82%AF%E3%83%AA%E3%83%BC%E3%83%A0%E3%83%86%E3%83%A9%E3%82%B9+%E4%B8%8A%E5%A3%AB%E5%B9%8C%E7%94%BA,1,
LOC_095,REG_019,크랜베리 본점(クランベリー本店),기념품샵,오비히로의 과자점 본점으로 대형 스위트포테이토와 케이크류를 판매한다.,〒080-0012 北海道帯広市西2条南6丁目2-5,https://maps.google.com/maps?q=%E3%82%AF%E3%83%A9%E3%83%B3%E3%83%99%E3%83%AA%E3%83%BC%E6%9C%AC%E5%BA%97+%E5%B8%AF%E5%BA%83%E5%B8%82%E8%A5%BF2%E6%9D%A1%E5%8D%976%E4%B8%81%E7%9B%AE2-5,1,
LOC_096,REG_019,이케다 와인성(いけだワイン城),기념품샵,이케다초의 도카치 와인 제조·견학 시설로 와인숍에서 十勝ワイン 병 제품을 판매한다.,〒083-0002 北海道中川郡池田町清見83-4,https://maps.google.com/maps?q=%E3%81%84%E3%81%91%E3%81%A0%E3%83%AF%E3%82%A4%E3%83%B3%E5%9F%8E+%E6%B1%A0%E7%94%B0%E7%94%BA%E6%B8%85%E8%A6%8B83-4,1,
LOC_097,REG_019,도카치 쉬폰(十勝シフォン),기념품샵,오비히로의 시폰케이크 전문점으로 홀케이크와 조각 케이크를 판매한다.,〒080-0012 北海道帯広市西2条南8丁目1,https://maps.google.com/maps?q=%E5%8D%81%E5%8B%9D%E3%82%B7%E3%83%95%E3%82%A9%E3%83%B3+%E5%B8%AF%E5%BA%83%E5%B8%82%E8%A5%BF2%E6%9D%A1%E5%8D%978%E4%B8%81%E7%9B%AE,1,
LOC_099,REG_016,이바라키 센스(IBARAKI sense),기념품샵,"이바라키현 공식 안테나숍으로 식품, 지酒, 공예품 등 이바라키 현산품을 판매한다.",〒104-0061 東京都中央区銀座1-2-1 紺屋ビル1F,https://maps.google.com/maps?q=IBARAKI+sense+%E6%9D%B1%E4%BA%AC%E9%83%BD%E4%B8%AD%E5%A4%AE%E5%8C%BA%E9%8A%80%E5%BA%A71-2-1,1,
LOC_100,REG_013,별부 죽공예와 크래프트숍 이치자(別府竹工芸とクラフトショップ ICHIZA),기념품샵,별부역 안에서 별부 죽공예와 오이타 공예품을 판매하는 크래프트숍.,〒874-0935 大分県別府市駅前町12-13 B-Passage内,https://maps.google.com/maps?q=%E5%88%A5%E5%BA%9C%E7%AB%B9%E5%B7%A5%E8%8A%B8%E3%81%A8%E3%82%AF%E3%83%A9%E3%83%95%E3%83%88%E3%82%B7%E3%83%A7%E3%83%83%E3%83%97+ICHIZA+%E5%88%A5%E5%BA%9C%E5%B8%82%E9%A7%85%E5%89%8D%E7%94%BA12-13,1,
LOC_101,REG_013,마인즈 히지 본점(MIND’S 日出本店),기타,"히지마치에서 마인즈의 카레, 오므라이스, 함박과 냉동 상품을 취급하는 본점 레스토랑.",大分県速見郡日出町2701-1,https://maps.google.com/maps?q=MIND%E2%80%99S+%E6%97%A5%E5%87%BA%E6%9C%AC%E5%BA%97+%E5%A4%A7%E5%88%86%E7%9C%8C%E9%80%9F%E8%A6%8B%E9%83%A1%E6%97%A5%E5%87%BA%E7%94%BA2701-1,1,
LOC_102,REG_016,유키맥주 양조(結城麦酒醸造),기타,결성시 지역 재료를 활용한 수제맥주를 제조·판매하는 소규모 브루어리.,茨城県結城市中央町1丁目7-1,https://maps.google.com/maps?q=%E7%B5%90%E5%9F%8E%E9%BA%A6%E9%85%92%E9%86%B8%E9%80%A0+%E7%B5%90%E5%9F%8E%E5%B8%82%E4%B8%AD%E5%A4%AE%E7%94%BA1-7-1,1,
LOC_103,REG_016,다다이마커피 라보(ただいまコーヒー ラボ),기타,히타치시에서 자가배전 원두와 커피 상품을 판매하는 커피 전문점.,〒317-0063 茨城県日立市若葉町1-13-5,https://maps.google.com/maps?q=%E3%81%9F%E3%81%A0%E3%81%84%E3%81%BE%E3%82%B3%E3%83%BC%E3%83%92%E3%83%BC+%E3%83%A9%E3%83%9C+%E3%80%92317-0063+%E8%8C%A8%E5%9F%8E%E7%9C%8C%E6%97%A5%E7%AB%8B%E5%B8%82%E8%8B%A5%E8%91%89%E7%94%BA1-13-5,1,
LOC_104,REG_016,사시마차노사토 노구치엔본점(さしま茶の里 のぐち園本店),기념품샵,반도시에서 사시마차를 제조·판매하는 차 전문점.,〒306-0501 茨城県坂東市逆井2833-11,https://maps.google.com/maps?q=%E3%81%95%E3%81%97%E3%81%BE%E8%8C%B6%E3%81%AE%E9%87%8C+%E3%81%AE%E3%81%90%E3%81%A1%E5%9C%92%E6%9C%AC%E5%BA%97+%E5%9D%82%E6%9D%B1%E5%B8%82%E9%80%86%E4%BA%952833-11,1,
LOC_105,REG_016,차포 오시마엔 본점(茶舗 大島園 本店),기념품샵,고가시에서 사시마차와 지역 차 상품을 판매하는 차 전문점.,〒306-0004 茨城県古河市雷電町1-83,https://maps.google.com/maps?q=%E8%8C%B6%E8%88%97+%E5%A4%A7%E5%B3%B6%E5%9C%92+%E6%9C%AC%E5%BA%97+%E5%8F%A4%E6%B2%B3%E5%B8%82%E9%9B%B7%E9%9B%BB%E7%94%BA1-83,1,
LOC_106,REG_016,차타로즈 카페 야마노 노구치도쿠타로상점(茶太郎’s cafe やまの 野口徳太郎商店),기념품샵,사시마차 노포인 노구치도쿠타로상점이 운영하는 차 전문 매장.,〒306-0433 茨城県猿島郡境町1144,https://maps.google.com/maps?q=%E8%8C%B6%E5%A4%AA%E9%83%8E%E2%80%99s+cafe+%E3%82%84%E3%81%BE%E3%81%AE+%E9%87%8E%E5%8F%A3%E5%BE%B3%E5%A4%AA%E9%83%8E%E5%95%86%E5%BA%97+%E3%80%92306-0433+%E8%8C%A8%E5%9F%8E%E7%9C%8C%E7%8C%BF%E5%B3%B6%E9%83%A1%E5%A2%83%E7%94%BA1144,1,
LOC_107,REG_019,오토후케 미치노에키 나쓰조라 시장(道の駅おとふけ なつぞら市場),기념품샵,오토후케 지역 특산품과 도카치 가공식품을 판매하는 도로 휴게소 내 물산 매장입니다.,〒080-0346 北海道河東郡音更町なつぞら2番地,https://maps.google.com/maps?q=%E9%81%93%E3%81%AE%E9%A7%85%E3%81%8A%E3%81%A8%E3%81%B5%E3%81%91+%E3%81%AA%E3%81%A4%E3%81%9E%E3%82%89%E5%B8%82%E5%A0%B4+%E9%9F%B3%E6%9B%B4%E7%94%BA%E3%81%AA%E3%81%A4%E3%81%9E%E3%82%892%E7%95%AA%E5%9C%B0,1,
LOC_108,REG_019,JA 나카사쓰나이무라 직매소(JA中札内村直売所),기타,나카사쓰나이산 농축산물과 풋콩 가공품을 판매하는 JA 직매소입니다.,〒089-1311 北海道河西郡中札内村西1条北8丁目2,https://maps.google.com/maps?q=JA%E4%B8%AD%E6%9C%AD%E5%86%85%E6%9D%91%E7%9B%B4%E5%A3%B2%E6%89%80+%E4%B8%AD%E6%9C%AD%E5%86%85%E6%9D%91%E8%A5%BF1%E6%9D%A1%E5%8C%978%E4%B8%81%E7%9B%AE2,1,
LOC_109,REG_019,홋카이도 도산코 플라자 유라쿠초점(北海道どさんこプラザ有楽町店),기념품샵,홋카이도 공식 안테나숍으로 도카치·홋카이도 특산 식품과 기념품을 폭넓게 판매합니다.,〒100-0006 東京都千代田区有楽町2丁目10-1 東京交通会館1F,https://maps.google.com/maps?q=%E5%8C%97%E6%B5%B7%E9%81%93%E3%81%A9%E3%81%95%E3%82%93%E3%81%93%E3%83%97%E3%83%A9%E3%82%B6%E6%9C%89%E6%A5%BD%E7%94%BA%E5%BA%97+%E6%9D%B1%E4%BA%AC%E4%BA%A4%E9%80%9A%E4%BC%9A%E9%A4%A8,1,
LOC_110,REG_019,신토쿠 스텔라 스테이션(新得ステラステーション),역,JR 신토쿠역 안에 있는 관광·특산품 판매 공간으로 신토쿠와 도카치 상품을 취급합니다.,〒081-0005 北海道上川郡新得町本通北1丁目53 JR新得駅内,https://maps.google.com/maps?q=%E6%96%B0%E5%BE%97%E3%82%B9%E3%83%86%E3%83%A9%E3%82%B9%E3%83%86%E3%83%BC%E3%82%B7%E3%83%A7%E3%83%B3+JR%E6%96%B0%E5%BE%97%E9%A7%85,1,
LOC_111,REG_019,JA 아쇼로 직매소 욧테미나(直売所「寄って美菜」),기타,"아쇼로 지역 농산물과 가공품, 아쇼로 치즈공방 상품을 취급하는 JA 직매소입니다.",〒089-3701 北海道足寄郡足寄町北1条1丁目3-1,https://maps.google.com/maps?q=%E7%9B%B4%E5%A3%B2%E6%89%80%E3%80%8C%E5%AF%84%E3%81%A3%E3%81%A6%E7%BE%8E%E8%8F%9C%E3%80%8D+%E3%80%92089-3701+%E5%8C%97%E6%B5%B7%E9%81%93%E8%B6%B3%E5%AF%84%E9%83%A1%E8%B6%B3%E5%AF%84%E7%94%BA%E5%8C%971%E6%9D%A11%E4%B8%81%E7%9B%AE3-1,1,
LOC_112,REG_018,야마다야 미야지마 본점(やまだ屋 宮島本店),기념품샵,미야지마의 모미지 만주와 기리하카를 판매하는 야마다야 본점,広島県廿日市市宮島町835-1,https://maps.google.com/maps?q=%E3%82%84%E3%81%BE%E3%81%A0%E5%B1%8B+%E5%AE%AE%E5%B3%B6%E6%9C%AC%E5%BA%97+%E5%BA%83%E5%B3%B6%E7%9C%8C%E5%BB%BF%E6%97%A5%E5%B8%82%E5%B8%82%E5%AE%AE%E5%B3%B6%E7%94%BA835-1,1,
LOC_113,REG_018,후지이야 미야지마 본점(藤い屋 宮島本店),기념품샵,미야지마 명물 모미지 만주를 판매하는 후지이야 본점,広島県廿日市市宮島町1129,https://maps.google.com/maps?q=%E8%97%A4%E3%81%84%E5%B1%8B+%E5%AE%AE%E5%B3%B6%E6%9C%AC%E5%BA%97+%E5%BA%83%E5%B3%B6%E7%9C%8C%E5%BB%BF%E6%97%A5%E5%B8%82%E5%B8%82%E5%AE%AE%E5%B3%B6%E7%94%BA1129,1,
LOC_114,REG_018,오카시도코로 벤쿄도 본점(御菓子所 勉強堂 本店),기념품샵,후쿠야마 지역 소재를 활용한 과자를 판매하는 벤쿄도 본점,広島県福山市熊野町乙1151-2,https://maps.google.com/maps?q=%E5%BE%A1%E8%8F%93%E5%AD%90%E6%89%80+%E5%8B%89%E5%BC%B7%E5%A0%82+%E6%9C%AC%E5%BA%97+%E5%BA%83%E5%B3%B6%E7%9C%8C%E7%A6%8F%E5%B1%B1%E5%B8%82%E7%86%8A%E9%87%8E%E7%94%BA%E4%B9%991151-2,1,
LOC_115,REG_018,쿠누기 카페 오타가와점(櫟 kunugi café 太田川店),기념품샵,쿠누기 바움쿠헨과 와플을 판매하는 공장 병설 직영 카페,広島県広島市西区己斐東1-2-21,https://maps.google.com/maps?q=%E6%AB%9F+kunugi+caf%C3%A9+%E5%A4%AA%E7%94%B0%E5%B7%9D%E5%BA%97+%E5%BA%83%E5%B3%B6%E7%9C%8C%E5%BA%83%E5%B3%B6%E5%B8%82%E8%A5%BF%E5%8C%BA%E5%B7%B1%E6%96%90%E6%9D%B11-2-21,1,
LOC_116,REG_018,오노미치 라멘 마루보시(尾道ラーメン 丸ぼし),기타,오노미치 라멘 마루보시의 본점 매장,広島県尾道市土堂2-8-16,https://maps.google.com/maps?q=%E5%B0%BE%E9%81%93%E3%83%A9%E3%83%BC%E3%83%A1%E3%83%B3+%E4%B8%B8%E3%81%BC%E3%81%97+%E5%BA%83%E5%B3%B6%E7%9C%8C%E5%B0%BE%E9%81%93%E5%B8%82%E5%9C%9F%E5%A0%822-8-16,1,
LOC_117,REG_018,스이신 본점(酔心本店),기타,히로시마 향토요리와 명물 솥밥으로 알려진 스이신 본점,広島市中区立町6-7,https://maps.google.com/maps?q=%E9%85%94%E5%BF%83%E6%9C%AC%E5%BA%97+%E5%BA%83%E5%B3%B6%E5%B8%82%E4%B8%AD%E5%8C%BA%E7%AB%8B%E7%94%BA6-7,1,
LOC_118,REG_018,사사키도시로상점(佐々木敏郎商店),기념품샵,히로시마나 절임 제품을 제조·판매하는 야노 지역의 노포 상점,広島市安芸区矢野西5-9-13,https://maps.google.com/maps?q=%E4%BD%90%E3%80%85%E6%9C%A8%E6%95%8F%E9%83%8E%E5%95%86%E5%BA%97+%E5%BA%83%E5%B3%B6%E5%B8%82%E5%AE%89%E8%8A%B8%E5%8C%BA%E7%9F%A2%E9%87%8E%E8%A5%BF5-9-13,1,
LOC_119,REG_018,건강생활 마루시마(健康生活マルシマ),기념품샵,마루시마의 무첨가 식품과 조미료를 취급하는 직영 매장,広島県尾道市高須町4834-9,https://maps.google.com/maps?q=%E5%81%A5%E5%BA%B7%E7%94%9F%E6%B4%BB%E3%83%9E%E3%83%AB%E3%82%B7%E3%83%9E+%E5%BA%83%E5%B3%B6%E7%9C%8C%E5%B0%BE%E9%81%93%E5%B8%82%E9%AB%98%E9%A0%88%E7%94%BA4834-9,1,
LOC_120,REG_018,파티스리 피스(PÂTISSERIE PIECE),기념품샵,미하라 지역 재료를 활용한 케이크와 구움과자를 판매하는 양과자점,広島県三原市円一町3丁目9-1,https://maps.google.com/maps?q=P%C3%82TISSERIE+PIECE+%E5%BA%83%E5%B3%B6%E7%9C%8C%E4%B8%89%E5%8E%9F%E5%B8%82%E5%86%86%E4%B8%80%E7%94%BA3%E4%B8%81%E7%9B%AE9-1,1,
LOC_121,REG_018,클레이튼 베이 호텔(クレイトンベイホテル),기타,구레 지역 호텔로 자체 레스토랑·상품을 운영하는 구매 거점,広島県呉市築地町3-3,https://maps.google.com/maps?q=%E3%82%AF%E3%83%AC%E3%82%A4%E3%83%88%E3%83%B3%E3%83%99%E3%82%A4%E3%83%9B%E3%83%86%E3%83%AB+%E5%BA%83%E5%B3%B6%E7%9C%8C%E5%91%89%E5%B8%82%E7%AF%89%E5%9C%B0%E7%94%BA3-3,1,
LOC_122,REG_018,도비시마 감귤공방 히로시마공항점(とびしま柑橘工房 広島空港店),공항,도비시마 감귤공방 제품을 취급하는 히로시마공항 판매점,広島県三原市本郷町善入寺64-31 広島空港,https://maps.google.com/maps?q=%E3%81%A8%E3%81%B3%E3%81%97%E3%81%BE%E6%9F%91%E6%A9%98%E5%B7%A5%E6%88%BF+%E5%BA%83%E5%B3%B6%E7%A9%BA%E6%B8%AF%E5%BA%97+%E5%BA%83%E5%B3%B6%E7%9C%8C%E4%B8%89%E5%8E%9F%E5%B8%82%E6%9C%AC%E9%83%B7%E7%94%BA%E5%96%84%E5%85%A5%E5%AF%BA64-31+%E5%BA%83%E5%B3%B6%E7%A9%BA%E6%B8%AF,1,
LOC_123,REG_018,무라카미 베이커리(村上ベーカリー),기념품샵,다케하라 지역에서 빵과 구움과자를 판매하는 지역 베이커리,広島県竹原市本町1-2-7,https://maps.google.com/maps?q=%E6%9D%91%E4%B8%8A%E3%83%99%E3%83%BC%E3%82%AB%E3%83%AA%E3%83%BC+%E5%BA%83%E5%B3%B6%E7%9C%8C%E7%AB%B9%E5%8E%9F%E5%B8%82%E6%9C%AC%E7%94%BA1-2-7,1,
LOC_124,REG_018,토비키리혼포 유메타운 구레점(トビキリ本舗 ゆめタウン呉店),기념품샵,나카모토본점의 음료와 절임류를 취급하는 직영 판매 코너,広島県呉市宝町5-10 ゆめタウン呉,https://maps.google.com/maps?q=%E3%83%88%E3%83%93%E3%82%AD%E3%83%AA%E6%9C%AC%E8%88%97+%E3%82%86%E3%82%81%E3%82%BF%E3%82%A6%E3%83%B3%E5%91%89%E5%BA%97+%E5%BA%83%E5%B3%B6%E7%9C%8C%E5%91%89%E5%B8%82%E5%AE%9D%E7%94%BA5-10+%E3%82%86%E3%82%81%E3%82%BF%E3%82%A6%E3%83%B3%E5%91%89,1,
LOC_125,REG_018,히로시마 유메 플라자(ひろしま夢ぷらざ),기념품샵,히로시마 현내 특산품을 전시·판매하는 혼도리 상점가의 안테나숍,広島市中区本通8-28,https://maps.google.com/maps?q=%E3%81%B2%E3%82%8D%E3%81%97%E3%81%BE%E5%A4%A2%E3%81%B7%E3%82%89%E3%81%96+%E5%BA%83%E5%B3%B6%E5%B8%82%E4%B8%AD%E5%8C%BA%E6%9C%AC%E9%80%9A8-28,1,
LOC_126,REG_018,사기시마 미칸지마(鷺島みかんじま),기념품샵,사가시마 감귤을 활용한 상품을 취급하는 지역 특산품 사업자,広島県三原市鷺浦町須波113,https://maps.google.com/maps?q=%E9%B7%BA%E5%B3%B6%E3%81%BF%E3%81%8B%E3%82%93%E3%81%98%E3%81%BE+%E5%BA%83%E5%B3%B6%E7%9C%8C%E4%B8%89%E5%8E%9F%E5%B8%82%E9%B7%BA%E6%B5%A6%E7%94%BA%E9%A0%88%E6%B3%A2113,1,
LOC_127,REG_015,마루유백화점 식품매장 하나키후진(丸由百貨店 食料品売場 華貴婦人),백화점,핑크 간장 등 하나키후진 상품을 취급하는 백화점 식품매장,鳥取県鳥取市今町2丁目151,https://maps.google.com/maps?q=%E4%B8%B8%E7%94%B1%E7%99%BE%E8%B2%A8%E5%BA%97+%E9%A3%9F%E6%96%99%E5%93%81%E5%A3%B2%E5%A0%B4+%E8%8F%AF%E8%B2%B4%E5%A9%A6%E4%BA%BA+%E9%B3%A5%E5%8F%96%E7%9C%8C%E9%B3%A5%E5%8F%96%E5%B8%82%E4%BB%8A%E7%94%BA2%E4%B8%81%E7%9B%AE151,1,
LOC_128,REG_015,오에노키안(大榎庵),기타,하나키후진의 핑크 카레를 제공하고 레토르트 상품도 판매하는 고택 카페,鳥取県鳥取市大榎町3-3,https://maps.google.com/maps?q=%E5%A4%A7%E6%A6%8E%E5%BA%B5+%E9%B3%A5%E5%8F%96%E7%9C%8C%E9%B3%A5%E5%8F%96%E5%B8%82%E5%A4%A7%E6%A6%8E%E7%94%BA3-3,1,
LOC_129,REG_015,사큐농원(砂丘農園),기타,돗토리 사구 락교를 재배·가공하고 산지 직판과 통신판매를 운영하는 농원,鳥取県鳥取市福部町湯山76,https://maps.google.com/maps?q=%E7%A0%82%E4%B8%98%E8%BE%B2%E5%9C%92+%E9%B3%A5%E5%8F%96%E7%9C%8C%E9%B3%A5%E5%8F%96%E5%B8%82%E7%A6%8F%E9%83%A8%E7%94%BA%E6%B9%AF%E5%B1%B176,1,
LOC_130,REG_015,야마네상점(山根商店),기타,산인 해산물과 무첨가 천일건조 건어물을 취급하는 산지 판매처,鳥取県岩美郡岩美町大谷2182-727,https://maps.google.com/maps?q=%E5%B1%B1%E6%A0%B9%E5%95%86%E5%BA%97+%E9%B3%A5%E5%8F%96%E7%9C%8C%E5%B2%A9%E7%BE%8E%E9%83%A1%E5%B2%A9%E7%BE%8E%E7%94%BA%E5%A4%A7%E8%B0%B72182-727,1,
LOC_131,REG_015,오카다 흑산호 공방(岡田黒珊瑚工房),기타,돗토리 흑산호 액세서리를 제작·판매하는 산호 세공 공방,鳥取県鳥取市生山180-1,https://maps.google.com/maps?q=%E5%B2%A1%E7%94%B0%E9%BB%92%E7%8F%8A%E7%91%9A%E5%B7%A5%E6%88%BF+%E9%B3%A5%E5%8F%96%E7%9C%8C%E9%B3%A5%E5%8F%96%E5%B8%82%E7%94%9F%E5%B1%B1180-1,1,
LOC_132,REG_019,돼지덮밥 돈타(ぶた丼のとん田),기타,오비히로 돼지덮밥 전문점으로 특제 돼지덮밥 세트 판매 채널을 운영한다,北海道帯広市東10条南17丁目2,https://maps.google.com/maps?q=%E3%81%B6%E3%81%9F%E4%B8%BC%E3%81%AE%E3%81%A8%E3%82%93%E7%94%B0+%E5%8C%97%E6%B5%B7%E9%81%93%E5%B8%AF%E5%BA%83%E5%B8%82%E6%9D%B110%E6%9D%A1%E5%8D%9717%E4%B8%81%E7%9B%AE2,1,
LOC_133,REG_001,아루데요 도쿠시마(あるでよ徳島),기념품샵,도쿠시마현 특산품과 지역 기념품을 모아 판매하는 아와오도리회관 내 물산점.,〒770-0904 徳島県徳島市新町橋2丁目20 阿波おどり会館1F,https://maps.google.com/maps?q=%E3%81%82%E3%82%8B%E3%81%A7%E3%82%88%E5%BE%B3%E5%B3%B6+%E3%80%92770-0904+%E5%BE%B3%E5%B3%B6%E7%9C%8C%E5%BE%B3%E5%B3%B6%E5%B8%82%E6%96%B0%E7%94%BA%E6%A9%8B2%E4%B8%81%E7%9B%AE20+%E9%98%BF%E6%B3%A2%E3%81%8A%E3%81%A9%E3%82%8A%E4%BC%9A%E9%A4%A81F,1,
LOC_134,REG_002,오타루역 나카마트 타르셰(小樽駅なかマート タルシェ),역,JR 오타루역 안에서 오타루와 홋카이도 기념품을 판매하는 역내 숍.,〒047-0032 北海道小樽市稲穂2丁目22-15 JR小樽駅構内,https://maps.google.com/maps?q=%E5%B0%8F%E6%A8%BD%E9%A7%85%E3%81%AA%E3%81%8B%E3%83%9E%E3%83%BC%E3%83%88+%E3%82%BF%E3%83%AB%E3%82%B7%E3%82%A7+%E3%80%92047-0032+%E5%8C%97%E6%B5%B7%E9%81%93%E5%B0%8F%E6%A8%BD%E5%B8%82%E7%A8%B2%E7%A9%822%E4%B8%81%E7%9B%AE22-15+JR%E5%B0%8F%E6%A8%BD%E9%A7%85%E6%A7%8B%E5%86%85,1,
LOC_135,REG_003,가마쿠라 하치자(鎌倉八座),기념품샵,가마쿠라 고마치도리에서 지역 과자와 잡화 기념품을 취급하는 숍.,〒248-0006 神奈川県鎌倉市小町1丁目7-3,https://maps.google.com/maps?q=%E9%8E%8C%E5%80%89%E5%85%AB%E5%BA%A7+%E3%80%92248-0006+%E7%A5%9E%E5%A5%88%E5%B7%9D%E7%9C%8C%E9%8E%8C%E5%80%89%E5%B8%82%E5%B0%8F%E7%94%BA1%E4%B8%81%E7%9B%AE7-3,1,
LOC_136,REG_004,순푸 라쿠이치(駿府楽市),역,시즈오카역 아스티 안에서 현산품과 공예품을 판매하는 지역 물산관.,〒420-0851 静岡県静岡市葵区黒金町47 アスティ静岡西館,https://maps.google.com/maps?q=%E9%A7%BF%E5%BA%9C%E6%A5%BD%E5%B8%82+%E3%80%92420-0851+%E9%9D%99%E5%B2%A1%E7%9C%8C%E9%9D%99%E5%B2%A1%E5%B8%82%E8%91%B5%E5%8C%BA%E9%BB%92%E9%87%91%E7%94%BA47+%E3%82%A2%E3%82%B9%E3%83%86%E3%82%A3%E9%9D%99%E5%B2%A1%E8%A5%BF%E9%A4%A8,1,
LOC_137,REG_005,구마모토현 물산관(熊本県物産館),기념품샵,구마모토현의 식품과 공예품을 폭넓게 취급하는 지역 대표 물산관.,〒860-0805 熊本県熊本市中央区桜町3-1,https://maps.google.com/maps?q=%E7%86%8A%E6%9C%AC%E7%9C%8C%E7%89%A9%E7%94%A3%E9%A4%A8+%E3%80%92860-0805+%E7%86%8A%E6%9C%AC%E7%9C%8C%E7%86%8A%E6%9C%AC%E5%B8%82%E4%B8%AD%E5%A4%AE%E5%8C%BA%E6%A1%9C%E7%94%BA3-1,1,
LOC_138,REG_006,앙트레마르셰 산노미야점(アントレマルシェ三ノ宮店),역,JR 산노미야역 안에서 고베 과자와 지역 기념품을 판매하는 역내 매장.,〒651-0097 兵庫県神戸市中央区布引町4丁目1-1 JR三ノ宮駅構内,https://maps.google.com/maps?q=%E3%82%A2%E3%83%B3%E3%83%88%E3%83%AC%E3%83%9E%E3%83%AB%E3%82%B7%E3%82%A7%E4%B8%89%E3%83%8E%E5%AE%AE%E5%BA%97+%E3%80%92651-0097+%E5%85%B5%E5%BA%AB%E7%9C%8C%E7%A5%9E%E6%88%B8%E5%B8%82%E4%B8%AD%E5%A4%AE%E5%8C%BA%E5%B8%83%E5%BC%95%E7%94%BA4%E4%B8%81%E7%9B%AE1-1+JR%E4%B8%89%E3%83%8E%E5%AE%AE%E9%A7%85%E6%A7%8B%E5%86%85,1,
LOC_139,REG_007,고쿠라 명품장(小倉銘品蔵),역,JR 고쿠라역에서 기타큐슈와 후쿠오카 지역 기념품을 취급하는 역내 매장.,〒802-0001 福岡県北九州市小倉北区浅野1丁目1-1 JR小倉駅構内,https://maps.google.com/maps?q=%E5%B0%8F%E5%80%89%E9%8A%98%E5%93%81%E8%94%B5+%E3%80%92802-0001+%E7%A6%8F%E5%B2%A1%E7%9C%8C%E5%8C%97%E4%B9%9D%E5%B7%9E%E5%B8%82%E5%B0%8F%E5%80%89%E5%8C%97%E5%8C%BA%E6%B5%85%E9%87%8E1%E4%B8%81%E7%9B%AE1-1+JR%E5%B0%8F%E5%80%89%E9%A7%85%E6%A7%8B%E5%86%85,1,
LOC_140,REG_008,나가사키 가도 카모메시장(長崎街道かもめ市場),역,나가사키역에 연결된 상업시설로 지역 과자와 특산품을 모아 판매하는 기념품 구역.,〒850-0058 長崎県長崎市尾上町1-67,https://maps.google.com/maps?q=%E9%95%B7%E5%B4%8E%E8%A1%97%E9%81%93%E3%81%8B%E3%82%82%E3%82%81%E5%B8%82%E5%A0%B4+%E3%80%92850-0058+%E9%95%B7%E5%B4%8E%E7%9C%8C%E9%95%B7%E5%B4%8E%E5%B8%82%E5%B0%BE%E4%B8%8A%E7%94%BA1-67,1,
LOC_141,REG_009,기프트 키요스크 나고야(ギフトキヨスク名古屋),역,JR 나고야역 안에서 나고야 대표 과자와 지역 기념품을 판매하는 매장.,〒450-0002 愛知県名古屋市中村区名駅1丁目1-4 JR名古屋駅構内,https://maps.google.com/maps?q=%E3%82%AE%E3%83%95%E3%83%88%E3%82%AD%E3%83%A8%E3%82%B9%E3%82%AF%E5%90%8D%E5%8F%A4%E5%B1%8B+%E3%80%92450-0002+%E6%84%9B%E7%9F%A5%E7%9C%8C%E5%90%8D%E5%8F%A4%E5%B1%8B%E5%B8%82%E4%B8%AD%E6%9D%91%E5%8C%BA%E5%90%8D%E9%A7%851%E4%B8%81%E7%9B%AE1-4+JR%E5%90%8D%E5%8F%A4%E5%B1%8B%E9%A7%85%E6%A7%8B%E5%86%85,1,
LOC_142,REG_010,니가타 후루사토무라 바자르관(新潟ふるさと村 バザール館),기념품샵,"니가타 현산 식품과 술, 공예품을 모아 판매하는 대형 물산 시설.",〒950-1101 新潟県新潟市西区山田2307,https://maps.google.com/maps?q=%E6%96%B0%E6%BD%9F%E3%81%B5%E3%82%8B%E3%81%95%E3%81%A8%E6%9D%91+%E3%83%90%E3%82%B6%E3%83%BC%E3%83%AB%E9%A4%A8+%E3%80%92950-1101+%E6%96%B0%E6%BD%9F%E7%9C%8C%E6%96%B0%E6%BD%9F%E5%B8%82%E8%A5%BF%E5%8C%BA%E5%B1%B1%E7%94%B02307,1,
LOC_143,REG_011,가가와 물산관 리쓰린안(かがわ物産館 栗林庵),기념품샵,가가와현 특산품과 사누키 기념품을 취급하는 리쓰린공원 인근 물산관.,〒760-0073 香川県高松市栗林町1丁目20-16,https://maps.google.com/maps?q=%E3%81%8B%E3%81%8C%E3%82%8F%E7%89%A9%E7%94%A3%E9%A4%A8+%E6%A0%97%E6%9E%97%E5%BA%B5+%E3%80%92760-0073+%E9%A6%99%E5%B7%9D%E7%9C%8C%E9%AB%98%E6%9D%BE%E5%B8%82%E6%A0%97%E6%9E%97%E7%94%BA1%E4%B8%81%E7%9B%AE20-16,1,
LOC_144,REG_027,마쓰야마공항 이요테쓰샵07(松山空港いよてつショップ07),공항,마쓰야마공항 내에서 에히메 대표 과자와 특산품을 폭넓게 판매하는 공항 매장.,〒791-8042 愛媛県松山市南吉田町2731 松山空港ビル内,https://maps.google.com/maps?q=%E6%9D%BE%E5%B1%B1%E7%A9%BA%E6%B8%AF%E3%81%84%E3%82%88%E3%81%A6%E3%81%A4%E3%82%B7%E3%83%A7%E3%83%83%E3%83%9707%20%E6%84%9B%E5%AA%9B%E7%9C%8C%E6%9D%BE%E5%B1%B1%E5%B8%82%E5%8D%97%E5%90%89%E7%94%B0%E7%94%BA2731,1,
LOC_145,REG_027,이요테쓰 다카시마야(いよてつ髙島屋),백화점,마쓰야마시역과 연결된 백화점으로 지역 과자와 선물용 식품을 구매하기 편한 장소.,〒790-8587 愛媛県松山市湊町5丁目1-1,https://maps.google.com/maps?q=%E3%81%84%E3%82%88%E3%81%A6%E3%81%A4%E9%AB%99%E5%B3%B6%E5%B1%8B%20%E6%84%9B%E5%AA%9B%E7%9C%8C%E6%9D%BE%E5%B1%B1%E5%B8%82%E6%B9%8A%E7%94%BA5%E4%B8%81%E7%9B%AE1-1,1,
LOC_146,REG_027,에히메 에가오 관광물산관(えひめ愛顔の観光物産館),기념품샵,"마쓰야마성 로프웨이 인근에서 에히메 특산품, 지주, 공예품을 판매하는 물산관.",〒790-0004 愛媛県松山市大街道3丁目6-1 岡崎産業ビル1F,https://maps.google.com/maps?q=%E3%81%88%E3%81%B2%E3%82%81%E6%84%9B%E9%A1%94%E3%81%AE%E8%A6%B3%E5%85%89%E7%89%A9%E7%94%A3%E9%A4%A8%20%E6%84%9B%E5%AA%9B%E7%9C%8C%E6%9D%BE%E5%B1%B1%E5%B8%82%E5%A4%A7%E8%A1%97%E9%81%933%E4%B8%81%E7%9B%AE6-1,1,
LOC_147,REG_027,도고온천 본관 매점(道後温泉本館 売店),기념품샵,도고온천 본관 안팎에서 온천 관련 기념품과 도고 지역 과자를 구매할 수 있는 매점.,〒790-0842 愛媛県松山市道後湯之町5-6,https://maps.google.com/maps?q=%E9%81%93%E5%BE%8C%E6%B8%A9%E6%B3%89%E6%9C%AC%E9%A4%A8%20%E5%A3%B2%E5%BA%97%20%E6%84%9B%E5%AA%9B%E7%9C%8C%E6%9D%BE%E5%B1%B1%E5%B8%82%E9%81%93%E5%BE%8C%E6%B9%AF%E4%B9%8B%E7%94%BA5-6,1,
LOC_148,REG_027,노켄만토 다케우치 오카이도 지점(労研饅頭たけうち 大街道支店),기념품샵,마쓰야마 전통 찐빵인 노켄만토를 판매하는 오카이도 상점가의 전문점.,〒790-0004 愛媛県松山市大街道2丁目3-15,https://maps.google.com/maps?q=%E5%8A%B4%E7%A0%94%E9%A5%85%E9%A0%AD%E3%81%9F%E3%81%91%E3%81%86%E3%81%A1%20%E5%A4%A7%E8%A1%97%E9%81%93%E6%94%AF%E5%BA%97%20%E6%84%9B%E5%AA%9B%E7%9C%8C%E6%9D%BE%E5%B1%B1%E5%B8%82%E5%A4%A7%E8%A1%97%E9%81%932%E4%B8%81%E7%9B%AE3-15,1,
LOC_149,REG_027,도고 맥주관(道後麦酒館),기타,도고온천 근처에서 도고 맥주와 지역 안주를 함께 즐길 수 있는 수구치주조 직영 매장.,〒790-0842 愛媛県松山市道後湯之町20-13,https://maps.google.com/maps?q=%E9%81%93%E5%BE%8C%E9%BA%A6%E9%85%92%E9%A4%A8%20%E6%84%9B%E5%AA%9B%E7%9C%8C%E6%9D%BE%E5%B1%B1%E5%B8%82%E9%81%93%E5%BE%8C%E6%B9%AF%E4%B9%8B%E7%94%BA20-13,1,
LOC_150,REG_027,이오리 본점(伊織本店),기념품샵,도고상점가 안에 있는 타월 전문점으로 이요카스리 디자인 제품과 에히메 잡화를 취급한다.,〒790-0842 愛媛県松山市道後湯之町20-21,https://maps.google.com/maps?q=%E4%BC%8A%E7%B9%94%E6%9C%AC%E5%BA%97%20%E6%84%9B%E5%AA%9B%E7%9C%8C%E6%9D%BE%E5%B1%B1%E5%B8%82%E9%81%93%E5%BE%8C%E6%B9%AF%E4%B9%8B%E7%94%BA20-21,1,
LOC_151,REG_027,민예 이요카스리 회관(民芸伊予かすり会館),기념품샵,이요카스리와 남염 관련 전시·체험을 운영하며 지역 공예품과 감귤 가공품도 판매하는 시설.,〒791-8016 愛媛県松山市久万ノ台1200,https://maps.google.com/maps?q=%E6%B0%91%E8%8A%B8%E4%BC%8A%E4%BA%88%E3%81%8B%E3%81%99%E3%82%8A%E4%BC%9A%E9%A4%A8%20%E6%84%9B%E5%AA%9B%E7%9C%8C%E6%9D%BE%E5%B1%B1%E5%B8%82%E4%B9%85%E4%B8%87%E3%83%8E%E5%8F%B01200,1,
LOC_152,REG_027,텐팩토리 마쓰야마 본점(10FACTORY 松山本店),기념품샵,"에히메 감귤 주스와 젤리, 잼을 전문으로 판매하는 로프웨이거리 인근 매장.",〒790-0004 愛媛県松山市大街道3丁目2-25,https://maps.google.com/maps?q=10FACTORY+%E6%9D%BE%E5%B1%B1%E6%9C%AC%E5%BA%97+%E6%84%9B%E5%AA%9B%E7%9C%8C%E6%9D%BE%E5%B1%B1%E5%B8%82%E5%A4%A7%E8%A1%97%E9%81%933-2-25,1,
LOC_153,REG_027,하타다본포 요고점(畑田本舗 余戸店),기념품샵,하타다栗タルト와 도라야키 등 하타다 과자를 살 수 있는 마쓰야마 시내 매장.,〒790-0046 愛媛県松山市余戸西1丁目14-28,https://maps.google.com/maps?q=%E7%95%91%E7%94%B0%E6%9C%AC%E8%88%97+%E4%BD%99%E6%88%B8%E5%BA%97+%E6%84%9B%E5%AA%9B%E7%9C%8C%E6%9D%BE%E5%B1%B1%E5%B8%82%E4%BD%99%E6%88%B8%E8%A5%BF1-14-28,1,
LOC_154,REG_027,야마다야 만주 도고온천점(山田屋まんじゅう 道後温泉店),기념품샵,도고온천 인근의 야마다야 직영점으로 만주와 찻집을 함께 운영하는 매장.,〒790-0836 愛媛県松山市道後鷺谷町5-13,https://maps.google.com/maps?q=%E5%B1%B1%E7%94%B0%E5%B1%8B%E3%81%BE%E3%82%93%E3%81%98%E3%82%85%E3%81%86+%E9%81%93%E5%BE%8C%E6%B8%A9%E6%B3%89%E5%BA%97+%E6%84%9B%E5%AA%9B%E7%9C%8C%E6%9D%BE%E5%B1%B1%E5%B8%82%E9%81%93%E5%BE%8C%E9%B7%BA%E8%B0%B7%E7%94%BA5-13,1,
LOC_155,REG_027,모에무 도고유노마치점(母恵夢 道後湯之町店),기념품샵,도고상점가의 모에무 판매점으로 베이비 모에무와 세토우치 과자를 구입하기 좋다.,〒790-0842 愛媛県松山市道後湯之町14-27,https://maps.google.com/maps?q=%E6%AF%8D%E6%81%B5%E5%A4%A2+%E9%81%93%E5%BE%8C%E6%B9%AF%E4%B9%8B%E7%94%BA%E5%BA%97+%E6%84%9B%E5%AA%9B%E7%9C%8C%E6%9D%BE%E5%B1%B1%E5%B8%82%E9%81%93%E5%BE%8C%E6%B9%AF%E4%B9%8B%E7%94%BA14-27,1,
LOC_156,REG_028,미야자키 부겐빌리아 공항 산산시장(宮崎ブーゲンビリア空港 燦々市場),공항,"미야자키공항 2층의 대표 기념품 매장으로 과자, 향토식품, 레토르트 식품 등을 폭넓게 취급한다.",〒880-0912 宮崎県宮崎市赤江 宮崎空港内 2F,https://maps.google.com/maps?q=%E5%AE%AE%E5%B4%8E%E3%83%96%E3%83%BC%E3%82%B2%E3%83%B3%E3%83%93%E3%83%AA%E3%82%A2%E7%A9%BA%E6%B8%AF+%E7%87%A6%E3%80%85%E5%B8%82%E5%A0%B4+%E3%80%92880-0912+%E5%AE%AE%E5%B4%8E%E7%9C%8C%E5%AE%AE%E5%B4%8E%E5%B8%82%E8%B5%A4%E6%B1%9F+%E5%AE%AE%E5%B4%8E%E7%A9%BA%E6%B8%AF%E5%86%85+2F,1,
LOC_157,REG_028,오카시노히다카 본점(お菓子の日高 本店),기타,난자코라 다이후쿠와 치즈만주로 알려진 미야자키 지역 과자점의 본점이다.,〒880-0001 宮崎県宮崎市橘通西2丁目7-25,https://maps.google.com/maps?q=%E3%81%8A%E8%8F%93%E5%AD%90%E3%81%AE%E6%97%A5%E9%AB%98+%E6%9C%AC%E5%BA%97+%E5%AE%AE%E5%B4%8E%E7%9C%8C%E5%AE%AE%E5%B4%8E%E5%B8%82%E6%A9%98%E9%80%9A%E8%A5%BF2%E4%B8%81%E7%9B%AE7-25,1,
LOC_158,REG_029,섬의역 미야코 미야코공항점(島の駅みやこ 宮古空港店),공항,미야코공항 2층의 지역 특산품 매장으로 미야코지마 식품·과자·잡화를 구매하기 좋다.,〒906-0013 沖縄県宮古島市平良下里1657-128 宮古空港ターミナルビル2F,https://maps.google.com/maps?q=%E5%B3%B6%E3%81%AE%E9%A7%85%E3%81%BF%E3%82%84%E3%81%93+%E5%AE%AE%E5%8F%A4%E7%A9%BA%E6%B8%AF%E5%BA%97+%E5%AE%AE%E5%8F%A4%E5%B3%B6%E5%B8%82%E5%B9%B3%E8%89%AF%E4%B8%8B%E9%87%8C1657-128,1,
LOC_159,REG_029,유키시오 뮤지엄(雪塩ミュージアム),기념품샵,미야코지마 유키시오의 제조 과정을 볼 수 있고 관련 식품·생활용품을 살 수 있는 시설이다.,〒906-0002 沖縄県宮古島市平良狩俣191,https://maps.google.com/maps?q=%E9%9B%AA%E5%A1%A9%E3%83%9F%E3%83%A5%E3%83%BC%E3%82%B8%E3%82%A2%E3%83%A0+%E6%B2%96%E7%B8%84%E7%9C%8C%E5%AE%AE%E5%8F%A4%E5%B3%B6%E5%B8%82%E5%B9%B3%E8%89%AF%E7%8B%A9%E4%BF%A3191,1,
LOC_160,REG_029,공항매점 스나야마(空港売店 砂山),공항,미야코공항 출발 로비 2층의 매장으로 우즈마키빵 계열 지역 과자를 취급한다.,〒906-0013 沖縄県宮古島市平良下里1657-128 宮古空港ターミナルビル2F,https://maps.google.com/maps?q=%E7%A9%BA%E6%B8%AF%E5%A3%B2%E5%BA%97+%E7%A0%82%E5%B1%B1+%E5%AE%AE%E5%8F%A4%E7%A9%BA%E6%B8%AF,1,
LOC_161,REG_029,섬의역 미야코 본점(島の駅みやこ 本店),기념품샵,"미야코지마 식재료, 과자, 주류, 잡화가 모이는 대형 지역 물산 매장이다.",〒906-0015 沖縄県宮古島市平良久貝870-1,https://maps.google.com/maps?q=%E5%B3%B6%E3%81%AE%E9%A7%85%E3%81%BF%E3%82%84%E3%81%93+%E6%9C%AC%E5%BA%97+%E5%AE%AE%E5%8F%A4%E5%B3%B6%E5%B8%82%E5%B9%B3%E8%89%AF%E4%B9%85%E8%B2%9D870-1,1,
LOC_162,REG_029,다라가와 본사(多良川本社),기타,미야코지마의 대표 아와모리 양조장으로 다라가와·류큐왕조 계열 상품의 본거지이다.,〒906-0108 沖縄県宮古島市城辺砂川85,https://maps.google.com/maps?q=%E5%A4%9A%E8%89%AF%E5%B7%9D%E6%9C%AC%E7%A4%BE+%E6%B2%96%E7%B8%84%E7%9C%8C%E5%AE%AE%E5%8F%A4%E5%B3%B6%E5%B8%82%E5%9F%8E%E8%BE%BA%E7%A0%82%E5%B7%9D85,1,
LOC_163,REG_030,오미야게처 센다이 1호(おみやげ処せんだい1号),역,"JR 센다이역 2층의 대표 기념품 매장으로 우설, 즌다, 사사카마 등 미야기 선물을 폭넓게 취급한다.",〒980-0021 宮城県仙台市青葉区中央1-1-1 仙台駅中央改札 2F,https://maps.google.com/maps?q=%E3%81%8A%E3%81%BF%E3%82%84%E3%81%92%E5%87%A6%E3%81%9B%E3%82%93%E3%81%A0%E3%81%841%E5%8F%B7%20%E5%AE%AE%E5%9F%8E%E7%9C%8C%E4%BB%99%E5%8F%B0%E5%B8%82%E9%9D%92%E8%91%89%E5%8C%BA%E4%B8%AD%E5%A4%AE1-1-1%20%E4%BB%99%E5%8F%B0%E9%A7%85%E4%B8%AD%E5%A4%AE%E6%94%B9%E6%9C%AD%202F,1,
LOC_164,REG_030,즌다사료 센다이역 즌다코미치점(ずんだ茶寮 仙台駅ずんだ小径店),기념품샵,센다이역 3층 즌다코미치에 있는 즌다 전문점으로 즌다떡과 즌다 스위트를 구매할 수 있다.,〒980-0021 宮城県仙台市青葉区中央1-1-1 JR仙台駅3F,https://maps.google.com/maps?q=%E3%81%9A%E3%82%93%E3%81%A0%E8%8C%B6%E5%AF%AE%20%E4%BB%99%E5%8F%B0%E9%A7%85%E3%81%9A%E3%82%93%E3%81%A0%E5%B0%8F%E5%BE%84%E5%BA%97%20%E5%AE%AE%E5%9F%8E%E7%9C%8C%E4%BB%99%E5%8F%B0%E5%B8%82%E9%9D%92%E8%91%89%E5%8C%BA%E4%B8%AD%E5%A4%AE1-1-1%20JR%E4%BB%99%E5%8F%B0%E9%A7%853F,1,
LOC_165,REG_030,기쿠스이안 JR센다이역점(喜久水庵 JR仙台駅店),역,센다이역 2층에 위치한 오차노 이게타 계열 매장으로 기쿠후쿠와 차 과자를 구입하기 좋다.,〒980-0021 宮城県仙台市青葉区中央1-1-1 JR仙台駅構内2F,https://maps.google.com/maps?q=%E5%96%9C%E4%B9%85%E6%B0%B4%E5%BA%B5%20JR%E4%BB%99%E5%8F%B0%E9%A7%85%E5%BA%97%20%E5%AE%AE%E5%9F%8E%E7%9C%8C%E4%BB%99%E5%8F%B0%E5%B8%82%E9%9D%92%E8%91%89%E5%8C%BA%E4%B8%AD%E5%A4%AE1-1-1%20JR%E4%BB%99%E5%8F%B0%E9%A7%85%E6%A7%8B%E5%86%852F,1,
LOC_166,REG_030,고다마노 도라야키 에스팔 센다이점(こだまのどら焼 エスパル仙台店),백화점,S-PAL 센다이 지하 1층에 있는 도라야키 전문점으로 떡入り 도라야키와 생도라를 판매한다.,〒980-0021 宮城県仙台市青葉区中央1-1-1 エスパル仙台店 B1F,https://maps.google.com/maps?q=%E3%81%93%E3%81%A0%E3%81%BE%E3%81%AE%E3%81%A9%E3%82%89%E7%84%BC%20%E3%82%A8%E3%82%B9%E3%83%91%E3%83%AB%E4%BB%99%E5%8F%B0%E5%BA%97%20%E5%AE%AE%E5%9F%8E%E7%9C%8C%E4%BB%99%E5%8F%B0%E5%B8%82%E9%9D%92%E8%91%89%E5%8C%BA%E4%B8%AD%E5%A4%AE1-1-1%20%E3%82%A8%E3%82%B9%E3%83%91%E3%83%AB%E4%BB%99%E5%8F%B0%E5%BA%97%20B1F,1,
LOC_167,REG_030,아베카마보코점 센다이역 2층 서쪽(阿部蒲鉾店 仙台駅2F西側),역,센다이역 2층 서쪽의 아베카마보코 매장으로 사사카마보코와 치즈볼 계열 상품을 살 수 있다.,〒980-0021 宮城県仙台市青葉区中央 JR仙台駅2F西側,https://maps.google.com/maps?q=%E9%98%BF%E9%83%A8%E8%92%B2%E9%89%BE%E5%BA%97%20%E4%BB%99%E5%8F%B0%E9%A7%852F%E8%A5%BF%E5%81%B4%20%E5%AE%AE%E5%9F%8E%E7%9C%8C%E4%BB%99%E5%8F%B0%E5%B8%82%E9%9D%92%E8%91%89%E5%8C%BA%E4%B8%AD%E5%A4%AE%20JR%E4%BB%99%E5%8F%B0%E9%A7%852F%E8%A5%BF%E5%81%B4,1,
LOC_168,REG_030,이다테노 규탄 혼포 본점(伊達の牛たん本舗 本店),기타,센다이역 앞 본점으로 레스토랑과 매장이 함께 있어 냉동 우설과 레토르트 상품 구매가 가능하다.,〒980-0014 宮城県仙台市青葉区本町1丁目1-1 アジュール仙台地下1階,https://maps.google.com/maps?q=%E4%BC%8A%E9%81%94%E3%81%AE%E7%89%9B%E3%81%9F%E3%82%93%E6%9C%AC%E8%88%97%20%E6%9C%AC%E5%BA%97%20%E5%AE%AE%E5%9F%8E%E7%9C%8C%E4%BB%99%E5%8F%B0%E5%B8%82%E9%9D%92%E8%91%89%E5%8C%BA%E6%9C%AC%E7%94%BA1%E4%B8%81%E7%9B%AE1-1%20%E3%82%A2%E3%82%B8%E3%83%A5%E3%83%BC%E3%83%AB%E4%BB%99%E5%8F%B0%E5%9C%B0%E4%B8%8B1%E9%9A%8E,1,
LOC_169,REG_030,구주혼포 다마자와 본점(九重本舗玉澤 本店),기념품샵,센다이의 노포 화과자점 본점으로 겨울 한정 과자와 전통 화과자를 구매할 수 있다.,〒980-0804 宮城県仙台市青葉区大町2丁目3-18,https://maps.google.com/maps?q=%E4%B9%9D%E9%87%8D%E6%9C%AC%E8%88%97%E7%8E%89%E6%BE%A4%20%E6%9C%AC%E5%BA%97%20%E5%AE%AE%E5%9F%8E%E7%9C%8C%E4%BB%99%E5%8F%B0%E5%B8%82%E9%9D%92%E8%91%89%E5%8C%BA%E5%A4%A7%E7%94%BA2%E4%B8%81%E7%9B%AE3-18,1,
LOC_170,REG_030,백송가모나카본포 에스팔 센다이점(白松がモナカ本舗 仙台エスパル店),역,센다이역 직결 에스팔 지하의 화과자 매장으로 백송 모나카와 양갱을 구매하기 좋다.,〒980-0021 宮城県仙台市青葉区中央1丁目1-1 エスパル仙台店 B1F,https://maps.google.com/maps?q=%E7%99%BD%E6%9D%BE%E3%81%8C%E3%83%A2%E3%83%8A%E3%82%AB%E6%9C%AC%E8%88%97+%E4%BB%99%E5%8F%B0%E3%82%A8%E3%82%B9%E3%83%91%E3%83%AB%E5%BA%97,1,
LOC_171,REG_030,후지사키 본관(藤崎 本館),백화점,센다이 이치반초의 지역 백화점으로 센다이 명과와 미야기 특산품 선물 코너를 이용하기 좋다.,〒980-8652 宮城県仙台市青葉区一番町3丁目2-17,https://maps.google.com/maps?q=%E8%97%A4%E5%B4%8E+%E6%9C%AC%E9%A4%A8+%E4%BB%99%E5%8F%B0,1,
LOC_172,REG_030,규탄 숯불구이 리큐 센다이역점(牛たん炭焼 利久 仙台駅店),역,센다이역 3층 우설 거리의 리큐 매장으로 식사와 함께 우설 관련 상품을 확인하기 좋다.,〒980-0021 宮城県仙台市青葉区中央1-1-1 仙台駅3F牛たん通り,https://maps.google.com/maps?q=%E7%89%9B%E3%81%9F%E3%82%93%E7%82%AD%E7%84%BC+%E5%88%A9%E4%B9%85+%E4%BB%99%E5%8F%B0%E9%A7%85%E5%BA%97,1,
LOC_173,REG_030,가마보코노 가네자키 사사카마관(かまぼこの鐘崎 笹かま館),기타,가네자키의 사사카마보코 체험·판매 시설로 어묵류 선물과 지역 식품을 구입할 수 있다.,〒984-0001 宮城県仙台市若林区鶴代町6-65,https://maps.google.com/maps?q=%E3%81%8B%E3%81%BE%E3%81%BC%E3%81%93%E3%81%AE%E9%90%98%E5%B4%8E+%E7%AC%B9%E3%81%8B%E3%81%BE%E9%A4%A8,1,
LOC_174,REG_030,코케시노 시마누키 본점(こけしのしまぬき 本店),기념품샵,"센다이 이치반초의 노포 민예품점으로 코케시, 다루마, 다마무시누리 등 동북 공예품을 취급한다.",〒980-0811 宮城県仙台市青葉区一番町3丁目1-17 しまぬきビル1F,https://maps.google.com/maps?q=%E3%81%93%E3%81%91%E3%81%97%E3%81%AE%E3%81%97%E3%81%BE%E3%81%AC%E3%81%8D+%E6%9C%AC%E5%BA%97+%E4%BB%99%E5%8F%B0,1,
LOC_175,REG_031,쓰보야 기바나노모리(壺屋 き花の杜),기념품샵,아사히카와 대표 과자 기바나를 만드는 쓰보야의 매장 겸 카페형 시설이다.,〒078-8316 北海道旭川市南6条通19丁目,https://maps.google.com/maps?q=%E5%A3%BA%E5%B1%8B%20%E3%81%8D%E8%8A%B1%E3%81%AE%E6%9D%9C%20%E3%80%92078-8316%20%E5%8C%97%E6%B5%B7%E9%81%93%E6%97%AD%E5%B7%9D%E5%B8%82%E5%8D%976%E6%9D%A1%E9%80%9A19%E4%B8%81%E7%9B%AE,1,
LOC_176,REG_031,더 선 구로도 본점(The Sun 蔵人 本店),기념품샵,아사히카와의 로바과자사 계열 브랜드 매장으로 구라나마와 구라마루 등을 판매한다.,〒078-8318 北海道旭川市神楽岡8条1丁目,https://maps.google.com/maps?q=The%20Sun%20%E8%94%B5%E4%BA%BA%20%E6%9C%AC%E5%BA%97%20%E3%80%92078-8318%20%E5%8C%97%E6%B5%B7%E9%81%93%E6%97%AD%E5%B7%9D%E5%B8%82%E7%A5%9E%E6%A5%BD%E5%B2%A18%E6%9D%A11%E4%B8%81%E7%9B%AE,1,
LOC_177,REG_031,아사히콩 총본포 교세이제과(旭豆総本舗 共成製菓),기념품샵,아사히카와 전통 콩과자 아사히콩을 제조·판매하는 지역 제과점이다.,〒070-0034 北海道旭川市4条通13丁目右1号,https://maps.google.com/maps?q=%E5%85%B1%E6%88%90%E8%A3%BD%E8%8F%93%20%E3%80%92070-0034%20%E5%8C%97%E6%B5%B7%E9%81%93%E6%97%AD%E5%B7%9D%E5%B8%824%E6%9D%A1%E9%80%9A13%E4%B8%81%E7%9B%AE%E5%8F%B31%E5%8F%B7,1,
LOC_178,REG_031,다카사고주조 메이지주조장(高砂酒造 明治酒蔵),기타,아사히카와 지주 고쿠시무소와 다이세쓰를 만드는 주조장의 견학·판매 거점이다.,〒070-0030 北海道旭川市宮下通17丁目右1号,https://maps.google.com/maps?q=%E9%AB%98%E7%A0%82%E9%85%92%E9%80%A0%20%E6%98%8E%E6%B2%BB%E9%85%92%E8%94%B5%20%E3%80%92070-0030%20%E5%8C%97%E6%B5%B7%E9%81%93%E6%97%AD%E5%B7%9D%E5%B8%82%E5%AE%AE%E4%B8%8B%E9%80%9A17%E4%B8%81%E7%9B%AE%E5%8F%B31%E5%8F%B7,1,
LOC_179,REG_031,토미야 향토민예 본점(トミヤ郷土民芸 本店),기념품샵,아사히카와의 민예품·동물원 굿즈·목공예품을 취급하는 기념품점이다.,〒070-0043 北海道旭川市常盤通1丁目,https://maps.google.com/maps?q=%E3%83%88%E3%83%9F%E3%83%A4%E9%83%B7%E5%9C%9F%E6%B0%91%E8%8A%B8%20%E3%80%92070-0043%20%E5%8C%97%E6%B5%B7%E9%81%93%E6%97%AD%E5%B7%9D%E5%B8%82%E5%B8%B8%E7%9B%A4%E9%80%9A1%E4%B8%81%E7%9B%AE,1,
LOC_180,REG_031,아사히카와 관광물산정보센터(旭川観光物産情報センター),역,JR 아사히카와역 내에서 지역 특산품과 관광 정보를 함께 접할 수 있는 물산 거점이다.,〒070-0030 北海道旭川市宮下通8丁目3-1 JR旭川駅東コンコース,https://maps.google.com/maps?q=%E6%97%AD%E5%B7%9D%E8%A6%B3%E5%85%89%E7%89%A9%E7%94%A3%E6%83%85%E5%A0%B1%E3%82%BB%E3%83%B3%E3%82%BF%E3%83%BC%20JR%E6%97%AD%E5%B7%9D%E9%A7%85%E6%9D%B1%E3%82%B3%E3%83%B3%E3%82%B3%E3%83%BC%E3%82%B9,1,
LOC_181,REG_031,사사키공예 쇼룸(SASAKI KOGEI ショールーム),기념품샵,아사히카와 목공예 제품을 직접 확인할 수 있는 사사키공예의 쇼룸이다.,〒071-1424 北海道上川郡東川町南町4丁目2-16,https://maps.google.com/maps?q=SASAKI%20KOGEI%20%E3%82%B7%E3%83%A7%E3%83%BC%E3%83%AB%E3%83%BC%E3%83%A0%20%E3%80%92071-1424%20%E5%8C%97%E6%B5%B7%E9%81%93%E4%B8%8A%E5%B7%9D%E9%83%A1%E6%9D%B1%E5%B7%9D%E7%94%BA%E5%8D%97%E7%94%BA4%E4%B8%81%E7%9B%AE2-16,1,
LOC_182,REG_031,바이코켄 아사히카와 본점(梅光軒 旭川本店),기타,아사히카와 라멘 브랜드 바이코켄의 본점으로 라멘 관련 상품의 대표 구매 거점이다.,〒070-0032 北海道旭川市2条通8丁目 ピアザビルB1F,https://maps.google.com/maps?q=%E6%A2%85%E5%85%89%E8%BB%92%20%E6%97%AD%E5%B7%9D%E6%9C%AC%E5%BA%97%20%E3%80%92070-0032%20%E5%8C%97%E6%B5%B7%E9%81%93%E6%97%AD%E5%B7%9D%E5%B8%822%E6%9D%A1%E9%80%9A8%E4%B8%81%E7%9B%AE%20%E3%83%94%E3%82%A2%E3%82%B6%E3%83%93%E3%83%ABB1F,1,
LOC_183,REG_031,오토코야마 주조자료관(男山 酒造り資料館),기타,아사히카와의 오토코야마 술 문화를 소개하고 관련 상품을 판매하는 주조 자료관이다.,〒079-8412 北海道旭川市永山2条7丁目1-33,https://maps.google.com/maps?q=%E7%94%B7%E5%B1%B1%20%E9%85%92%E9%80%A0%E3%82%8A%E8%B3%87%E6%96%99%E9%A4%A8%20%E3%80%92079-8412%20%E5%8C%97%E6%B5%B7%E9%81%93%E6%97%AD%E5%B7%9D%E5%B8%82%E6%B0%B8%E5%B1%B12%E6%9D%A17%E4%B8%81%E7%9B%AE1-33,1,
LOC_184,REG_004,그랜드 키오스크 시즈오카(ASTY静岡 グランドキヨスク静岡),역,JR 시즈오카역 구내의 대형 기념품 매장으로 시즈오카 과자·차·가공식품을 폭넓게 취급한다.,〒420-0851 静岡県静岡市葵区黒金町47 ASTY静岡,https://maps.google.com/maps?q=ASTY%E9%9D%99%E5%B2%A1%20%E3%82%B0%E3%83%A9%E3%83%B3%E3%83%89%E3%82%AD%E3%83%A8%E3%82%B9%E3%82%AF%E9%9D%99%E5%B2%A1,1,
LOC_185,REG_004,후지산 시즈오카공항 매점(富士山静岡空港 売店),공항,"시즈오카 공항 내에서 현지 과자와 차, 가공식품을 구매할 수 있는 관광객용 판매 거점이다.",〒421-0411 静岡県牧之原市坂口3336-4 富士山静岡空港,https://maps.google.com/maps?q=%E5%AF%8C%E5%A3%AB%E5%B1%B1%E9%9D%99%E5%B2%A1%E7%A9%BA%E6%B8%AF%20%E5%A3%B2%E5%BA%97,1,
LOC_186,REG_004,우나기파이 팩토리 매점(うなぎパイファクトリー 売店),기념품샵,하마마쓰 명물 우나기파이의 공장 견학 시설 내 매점으로 춘화당 제품을 직접 구매할 수 있다.,〒432-8006 静岡県浜松市中央区大久保町748-51,https://maps.google.com/maps?q=%E3%81%86%E3%81%AA%E3%81%8E%E3%83%91%E3%82%A4%E3%83%95%E3%82%A1%E3%82%AF%E3%83%88%E3%83%AA%E3%83%BC%20%E5%A3%B2%E5%BA%97,1,
LOC_187,REG_004,다마루야 본점(田丸屋本店),기념품샵,시즈오카 와사비 절임으로 유명한 다마루야의 본점으로 와사비 가공품을 전문적으로 판매한다.,〒420-0852 静岡県静岡市葵区紺屋町6-7,https://maps.google.com/maps?q=%E7%94%B0%E4%B8%B8%E5%B1%8B%E6%9C%AC%E5%BA%97%20%E9%9D%99%E5%B2%A1%E5%B8%82%E8%91%B5%E5%8C%BA%E7%B4%BA%E5%B1%8B%E7%94%BA6-7,1,
LOC_188,REG_004,타고노츠키 이마이즈미 본점(田子の月 今泉本店),기념품샵,후지산 모티프 화과자로 알려진 타고노츠키의 본점으로 대표 과자류를 구매할 수 있다.,〒417-0001 静岡県富士市今泉380-1,https://maps.google.com/maps?q=%E7%94%B0%E5%AD%90%E3%81%AE%E6%9C%88%20%E4%BB%8A%E6%B3%89%E6%9C%AC%E5%BA%97,1,
LOC_189,REG_004,마루타야 양과자점 간다 본점(まるたや洋菓子店 神田本店),기념품샵,하마마쓰의 로컬 양과자점 본점으로 아게시오와 치즈박스 등 대표 제품을 판매한다.,〒432-8047 静岡県浜松市中央区神田町367,https://maps.google.com/maps?q=%E3%81%BE%E3%82%8B%E3%81%9F%E3%82%84%E6%B4%8B%E8%8F%93%E5%AD%90%E5%BA%97%20%E7%A5%9E%E7%94%B0%E6%9C%AC%E5%BA%97,1,
LOC_190,REG_004,이즈 무라노에키(伊豆・村の駅),기념품샵,미시마의 로컬 푸드 마켓으로 사쿠라에비·시라스 과자와 이즈 식품 기념품을 취급한다.,〒411-0815 静岡県三島市安久322-1,https://maps.google.com/maps?q=%E4%BC%8A%E8%B1%86%E3%83%BB%E6%9D%91%E3%81%AE%E9%A7%85%20%E4%B8%89%E5%B3%B6,1,
LOC_191,REG_004,스루가 라쿠이치(駿府楽市),기념품샵,JR 시즈오카역 아스티 내에 있는 전통공예·특산품 판매 공간으로 지역 선물을 고르기 좋다.,〒420-0851 静岡県静岡市葵区黒金町47 ASTY静岡西館,https://maps.google.com/maps?q=%E9%A7%BF%E5%BA%9C%E6%A5%BD%E5%B8%82%20ASTY%E9%9D%99%E5%B2%A1,1,
LOC_192,REG_004,나나야 시즈오카점(ななや 静岡店),기념품샵,시즈오카 말차 초콜릿과 차 스위츠를 판매하는 나나야의 시즈오카 시내 매장.,〒420-0031 静岡県静岡市葵区呉服町2-5-12,https://maps.google.com/maps?q=%E3%81%AA%E3%81%AA%E3%82%84+%E9%9D%99%E5%B2%A1%E5%BA%97+%E9%9D%99%E5%B2%A1%E5%B8%82%E8%91%B5%E5%8C%BA%E5%91%89%E6%9C%8D%E7%94%BA2-5-12,1,
LOC_193,REG_004,야마다이치 파르셰점(やまだいち パルシェ店),역,JR 시즈오카역 파르셰 식채관 내에서 야마다이치의 안베카와 모치를 판매하는 매장.,〒420-0851 静岡県静岡市葵区黒金町49 パルシェ食彩館,https://maps.google.com/maps?q=%E3%82%84%E3%81%BE%E3%81%A0%E3%81%84%E3%81%A1+%E3%83%91%E3%83%AB%E3%82%B7%E3%82%A7%E5%BA%97,1,
LOC_194,REG_004,카쿠젠 쿠와나야 온라인/본사(カクゼン桑名屋),기념품샵,시즈오카 명과 8의 자를 제조·판매하는 카쿠젠 쿠와나야의 판매 거점.,〒422-8058 静岡県静岡市駿河区中原713,https://maps.google.com/maps?q=%E3%82%AB%E3%82%AF%E3%82%BC%E3%83%B3%E6%A1%91%E5%90%8D%E5%B1%8B+%E9%9D%99%E5%B2%A1%E5%B8%82%E9%A7%BF%E6%B2%B3%E5%8C%BA%E4%B8%AD%E5%8E%9F713,1,
LOC_195,REG_004,타코만 시즈오카 본점(たこまん 静岡本店),기념품샵,원슈 지역 과자 브랜드 타코만의 시즈오카 시내 매장으로 대사구 등 지역 과자를 취급한다.,〒424-0847 静岡県静岡市清水区大坪2-4-1,https://maps.google.com/maps?q=%E3%81%9F%E3%81%93%E3%81%BE%E3%82%93+%E9%9D%99%E5%B2%A1%E6%9C%AC%E5%BA%97+%E5%A4%A7%E5%9D%AA2-4-1,1,
LOC_196,REG_004,누쿠모리 공방 하마마쓰 본점(ぬくもり工房 浜松本店),기념품샵,하마마쓰 전통 직물인 엔슈 면츠무기 잡화를 판매하는 공방형 매장.,〒浜松市周辺,https://maps.google.com/maps?q=%E3%81%AC%E3%81%8F%E3%82%82%E3%82%8A%E5%B7%A5%E6%88%BF+%E6%B5%9C%E6%9D%BE%E6%9C%AC%E5%BA%97,1,
LOC_197,REG_004,야이즈 마르쉐(やいづマルシェ),기념품샵,야이즈 지역 수산가공품과 사쿠라에비 과자 등을 판매하는 온라인·지역 특산품 판매처.,静岡県焼津市,https://maps.google.com/maps?q=%E3%82%84%E3%81%84%E3%81%A5%E3%83%9E%E3%83%AB%E3%82%B7%E3%82%A7,1,
LOC_198,REG_005,오카시노 고바이 하쿠잔 본점(お菓子の香梅 白山本店),기타,오카시노 고바이의 구마모토 시내 본점으로 진다이코와 무샤가에시 등 대표 화과자를 판매한다.,〒862-0959 熊本県熊本市中央区白山1丁目6-31,https://maps.google.com/maps?q=%E3%81%8A%E8%8F%93%E5%AD%90%E3%81%AE%E9%A6%99%E6%A2%85+%E7%99%BD%E5%B1%B1%E6%9C%AC%E5%BA%97+%E3%80%92862-0959+%E7%86%8A%E6%9C%AC%E7%9C%8C%E7%86%8A%E6%9C%AC%E5%B8%82%E4%B8%AD%E5%A4%AE%E5%8C%BA%E7%99%BD%E5%B1%B11-6-31,1,
LOC_199,REG_032,교토역 하치조구치 기념품 매장(京都駅八条口お土産売場),역,교토역 내 관광객 동선에 있는 기념품 매장권으로 과자와 교토 한정 상품을 폭넓게 구매할 수 있다.,京都府京都市下京区東塩小路高倉町8-3,https://maps.google.com/maps?q=%E4%BA%AC%E9%83%BD%E9%A7%85+%E5%85%AB%E6%9D%A1%E5%8F%A3+%E3%81%8A%E5%9C%9F%E7%94%A3,1,
LOC_200,REG_032,교토타워 산도(京都タワーサンド),기념품샵,교토역 앞 복합 상업시설로 교토 과자와 잡화 브랜드 매장이 모여 있다.,〒600-8216 京都府京都市下京区東塩小路町721-1 京都タワービル,https://maps.google.com/maps?q=%E4%BA%AC%E9%83%BD%E3%82%BF%E3%83%AF%E3%83%BC%E3%82%B5%E3%83%B3%E3%83%89,1,
LOC_201,REG_032,제이알 교토 이세탄(JR京都伊勢丹),백화점,교토역과 연결된 백화점으로 지하 식품관과 화과자 매장에서 교토 명과를 구매하기 좋다.,〒600-8555 京都府京都市下京区烏丸通塩小路下ル東塩小路町,https://maps.google.com/maps?q=JR%E4%BA%AC%E9%83%BD%E4%BC%8A%E5%8B%A2%E4%B8%B9,1,
LOC_202,REG_032,교쓰케모노 니시리 기온점(京つけもの西利 祇園店),기념품샵,니시리의 교토 절임류를 직접 고를 수 있는 기온 지역 매장이다.,〒605-0074 京都府京都市東山区祇園町南側578,https://maps.google.com/maps?q=%E4%BA%AC%E3%81%A4%E3%81%91%E3%82%82%E3%81%AE%E8%A5%BF%E5%88%A9+%E7%A5%87%E5%9C%92%E5%BA%97,1,
LOC_203,REG_032,요지야 기온본점(よーじや 祇園本店),기타,요지야의 화장 잡화와 스킨케어 상품을 구매할 수 있는 대표 매장이다.,〒605-0073 京都府京都市東山区祇園町北側270-11,https://maps.google.com/maps?q=%E3%82%88%E3%83%BC%E3%81%98%E3%82%84+%E7%A5%87%E5%9C%92%E6%9C%AC%E5%BA%97,1,
LOC_204,REG_032,쇼에이도 교토본점(松栄堂 京都本店),기타,교토 향 전문점의 본점으로 인센스와 향 관련 소품을 구입할 수 있다.,〒604-0857 京都府京都市中京区烏丸通二条上ル東側,https://maps.google.com/maps?q=%E6%9D%BE%E6%A0%84%E5%A0%82+%E4%BA%AC%E9%83%BD%E6%9C%AC%E5%BA%97,1,
LOC_205,REG_032,소우소우 타비(SOU・SOU 足袋),기타,교토 디자인 브랜드 SOU・SOU의 신발·양말류 전문 매장이다.,京都府京都市中京区新京極通四条上ル中之町583-6,https://maps.google.com/maps?q=SOU%E3%83%BBSOU+%E8%B6%B3%E8%A2%8B,1,
LOC_206,REG_032,아이바(阿以波),기타,원禄 시대부터 이어진 교토 전통 부채 전문점이다.,〒604-8111 京都府京都市中京区三条通柳馬場東入中之町20,https://maps.google.com/maps?q=%E4%BA%AC%E3%81%86%E3%81%A1%E3%82%8F+%E9%98%BF%E4%BB%A5%E6%B3%A2,1,
LOC_207,REG_032,잇포도차호 교토본점(一保堂茶舗 京都本店),기타,1717년 창업한 교토 일본차 전문점의 본점이다.,〒604-0915 京都府京都市中京区寺町通二条上ル常盤木町52,https://maps.google.com/maps?q=%E4%B8%80%E4%BF%9D%E5%A0%82%E8%8C%B6%E8%88%97+%E4%BA%AC%E9%83%BD%E6%9C%AC%E5%BA%97,1,
LOC_208,REG_032,하라료카쿠 본점(原了郭 本店),기타,기온에서 흑칠미와 향신료를 판매하는 노포 매장이다.,〒605-0074 京都府京都市東山区祇園町南側573,https://maps.google.com/maps?q=%E5%8E%9F%E4%BA%86%E9%83%AD+%E6%9C%AC%E5%BA%97,1,
LOC_209,REG_032,시치미야혼포 본점(七味家本舗 本店),기념품샵,기요미즈데라 참도에 있는 칠미 전문 노포 매장이다.,〒605-0862 京都府京都市東山区清水2丁目221,https://maps.google.com/maps?q=%E4%B8%83%E5%91%B3%E5%AE%B6%E6%9C%AC%E8%88%97+%E6%9C%AC%E5%BA%97,1,
LOC_210,REG_032,에이라쿠야 시조점(永楽屋 四条店),기타,교토 노포 손수건·풍로시키 브랜드의 중심 매장 중 하나다.,〒600-8004 京都府京都市下京区四条通寺町東入御旅町34,https://maps.google.com/maps?q=%E6%B0%B8%E6%A5%BD%E5%B1%8B+%E5%9B%9B%E6%9D%A1%E5%BA%97,1,
LOC_211,REG_032,오차노코사이사이 산넨자카 본점(おちゃのこさいさい 産寧坂本店),기념품샵,교토식 매운 조미료와 향신료 상품을 판매하는 산넨자카 매장이다.,〒605-0862 京都府京都市東山区清水3丁目316-4,https://maps.google.com/maps?q=%E3%81%8A%E3%81%A1%E3%82%83%E3%81%AE%E3%81%93%E3%81%95%E3%81%84%E3%81%95%E3%81%84+%E7%94%A3%E5%AF%A7%E5%9D%82%E6%9C%AC%E5%BA%97,1,
LOC_212,REG_032,다치키치 교토 시조 본점(たち吉 京都四条本店),기타,교토 식기 브랜드 다치키치의 본점으로 교야키·기요미즈야키 계열 식기를 취급한다.,〒600-8004 京都府京都市下京区四条通富小路角,https://maps.google.com/maps?q=%E3%81%9F%E3%81%A1%E5%90%89+%E4%BA%AC%E9%83%BD%E5%9B%9B%E6%9D%A1%E6%9C%AC%E5%BA%97,1,
LOC_213,REG_032,쓰루야요시노부 본점(鶴屋吉信 本店),기타,1803년 창업한 교토 니시진의 교토 화과자 노포 본점이다.,〒602-8434 京都府京都市上京区今出川通堀川西入西船橋町340,https://maps.google.com/maps?q=%E9%B6%B4%E5%B1%8B%E5%90%89%E4%BF%A1%20%E6%9C%AC%E5%BA%97%20%E4%BA%AC%E9%83%BD%E5%BA%9C%E4%BA%AC%E9%83%BD%E5%B8%82%E4%B8%8A%E4%BA%AC%E5%8C%BA%E4%BB%8A%E5%87%BA%E5%B7%9D%E9%80%9A%E5%A0%80%E5%B7%9D%E8%A5%BF%E5%85%A5%E8%A5%BF%E8%88%B9%E6%A9%8B%E7%94%BA340,1,
LOC_214,REG_032,사사야이오리 본점(笹屋伊織 本店),기타,도라야키와 교토 화과자를 판매하는 시치조오미야의 노포 매장이다.,〒600-8831 京都府京都市下京区七条通大宮西入花畑町86,https://maps.google.com/maps?q=%E7%AC%B9%E5%B1%8B%E4%BC%8A%E7%B9%94%20%E6%9C%AC%E5%BA%97%20%E4%BA%AC%E9%83%BD%E5%B8%82%E4%B8%8B%E4%BA%AC%E5%8C%BA%E4%B8%83%E6%9D%A1%E9%80%9A%E5%A4%A7%E5%AE%AE%E8%A5%BF%E5%85%A5%E8%8A%B1%E7%95%91%E7%94%BA86,1,
LOC_215,REG_032,에이라쿠야 본점(永楽屋 本店),기타,교토식 조림 반찬과 화과자를 함께 취급하는 시조가와라마치 부근의 노포 본점이다.,〒604-8026 京都府京都市中京区河原町通四条上る東側,https://maps.google.com/maps?q=%E6%B0%B8%E6%A5%BD%E5%B1%8B%20%E6%9C%AC%E5%BA%97%20%E4%BA%AC%E9%83%BD%20%E6%B2%B3%E5%8E%9F%E7%94%BA%E5%9B%9B%E6%9D%A1,1,
LOC_216,REG_032,한베에후 본점(半兵衛麸 本店),기타,교토의 생麩와 유바를 판매하는 고조 지역의 전통 식품점이다.,〒605-0903 京都府京都市東山区問屋町通五条下る上人町433,https://maps.google.com/maps?q=%E5%8D%8A%E5%85%B5%E8%A1%9B%E9%BA%B8%20%E6%9C%AC%E5%BA%97%20%E4%BA%AC%E9%83%BD%E5%B8%82%E6%9D%B1%E5%B1%B1%E5%8C%BA%E5%95%8F%E5%B1%8B%E7%94%BA%E9%80%9A%E4%BA%94%E6%9D%A1%E4%B8%8B%E3%82%8B%E4%B8%8A%E4%BA%BA%E7%94%BA433,1,
LOC_217,REG_032,본가 니시오 야쓰하시 본점(本家西尾八ッ橋 本店),기념품샵,생야쓰하시와 구운 야쓰하시를 취급하는 교토 야쓰하시 노포 본점이다.,〒606-8391 京都府京都市左京区聖護院西町7,https://maps.google.com/maps?q=%E6%9C%AC%E5%AE%B6%E8%A5%BF%E5%B0%BE%E5%85%AB%E3%83%83%E6%A9%8B%20%E6%9C%AC%E5%BA%97%20%E4%BA%AC%E9%83%BD%E5%B8%82%E5%B7%A6%E4%BA%AC%E5%8C%BA%E8%81%96%E8%AD%B7%E9%99%A2%E8%A5%BF%E7%94%BA7,1,
LOC_218,REG_032,가메야키요나가 본점(亀屋清永 本店),기타,기온 이시단시타에 있는 교토 전통 화과자 노포 매장이다.,〒605-0074 京都府京都市東山区祇園町南側534,https://maps.google.com/maps?q=%E4%BA%80%E5%B1%8B%E6%B8%85%E6%B0%B8%20%E6%9C%AC%E5%BA%97%20%E4%BA%AC%E9%83%BD%E5%B8%82%E6%9D%B1%E5%B1%B1%E5%8C%BA%E7%A5%87%E5%9C%92%E7%94%BA%E5%8D%97%E5%81%B4534,1,
LOC_219,REG_032,료쿠주안 시미즈 본점(緑寿庵清水 本店),기타,교토의 금평당 전문점으로 계절 한정 금평당을 판매하는 본점이다.,〒606-8301 京都府京都市左京区吉田泉殿町38-2,https://maps.google.com/maps?q=%E7%B7%91%E5%AF%BF%E5%BA%B5%E6%B8%85%E6%B0%B4%20%E6%9C%AC%E5%BA%97%20%E4%BA%AC%E9%83%BD%E5%B8%82%E5%B7%A6%E4%BA%AC%E5%8C%BA%E5%90%89%E7%94%B0%E6%B3%89%E6%AE%BF%E7%94%BA38-2,1,
LOC_220,REG_032,무라야마조스 본사 매장(村山造酢 本社),기타,교토 히가시야마에서 전통 식초 千鳥酢를 만드는 제조사 본사다.,〒605-0904 京都府京都市東山区大黒町通松原下る北御門町,https://maps.google.com/maps?q=%E6%9D%91%E5%B1%B1%E9%80%A0%E9%85%A2%20%E4%BA%AC%E9%83%BD%E5%B8%82%E6%9D%B1%E5%B1%B1%E5%8C%BA,1,
LOC_221,REG_032,가메야요시나가 본점(亀屋良長 本店),기타,사메가이 물로 만든 교토 화과자를 판매하는 시조사메가이의 노포 본점이다.,〒600-8498 京都府京都市下京区四条通油小路西入柏屋町17-19,https://maps.google.com/maps?q=%E4%BA%80%E5%B1%8B%E8%89%AF%E9%95%B7%20%E6%9C%AC%E5%BA%97%20%E4%BA%AC%E9%83%BD%E5%B8%82%E4%B8%8B%E4%BA%AC%E5%8C%BA%E6%9F%8F%E5%B1%8B%E7%94%BA17-19,1,
LOC_222,REG_032,규쿄도 교토 테라마치 본점(鳩居堂 京都寺町本店),기타,"향과 서화용품, 편지지류를 취급하는 교토 테라마치의 전통 상점이다.",〒604-8091 京都府京都市中京区寺町通姉小路上る下本能寺前町520,https://maps.google.com/maps?q=%E9%B3%A9%E5%B1%85%E5%A0%82%20%E4%BA%AC%E9%83%BD%E5%AF%BA%E7%94%BA%E6%9C%AC%E5%BA%97,1,
LOC_223,REG_032,안다넨주텐 교토본점(安田念珠店 京都本店),기타,교토 장인이 만든 염주와 염주 팔찌를 취급하는 전문점이다.,〒604-8081 京都府京都市中京区寺町通三条上ル天性寺前町,https://maps.google.com/maps?q=%E5%AE%89%E7%94%B0%E5%BF%B5%E7%8F%A0%E5%BA%97%20%E4%BA%AC%E9%83%BD%E6%9C%AC%E5%BA%97,1,
LOC_224,REG_032,이치하라헤이베에상점(市原平兵衛商店),기타,1764년 창업한 교토 젓가락 전문점으로 다양한 식사용 젓가락을 판매한다.,〒600-8071 京都府京都市下京区堺町通四条下る小石町118-1,https://maps.google.com/maps?q=%E5%B8%82%E5%8E%9F%E5%B9%B3%E5%85%B5%E8%A1%9B%E5%95%86%E5%BA%97%20%E4%BA%AC%E9%83%BD%E5%B8%82%E4%B8%8B%E4%BA%AC%E5%8C%BA%E5%B0%8F%E7%9F%B3%E7%94%BA118-1,1,
LOC_225,REG_032,가이카도 본점(開化堂 本店),기타,손으로 만든 교토 차통을 판매하는 전통 금속 공예 브랜드 본점이다.,〒600-8127 京都府京都市下京区河原町通六条東入梅湊町84-1,https://maps.google.com/maps?q=%E9%96%8B%E5%8C%96%E5%A0%82%20%E6%9C%AC%E5%BA%97%20%E4%BA%AC%E9%83%BD%E5%B8%82%E4%B8%8B%E4%BA%AC%E5%8C%BA%E6%A2%85%E6%B9%8A%E7%94%BA84-1,1,
LOC_226,REG_032,가나아미쓰지 교토 본점(金網つじ 京都本店),기타,교토 금망 공예품과 차 도구를 취급하는 수공예 브랜드 매장이다.,〒605-0811 京都府京都市東山区小松町570-13,https://maps.google.com/maps?q=%E9%87%91%E7%B6%B2%E3%81%A4%E3%81%98%20%E4%BA%AC%E9%83%BD%E6%9C%AC%E5%BA%97,1,
LOC_227,REG_032,본다미소 본점(本田味噌本店),기타,서경백미소로 알려진 교토 된장 노포의 본점이다.,〒602-0904 京都府京都市上京区室町通一条上る小島町558,https://maps.google.com/maps?q=%E6%9C%AC%E7%94%B0%E5%91%B3%E5%99%8C%E6%9C%AC%E5%BA%97%20%E4%BA%AC%E9%83%BD,1,
LOC_228,REG_032,교쓰케모노 다이야스 기온점(京つけもの大安 祇園店),기념품샵,교토 절임류 전문 브랜드 다이야스의 기온 지역 매장이다.,〒605-0074 京都府京都市東山区祇園町南側570,https://maps.google.com/maps?q=%E4%BA%AC%E3%81%A4%E3%81%91%E3%82%82%E3%81%AE%E5%A4%A7%E5%AE%89%20%E7%A5%87%E5%9C%92%E5%BA%97,1,
LOC_229,REG_032,사사키주조 직매소(佐々木酒造 直売所),기타,교토 시내에 있는 사사키주조의 일본술 직매소다.,〒602-8152 京都府京都市上京区日暮通椹木町下る北伊勢屋町727,https://maps.google.com/maps?q=%E4%BD%90%E3%80%85%E6%9C%A8%E9%85%92%E9%80%A0%20%E7%9B%B4%E5%A3%B2%E6%89%80%20%E4%BA%AC%E9%83%BD%E5%B8%82%E4%B8%8A%E4%BA%AC%E5%8C%BA%E5%8C%97%E4%BC%8A%E5%8B%A2%E5%B1%8B%E7%94%BA727,1,
LOC_230,REG_005,오카시노 고바이 구마모토역점(お菓子の香梅 熊本駅店),역,"구마모토역 히고요카몬시장 내 오카시노 고바이 매장으로, 진다이코와 무샤가에시 등 대표 화과자를 판매한다.",〒860-0047 熊本県熊本市西区春日3丁目15-30 肥後よかモン市場内,https://maps.google.com/maps?q=お菓子の香梅+熊本駅店+熊本県熊本市西区春日3丁目15-30,1,
LOC_231,REG_005,구마모토과방 동바이패스점(くまもと菓房 東バイパス店),기타,"구마모토과방의 구마모토 시내 매장으로, 아마쿠사 사브레와 구마모토 과자류를 판매한다.",〒861-8028 熊本県熊本市東区新南部3丁目4-43,https://maps.google.com/maps?q=くまもと菓房+東バイパス店+熊本県熊本市東区新南部3丁目4-43,1,
LOC_232,REG_005,청정제과 구마모토역점(清正製菓 熊本駅店),역,"구마모토역 히고요카몬시장 내 청정제과 매장으로, 구마모토 멘베이 등 청정제과 기념품 과자를 판매한다.",〒860-0047 熊本県熊本市西区春日3丁目15-30 肥後よかモン市場内,https://maps.google.com/maps?q=清正製菓+熊本駅店+熊本県熊本市西区春日3丁目15-30,1,
LOC_233,REG_005,후가 무사시가오카점(風雅 武蔵ヶ丘店),기타,"후가의 구마모토 직영 매장으로, 후가마키와 콩 과자류 선물 상품을 판매한다.",〒861-8001 熊本県熊本市北区武蔵ヶ丘4丁目20-26,https://maps.google.com/maps?q=風雅+武蔵ヶ丘店+熊本市北区武蔵ヶ丘4丁目20-26,1,
LOC_234,REG_005,게이카 라멘 본점(桂花ラーメン 本店),기타,"구마모토 라멘 브랜드 게이카의 본점으로, 브랜드 라멘과 선물용 라멘 상품과 연결되는 매장이다.",〒860-0806 熊本県熊本市中央区花畑町11-9 K-1ビル,https://maps.google.com/maps?q=桂花ラーメン+本店+熊本市中央区花畑町11-9,1,
LOC_235,REG_005,고쿠테이 본점(熊本ラーメン 黒亭 本店),기타,"구마모토 라멘 전문점 고쿠테이의 본점으로, 고쿠테이 오미야게 라멘과 연결되는 대표 매장이다.",〒860-0051 熊本県熊本市西区二本木2丁目1-23,https://maps.google.com/maps?q=熊本ラーメン+黒亭+本店+熊本市西区二本木2丁目1-23,1,
LOC_236,REG_005,아지센 라멘 본점(味千拉麺 本店),기타,"아지센 라멘의 구마모토 본점으로, 아지센 라멘 브랜드의 선물용 라멘 상품과 연결되는 매장이다.",〒862-0950 熊本県熊本市中央区水前寺6丁目20-24,https://maps.google.com/maps?q=味千拉麺+本店+熊本市中央区水前寺6丁目20-24,1,
LOC_237,REG_005,구마몬 빌리지 사쿠라마치 구마모토점(くまモンビレッジ サクラマチクマモト店),기타,"사쿠라마치 구마모토 2층의 구마몬 전문 매장으로, 구마몬 인형과 잡화, 구마모토 특산품을 판매한다.",〒860-0805 熊本県熊本市中央区桜町3番10号 サクラマチクマモト2階,https://maps.google.com/maps?q=くまモンビレッジ+サクラマチクマモト+熊本市中央区桜町3番10号,1,
LOC_238,REG_005,후지밤비 구마모토역점(フジバンビ 熊本駅店),역,"구마모토역 히고요카몬시장 내 후지밤비 매장으로, 흑당 도넛봉 등 후지밤비 상품을 판매한다.",〒860-0047 熊本県熊本市西区春日3丁目15-30 肥後よかモン市場,https://maps.google.com/maps?q=フジバンビ+熊本駅店+熊本市西区春日3丁目15-30,1,
LOC_239,REG_005,백의귀부인 수도초점(白い貴婦人 水道町店),기타,"백의귀부인의 구마모토 시내 매장으로, 아마쿠사의 소금 수플레와 스프레 치즈케이크류를 판매한다.",〒860-0844 熊本県熊本市中央区水道町5-20-1F,https://maps.google.com/maps?q=白い貴婦人+水道町店+熊本市中央区水道町5-20,1,
LOC_240,REG_005,하쿠타케 전승장(球磨焼酎ミュージアム 白岳伝承蔵),기타,"고하시주조의 구마소주 견학 시설로, 하쿠타케·시로 등 구마소주 상품을 시음 및 구매할 수 있다.",〒868-0026 熊本県人吉市合ノ原町461-7,https://maps.google.com/maps?q=球磨焼酎ミュージアム+白岳伝承蔵+熊本県人吉市合ノ原町461-7,1,
LOC_241,REG_005,아소건강농원(阿蘇健康農園),기타,"남아소 지역 농산 가공품 판매처로, 구마모토 토마토 콜라 등 자체 농산 가공품을 취급한다.",〒869-1404 熊本県阿蘇郡南阿蘇村河陽5542-1,https://maps.google.com/maps?q=阿蘇健康農園+熊本県阿蘇郡南阿蘇村河陽5542-1,1,
LOC_242,REG_005,후쿠다야 구마모토 와구리안 JR구마모토역점(福田屋 熊本和栗庵 JR熊本駅店),역,"구마모토역 히고요카몬시장 내 후쿠다야 매장으로, 구리센리와 구마모토현산 와구리 과자를 판매한다.",〒860-0047 熊本県熊本市西区春日3丁目15-30 肥後よかモン市場内,https://maps.google.com/maps?q=福田屋+熊本和栗庵+熊本駅店+熊本市西区春日3丁目15-30,1,
LOC_243,REG_005,구마몬 스퀘어(くまモンスクエア),기념품샵,"구마몬 공식 활동 거점의 숍으로, 구마몬 오리지널 굿즈와 기념품을 판매한다.",〒860-0808 熊本県熊本市中央区手取本町8-2 テトリアくまもとビル1F,https://maps.google.com/maps?q=くまモンスクエア+熊本市中央区手取本町8-2,1,
LOC_244,REG_006,고베 풍월당 모토마치 본점(神戸風月堂 元町本店),기타,"고베 풍월당의 모토마치 본점으로, 고프르와 미니 고프르 등 대표 과자를 판매한다.",〒650-0022 兵庫県神戸市中央区元町通3丁目3-10,https://maps.google.com/maps?q=神戸風月堂+元町本店+〒650-0022+兵庫県神戸市中央区元町通3丁目3-10,1,
LOC_245,REG_006,혼타카사고야 모토마치 본점(本高砂屋 元町本店),기타,"혼타카사고야의 모토마치 본점으로, 에콜세와 만델치겔 등 고베 과자를 판매한다.",〒650-0022 兵庫県神戸市中央区元町通3丁目2-11,https://maps.google.com/maps?q=本高砂屋+元町本店+〒650-0022+兵庫県神戸市中央区元町通3丁目2-11,1,
LOC_246,REG_006,모로조프 고베 본점(モロゾフ 神戸本店),기타,"모로조프의 고베 본점으로, 푸딩 쿠키와 파야주 등 모로조프 과자를 판매한다.",〒650-0021 兵庫県神戸市中央区三宮町1丁目8-1 さんプラザ1F,https://maps.google.com/maps?q=モロゾフ+神戸本店+〒650-0021+兵庫県神戸市中央区三宮町1丁目8-1+さんプラザ1F,1,
LOC_247,REG_006,곤차로프 다이마루 고베점(ゴンチャロフ 大丸神戸店),백화점,"다이마루 고베점 지하 식품관의 곤차로프 매장으로, 고베 한정 과자와 초콜릿을 판매한다.",〒650-0037 兵庫県神戸市中央区明石町40 大丸神戸店B1F,https://maps.google.com/maps?q=ゴンチャロフ+大丸神戸店+〒650-0037+兵庫県神戸市中央区明石町40+大丸神戸店B1F,1,
LOC_248,REG_006,몽루아르 오카모토자카 본점(モンロワール 岡本坂本店),기타,"몽루아르의 오카모토자카 본점으로, 리프 메모리 등 초콜릿 선물 상품을 판매한다.",〒658-0072 兵庫県神戸市東灘区岡本1丁目12-14,https://maps.google.com/maps?q=モンロワール+岡本坂本店+〒658-0072+兵庫県神戸市東灘区岡本1丁目12-14,1,
LOC_249,REG_006,유하임 고베 모토마치 본점(ユーハイム 神戸元町本店),기타,"유하임의 고베 모토마치 본점으로, 본점 한정 수제 바움쿠헨을 판매한다.",〒650-0022 兵庫県神戸市中央区元町通1丁目4-13,https://maps.google.com/maps?q=ユーハイム+神戸元町本店+〒650-0022+兵庫県神戸市中央区元町通1丁目4-13,1,
LOC_250,REG_006,프로인드리브 본점・이쿠타점(フロインドリーブ本店・生田店),기타,"프로인드리브의 본점 매장으로, 수제 쿠키와 빵·과자를 판매한다.",〒651-0092 兵庫県神戸市中央区生田町4丁目6-15,https://maps.google.com/maps?q=フロインドリーブ+本店+生田店+〒651-0092+兵庫県神戸市中央区生田町4丁目6-15,1,
LOC_251,REG_006,간논야 모토마치 본점(観音屋 元町本店),기타,"간논야의 모토마치 본점으로, 덴마크 치즈케이크를 판매한다.",〒650-0022 兵庫県神戸市中央区元町通3丁目9-23,https://maps.google.com/maps?q=観音屋+元町本店+〒650-0022+兵庫県神戸市中央区元町通3丁目9-23,1,
LOC_252,REG_006,고베공항 고베여행일기(神戸空港 神戸旅日記),공항,"고베공항 제1터미널 2층 기념품점으로, 고베 과자와 고베규·고베와인 선물 상품을 판매한다.",〒650-0048 兵庫県神戸市中央区神戸空港1 神戸空港ターミナルビル2F,https://maps.google.com/maps?q=神戸空港+神戸旅日記+〒650-0048+兵庫県神戸市中央区神戸空港1+神戸空港ターミナルビル2F,1,
LOC_253,REG_006,고베 프란츠 산노미야점(神戸フランツ 三宮店),기타,"고베 프란츠의 산노미야 매장으로, 딸기 트뤼프와 반숙 치즈케이크 등 대표 과자를 판매한다.",〒650-0021 兵庫県神戸市中央区三宮町1丁目10-1 さんちか7番街,https://maps.google.com/maps?q=神戸フランツ+三宮店+〒650-0021+兵庫県神戸市中央区三宮町1丁目10-1+さんちか7番街,1,
LOC_254,REG_006,모토마치 케이크 모토마치 본점(元町ケーキ 元町本店),기타,"모토마치 케이크의 본점으로, 대표 상품 자쿠로와 생과자를 판매한다.",〒650-0022 兵庫県神戸市中央区元町通5丁目5-1,https://maps.google.com/maps?q=元町ケーキ+元町本店+〒650-0022+兵庫県神戸市中央区元町通5丁目5-1,1,
LOC_255,REG_006,앙테노르 고베한큐점(アンテノール 神戸阪急店),백화점,"고베한큐 본관 지하 1층의 앙테노르 매장으로, 케이크와 선물용 구움과자를 판매한다.",〒651-8511 兵庫県神戸市中央区小野柄通8丁目1-8 神戸阪急店 本館B1F,https://maps.google.com/maps?q=アンテノール+神戸阪急店+〒651-8511+兵庫県神戸市中央区小野柄通8丁目1-8+神戸阪急店+本館B1F,1,
LOC_256,REG_006,미쓰모리 본점(三ツ森本店),기념품샵,"아리마온천의 탄산센베이 전문점으로, 탄산센베이와 바닐라 크림 탄산센베이를 판매한다.",〒651-1401 兵庫県神戸市北区有馬町290-1,https://maps.google.com/maps?q=三ツ森本店+〒651-1401+兵庫県神戸市北区有馬町290-1,1,
LOC_257,REG_006,요시타카야(吉高屋),기념품샵,"아리마온천의 기념품점으로, 아리마 사이다 텟포수 등 지역 상품을 판매한다.",〒651-1401 兵庫県神戸市北区有馬町259,https://maps.google.com/maps?q=吉高屋+〒651-1401+兵庫県神戸市北区有馬町259,1,
LOC_258,REG_006,가와카미 상점 본점(川上商店 本店),기념품샵,"아리마온천의 전통 식품 매장으로, 산초 다시마와 산초·유자고쇼 상품을 판매한다.",〒651-1401 兵庫県神戸市北区有馬町1193,https://maps.google.com/maps?q=川上商店+本店+〒651-1401+兵庫県神戸市北区有馬町1193,1,
LOC_259,REG_006,고베주신관 도묘구라(神戸酒心館 蔵元ショップ 東明蔵),기타,"고베주신관의 양조장 숍으로, 후쿠주 준마이긴조 등 주조장 상품을 판매한다.",〒658-0044 兵庫県神戸市東灘区御影塚町1丁目8-17,https://maps.google.com/maps?q=神戸酒心館+蔵元ショップ+東明蔵+〒658-0044+兵庫県神戸市東灘区御影塚町1丁目8-17,1,
LOC_260,REG_006,하쿠쓰루 주조자료관(白鶴酒造資料館),기타,"하쿠쓰루의 주조자료관 매장으로, 하쿠쓰루 다이긴조 등 주류 상품을 판매한다.",〒658-0041 兵庫県神戸市東灘区住吉南町4丁目5-5,https://maps.google.com/maps?q=白鶴酒造資料館+〒658-0041+兵庫県神戸市東灘区住吉南町4丁目5-5,1,
LOC_261,REG_006,기쿠마사무네 주조기념관(菊正宗酒造記念館),기타,"기쿠마사무네의 주조기념관 매장으로, 햐쿠모쿠 등 주조장 관련 상품을 판매한다.",〒658-0046 兵庫県神戸市東灘区御影本町1丁目7-15,https://maps.google.com/maps?q=菊正宗酒造記念館+〒658-0046+兵庫県神戸市東灘区御影本町1丁目7-15,1,
LOC_262,REG_006,사와노쓰루 자료관 뮤지엄샵(沢の鶴資料館 ミュージアムショップ),기타,"사와노쓰루 자료관의 뮤지엄샵으로, 즈이초 등 사와노쓰루 주류 상품을 판매한다.",〒657-0852 兵庫県神戸市灘区大石南町1丁目29-1,https://maps.google.com/maps?q=沢の鶴資料館+ミュージアムショップ+〒657-0852+兵庫県神戸市灘区大石南町1丁目29-1,1,
LOC_263,REG_006,롯코 비어 양조소(六甲ビール醸造所),기타,"롯코 비어의 양조소 겸 판매처로, 세종 등 롯코 비어 상품을 판매한다.",〒651-1312 兵庫県神戸市北区有野町有野164-1,https://maps.google.com/maps?q=六甲ビール醸造所+〒651-1312+兵庫県神戸市北区有野町有野164-1,1,
LOC_264,REG_006,다비사포 고베 타탄 숍(たびサポ tabisapo_kobe),기타,"고베 타탄 공식 취급처로, 고베 타탄 관련 잡화와 기념품을 판매한다.",〒650-0012 兵庫県神戸市中央区北長狭通1丁目30-15,https://maps.google.com/maps?q=たびサポ+tabisapo_kobe+〒650-0012+兵庫県神戸市中央区北長狭通1丁目30-15,1,
LOC_265,REG_006,펄・펄・고베(パール・パール・コウベ),기타,"고베의 진주 전문점으로, 아코야 진주 목걸이 등 진주 주얼리를 판매한다.",〒650-0033 兵庫県神戸市中央区江戸町98-1 東町・江戸町ビル6F,https://maps.google.com/maps?q=パール・パール・コウベ+〒650-0033+兵庫県神戸市中央区江戸町98-1+東町・江戸町ビル6F,1,
LOC_266,REG_006,고베 카오리야(神戸香屋),기타,"고베 카오리야의 매장으로, 포트타워 캔들 등 향 관련 기념품을 판매한다.",〒650-0011 兵庫県神戸市中央区下山手通3丁目3-1 ウエルストンビル1F,https://maps.google.com/maps?q=神戸香屋+〒650-0011+兵庫県神戸市中央区下山手通3丁目3-1+ウエルストンビル1F,1,
LOC_267,REG_006,고교후쿠 오츠마미도코로 고베 산노미야(伍魚福オツマミドコロ 神戸三宮),기타,"KOBE伍魚福의 고베 산노미야 직영 매장으로, 쿠기니 등 안주·진미 상품을 판매한다.",〒650-0021 兵庫県神戸市中央区三宮町1丁目10-1 神戸交通センタービル2F,https://maps.google.com/maps?q=伍魚福オツマミドコロ+神戸三宮+〒650-0021+兵庫県神戸市中央区三宮町1丁目10-1+神戸交通センタービル2F,1,
LOC_268,REG_007,그랑 다 주르 본점(グラン ダ ジュール),기타,"그랑 다 주르의 기타큐슈 본점으로, 네지초코와 메카사블레 등 브랜드 과자를 판매한다.",〒800-0251 福岡県北九州市小倉南区葛原1丁目12-23,https://maps.google.com/maps?q=%E3%82%B0%E3%83%A9%E3%83%B3+%E3%83%80+%E3%82%B8%E3%83%A5%E3%83%BC%E3%83%AB+%E3%80%92800-0251+%E7%A6%8F%E5%B2%A1%E7%9C%8C%E5%8C%97%E4%B9%9D%E5%B7%9E%E5%B8%82%E5%B0%8F%E5%80%89%E5%8D%97%E5%8C%BA%E8%91%9B%E5%8E%9F1%E4%B8%81%E7%9B%AE12-23,1,
LOC_269,REG_007,기타큐슈 오미야게관(北九州おみやげ館),기념품샵,"모지코 레트로 항 하우스 1층의 관광협회 직영 기념품점으로, 기타큐슈 지역 과자와 특산품을 판매한다.",〒801-0853 福岡県北九州市門司区東港町6-72 門司港レトロ観光物産館「港ハウス」1F,https://maps.google.com/maps?q=%E5%8C%97%E4%B9%9D%E5%B7%9E%E3%81%8A%E3%81%BF%E3%82%84%E3%81%92%E9%A4%A8+%E3%80%92801-0853+%E7%A6%8F%E5%B2%A1%E7%9C%8C%E5%8C%97%E4%B9%9D%E5%B7%9E%E5%B8%82%E9%96%80%E5%8F%B8%E5%8C%BA%E6%9D%B1%E6%B8%AF%E7%94%BA6-72+%E9%96%80%E5%8F%B8%E6%B8%AF%E3%83%AC%E3%83%88%E3%83%AD%E8%A6%B3%E5%85%89%E7%89%A9%E7%94%A3%E9%A4%A8%E3%80%8C%E6%B8%AF%E3%83%8F%E3%82%A6%E3%82%B9%E3%80%8D1F,1,
LOC_270,REG_007,고게쓰도 본점(湖月堂 本店),기타,"고게쓰도의 고쿠라 본점으로, 구리만주·기온 다이코 등 대표 화과자를 판매한다.",〒802-0006 福岡県北九州市小倉北区魚町1丁目3-11,https://maps.google.com/maps?q=%E6%B9%96%E6%9C%88%E5%A0%82+%E6%9C%AC%E5%BA%97+%E3%80%92802-0006+%E7%A6%8F%E5%B2%A1%E7%9C%8C%E5%8C%97%E4%B9%9D%E5%B7%9E%E5%B8%82%E5%B0%8F%E5%80%89%E5%8C%97%E5%8C%BA%E9%AD%9A%E7%94%BA1%E4%B8%81%E7%9B%AE3-11,1,
LOC_271,REG_007,오카시노 쓰루헤이 아뮤플라자점(お菓子のつる平 アミュプラザ店),역,"JR 고쿠라역 아뮤플라자 1층의 쓰루헤이 매장으로, 폰츠쿠와 오구라닛키 등 선물용 과자를 판매한다.",〒802-0001 福岡県北九州市小倉北区浅野1丁目1-1 アミュプラザ小倉店内1F,https://maps.google.com/maps?q=%E3%81%8A%E8%8F%93%E5%AD%90%E3%81%AE%E3%81%A4%E3%82%8B%E5%B9%B3+%E3%82%A2%E3%83%9F%E3%83%A5%E3%83%97%E3%83%A9%E3%82%B6%E5%BA%97+%E3%80%92802-0001+%E7%A6%8F%E5%B2%A1%E7%9C%8C%E5%8C%97%E4%B9%9D%E5%B7%9E%E5%B8%82%E5%B0%8F%E5%80%89%E5%8C%97%E5%8C%BA%E6%B5%85%E9%87%8E1%E4%B8%81%E7%9B%AE1-1+%E3%82%A2%E3%83%9F%E3%83%A5%E3%83%97%E3%83%A9%E3%82%B6%E5%B0%8F%E5%80%89%E5%BA%97%E5%86%851F,1,
LOC_272,REG_007,오카시노 미즈마(お菓子のみずま),기타,"야하타히가시구의 노포 화과자점으로, 표주박 모나카를 대표 상품으로 판매한다.",〒805-0008 福岡県北九州市八幡東区枝光本町9-18,https://maps.google.com/maps?q=%E3%81%8A%E8%8F%93%E5%AD%90%E3%81%AE%E3%81%BF%E3%81%9A%E3%81%BE+%E3%80%92805-0008+%E7%A6%8F%E5%B2%A1%E7%9C%8C%E5%8C%97%E4%B9%9D%E5%B7%9E%E5%B8%82%E5%85%AB%E5%B9%A1%E6%9D%B1%E5%8C%BA%E6%9E%9D%E5%85%89%E6%9C%AC%E7%94%BA9-18,1,
LOC_273,REG_007,치구사 호텔(千草ホテル),기타,"야하타히가시구의 호텔로, 철의 도시 이미지를 살린 오리지널 금평당 철평당을 판매한다.",〒805-0061 福岡県北九州市八幡東区西本町1丁目1-1,https://maps.google.com/maps?q=%E5%8D%83%E8%8D%89%E3%83%9B%E3%83%86%E3%83%AB+%E3%80%92805-0061+%E7%A6%8F%E5%B2%A1%E7%9C%8C%E5%8C%97%E4%B9%9D%E5%B7%9E%E5%B8%82%E5%85%AB%E5%B9%A1%E6%9D%B1%E5%8C%BA%E8%A5%BF%E6%9C%AC%E7%94%BA1%E4%B8%81%E7%9B%AE1-1,1,
LOC_274,REG_007,프린세스 피피 모지코점(プリンセスピピ門司港),기타,"모지코의 야키카레 전문점으로, 왕님 야키카레 계열 상품과 매장 음식을 취급한다.",〒801-0841 福岡県北九州市門司区西海岸1丁目4-7 B1・1F,https://maps.google.com/maps?q=%E3%83%97%E3%83%AA%E3%83%B3%E3%82%BB%E3%82%B9%E3%83%94%E3%83%94%E9%96%80%E5%8F%B8%E6%B8%AF+%E3%80%92801-0841+%E7%A6%8F%E5%B2%A1%E7%9C%8C%E5%8C%97%E4%B9%9D%E5%B7%9E%E5%B8%82%E9%96%80%E5%8F%B8%E5%8C%BA%E8%A5%BF%E6%B5%B7%E5%B2%B81%E4%B8%81%E7%9B%AE4-7+B1%E3%83%BB1F,1,
LOC_275,REG_007,가호 니타하라 해협플라자점(菓舗にたはら 海峡プラザ),기념품샵,"모지코 레트로 해협플라자의 기념품점으로, 모지코 야키카레와 바나나 과자 등 지역 상품을 판매한다.",〒801-0852 福岡県北九州市門司区港町5-1 門司港レトロ海峡プラザ西館1F,https://maps.google.com/maps?q=%E8%8F%93%E8%88%97%E3%81%AB%E3%81%9F%E3%81%AF%E3%82%89+%E6%B5%B7%E5%B3%A1%E3%83%97%E3%83%A9%E3%82%B6+%E3%80%92801-0852+%E7%A6%8F%E5%B2%A1%E7%9C%8C%E5%8C%97%E4%B9%9D%E5%B7%9E%E5%B8%82%E9%96%80%E5%8F%B8%E5%8C%BA%E6%B8%AF%E7%94%BA5-1+%E9%96%80%E5%8F%B8%E6%B8%AF%E3%83%AC%E3%83%88%E3%83%AD%E6%B5%B7%E5%B3%A1%E3%83%97%E3%83%A9%E3%82%B6%E8%A5%BF%E9%A4%A81F,1,
LOC_276,REG_007,모지코 지비루 공방(門司港地ビール工房),기타,"모지코 비어의 직영 레스토랑으로, 지비루로 끓인 야키카레 등 모지코 맥주 관련 상품을 취급한다.",〒801-0853 福岡県北九州市門司区東港町6-9,https://maps.google.com/maps?q=%E9%96%80%E5%8F%B8%E6%B8%AF%E5%9C%B0%E3%83%93%E3%83%BC%E3%83%AB%E5%B7%A5%E6%88%BF+%E3%80%92801-0853+%E7%A6%8F%E5%B2%A1%E7%9C%8C%E5%8C%97%E4%B9%9D%E5%B7%9E%E5%B8%82%E9%96%80%E5%8F%B8%E5%8C%BA%E6%9D%B1%E6%B8%AF%E7%94%BA6-9,1,
LOC_277,REG_007,야키토리 곤베에 고쿠라 우오마치점(焼とり権兵衛 小倉魚町店),기타,"고쿠라 우오마치의 야키토리 매장으로, 곤베에의 닭껍질 꼬치 상품과 관련된 브랜드 매장이다.",〒802-0006 福岡県北九州市小倉北区魚町3丁目3-14 2F,https://maps.google.com/maps?q=%E7%84%BC%E3%81%A8%E3%82%8A%E6%A8%A9%E5%85%B5%E8%A1%9B+%E5%B0%8F%E5%80%89%E9%AD%9A%E7%94%BA%E5%BA%97+%E3%80%92802-0006+%E7%A6%8F%E5%B2%A1%E7%9C%8C%E5%8C%97%E4%B9%9D%E5%B7%9E%E5%B8%82%E5%B0%8F%E5%80%89%E5%8C%97%E5%8C%BA%E9%AD%9A%E7%94%BA3%E4%B8%81%E7%9B%AE3-14+2F,1,
LOC_278,REG_007,가바타 고쿠라 센바점(かば田 小倉船場の店),기타,"가바타의 고쿠라 지역 직영 매장으로, 매운 명란 등 가바타 해산물 상품을 판매한다.",〒802-0007 福岡県北九州市小倉北区船場町3-6 近藤別館ビル1F,https://maps.google.com/maps?q=%E3%81%8B%E3%81%B0%E7%94%B0+%E5%B0%8F%E5%80%89%E8%88%B9%E5%A0%B4%E3%81%AE%E5%BA%97+%E3%80%92802-0007+%E7%A6%8F%E5%B2%A1%E7%9C%8C%E5%8C%97%E4%B9%9D%E5%B7%9E%E5%B8%82%E5%B0%8F%E5%80%89%E5%8C%97%E5%8C%BA%E8%88%B9%E5%A0%B4%E7%94%BA3-6+%E8%BF%91%E8%97%A4%E5%88%A5%E9%A4%A8%E3%83%93%E3%83%AB1F,1,
LOC_279,REG_007,아지노 마루야(味の丸屋),기타,"와카마쓰구의 명란 전문 제조·직매점으로, 이카멘타이 등 해산물 가공품을 판매한다.",〒808-0102 福岡県北九州市若松区東二島4丁目1-9,https://maps.google.com/maps?q=%E5%91%B3%E3%81%AE%E4%B8%B8%E5%B1%8B+%E3%80%92808-0102+%E7%A6%8F%E5%B2%A1%E7%9C%8C%E5%8C%97%E4%B9%9D%E5%B7%9E%E5%B8%82%E8%8B%A5%E6%9D%BE%E5%8C%BA%E6%9D%B1%E4%BA%8C%E5%B3%B64%E4%B8%81%E7%9B%AE1-9,1,
LOC_280,REG_007,히라오 수산(平尾水産),기타,"고쿠라키타구의 해산물 가공업체로, 쇼야상의 곤부와 목이버섯 라유 등을 판매한다.",〒803-0836 福岡県北九州市小倉北区中井1丁目30-3,https://maps.google.com/maps?q=%E5%B9%B3%E5%B0%BE%E6%B0%B4%E7%94%A3+%E3%80%92803-0836+%E7%A6%8F%E5%B2%A1%E7%9C%8C%E5%8C%97%E4%B9%9D%E5%B7%9E%E5%B8%82%E5%B0%8F%E5%80%89%E5%8C%97%E5%8C%BA%E4%B8%AD%E4%BA%951%E4%B8%81%E7%9B%AE30-3,1,
LOC_281,REG_007,니시무라 상점(西村商店),기타,"야하타히가시구의 식품 매장으로, 시키시마 곤부 계열 상품의 제조·판매처로 확인된다.",〒805-0069 福岡県北九州市八幡東区前田3丁目1-15,https://maps.google.com/maps?q=%E8%A5%BF%E6%9D%91%E5%95%86%E5%BA%97+%E3%80%92805-0069+%E7%A6%8F%E5%B2%A1%E7%9C%8C%E5%8C%97%E4%B9%9D%E5%B7%9E%E5%B8%82%E5%85%AB%E5%B9%A1%E6%9D%B1%E5%8C%BA%E5%89%8D%E7%94%B03%E4%B8%81%E7%9B%AE1-15,1,
LOC_282,REG_007,후지타 단가시장점(ふじた 旦過市場店),기타,"단가시장 내 후지타 매장으로, 고쿠라 명물 누카미소다키와 초비누카를 판매한다.",〒802-0006 福岡県北九州市小倉北区魚町4丁目1-9,https://maps.google.com/maps?q=%E3%81%B5%E3%81%98%E3%81%9F+%E6%97%A6%E9%81%8E%E5%B8%82%E5%A0%B4%E5%BA%97+%E3%80%92802-0006+%E7%A6%8F%E5%B2%A1%E7%9C%8C%E5%8C%97%E4%B9%9D%E5%B7%9E%E5%B8%82%E5%B0%8F%E5%80%89%E5%8C%97%E5%8C%BA%E9%AD%9A%E7%94%BA4%E4%B8%81%E7%9B%AE1-9,1,
LOC_283,REG_007,만교쿠(万玉),기타,"고쿠라키타구의 만교쿠 매장으로, 칸바이와 오슈쿠바이 등 매실 가공 상품을 취급한다.",〒802-0018 福岡県北九州市小倉北区中津口2丁目2-6,https://maps.google.com/maps?q=%E4%B8%87%E7%8E%89+%E3%80%92802-0018+%E7%A6%8F%E5%B2%A1%E7%9C%8C%E5%8C%97%E4%B9%9D%E5%B7%9E%E5%B8%82%E5%B0%8F%E5%80%89%E5%8C%97%E5%8C%BA%E4%B8%AD%E6%B4%A5%E5%8F%A32%E4%B8%81%E7%9B%AE2-6,1,
LOC_284,REG_007,미쓰바야 주점(港の酒屋みつばや),기타,"와카마쓰구의 주류·지역 상품 매장으로, 와카마쓰 귤잼 등 지역산 상품을 취급한다.",〒808-0034 福岡県北九州市若松区本町1丁目8-10,https://maps.google.com/maps?q=%E6%B8%AF%E3%81%AE%E9%85%92%E5%B1%8B%E3%81%BF%E3%81%A4%E3%81%B0%E3%82%84+%E3%80%92808-0034+%E7%A6%8F%E5%B2%A1%E7%9C%8C%E5%8C%97%E4%B9%9D%E5%B7%9E%E5%B8%82%E8%8B%A5%E6%9D%BE%E5%8C%BA%E6%9C%AC%E7%94%BA1%E4%B8%81%E7%9B%AE8-10,1,
LOC_285,REG_008,후쿠사야 나가사키역 매점(カステラ本家 福砂屋 長崎駅売店),역,"후쿠사야의 나가사키역 매장으로, 카스텔라와 큐브 등 대표 선물용 과자를 판매한다.",〒850-0058 長崎県長崎市尾上町1-67,https://maps.google.com/maps?q=%E3%82%AB%E3%82%B9%E3%83%86%E3%83%A9%E6%9C%AC%E5%AE%B6+%E7%A6%8F%E7%A0%82%E5%B1%8B+%E9%95%B7%E5%B4%8E%E9%A7%85%E5%A3%B2%E5%BA%97+%E3%80%92850-0058+%E9%95%B7%E5%B4%8E%E7%9C%8C%E9%95%B7%E5%B4%8E%E5%B8%82%E5%B0%BE%E4%B8%8A%E7%94%BA1-67,1,
LOC_286,REG_008,문메이도 총본점 나가사키역 카모메시장점(文明堂総本店 長崎駅かもめ市場店),역,"문메이도 총본점의 나가사키역 매장으로, 카스텔라와 미카사야마 등 화과자를 판매한다.",〒850-0058 長崎県長崎市尾上町1-67,https://maps.google.com/maps?q=%E6%96%87%E6%98%8E%E5%A0%82%E7%B7%8F%E6%9C%AC%E5%BA%97+%E9%95%B7%E5%B4%8E%E9%A7%85%E3%81%8B%E3%82%82%E3%82%81%E5%B8%82%E5%A0%B4%E5%BA%97+%E3%80%92850-0058+%E9%95%B7%E5%B4%8E%E7%9C%8C%E9%95%B7%E5%B4%8E%E5%B8%82%E5%B0%BE%E4%B8%8A%E7%94%BA1-67,1,
LOC_287,REG_008,쇼오켄 본점(松翁軒 本店),기타,"쇼오켄의 나가사키 본점으로, 고산야키 카스텔라와 초콜라테 등 대표 과자를 판매한다.",〒850-0874 長崎県長崎市魚の町3-19,https://maps.google.com/maps?q=%E6%9D%BE%E7%BF%81%E8%BB%92+%E6%9C%AC%E5%BA%97+%E3%80%92850-0874+%E9%95%B7%E5%B4%8E%E7%9C%8C%E9%95%B7%E5%B4%8E%E5%B8%82%E9%AD%9A%E3%81%AE%E7%94%BA3-19,1,
LOC_288,REG_008,쇼오켄 나가사키 가도 카모메시장점(松翁軒 長崎街道かもめ市場店),역,"쇼오켄의 나가사키역 매장으로, 카스텔라와 카모메 카스테이라 등 선물용 과자를 판매한다.",〒850-0058 長崎県長崎市尾上町1-67,https://maps.google.com/maps?q=%E6%9D%BE%E7%BF%81%E8%BB%92+%E9%95%B7%E5%B4%8E%E8%A1%97%E9%81%93%E3%81%8B%E3%82%82%E3%82%81%E5%B8%82%E5%A0%B4%E5%BA%97+%E3%80%92850-0058+%E9%95%B7%E5%B4%8E%E7%9C%8C%E9%95%B7%E5%B4%8E%E5%B8%82%E5%B0%BE%E4%B8%8A%E7%94%BA1-67,1,
LOC_289,REG_008,이즈미야 나가사키역점(和泉屋 長崎駅店),역,"이즈미야의 나가사키역 직영 매장으로, 나가사키 카스텔라와 카스텔라 스위츠를 판매한다.",〒850-0058 長崎県長崎市尾上町1-67,https://maps.google.com/maps?q=%E5%92%8C%E6%B3%89%E5%B1%8B+%E9%95%B7%E5%B4%8E%E9%A7%85%E5%BA%97+%E3%80%92850-0058+%E9%95%B7%E5%B4%8E%E7%9C%8C%E9%95%B7%E5%B4%8E%E5%B8%82%E5%B0%BE%E4%B8%8A%E7%94%BA1-67,1,
LOC_290,REG_008,이진도 나가사키역점(異人堂 長崎駅店),역,"이진도의 나가사키역 매장으로, 카스텔라와 도라야키 등 선물용 과자를 판매한다.",〒850-0058 長崎県長崎市尾上町1-67,https://maps.google.com/maps?q=%E7%95%B0%E4%BA%BA%E5%A0%82+%E9%95%B7%E5%B4%8E%E9%A7%85%E5%BA%97+%E3%80%92850-0058+%E9%95%B7%E5%B4%8E%E7%9C%8C%E9%95%B7%E5%B4%8E%E5%B8%82%E5%B0%BE%E4%B8%8A%E7%94%BA1-67,1,
LOC_291,REG_008,하쿠스이도 나가사키 가도 카모메시장점(白水堂 長崎街道かもめ市場店),역,"하쿠스이도의 나가사키역 매장으로, 모모 카스텔라와 화과자류를 판매한다.",〒850-0058 長崎県長崎市尾上町1-67,https://maps.google.com/maps?q=%E7%99%BD%E6%B0%B4%E5%A0%82+%E9%95%B7%E5%B4%8E%E8%A1%97%E9%81%93%E3%81%8B%E3%82%82%E3%82%81%E5%B8%82%E5%A0%B4%E5%BA%97+%E3%80%92850-0058+%E9%95%B7%E5%B4%8E%E7%9C%8C%E9%95%B7%E5%B4%8E%E5%B8%82%E5%B0%BE%E4%B8%8A%E7%94%BA1-67,1,
LOC_292,REG_008,봉 파티 나가사키역점(Bon Patty 長崎駅店),역,"오바마식량 계열 Bon Patty의 나가사키역 매장으로, 나가사키 명과 크루스와 와플 등을 판매한다.",〒850-0058 長崎県長崎市尾上町1-67 長崎街道かもめ市場1123号,https://maps.google.com/maps?q=Bon+Patty+%E9%95%B7%E5%B4%8E%E9%A7%85%E5%BA%97+%E3%80%92850-0058+%E9%95%B7%E5%B4%8E%E7%9C%8C%E9%95%B7%E5%B4%8E%E5%B8%82%E5%B0%BE%E4%B8%8A%E7%94%BA1-67+%E9%95%B7%E5%B4%8E%E8%A1%97%E9%81%93%E3%81%8B%E3%82%82%E3%82%81%E5%B8%82%E5%A0%B41123%E5%8F%B7,1,
LOC_293,REG_008,과포 카라쿠사 나가사키역점(菓舗唐草 長崎駅店),역,"과포 카라쿠사의 나가사키역 매장으로, 나가사키 모노가타리와 오타쿠사 등 명과를 판매한다.",〒850-0058 長崎県長崎市尾上町1-67 長崎街道かもめ市場内,https://maps.google.com/maps?q=%E8%8F%93%E8%88%97%E5%94%90%E8%8D%89+%E9%95%B7%E5%B4%8E%E9%A7%85%E5%BA%97+%E3%80%92850-0058+%E9%95%B7%E5%B4%8E%E7%9C%8C%E9%95%B7%E5%B4%8E%E5%B8%82%E5%B0%BE%E4%B8%8A%E7%94%BA1-67+%E9%95%B7%E5%B4%8E%E8%A1%97%E9%81%93%E3%81%8B%E3%82%82%E3%82%81%E5%B8%82%E5%A0%B4%E5%86%85,1,
LOC_294,REG_008,초콜릿 하우스 JR나가사키 트레인점(チョコレートハウス JR長崎トレイン店),역,"초콜릿 하우스의 나가사키역 매장으로, 봉봉 쇼콜라와 수제 초콜릿류를 판매한다.",〒850-0058 長崎県長崎市尾上町1-67 JR長崎駅内1階 長崎街道かもめ市場内,https://maps.google.com/maps?q=%E3%83%81%E3%83%A7%E3%82%B3%E3%83%AC%E3%83%BC%E3%83%88%E3%83%8F%E3%82%A6%E3%82%B9+JR%E9%95%B7%E5%B4%8E%E3%83%88%E3%83%AC%E3%82%A4%E3%83%B3%E5%BA%97+%E3%80%92850-0058+%E9%95%B7%E5%B4%8E%E7%9C%8C%E9%95%B7%E5%B4%8E%E5%B8%82%E5%B0%BE%E4%B8%8A%E7%94%BA1-67+JR%E9%95%B7%E5%B4%8E%E9%A7%85%E5%86%851%E9%9A%8E+%E9%95%B7%E5%B4%8E%E8%A1%97%E9%81%93%E3%81%8B%E3%82%82%E3%82%81%E5%B8%82%E5%A0%B4%E5%86%85,1,
LOC_295,REG_008,베리 큐트 나가사키(BERRY CUTE! NAGASAKI),역,"BERRY CUTE의 나가사키역 매장으로, 나가사키 딸기 바움쿠헨과 랑그드샤 등 딸기 과자를 판매한다.",〒850-0058 長崎県長崎市尾上町1-67,https://maps.google.com/maps?q=BERRY+CUTE%21+NAGASAKI+%E3%80%92850-0058+%E9%95%B7%E5%B4%8E%E7%9C%8C%E9%95%B7%E5%B4%8E%E5%B8%82%E5%B0%BE%E4%B8%8A%E7%94%BA1-67,1,
LOC_296,REG_008,모기 이치마루코 본가 본점(茂木一まる香本家 本店),기타,"모기 이치마루코 본가의 본점으로, 나가사키 명과 이치마루코와 모기 비와 과자를 판매한다.",〒851-0241 長崎県長崎市茂木町1805,https://maps.google.com/maps?q=%E8%8C%82%E6%9C%A8%E4%B8%80%E3%81%BE%E3%82%8B%E9%A6%99%E6%9C%AC%E5%AE%B6+%E6%9C%AC%E5%BA%97+%E3%80%92851-0241+%E9%95%B7%E5%B4%8E%E7%9C%8C%E9%95%B7%E5%B4%8E%E5%B8%82%E8%8C%82%E6%9C%A8%E7%94%BA1805,1,
LOC_297,REG_008,나가사키 중화가 소슈린 나가사키역점(長崎中華街蘇州林 長崎駅店),역,"소슈린의 나가사키역 중화과자 매장으로, 요리요리로 알려진 마화아와 월병 등을 판매한다.",〒850-0058 長崎県長崎市尾上町1-67 長崎街道かもめ市場内,https://maps.google.com/maps?q=%E9%95%B7%E5%B4%8E%E4%B8%AD%E8%8F%AF%E8%A1%97%E8%98%87%E5%B7%9E%E6%9E%97+%E9%95%B7%E5%B4%8E%E9%A7%85%E5%BA%97+%E3%80%92850-0058+%E9%95%B7%E5%B4%8E%E7%9C%8C%E9%95%B7%E5%B4%8E%E5%B8%82%E5%B0%BE%E4%B8%8A%E7%94%BA1-67+%E9%95%B7%E5%B4%8E%E8%A1%97%E9%81%93%E3%81%8B%E3%82%82%E3%82%81%E5%B8%82%E5%A0%B4%E5%86%85,1,
LOC_298,REG_008,이와사키 본포 나가사키역점(岩崎本舗 長崎駅店),역,"이와사키 본포의 나가사키역 매장으로, 나가사키 각니만주와 관련 냉동 선물 상품을 판매한다.",〒850-0058 長崎県長崎市尾上町1-67 長崎街道かもめ市場内,https://maps.google.com/maps?q=%E5%B2%A9%E5%B4%8E%E6%9C%AC%E8%88%97+%E9%95%B7%E5%B4%8E%E9%A7%85%E5%BA%97+%E3%80%92850-0058+%E9%95%B7%E5%B4%8E%E7%9C%8C%E9%95%B7%E5%B4%8E%E5%B8%82%E5%B0%BE%E4%B8%8A%E7%94%BA1-67+%E9%95%B7%E5%B4%8E%E8%A1%97%E9%81%93%E3%81%8B%E3%82%82%E3%82%81%E5%B8%82%E5%A0%B4%E5%86%85,1,
LOC_299,REG_008,미로쿠야 나가사키역점(みろくや 長崎駅店),역,"미로쿠야의 나가사키역 매장으로, 나가사키 짬뽕과 사라우동 선물세트를 판매한다.",〒850-0058 長崎県長崎市尾上町1番67号 かもめ市場内,https://maps.google.com/maps?q=%E3%81%BF%E3%82%8D%E3%81%8F%E3%82%84+%E9%95%B7%E5%B4%8E%E9%A7%85%E5%BA%97+%E3%80%92850-0058+%E9%95%B7%E5%B4%8E%E7%9C%8C%E9%95%B7%E5%B4%8E%E5%B8%82%E5%B0%BE%E4%B8%8A%E7%94%BA1%E7%95%AA67%E5%8F%B7+%E3%81%8B%E3%82%82%E3%82%81%E5%B8%82%E5%A0%B4%E5%86%85,1,
LOC_300,REG_008,모모타로 하마마치점(桃太呂 浜町店),기타,"모모타로의 하마마치 매장으로, 나가사키 부타만과 교자류를 판매한다.",〒850-0853 長崎県長崎市浜町10-19,https://maps.google.com/maps?q=%E6%A1%83%E5%A4%AA%E5%91%82+%E6%B5%9C%E7%94%BA%E5%BA%97+%E3%80%92850-0853+%E9%95%B7%E5%B4%8E%E7%9C%8C%E9%95%B7%E5%B4%8E%E5%B8%82%E6%B5%9C%E7%94%BA10-19,1,
LOC_301,REG_008,나가사키 쓰키마치 나카시마 나가사키역점(長崎 築町 なかしま 長崎駅店),역,"나카시마의 나가사키역 매장으로, 이리코 너츠와 다시 관련 상품을 판매한다.",〒850-0058 長崎県長崎市尾上町1-67 長崎街道かもめ市場内,https://maps.google.com/maps?q=%E9%95%B7%E5%B4%8E+%E7%AF%89%E7%94%BA+%E3%81%AA%E3%81%8B%E3%81%97%E3%81%BE+%E9%95%B7%E5%B4%8E%E9%A7%85%E5%BA%97+%E3%80%92850-0058+%E9%95%B7%E5%B4%8E%E7%9C%8C%E9%95%B7%E5%B4%8E%E5%B8%82%E5%B0%BE%E4%B8%8A%E7%94%BA1-67+%E9%95%B7%E5%B4%8E%E8%A1%97%E9%81%93%E3%81%8B%E3%82%82%E3%82%81%E5%B8%82%E5%A0%B4%E5%86%85,1,
LOC_302,REG_008,가마보코 나가사키 이치반 카고마치점(かまぼこ長崎一番 籠町店),기타,"나가사키 이치반의 직영 매장으로, 나가사키 하토시롤과 가마보코류를 판매한다.",〒850-0909 長崎県長崎市梅香崎町1-4,https://maps.google.com/maps?q=%E3%81%8B%E3%81%BE%E3%81%BC%E3%81%93%E9%95%B7%E5%B4%8E%E4%B8%80%E7%95%AA+%E7%B1%A0%E7%94%BA%E5%BA%97+%E3%80%92850-0909+%E9%95%B7%E5%B4%8E%E7%9C%8C%E9%95%B7%E5%B4%8E%E5%B8%82%E6%A2%85%E9%A6%99%E5%B4%8E%E7%94%BA1-4,1,
LOC_303,REG_009,아오야기 총본가 오스 본점(青柳総本家 大須本店),기타,"아오야기 총본가의 오스 본점으로, 우이로와 카에루 만주 등 대표 과자를 판매한다.",〒460-0011 愛知県名古屋市中区大須2丁目18-50,https://maps.google.com/maps?q=%E9%9D%92%E6%9F%B3%E7%B7%8F%E6%9C%AC%E5%AE%B6+%E5%A4%A7%E9%A0%88%E6%9C%AC%E5%BA%97+%E3%80%92460-0011+%E6%84%9B%E7%9F%A5%E7%9C%8C%E5%90%8D%E5%8F%A4%E5%B1%8B%E5%B8%82%E4%B8%AD%E5%8C%BA%E5%A4%A7%E9%A0%882%E4%B8%81%E7%9B%AE18-50,1,
LOC_304,REG_009,오스 우이로 본점(大須ういろ 本店),기타,"오스 우이로의 본점으로, 우이로바와 선물용 우이로 상품을 판매한다.",〒460-0011 愛知県名古屋市中区大須2丁目18-42,https://maps.google.com/maps?q=%E5%A4%A7%E9%A0%88%E3%81%86%E3%81%84%E3%82%8D+%E6%9C%AC%E5%BA%97+%E3%80%92460-0011+%E6%84%9B%E7%9F%A5%E7%9C%8C%E5%90%8D%E5%8F%A4%E5%B1%8B%E5%B8%82%E4%B8%AD%E5%8C%BA%E5%A4%A7%E9%A0%882%E4%B8%81%E7%9B%AE18-42,1,
LOC_305,REG_009,모치분 총본점 본점(餅文総本店 本店),기타,"나고야 우이로 전문 브랜드 모치분의 본점으로, 한입 생우이로 등 우이로 상품을 판매한다.",〒457-0863 愛知県名古屋市南区豊2丁目36-24,https://maps.google.com/maps?q=%E9%A4%85%E6%96%87%E7%B7%8F%E6%9C%AC%E5%BA%97+%E6%9C%AC%E5%BA%97+%E3%80%92457-0863+%E6%84%9B%E7%9F%A5%E7%9C%8C%E5%90%8D%E5%8F%A4%E5%B1%8B%E5%B8%82%E5%8D%97%E5%8C%BA%E8%B1%8A2%E4%B8%81%E7%9B%AE36-24,1,
LOC_306,REG_009,기요메모치 총본가 본가(きよめ餅総本家 本家),기타,"기요메모치 총본가의 본가 매장으로, 기요메모치와 밤 기요메모치 등 화과자를 판매한다.",〒456-0031 愛知県名古屋市熱田区神宮3丁目7-21,https://maps.google.com/maps?q=%E3%81%8D%E3%82%88%E3%82%81%E9%A4%85%E7%B7%8F%E6%9C%AC%E5%AE%B6+%E6%9C%AC%E5%AE%B6+%E3%80%92456-0031+%E6%84%9B%E7%9F%A5%E7%9C%8C%E5%90%8D%E5%8F%A4%E5%B1%8B%E5%B8%82%E7%86%B1%E7%94%B0%E5%8C%BA%E7%A5%9E%E5%AE%AE3%E4%B8%81%E7%9B%AE7-21,1,
LOC_307,REG_009,료구치야 고레키요 신칸센 지하상가 에스카점(両口屋是清 新幹線地下街エスカ店),역,"나고야역 신칸센 지하상가 에스카의 료구치야 고레키요 매장으로, 센나리와 사사라가타 등 선물용 화과자를 판매한다.",〒453-0015 愛知県名古屋市中村区椿町6-9 新幹線地下街エスカ,https://maps.google.com/maps?q=%E4%B8%A1%E5%8F%A3%E5%B1%8B%E6%98%AF%E6%B8%85+%E6%96%B0%E5%B9%B9%E7%B7%9A%E5%9C%B0%E4%B8%8B%E8%A1%97%E3%82%A8%E3%82%B9%E3%82%AB%E5%BA%97+%E3%80%92453-0015+%E6%84%9B%E7%9F%A5%E7%9C%8C%E5%90%8D%E5%8F%A4%E5%B1%8B%E5%B8%82%E4%B8%AD%E6%9D%91%E5%8C%BA%E6%A4%BF%E7%94%BA6-9+%E6%96%B0%E5%B9%B9%E7%B7%9A%E5%9C%B0%E4%B8%8B%E8%A1%97%E3%82%A8%E3%82%B9%E3%82%AB,1,
LOC_308,REG_009,피요린 숍(ぴよりんshop),역,"JR 나고야역의 피요린 공식 매장으로, 피요린 과자와 인형·키홀더 등 굿즈를 판매한다.",〒450-0002 愛知県名古屋市中村区名駅1丁目1-4 JR名古屋駅 名古屋うまいもん通り広小路口,https://maps.google.com/maps?q=%E3%81%B4%E3%82%88%E3%82%8A%E3%82%93shop+%E3%80%92450-0002+%E6%84%9B%E7%9F%A5%E7%9C%8C%E5%90%8D%E5%8F%A4%E5%B1%8B%E5%B8%82%E4%B8%AD%E6%9D%91%E5%8C%BA%E5%90%8D%E9%A7%851%E4%B8%81%E7%9B%AE1-4+JR%E5%90%8D%E5%8F%A4%E5%B1%8B%E9%A7%85+%E5%90%8D%E5%8F%A4%E5%B1%8B%E3%81%86%E3%81%BE%E3%81%84%E3%82%82%E3%82%93%E9%80%9A%E3%82%8A%E5%BA%83%E5%B0%8F%E8%B7%AF%E5%8F%A3,1,
LOC_309,REG_009,메이테츠 상점(名鉄商店),기념품샵,"메이테츠 백화점 멘즈관 1층의 지역 기념품 매장으로, 아이치·기후 협업 오리지널 상품을 판매한다.",〒450-0002 愛知県名古屋市中村区名駅1丁目2-4 名鉄百貨店本店 メンズ館1F,https://maps.google.com/maps?q=%E5%90%8D%E9%89%84%E5%95%86%E5%BA%97+%E3%80%92450-0002+%E6%84%9B%E7%9F%A5%E7%9C%8C%E5%90%8D%E5%8F%A4%E5%B1%8B%E5%B8%82%E4%B8%AD%E6%9D%91%E5%8C%BA%E5%90%8D%E9%A7%851%E4%B8%81%E7%9B%AE2-4+%E5%90%8D%E9%89%84%E7%99%BE%E8%B2%A8%E5%BA%97%E6%9C%AC%E5%BA%97+%E3%83%A1%E3%83%B3%E3%82%BA%E9%A4%A81F,1,
LOC_310,REG_009,반카쿠 소혼포 JR 나고야 다카시마야점(坂角総本舖 ジェイアール名古屋タカシマヤ店),백화점,"JR 나고야 다카시마야 지하 식품관의 반카쿠 소혼포 매장으로, 유카리와 사쿠사쿠 닛키 등 에비센베이를 판매한다.",〒450-0002 愛知県名古屋市中村区名駅1丁目1-4 ジェイアール名古屋タカシマヤ B1F,https://maps.google.com/maps?q=%E5%9D%82%E8%A7%92%E7%B7%8F%E6%9C%AC%E8%88%96+%E3%82%B8%E3%82%A7%E3%82%A4%E3%82%A2%E3%83%BC%E3%83%AB%E5%90%8D%E5%8F%A4%E5%B1%8B%E3%82%BF%E3%82%AB%E3%82%B7%E3%83%9E%E3%83%A4%E5%BA%97+%E3%80%92450-0002+%E6%84%9B%E7%9F%A5%E7%9C%8C%E5%90%8D%E5%8F%A4%E5%B1%8B%E5%B8%82%E4%B8%AD%E6%9D%91%E5%8C%BA%E5%90%8D%E9%A7%851%E4%B8%81%E7%9B%AE1-4+%E3%82%B8%E3%82%A7%E3%82%A4%E3%82%A2%E3%83%BC%E3%83%AB%E5%90%8D%E5%8F%A4%E5%B1%8B%E3%82%BF%E3%82%AB%E3%82%B7%E3%83%9E%E3%83%A4+B1F,1,
LOC_311,REG_009,야마모토야 본점 에스카 매점(山本屋本店 エスカ売店),역,"나고야역 에스카 지하상가의 야마모토야 본점 매점으로, 반생 미소니코미 우동 등 선물용 상품을 판매한다.",〒453-0015 愛知県名古屋市中村区椿町6-9 エスカ地下街,https://maps.google.com/maps?q=%E5%B1%B1%E6%9C%AC%E5%B1%8B%E6%9C%AC%E5%BA%97+%E3%82%A8%E3%82%B9%E3%82%AB%E5%A3%B2%E5%BA%97+%E3%80%92453-0015+%E6%84%9B%E7%9F%A5%E7%9C%8C%E5%90%8D%E5%8F%A4%E5%B1%8B%E5%B8%82%E4%B8%AD%E6%9D%91%E5%8C%BA%E6%A4%BF%E7%94%BA6-9+%E3%82%A8%E3%82%B9%E3%82%AB%E5%9C%B0%E4%B8%8B%E8%A1%97,1,
LOC_312,REG_009,ANA FESTA 중부 게이트 1호점(ANA FESTA 中部ゲート1号店),공항,"중부국제공항 ANA FESTA 매장으로, 미센 본점 대만라멘 등 나고야 지역 기념품을 취급한다.",〒479-0881 愛知県常滑市セントレア1丁目1 中部国際空港 第1ターミナル 国内線制限エリア,https://maps.google.com/maps?q=ANA+FESTA+%E4%B8%AD%E9%83%A8%E3%82%B2%E3%83%BC%E3%83%881%E5%8F%B7%E5%BA%97+%E3%80%92479-0881+%E6%84%9B%E7%9F%A5%E7%9C%8C%E5%B8%B8%E6%BB%91%E5%B8%82%E3%82%BB%E3%83%B3%E3%83%88%E3%83%AC%E3%82%A21%E4%B8%81%E7%9B%AE1+%E4%B8%AD%E9%83%A8%E5%9B%BD%E9%9A%9B%E7%A9%BA%E6%B8%AF,1,
LOC_313,REG_009,센트레아 오미야게관(セントレア おみやげ館),공항,"중부국제공항 제1터미널 3층 기념품 매장으로, 나고얀 시리즈 등 나고야 과자를 판매한다.",〒479-0881 愛知県常滑市セントレア1丁目1 中部国際空港 第1ターミナル3階,https://maps.google.com/maps?q=%E3%82%BB%E3%83%B3%E3%83%88%E3%83%AC%E3%82%A2+%E3%81%8A%E3%81%BF%E3%82%84%E3%81%92%E9%A4%A8+%E3%80%92479-0881+%E6%84%9B%E7%9F%A5%E7%9C%8C%E5%B8%B8%E6%BB%91%E5%B8%82%E3%82%BB%E3%83%B3%E3%83%88%E3%83%AC%E3%82%A21%E4%B8%81%E7%9B%AE1+%E4%B8%AD%E9%83%A8%E5%9B%BD%E9%9A%9B%E7%A9%BA%E6%B8%AF+%E7%AC%AC1%E3%82%BF%E3%83%BC%E3%83%9F%E3%83%8A%E3%83%AB3%E9%9A%8E,1,
LOC_314,REG_010,다나카야 본점 미나토 공방(田中屋本店 みなと工房),기타,"다나카야 본점의 제조·판매 시설로, 사사당고 등 에치고 전통 떡 과자를 판매한다.",〒951-8013 新潟県新潟市中央区柳島町1-2-3,https://maps.google.com/maps?q=%E7%94%B0%E4%B8%AD%E5%B1%8B%E6%9C%AC%E5%BA%97+%E3%81%BF%E3%81%AA%E3%81%A8%E5%B7%A5%E6%88%BF+%E3%80%92951-8013+%E6%96%B0%E6%BD%9F%E7%9C%8C%E6%96%B0%E6%BD%9F%E5%B8%82%E4%B8%AD%E5%A4%AE%E5%8C%BA%E6%9F%B3%E5%B3%B6%E7%94%BA1-2-3,1,
LOC_315,REG_010,후루사토 CoCoLo 니가타점(ふるさと CoCoLo新潟店),역,"CoCoLo니가타 2층의 식품 매장으로, 朱鷺の子 등 니가타·사도 기념품을 판매한다.",〒950-0086 新潟県新潟市中央区花園1丁目1-1 JR新潟駅構内 CoCoLo新潟 2F EAST SIDE,https://maps.google.com/maps?q=%E3%81%B5%E3%82%8B%E3%81%95%E3%81%A8+CoCoLo%E6%96%B0%E6%BD%9F%E5%BA%97+%E3%80%92950-0086+%E6%96%B0%E6%BD%9F%E7%9C%8C%E6%96%B0%E6%BD%9F%E5%B8%82%E4%B8%AD%E5%A4%AE%E5%8C%BA%E8%8A%B1%E5%9C%921%E4%B8%81%E7%9B%AE1-1,1,
LOC_316,REG_010,오사카야 CoCoLo 니가타점(創業安政五年 大阪屋 CoCoLo新潟店),역,"CoCoLo니가타 2층의 오사카야 매장으로, 万代太鼓와 月の宿 등 대표 과자를 판매한다.",〒950-0086 新潟県新潟市中央区花園1丁目1-1 CoCoLo新潟 2F EAST SIDE,https://maps.google.com/maps?q=%E5%89%B5%E6%A5%AD%E5%AE%89%E6%94%BF%E4%BA%94%E5%B9%B4+%E5%A4%A7%E9%98%AA%E5%B1%8B+CoCoLo%E6%96%B0%E6%BD%9F%E5%BA%97+%E3%80%92950-0086+%E6%96%B0%E6%BD%9F%E7%9C%8C%E6%96%B0%E6%BD%9F%E5%B8%82%E4%B8%AD%E5%A4%AE%E5%8C%BA%E8%8A%B1%E5%9C%921%E4%B8%81%E7%9B%AE1-1,1,
LOC_317,REG_010,동심과장 마루야 본점 CoCoLo 니가타점(童心菓匠 丸屋本店 CoCoLo新潟店),역,"CoCoLo니가타 2층의 마루야 본점 매장으로, 흑당만주 등 니가타 화과자를 판매한다.",〒950-0086 新潟県新潟市中央区花園1丁目1-1 CoCoLo新潟 2F EAST SIDE,https://maps.google.com/maps?q=%E7%AB%A5%E5%BF%83%E8%8F%93%E5%8C%A0+%E4%B8%B8%E5%B1%8B%E6%9C%AC%E5%BA%97+CoCoLo%E6%96%B0%E6%BD%9F%E5%BA%97+%E3%80%92950-0086+%E6%96%B0%E6%BD%9F%E7%9C%8C%E6%96%B0%E6%BD%9F%E5%B8%82%E4%B8%AD%E5%A4%AE%E5%8C%BA%E8%8A%B1%E5%9C%921%E4%B8%81%E7%9B%AE1-1,1,
LOC_318,REG_010,니가타 가시마야 본점(新潟加島屋 本店),기타,"니가타 가시마야의 본점으로, 사케차즈케와 연어 가공식품 등 대표 상품을 판매한다.",〒951-8066 新潟県新潟市中央区東堀前通8番町1367,https://maps.google.com/maps?q=%E6%96%B0%E6%BD%9F%E5%8A%A0%E5%B3%B6%E5%B1%8B+%E6%9C%AC%E5%BA%97+%E3%80%92951-8066+%E6%96%B0%E6%BD%9F%E7%9C%8C%E6%96%B0%E6%BD%9F%E5%B8%82%E4%B8%AD%E5%A4%AE%E5%8C%BA%E6%9D%B1%E5%A0%80%E5%89%8D%E9%80%9A8%E7%95%AA%E7%94%BA1367,1,
LOC_319,REG_010,오가와야 CoCoLo 니가타점(小川屋 CoCoLo新潟店),역,"CoCoLo니가타 2층의 오가와야 매장으로, さけの焼漬 등 니가타 향토 식품을 판매한다.",〒950-0086 新潟県新潟市中央区花園1丁目1-1 CoCoLo新潟 2F EAST SIDE,https://maps.google.com/maps?q=%E5%B0%8F%E5%B7%9D%E5%B1%8B+CoCoLo%E6%96%B0%E6%BD%9F%E5%BA%97+%E3%80%92950-0086+%E6%96%B0%E6%BD%9F%E7%9C%8C%E6%96%B0%E6%BD%9F%E5%B8%82%E4%B8%AD%E5%A4%AE%E5%8C%BA%E8%8A%B1%E5%9C%921%E4%B8%81%E7%9B%AE1-1,1,
LOC_320,REG_011,우동 본진 야마다야 사누키 본점(うどん本陣山田家 讃岐本店),기타,"야마다야의 사누키 본점으로, 순생 사누키 우동 등 자체 제조 우동 상품과 선물용 상품을 취급한다.",〒761-0121 香川県高松市牟礼町牟礼3186,https://maps.google.com/maps?q=うどん本陣山田家+讃岐本店+〒761-0121+香川県高松市牟礼町牟礼3186,1,
LOC_321,REG_011,그랑메종 루브 마루가메마치 그린점(グランメゾン・ルーヴ 丸亀町グリーン店),기타,"루브의 마루가메마치 그린 내 매장으로, 사누키 온마이 등 루브의 선물용 과자를 판매한다.",〒760-0029 香川県高松市丸亀町7-16 丸亀町グリーン西館1F,https://maps.google.com/maps?q=グランメゾン・ルーヴ+丸亀町グリーン店+〒760-0029+香川県高松市丸亀町7-16+丸亀町グリーン西館1F,1,
LOC_322,REG_011,라 파미유 다카마쓰 본점(フランス菓子工房 ラ・ファミーユ 高松本店),기타,"라 파미유의 다카마쓰 본점으로, 세토론 등 브랜드의 선물용 양과자를 판매한다.",〒760-0080 香川県高松市木太町2192,https://maps.google.com/maps?q=フランス菓子工房+ラ・ファミーユ+高松本店+〒760-0080+香川県高松市木太町2192,1,
LOC_323,REG_011,오카와라 염색본포(有限会社 大川原染色本舗),기타,"사누키 노리조메 전통 염색 공방으로, 야돈 손수건 등 노리조메 소품을 판매한다.",〒760-0061 香川県高松市築地町9-21,https://maps.google.com/maps?q=有限会社+大川原染色本舗+〒760-0061+香川県高松市築地町9-21,1,
LOC_324,REG_011,분신도 칠기공업 직매점(文新堂漆器工業有限会社 直売店),기타,"문신도 칠기공업의 공장 인접 직매점으로, 조코쿠누리 등 가가와 칠기 제품을 전시·판매한다.",〒760-0071 香川県高松市藤塚町3丁目9-20,https://maps.google.com/maps?q=文新堂漆器工業有限会社+直売店+〒760-0071+香川県高松市藤塚町3丁目9-20,1,
LOC_325,REG_011,고토덴 와라마치역(ことでん瓦町駅),역,"고토덴 주요 역으로, 고토덴 차내 승차권형 메모장 등 철도 굿즈 판매처로 안내된 곳이다.",〒760-0054 香川県高松市常磐町1丁目3-1,https://maps.google.com/maps?q=ことでん+瓦町駅+〒760-0054+香川県高松市常磐町1丁目3-1,1,
LOC_326,REG_001,일로자 본사공방 병설 야키가시공방(イルローザ 本社工房併設 焼菓子工房),기타,"일로자의 본사공방 병설 직영 매장으로, 나루토금시 포테렛 등 일로자 선물용 구움과자를 판매한다.",徳島県徳島市南沖洲5丁目6-20,https://maps.google.com/maps?q=%E3%82%A4%E3%83%AB%E3%83%AD%E3%83%BC%E3%82%B6+%E6%9C%AC%E7%A4%BE%E5%B7%A5%E6%88%BF%E4%BD%B5%E8%A8%AD+%E7%84%BC%E8%8F%93%E5%AD%90%E5%B7%A5%E6%88%BF+%E5%BE%B3%E5%B3%B6%E5%B8%82%E5%8D%97%E6%B2%96%E6%B4%B25%E4%B8%81%E7%9B%AE6-20,1,
LOC_327,REG_001,하레루야 스위츠 키친 마쓰시게 본점(ハレルヤスイーツキッチン 松茂本店),기타,"하레루야의 공장 직영 매장으로, 금장만주와 나루토금시 스위트포테토 등 도쿠시마 과자를 판매한다.",〒771-0220 徳島県板野郡松茂町広島字北川向四ノ越30,https://maps.google.com/maps?q=%E3%83%8F%E3%83%AC%E3%83%AB%E3%83%A4%E3%82%B9%E3%82%A4%E3%83%BC%E3%83%84%E3%82%AD%E3%83%83%E3%83%81%E3%83%B3+%E6%9D%BE%E8%8C%82%E6%9C%AC%E5%BA%97+%E3%80%92771-0220+%E5%BE%B3%E5%B3%B6%E7%9C%8C%E6%9D%BF%E9%87%8E%E9%83%A1%E6%9D%BE%E8%8C%82%E7%94%BA%E5%BA%83%E5%B3%B6%E5%AD%97%E5%8C%97%E5%B7%9D%E5%90%91%E5%9B%9B%E3%83%8E%E8%B6%8A30,1,
LOC_328,REG_001,사오시카 본포 후지야 도쿠시마역앞점(小男鹿本舗冨士屋 徳島駅前店),기타,"사오시카 본포 후지야의 도쿠시마역 인근 매장으로, 도쿠시마 명과 사오시카를 판매한다.",徳島県徳島市一番町3丁目11,https://maps.google.com/maps?q=%E5%B0%8F%E7%94%B7%E9%B9%BF%E6%9C%AC%E8%88%97%E5%86%A8%E5%A3%AB%E5%B1%8B+%E5%BE%B3%E5%B3%B6%E9%A7%85%E5%89%8D%E5%BA%97+%E5%BE%B3%E5%B3%B6%E7%9C%8C%E5%BE%B3%E5%B3%B6%E5%B8%82%E4%B8%80%E7%95%AA%E7%94%BA3%E4%B8%81%E7%9B%AE11,1,
LOC_329,REG_001,와다노야 본점(和田の屋 本店),기타,"와다노야의 본점으로, 도쿠시마 명물 폭포 떡구이와 차 세트 등을 판매한다.",徳島市眉山町大滝山5-5,https://maps.google.com/maps?q=%E5%92%8C%E7%94%B0%E3%81%AE%E5%B1%8B+%E6%9C%AC%E5%BA%97+%E5%BE%B3%E5%B3%B6%E5%B8%82%E7%9C%89%E5%B1%B1%E7%94%BA%E5%A4%A7%E6%BB%9D%E5%B1%B15-5,1,